<COLLADA xmlns="http://www.collada.org/2005/11/COLLADASchema" version="1.4.1">
  <asset>
    <contributor/>
    <created>2026-10-07T19:14:58.056524</created>
    <modified>2026-10-07T19:14:58.056524</modified>
    <unit name="meter" meter="1.0"/>
    <up_axis>Z_UP</up_axis>
  </asset>
  <library_effects>
    <effect id="effect_Body002" name="effect_Body002">
      <profile_COMMON>
        <technique sid="common">
          <phong>
            <emission>
              <color>0.0 0.0 0.0 1.0</color>
            </emission>
            <ambient>
              <color>0.0 0.0 0.0 1.0</color>
            </ambient>
            <diffuse>
              <color>0.4470588266849518 0.4745098054409027 0.501960813999176 1.0</color>
            </diffuse>
            <specular>
              <color>1 1 1 1.0</color>
            </specular>
            <shininess>
              <float>0.0</float>
            </shininess>
            <reflective>
              <color>0.0 0.0 0.0 1.0</color>
            </reflective>
            <reflectivity>
              <float>0.0</float>
            </reflectivity>
            <transparent>
              <color>0.0 0.0 0.0 1.0</color>
            </transparent>
            <transparency>
              <float>1.0</float>
            </transparency>
          </phong>
        </technique>
        <extra>
          <technique profile="GOOGLEEARTH">
            <double_sided>0</double_sided>
          </technique>
        </extra>
      </profile_COMMON>
    </effect>
  </library_effects>
  <library_geometries>
    <geometry id="geometry0" name="J1_Turret_Housing">
      <mesh>
        <source id="cubeverts-array0">
          <float_array count="3024" id="cubeverts-array0-array">-0.160575 0.343883 0.064 -0.160575 0.343883 0 -0.1606303 0.3461011 0.064 -0.1606303 0.3461011 0 -0.1607961 0.3483138 0 -0.1607961 0.3483138 0.064 -0.161072 0.3505154 0 -0.161072 0.3505154 0.064 -0.1614573 0.3527005 0 -0.1614573 0.3527005 0.064 -0.1619511 0.3548637 0 -0.1619511 0.3548637 0.064 -0.162552 0.3569996 0 -0.162552 0.3569996 0.064 -0.1632587 0.3591029 0.064 -0.1632587 0.3591029 0 -0.1640693 0.3611683 0 -0.1640693 0.3611683 0.064 -0.1649819 0.3631908 0 -0.1649819 0.3631908 0.064 -0.1659941 0.3651653 0 -0.1659941 0.3651653 0.064 -0.1671036 0.3670869 0.064 -0.1671036 0.3670869 0 -0.1683074 0.3689507 0 -0.1683074 0.3689507 0.064 -0.1696026 0.3707523 0 -0.1696026 0.3707523 0.064 -0.170986 0.3724871 0 -0.170986 0.3724871 0.064 -0.1724542 0.3741507 0 -0.1724542 0.3741507 0.064 -0.1740035 0.3757391 0 -0.1740035 0.3757391 0.064 -0.17563 0.3772483 0 -0.17563 0.3772483 0.064 -0.1773297 0.3786745 0.064 -0.1773297 0.3786745 0 -0.1790984 0.3800143 0 -0.1790984 0.3800143 0.064 -0.1809317 0.3812642 0 -0.1809317 0.3812642 0.064 -0.182825 0.3824211 0.064 -0.182825 0.3824211 0 -0.1847736 0.3834823 0.064 -0.1847736 0.3834823 0 -0.1867727 0.384445 0 -0.1867727 0.384445 0.064 -0.1888173 0.3853069 0 -0.1888173 0.3853069 0.064 -0.1909023 0.3860658 0 -0.1909023 0.3860658 0.064 -0.1930226 0.3867198 0 -0.1930226 0.3867198 0.064 -0.1951728 0.3872673 0 -0.1951728 0.3872673 0.064 -0.1973477 0.3877069 0 -0.1973477 0.3877069 0.064 -0.1995417 0.3880377 0 -0.1995417 0.3880377 0.064 -0.2017495 0.3882586 0 -0.2017495 0.3882586 0.064 -0.2039656 0.3883692 0 -0.2039656 0.3883692 0.064 -0.2061844 0.3883692 0 -0.2061844 0.3883692 0.064 -0.2084005 0.3882586 0.064 -0.2084005 0.3882586 0 -0.2106083 0.3880377 0 -0.2106083 0.3880377 0.064 -0.2128023 0.3877069 0 -0.2128023 0.3877069 0.064 -0.2149772 0.3872673 0 -0.2149772 0.3872673 0.064 -0.2171274 0.3867198 0 -0.2171274 0.3867198 0.064 -0.2192477 0.3860658 0 -0.2192477 0.3860658 0.064 -0.2213327 0.3853069 0 -0.2213327 0.3853069 0.064 -0.2233773 0.384445 0 -0.2233773 0.384445 0.064 -0.2253764 0.3834823 0 -0.2253764 0.3834823 0.064 -0.227325 0.3824211 0 -0.227325 0.3824211 0.064 -0.2292183 0.3812642 0 -0.2292183 0.3812642 0.064 -0.2310516 0.3800143 0 -0.2310516 0.3800143 0.064 -0.2328203 0.3786745 0 -0.2328203 0.3786745 0.064 -0.23452 0.3772483 0 -0.23452 0.3772483 0.064 -0.2361465 0.3757391 0 -0.2361465 0.3757391 0.064 -0.2376958 0.3741507 0 -0.2376958 0.3741507 0.064 -0.239164 0.3724871 0.064 -0.239164 0.3724871 0 -0.2405474 0.3707523 0 -0.2405474 0.3707523 0.064 -0.2418426 0.3689507 0 -0.2418426 0.3689507 0.064 -0.2430464 0.3670869 0 -0.2430464 0.3670869 0.064 -0.2441559 0.3651653 0.064 -0.2441559 0.3651653 0 -0.2451681 0.3631908 0 -0.2451681 0.3631908 0.064 -0.2460807 0.3611683 0 -0.2460807 0.3611683 0.064 -0.2468913 0.3591029 0 -0.2468913 0.3591029 0.064 -0.247598 0.3569996 0 -0.247598 0.3569996 0.064 -0.2481989 0.3548637 0 -0.2481989 0.3548637 0.064 -0.2486927 0.3527005 0 -0.2486927 0.3527005 0.064 -0.249078 0.3505154 0 -0.249078 0.3505154 0.064 -0.2493539 0.3483138 0 -0.2493539 0.3483138 0.064 -0.2495197 0.3461011 0 -0.2495197 0.3461011 0.064 -0.249575 0.343883 0 -0.249575 0.343883 0.064 -0.2495197 0.3416649 0 -0.2495197 0.3416649 0.064 -0.2493539 0.3394522 0 -0.2493539 0.3394522 0.064 -0.249078 0.3372506 0 -0.249078 0.3372506 0.064 -0.2486927 0.3350655 0 -0.2486927 0.3350655 0.064 -0.2481989 0.3329023 0 -0.2481989 0.3329023 0.064 -0.247598 0.3307664 0 -0.247598 0.3307664 0.064 -0.2468913 0.3286631 0 -0.2468913 0.3286631 0.064 -0.2460807 0.3265977 0 -0.2460807 0.3265977 0.064 -0.2451681 0.3245752 0 -0.2451681 0.3245752 0.064 -0.2441559 0.3226007 0 -0.2441559 0.3226007 0.064 -0.2430464 0.3206791 0.064 -0.2430464 0.3206791 0 -0.2418426 0.3188152 0 -0.2418426 0.3188152 0.064 -0.2405474 0.3170137 0 -0.2405474 0.3170137 0.064 -0.239164 0.315279 0 -0.239164 0.315279 0.064 -0.2376958 0.3136153 0 -0.2376958 0.3136153 0.064 -0.2361465 0.3120269 0 -0.2361465 0.3120269 0.064 -0.23452 0.3105177 0 -0.23452 0.3105177 0.064 -0.2328203 0.3090915 0 -0.2328203 0.3090915 0.064 -0.2310516 0.3077518 0 -0.2310516 0.3077518 0.064 -0.2292183 0.3065019 0 -0.2292183 0.3065019 0.064 -0.227325 0.3053449 0 -0.227325 0.3053449 0.064 -0.2253764 0.3042837 0 -0.2253764 0.3042837 0.064 -0.2233773 0.303321 0.064 -0.2233773 0.303321 0 -0.2213327 0.3024591 0 -0.2213327 0.3024591 0.064 -0.2192477 0.3017002 0 -0.2192477 0.3017002 0.064 -0.2171274 0.3010462 0 -0.2171274 0.3010462 0.064 -0.2149772 0.3004987 0 -0.2149772 0.3004987 0.064 -0.2128023 0.3000591 0 -0.2128023 0.3000591 0.064 -0.2106083 0.2997284 0.064 -0.2106083 0.2997284 0 -0.2084005 0.2995074 0 -0.2084005 0.2995074 0.064 -0.2061844 0.2993968 0 -0.2061844 0.2993968 0.064 -0.2039656 0.2993968 0 -0.2039656 0.2993968 0.064 -0.2017495 0.2995074 0 -0.2017495 0.2995074 0.064 -0.1995417 0.2997284 0 -0.1995417 0.2997284 0.064 -0.1973477 0.3000591 0 -0.1973477 0.3000591 0.064 -0.1951728 0.3004987 0 -0.1951728 0.3004987 0.064 -0.1930226 0.3010462 0 -0.1930226 0.3010462 0.064 -0.1909023 0.3017002 0 -0.1909023 0.3017002 0.064 -0.1888173 0.3024591 0 -0.1888173 0.3024591 0.064 -0.1867727 0.303321 0 -0.1867727 0.303321 0.064 -0.1847736 0.3042837 0 -0.1847736 0.3042837 0.064 -0.182825 0.3053449 0 -0.182825 0.3053449 0.064 -0.1809317 0.3065019 0 -0.1809317 0.3065019 0.064 -0.1790984 0.3077518 0.064 -0.1790984 0.3077518 0 -0.1773297 0.3090915 0 -0.1773297 0.3090915 0.064 -0.17563 0.3105177 0 -0.17563 0.3105177 0.064 -0.1740035 0.3120269 0 -0.1740035 0.3120269 0.064 -0.1724542 0.3136153 0 -0.1724542 0.3136153 0.064 -0.170986 0.315279 0 -0.170986 0.315279 0.064 -0.1696026 0.3170137 0 -0.1696026 0.3170137 0.064 -0.1683074 0.3188152 0 -0.1683074 0.3188152 0.064 -0.1671036 0.3206791 0 -0.1671036 0.3206791 0.064 -0.1659941 0.3226007 0 -0.1659941 0.3226007 0.064 -0.1649819 0.3245752 0 -0.1649819 0.3245752 0.064 -0.1640693 0.3265977 0 -0.1640693 0.3265977 0.064 -0.1632587 0.3286631 0 -0.1632587 0.3286631 0.064 -0.162552 0.3307664 0 -0.162552 0.3307664 0.064 -0.1619511 0.3329023 0 -0.1619511 0.3329023 0.064 -0.1614573 0.3350655 0 -0.1614573 0.3350655 0.064 -0.161072 0.3372506 0 -0.161072 0.3372506 0.064 -0.1607961 0.3394522 0 -0.1607961 0.3394522 0.064 -0.1606303 0.3416649 0.064 -0.1606303 0.3416649 0 -0.2314649 0.3193968 0 -0.2302115 0.3181118 0 -0.2288957 0.3168909 0 -0.2326526 0.3207426 0 -0.2275206 0.3157371 0 -0.2337718 0.322146 0 -0.2260898 0.3146532 0 -0.2348196 0.3236035 0 -0.2246067 0.3136421 0 -0.2357935 0.3251113 0 -0.223075 0.3127061 0 -0.236691 0.3266659 0 -0.2214986 0.3118476 0 -0.2375099 0.3282632 0 -0.2198813 0.3110688 0 -0.2382481 0.3298994 0 -0.2182273 0.3103716 0 -0.2389039 0.3315703 0 -0.2165405 0.3097576 0 -0.2394756 0.3332718 0 -0.2148253 0.3092285 0 -0.2399618 0.3349997 0 -0.2130858 0.3087856 0 -0.2403612 0.3367497 0 -0.2113263 0.3084299 0 -0.2406729 0.3385175 0 -0.2095514 0.3081624 0 -0.2408961 0.3402986 0 -0.2077653 0.3079837 0 -0.2410302 0.3420886 0 -0.2059725 0.3078942 0 -0.241075 0.343883 0 -0.2041775 0.3078942 0 -0.2410302 0.3456775 0 -0.2023847 0.3079837 0 -0.2408961 0.3474674 0 -0.2005986 0.3081624 0 -0.2406729 0.3492485 0 -0.1988237 0.3084299 0 -0.2403612 0.3510163 0 -0.1970642 0.3087856 0 -0.2399618 0.3527663 0 -0.1953247 0.3092285 0 -0.2394756 0.3544942 0 -0.1936095 0.3097576 0 -0.2389039 0.3561957 0 -0.1919227 0.3103716 0 -0.2382481 0.3578666 0 -0.1902687 0.3110688 0 -0.2375099 0.3595028 0 -0.1886514 0.3118476 0 -0.236691 0.3611001 0 -0.187075 0.3127061 0 -0.2357935 0.3626547 0 -0.1855433 0.3136421 0 -0.2348196 0.3641625 0 -0.1840602 0.3146532 0 -0.2337718 0.36562 0 -0.1826294 0.3157371 0 -0.2326526 0.3670233 0 -0.1812543 0.3168909 0 -0.2314649 0.3683692 0 -0.1799385 0.3181118 0 -0.2302115 0.3696542 0 -0.1786851 0.3193968 0 -0.2288957 0.3708751 0 -0.1774974 0.3207426 0 -0.1763782 0.322146 0 -0.2275206 0.3720289 0 -0.1753304 0.3236035 0 -0.2260898 0.3731128 0 -0.2246067 0.3741239 0 -0.1743565 0.3251113 0 -0.223075 0.3750599 0 -0.173459 0.3266659 0 -0.2214986 0.3759184 0 -0.2198813 0.3766972 0 -0.1726401 0.3282632 0 -0.1719019 0.3298994 0 -0.2182273 0.3773944 0 -0.1712461 0.3315703 0 -0.1706744 0.3332718 0 -0.2165405 0.3780084 0 -0.2148253 0.3785375 0 -0.2130858 0.3789804 0 -0.1701882 0.3349997 0 -0.1697888 0.3367497 0 -0.2113263 0.3793361 0 -0.1694771 0.3385175 0 -0.2095514 0.3796036 0 -0.1692539 0.3402986 0 -0.2077653 0.3797823 0 -0.2059725 0.3798718 0 -0.1691198 0.3420886 0 -0.169075 0.343883 0 -0.2041775 0.3798718 0 -0.2023847 0.3797823 0 -0.1691198 0.3456775 0 -0.1692539 0.3474674 0 -0.2005986 0.3796036 0 -0.1694771 0.3492485 0 -0.1988237 0.3793361 0 -0.1697888 0.3510163 0 -0.1701882 0.3527663 0 -0.1970642 0.3789804 0 -0.1953247 0.3785375 0 -0.1706744 0.3544942 0 -0.1712461 0.3561957 0 -0.1936095 0.3780084 0 -0.1719019 0.3578666 0 -0.1919227 0.3773944 0 -0.1902687 0.3766972 0 -0.1726401 0.3595028 0 -0.1886514 0.3759184 0 -0.173459 0.3611001 0 -0.1743565 0.3626547 0 -0.187075 0.3750599 0 -0.1753304 0.3641625 0 -0.1855433 0.3741239 0 -0.1840602 0.3731128 0 -0.1763782 0.36562 0 -0.1826294 0.3720289 0 -0.1774974 0.3670233 0 -0.1812543 0.3708751 0 -0.1786851 0.3683692 0 -0.1799385 0.3696542 0 -0.2314649 0.3193968 0.064 -0.2302115 0.3181118 0.064 -0.2288957 0.3168909 0.064 -0.2326526 0.3207426 0.064 -0.2275206 0.3157371 0.064 -0.2337718 0.322146 0.064 -0.2260898 0.3146532 0.064 -0.2348196 0.3236035 0.064 -0.2246067 0.3136421 0.064 -0.2357935 0.3251113 0.064 -0.223075 0.3127061 0.064 -0.236691 0.3266659 0.064 -0.2214986 0.3118476 0.064 -0.2375099 0.3282632 0.064 -0.2198813 0.3110688 0.064 -0.2382481 0.3298994 0.064 -0.2182273 0.3103716 0.064 -0.2389039 0.3315703 0.064 -0.2165405 0.3097576 0.064 -0.2394756 0.3332718 0.064 -0.2148253 0.3092285 0.064 -0.2399618 0.3349997 0.064 -0.2130858 0.3087856 0.064 -0.2403612 0.3367497 0.064 -0.2113263 0.3084299 0.064 -0.2406729 0.3385175 0.064 -0.2095514 0.3081624 0.064 -0.2408961 0.3402986 0.064 -0.2077653 0.3079837 0.064 -0.2410302 0.3420886 0.064 -0.2059725 0.3078942 0.064 -0.241075 0.343883 0.064 -0.2041775 0.3078942 0.064 -0.2410302 0.3456775 0.064 -0.2023847 0.3079837 0.064 -0.2408961 0.3474674 0.064 -0.2005986 0.3081624 0.064 -0.2406729 0.3492485 0.064 -0.1988237 0.3084299 0.064 -0.2403612 0.3510163 0.064 -0.1970642 0.3087856 0.064 -0.2399618 0.3527663 0.064 -0.1953247 0.3092285 0.064 -0.2394756 0.3544942 0.064 -0.1936095 0.3097576 0.064 -0.2389039 0.3561957 0.064 -0.1919227 0.3103716 0.064 -0.2382481 0.3578666 0.064 -0.1902687 0.3110688 0.064 -0.2375099 0.3595028 0.064 -0.1886514 0.3118476 0.064 -0.236691 0.3611001 0.064 -0.187075 0.3127061 0.064 -0.2357935 0.3626547 0.064 -0.1855433 0.3136421 0.064 -0.2348196 0.3641625 0.064 -0.1840602 0.3146532 0.064 -0.2337718 0.36562 0.064 -0.1826294 0.3157371 0.064 -0.2326526 0.3670233 0.064 -0.1812543 0.3168909 0.064 -0.2314649 0.3683692 0.064 -0.1799385 0.3181118 0.064 -0.2302115 0.3696542 0.064 -0.1786851 0.3193968 0.064 -0.2288957 0.3708751 0.064 -0.1774974 0.3207426 0.064 -0.1763782 0.322146 0.064 -0.2275206 0.3720289 0.064 -0.1753304 0.3236035 0.064 -0.2260898 0.3731128 0.064 -0.2246067 0.3741239 0.064 -0.1743565 0.3251113 0.064 -0.223075 0.3750599 0.064 -0.173459 0.3266659 0.064 -0.2214986 0.3759184 0.064 -0.2198813 0.3766972 0.064 -0.1726401 0.3282632 0.064 -0.1719019 0.3298994 0.064 -0.2182273 0.3773944 0.064 -0.1712461 0.3315703 0.064 -0.1706744 0.3332718 0.064 -0.2165405 0.3780084 0.064 -0.2148253 0.3785375 0.064 -0.2130858 0.3789804 0.064 -0.1701882 0.3349997 0.064 -0.1697888 0.3367497 0.064 -0.2113263 0.3793361 0.064 -0.1694771 0.3385175 0.064 -0.2095514 0.3796036 0.064 -0.1692539 0.3402986 0.064 -0.2077653 0.3797823 0.064 -0.2059725 0.3798718 0.064 -0.1691198 0.3420886 0.064 -0.169075 0.343883 0.064 -0.2041775 0.3798718 0.064 -0.2023847 0.3797823 0.064 -0.1691198 0.3456775 0.064 -0.1692539 0.3474674 0.064 -0.2005986 0.3796036 0.064 -0.1694771 0.3492485 0.064 -0.1988237 0.3793361 0.064 -0.1697888 0.3510163 0.064 -0.1701882 0.3527663 0.064 -0.1970642 0.3789804 0.064 -0.1953247 0.3785375 0.064 -0.1706744 0.3544942 0.064 -0.1712461 0.3561957 0.064 -0.1936095 0.3780084 0.064 -0.1719019 0.3578666 0.064 -0.1919227 0.3773944 0.064 -0.1902687 0.3766972 0.064 -0.1726401 0.3595028 0.064 -0.1886514 0.3759184 0.064 -0.173459 0.3611001 0.064 -0.1743565 0.3626547 0.064 -0.187075 0.3750599 0.064 -0.1753304 0.3641625 0.064 -0.1855433 0.3741239 0.064 -0.1840602 0.3731128 0.064 -0.1763782 0.36562 0.064 -0.1826294 0.3720289 0.064 -0.1774974 0.3670233 0.064 -0.1812543 0.3708751 0.064 -0.1786851 0.3683692 0.064 -0.1799385 0.3696542 0.064 -0.169075 0.343883 0.0245 -0.1691198 0.3456775 0.0245 -0.1692539 0.3474674 0.0245 -0.1694771 0.3492485 0.0245 -0.1697888 0.3510163 0.0245 -0.1701882 0.3527663 0.0245 -0.1706744 0.3544942 0.0245 -0.1712461 0.3561957 0.0245 -0.1719019 0.3578666 0.0245 -0.1726401 0.3595028 0.0245 -0.173459 0.3611001 0.0245 -0.1743565 0.3626547 0.0245 -0.1753304 0.3641625 0.0245 -0.1763782 0.36562 0.0245 -0.1774974 0.3670233 0.0245 -0.1786851 0.3683692 0.0245 -0.1799385 0.3696542 0.0245 -0.1812543 0.3708751 0.0245 -0.1826294 0.3720289 0.0245 -0.1840602 0.3731128 0.0245 -0.1855433 0.3741239 0.0245 -0.187075 0.3750599 0.0245 -0.1886514 0.3759184 0.0245 -0.1902687 0.3766972 0.0245 -0.1919227 0.3773944 0.0245 -0.1936095 0.3780084 0.0245 -0.1953247 0.3785375 0.0245 -0.1970642 0.3789804 0.0245 -0.1988237 0.3793361 0.0245 -0.2005986 0.3796036 0.0245 -0.2023847 0.3797823 0.0245 -0.2041775 0.3798718 0.0245 -0.2059725 0.3798718 0.0245 -0.2077653 0.3797823 0.0245 -0.2095514 0.3796036 0.0245 -0.2113263 0.3793361 0.0245 -0.2130858 0.3789804 0.0245 -0.2148253 0.3785375 0.0245 -0.2165405 0.3780084 0.0245 -0.2182273 0.3773944 0.0245 -0.2198813 0.3766972 0.0245 -0.2214986 0.3759184 0.0245 -0.223075 0.3750599 0.0245 -0.2246067 0.3741239 0.0245 -0.2260898 0.3731128 0.0245 -0.2275206 0.3720289 0.0245 -0.2288957 0.3708751 0.0245 -0.2302115 0.3696542 0.0245 -0.2314649 0.3683692 0.0245 -0.2326526 0.3670233 0.0245 -0.2337718 0.36562 0.0245 -0.2348196 0.3641625 0.0245 -0.2357935 0.3626547 0.0245 -0.236691 0.3611001 0.0245 -0.2375099 0.3595028 0.0245 -0.2382481 0.3578666 0.0245 -0.2389039 0.3561957 0.0245 -0.2394756 0.3544942 0.0245 -0.2399618 0.3527663 0.0245 -0.2403612 0.3510163 0.0245 -0.2406729 0.3492485 0.0245 -0.2408961 0.3474674 0.0245 -0.2410302 0.3456775 0.0245 -0.241075 0.343883 0.0245 -0.2410302 0.3420886 0.0245 -0.2408961 0.3402986 0.0245 -0.2406729 0.3385175 0.0245 -0.2403612 0.3367497 0.0245 -0.2399618 0.3349997 0.0245 -0.2394756 0.3332718 0.0245 -0.2389039 0.3315703 0.0245 -0.2382481 0.3298994 0.0245 -0.2375099 0.3282632 0.0245 -0.236691 0.3266659 0.0245 -0.2357935 0.3251113 0.0245 -0.2348196 0.3236035 0.0245 -0.2337718 0.322146 0.0245 -0.2326526 0.3207426 0.0245 -0.2314649 0.3193968 0.0245 -0.2302115 0.3181118 0.0245 -0.2288957 0.3168909 0.0245 -0.2275206 0.3157371 0.0245 -0.2260898 0.3146532 0.0245 -0.2246067 0.3136421 0.0245 -0.223075 0.3127061 0.0245 -0.2214986 0.3118476 0.0245 -0.2198813 0.3110688 0.0245 -0.2182273 0.3103716 0.0245 -0.2165405 0.3097576 0.0245 -0.2148253 0.3092285 0.0245 -0.2130858 0.3087856 0.0245 -0.2113263 0.3084299 0.0245 -0.2095514 0.3081624 0.0245 -0.2077653 0.3079837 0.0245 -0.2059725 0.3078942 0.0245 -0.2041775 0.3078942 0.0245 -0.2023847 0.3079837 0.0245 -0.2005986 0.3081624 0.0245 -0.1988237 0.3084299 0.0245 -0.1970642 0.3087856 0.0245 -0.1953247 0.3092285 0.0245 -0.1936095 0.3097576 0.0245 -0.1919227 0.3103716 0.0245 -0.1902687 0.3110688 0.0245 -0.1886514 0.3118476 0.0245 -0.187075 0.3127061 0.0245 -0.1855433 0.3136421 0.0245 -0.1840602 0.3146532 0.0245 -0.1826294 0.3157371 0.0245 -0.1812543 0.3168909 0.0245 -0.1799385 0.3181118 0.0245 -0.1786851 0.3193968 0.0245 -0.1774974 0.3207426 0.0245 -0.1763782 0.322146 0.0245 -0.1753304 0.3236035 0.0245 -0.1743565 0.3251113 0.0245 -0.173459 0.3266659 0.0245 -0.1726401 0.3282632 0.0245 -0.1719019 0.3298994 0.0245 -0.1712461 0.3315703 0.0245 -0.1706744 0.3332718 0.0245 -0.1701882 0.3349997 0.0245 -0.1697888 0.3367497 0.0245 -0.1694771 0.3385175 0.0245 -0.1692539 0.3402986 0.0245 -0.1691198 0.3420886 0.0245 -0.169075 0.343883 0.0395 -0.1691198 0.3456775 0.0395 -0.1692539 0.3474674 0.0395 -0.1694771 0.3492485 0.0395 -0.1697888 0.3510163 0.0395 -0.1701882 0.3527663 0.0395 -0.1706744 0.3544942 0.0395 -0.1712461 0.3561957 0.0395 -0.1719019 0.3578666 0.0395 -0.1726401 0.3595028 0.0395 -0.173459 0.3611001 0.0395 -0.1743565 0.3626547 0.0395 -0.1753304 0.3641625 0.0395 -0.1763782 0.36562 0.0395 -0.1774974 0.3670233 0.0395 -0.1786851 0.3683692 0.0395 -0.1799385 0.3696542 0.0395 -0.1812543 0.3708751 0.0395 -0.1826294 0.3720289 0.0395 -0.1840602 0.3731128 0.0395 -0.1855433 0.3741239 0.0395 -0.187075 0.3750599 0.0395 -0.1886514 0.3759184 0.0395 -0.1902687 0.3766972 0.0395 -0.1919227 0.3773944 0.0395 -0.1936095 0.3780084 0.0395 -0.1953247 0.3785375 0.0395 -0.1970642 0.3789804 0.0395 -0.1988237 0.3793361 0.0395 -0.2005986 0.3796036 0.0395 -0.2023847 0.3797823 0.0395 -0.2041775 0.3798718 0.0395 -0.2059725 0.3798718 0.0395 -0.2077653 0.3797823 0.0395 -0.2095514 0.3796036 0.0395 -0.2113263 0.3793361 0.0395 -0.2130858 0.3789804 0.0395 -0.2148253 0.3785375 0.0395 -0.2165405 0.3780084 0.0395 -0.2182273 0.3773944 0.0395 -0.2198813 0.3766972 0.0395 -0.2214986 0.3759184 0.0395 -0.223075 0.3750599 0.0395 -0.2246067 0.3741239 0.0395 -0.2260898 0.3731128 0.0395 -0.2275206 0.3720289 0.0395 -0.2288957 0.3708751 0.0395 -0.2302115 0.3696542 0.0395 -0.2314649 0.3683692 0.0395 -0.2326526 0.3670233 0.0395 -0.2337718 0.36562 0.0395 -0.2348196 0.3641625 0.0395 -0.2357935 0.3626547 0.0395 -0.236691 0.3611001 0.0395 -0.2375099 0.3595028 0.0395 -0.2382481 0.3578666 0.0395 -0.2389039 0.3561957 0.0395 -0.2394756 0.3544942 0.0395 -0.2399618 0.3527663 0.0395 -0.2403612 0.3510163 0.0395 -0.2406729 0.3492485 0.0395 -0.2408961 0.3474674 0.0395 -0.2410302 0.3456775 0.0395 -0.241075 0.343883 0.0395 -0.2410302 0.3420886 0.0395 -0.2408961 0.3402986 0.0395 -0.2406729 0.3385175 0.0395 -0.2403612 0.3367497 0.0395 -0.2399618 0.3349997 0.0395 -0.2394756 0.3332718 0.0395 -0.2389039 0.3315703 0.0395 -0.2382481 0.3298994 0.0395 -0.2375099 0.3282632 0.0395 -0.236691 0.3266659 0.0395 -0.2357935 0.3251113 0.0395 -0.2348196 0.3236035 0.0395 -0.2337718 0.322146 0.0395 -0.2326526 0.3207426 0.0395 -0.2314649 0.3193968 0.0395 -0.2302115 0.3181118 0.0395 -0.2288957 0.3168909 0.0395 -0.2275206 0.3157371 0.0395 -0.2260898 0.3146532 0.0395 -0.2246067 0.3136421 0.0395 -0.223075 0.3127061 0.0395 -0.2214986 0.3118476 0.0395 -0.2198813 0.3110688 0.0395 -0.2182273 0.3103716 0.0395 -0.2165405 0.3097576 0.0395 -0.2148253 0.3092285 0.0395 -0.2130858 0.3087856 0.0395 -0.2113263 0.3084299 0.0395 -0.2095514 0.3081624 0.0395 -0.2077653 0.3079837 0.0395 -0.2059725 0.3078942 0.0395 -0.2041775 0.3078942 0.0395 -0.2023847 0.3079837 0.0395 -0.2005986 0.3081624 0.0395 -0.1988237 0.3084299 0.0395 -0.1970642 0.3087856 0.0395 -0.1953247 0.3092285 0.0395 -0.1936095 0.3097576 0.0395 -0.1919227 0.3103716 0.0395 -0.1902687 0.3110688 0.0395 -0.1886514 0.3118476 0.0395 -0.187075 0.3127061 0.0395 -0.1855433 0.3136421 0.0395 -0.1840602 0.3146532 0.0395 -0.1826294 0.3157371 0.0395 -0.1812543 0.3168909 0.0395 -0.1799385 0.3181118 0.0395 -0.1786851 0.3193968 0.0395 -0.1774974 0.3207426 0.0395 -0.1763782 0.322146 0.0395 -0.1753304 0.3236035 0.0395 -0.1743565 0.3251113 0.0395 -0.173459 0.3266659 0.0395 -0.1726401 0.3282632 0.0395 -0.1719019 0.3298994 0.0395 -0.1712461 0.3315703 0.0395 -0.1706744 0.3332718 0.0395 -0.1701882 0.3349997 0.0395 -0.1697888 0.3367497 0.0395 -0.1694771 0.3385175 0.0395 -0.1692539 0.3402986 0.0395 -0.1691198 0.3420886 0.0395 -0.2277677 0.3206173 0.0245 -0.2288992 0.3217774 0.0245 -0.2265798 0.3195151 0.0245 -0.2299715 0.3229924 0.0245 -0.2253384 0.3184735 0.0245 -0.2309818 0.3242594 0.0245 -0.2240467 0.317495 0.0245 -0.2319278 0.3255751 0.0245 -0.2227077 0.3165822 0.0245 -0.232807 0.3269364 0.0245 -0.221325 0.3157372 0.0245 -0.2336172 0.3283398 0.0245 -0.2199018 0.3149622 0.0245 -0.2343565 0.3297818 0.0245 -0.2184418 0.3142591 0.0245 -0.235023 0.3312589 0.0245 -0.2169486 0.3136296 0.0245 -0.235615 0.3327673 0.0245 -0.2154258 0.3130753 0.0245 -0.2361311 0.3343035 0.0245 -0.2138773 0.3125977 0.0245 -0.23657 0.3358634 0.0245 -0.2123069 0.3121978 0.0245 -0.2369306 0.3374432 0.0245 -0.2107186 0.3118767 0.0245 -0.237212 0.3390391 0.0245 -0.2091162 0.3116352 0.0245 -0.2374135 0.340647 0.0245 -0.2075037 0.3114739 0.0245 -0.2375346 0.342263 0.0245 -0.2058853 0.3113931 0.0245 -0.237575 0.343883 0.0245 -0.2042648 0.3113931 0.0245 -0.2375346 0.345503 0.0245 -0.2026463 0.3114739 0.0245 -0.2374135 0.347119 0.0245 -0.2010338 0.3116352 0.0245 -0.237212 0.3487269 0.0245 -0.1994314 0.3118767 0.0245 -0.2369306 0.3503228 0.0245 -0.1978431 0.3121978 0.0245 -0.23657 0.3519026 0.0245 -0.1962727 0.3125977 0.0245 -0.2361311 0.3534626 0.0245 -0.1947242 0.3130753 0.0245 -0.235615 0.3549987 0.0245 -0.1932014 0.3136296 0.0245 -0.235023 0.3565071 0.0245 -0.1917082 0.3142591 0.0245 -0.2343565 0.3579842 0.0245 -0.1902482 0.3149622 0.0245 -0.2336172 0.3594263 0.0245 -0.188825 0.3157372 0.0245 -0.232807 0.3608297 0.0245 -0.1874422 0.3165822 0.0245 -0.2319278 0.3621909 0.0245 -0.1861033 0.317495 0.0245 -0.2309818 0.3635067 0.0245 -0.1848116 0.3184735 0.0245 -0.2299715 0.3647736 0.0245 -0.1835702 0.3195151 0.0245 -0.2288992 0.3659886 0.0245 -0.1823823 0.3206173 0.0245 -0.2277677 0.3671487 0.0245 -0.1812508 0.3217774 0.0245 -0.2265798 0.3682509 0.0245 -0.1801786 0.3229924 0.0245 -0.2253384 0.3692925 0.0245 -0.1791682 0.3242594 0.0245 -0.2240467 0.370271 0.0245 -0.1782222 0.3255751 0.0245 -0.2227077 0.3711838 0.0245 -0.177343 0.3269364 0.0245 -0.221325 0.3720288 0.0245 -0.1765328 0.3283398 0.0245 -0.2199018 0.3728038 0.0245 -0.1757935 0.3297818 0.0245 -0.2184418 0.3735069 0.0245 -0.2169486 0.3741364 0.0245 -0.175127 0.3312589 0.0245 -0.174535 0.3327673 0.0245 -0.2154258 0.3746906 0.0245 -0.1740189 0.3343035 0.0245 -0.2138773 0.3751683 0.0245 -0.2123069 0.3755681 0.0245 -0.17358 0.3358634 0.0245 -0.1732194 0.3374432 0.0245 -0.2107186 0.3758893 0.0245 -0.172938 0.3390391 0.0245 -0.2091162 0.3761308 0.0245 -0.2075037 0.3762921 0.0245 -0.1727365 0.340647 0.0245 -0.1726154 0.342263 0.0245 -0.2058853 0.3763729 0.0245 -0.172575 0.343883 0.0245 -0.2042648 0.3763729 0.0245 -0.1726154 0.345503 0.0245 -0.1727365 0.347119 0.0245 -0.2026463 0.3762921 0.0245 -0.2010338 0.3761308 0.0245 -0.172938 0.3487269 0.0245 -0.1994314 0.3758893 0.0245 -0.1732194 0.3503228 0.0245 -0.1978431 0.3755681 0.0245 -0.17358 0.3519026 0.0245 -0.1962727 0.3751683 0.0245 -0.1947242 0.3746906 0.0245 -0.1740189 0.3534626 0.0245 -0.174535 0.3549987 0.0245 -0.1932014 0.3741364 0.0245 -0.1917082 0.3735069 0.0245 -0.175127 0.3565071 0.0245 -0.1757935 0.3579842 0.0245 -0.1902482 0.3728038 0.0245 -0.1765328 0.3594263 0.0245 -0.177343 0.3608297 0.0245 -0.188825 0.3720288 0.0245 -0.1874422 0.3711838 0.0245 -0.1861033 0.370271 0.0245 -0.1782222 0.3621909 0.0245 -0.1791682 0.3635067 0.0245 -0.1848116 0.3692925 0.0245 -0.1801786 0.3647736 0.0245 -0.1812508 0.3659886 0.0245 -0.1835702 0.3682509 0.0245 -0.1823823 0.3671487 0.0245 -0.2277677 0.3206173 0.0395 -0.2288992 0.3217774 0.0395 -0.2265798 0.3195151 0.0395 -0.2299715 0.3229924 0.0395 -0.2253384 0.3184735 0.0395 -0.2309818 0.3242594 0.0395 -0.2240467 0.317495 0.0395 -0.2319278 0.3255751 0.0395 -0.2227077 0.3165822 0.0395 -0.232807 0.3269364 0.0395 -0.221325 0.3157372 0.0395 -0.2336172 0.3283398 0.0395 -0.2199018 0.3149622 0.0395 -0.2343565 0.3297818 0.0395 -0.2184418 0.3142591 0.0395 -0.235023 0.3312589 0.0395 -0.2169486 0.3136296 0.0395 -0.235615 0.3327673 0.0395 -0.2154258 0.3130753 0.0395 -0.2361311 0.3343035 0.0395 -0.2138773 0.3125977 0.0395 -0.23657 0.3358634 0.0395 -0.2123069 0.3121978 0.0395 -0.2369306 0.3374432 0.0395 -0.2107186 0.3118767 0.0395 -0.237212 0.3390391 0.0395 -0.2091162 0.3116352 0.0395 -0.2374135 0.340647 0.0395 -0.2075037 0.3114739 0.0395 -0.2375346 0.342263 0.0395 -0.2058853 0.3113931 0.0395 -0.237575 0.343883 0.0395 -0.2042648 0.3113931 0.0395 -0.2375346 0.345503 0.0395 -0.2026463 0.3114739 0.0395 -0.2374135 0.347119 0.0395 -0.2010338 0.3116352 0.0395 -0.237212 0.3487269 0.0395 -0.1994314 0.3118767 0.0395 -0.2369306 0.3503228 0.0395 -0.1978431 0.3121978 0.0395 -0.23657 0.3519026 0.0395 -0.1962727 0.3125977 0.0395 -0.2361311 0.3534626 0.0395 -0.1947242 0.3130753 0.0395 -0.235615 0.3549987 0.0395 -0.1932014 0.3136296 0.0395 -0.235023 0.3565071 0.0395 -0.1917082 0.3142591 0.0395 -0.2343565 0.3579842 0.0395 -0.1902482 0.3149622 0.0395 -0.2336172 0.3594263 0.0395 -0.188825 0.3157372 0.0395 -0.232807 0.3608297 0.0395 -0.1874422 0.3165822 0.0395 -0.2319278 0.3621909 0.0395 -0.1861033 0.317495 0.0395 -0.2309818 0.3635067 0.0395 -0.1848116 0.3184735 0.0395 -0.2299715 0.3647736 0.0395 -0.1835702 0.3195151 0.0395 -0.2288992 0.3659886 0.0395 -0.1823823 0.3206173 0.0395 -0.2277677 0.3671487 0.0395 -0.1812508 0.3217774 0.0395 -0.2265798 0.3682509 0.0395 -0.1801786 0.3229924 0.0395 -0.2253384 0.3692925 0.0395 -0.1791682 0.3242594 0.0395 -0.2240467 0.370271 0.0395 -0.1782222 0.3255751 0.0395 -0.2227077 0.3711838 0.0395 -0.177343 0.3269364 0.0395 -0.221325 0.3720288 0.0395 -0.1765328 0.3283398 0.0395 -0.2199018 0.3728038 0.0395 -0.1757935 0.3297818 0.0395 -0.2184418 0.3735069 0.0395 -0.2169486 0.3741364 0.0395 -0.175127 0.3312589 0.0395 -0.174535 0.3327673 0.0395 -0.2154258 0.3746906 0.0395 -0.1740189 0.3343035 0.0395 -0.2138773 0.3751683 0.0395 -0.2123069 0.3755681 0.0395 -0.17358 0.3358634 0.0395 -0.1732194 0.3374432 0.0395 -0.2107186 0.3758893 0.0395 -0.172938 0.3390391 0.0395 -0.2091162 0.3761308 0.0395 -0.2075037 0.3762921 0.0395 -0.1727365 0.340647 0.0395 -0.1726154 0.342263 0.0395 -0.2058853 0.3763729 0.0395 -0.172575 0.343883 0.0395 -0.2042648 0.3763729 0.0395 -0.1726154 0.345503 0.0395 -0.1727365 0.347119 0.0395 -0.2026463 0.3762921 0.0395 -0.2010338 0.3761308 0.0395 -0.172938 0.3487269 0.0395 -0.1994314 0.3758893 0.0395 -0.1732194 0.3503228 0.0395 -0.1978431 0.3755681 0.0395 -0.17358 0.3519026 0.0395 -0.1962727 0.3751683 0.0395 -0.1947242 0.3746906 0.0395 -0.1740189 0.3534626 0.0395 -0.174535 0.3549987 0.0395 -0.1932014 0.3741364 0.0395 -0.1917082 0.3735069 0.0395 -0.175127 0.3565071 0.0395 -0.1757935 0.3579842 0.0395 -0.1902482 0.3728038 0.0395 -0.1765328 0.3594263 0.0395 -0.177343 0.3608297 0.0395 -0.188825 0.3720288 0.0395 -0.1874422 0.3711838 0.0395 -0.1861033 0.370271 0.0395 -0.1782222 0.3621909 0.0395 -0.1791682 0.3635067 0.0395 -0.1848116 0.3692925 0.0395 -0.1801786 0.3647736 0.0395 -0.1812508 0.3659886 0.0395 -0.1835702 0.3682509 0.0395 -0.1823823 0.3671487 0.0395</float_array>
          <technique_common>
            <accessor count="1008" source="#cubeverts-array0-array" stride="3">
              <param type="float" name="X"/>
              <param type="float" name="Y"/>
              <param type="float" name="Z"/>
            </accessor>
          </technique_common>
        </source>
        <source id="cubenormals-array0">
          <float_array count="6048" id="cubenormals-array0-array">0.9996892 0.02492896 0 0.9996892 0.02492896 0 0.9972037 0.07473113 0 0.9972037 0.07473113 -0 0.9922393 0.1243428 0 0.9922393 0.1243428 -0 0.9848074 0.17365 0 0.9848074 0.17365 -0 0.9749273 0.2225234 0 0.9749273 0.2225234 -0 0.9626237 0.2708424 0 0.9479283 0.3184839 0 0.9626237 0.2708424 -0 0.9479283 0.3184839 0 0.9308735 0.3653417 0 0.9308735 0.3653417 -0 0.911506 0.4112869 0 0.911506 0.4112869 -0 0.8898733 0.4562079 0 0.8660216 0.5000066 0 0.8898733 0.4562079 -0 0.8660216 0.5000066 0 0.8400294 0.5425408 -0 0.8400294 0.5425408 0 0.811937 0.5837452 -0 0.811937 0.5837452 0 0.781834 0.6234866 -0 0.781834 0.6234866 0 0.7497805 0.6616867 0 0.7497805 0.6616867 -0 0.7158647 0.698239 0 0.7158647 0.698239 -0 0.6801738 0.7330509 0 0.6427882 0.7660438 0 0.6801738 0.7330509 -0 0.6427882 0.7660438 0 0.6038068 0.7971306 -0 0.6038068 0.7971306 0 0.5633193 0.8262393 0 0.5214366 0.85329 0 0.5633193 0.8262393 -0 0.4782517 0.8782228 0 0.5214366 0.85329 0 0.4782517 0.8782228 0 0.4338808 0.9009703 0 0.4338808 0.9009703 -0 0.3884369 0.9214752 0 0.3884369 0.9214752 -0 0.342018 0.9396934 0 0.342018 0.9396934 -0 0.2947594 0.9555715 0 0.2947594 0.9555715 -0 0.2467582 0.9690771 0 0.2467582 0.9690771 -0 0.1981391 0.9801739 0 0.1981391 0.9801739 -0 0.149051 0.9888295 0 0.149051 0.9888295 -0 0.09956431 0.9950311 0 0.09956431 0.9950311 -0 0.04984398 0.998757 0 0.04984398 0.998757 -0 0 1 0 -0.04984432 0.998757 0 0 1 -0 -0.04984432 0.998757 0 -0.09956431 0.9950311 0 -0.09956431 0.9950311 0 -0.149051 0.9888295 0 -0.149051 0.9888295 0 -0.1981378 0.9801742 0 -0.1981378 0.9801742 0 -0.2467598 0.9690767 0 -0.2467598 0.9690767 0 -0.2947594 0.9555715 0 -0.2947594 0.9555715 0 -0.342018 0.9396934 0 -0.342018 0.9396934 0 -0.3884369 0.9214752 0 -0.3884369 0.9214752 0 -0.4338808 0.9009703 0 -0.4338808 0.9009703 0 -0.4782517 0.8782228 0 -0.4782517 0.8782228 0 -0.5214366 0.85329 0 -0.5214366 0.85329 0 -0.5633193 0.8262393 0 -0.5633193 0.8262393 0 -0.6038068 0.7971306 0 -0.6038068 0.7971306 0 -0.6427882 0.7660438 0 -0.6427882 0.7660438 0 -0.6801704 0.733054 0 -0.6801704 0.733054 0 -0.7158682 0.6982355 0 -0.7158682 0.6982355 0 -0.7497805 0.6616867 0 -0.7497805 0.6616867 0 -0.781834 0.6234866 0 -0.781834 0.6234866 0 -0.811937 0.5837452 0 -0.811937 0.5837452 0 -0.8400263 0.5425456 0 -0.8660246 0.5000014 0 -0.8400263 0.5425456 0 -0.8660246 0.5000014 0 -0.8898705 0.4562134 0 -0.8898705 0.4562134 0 -0.9115085 0.4112812 0 -0.9115085 0.4112812 0 -0.9308712 0.3653477 0 -0.9308712 0.3653477 0 -0.9479283 0.3184839 0 -0.9479283 0.3184839 0 -0.9626237 0.2708424 0 -0.9626237 0.2708424 0 -0.9749289 0.2225169 0 -0.9749289 0.2225169 0 -0.9848074 0.17365 0 -0.9848074 0.17365 0 -0.9922393 0.1243428 0 -0.9922393 0.1243428 0 -0.9972037 0.07473113 0 -0.9972037 0.07473113 0 -0.9996892 0.02492896 0 -0.9996892 0.02492896 0 -0.9996892 -0.02492896 0 -0.9996892 -0.02492896 0 -0.9972036 -0.07473216 0 -0.9972036 -0.07473216 0 -0.9922395 -0.1243411 0 -0.9922395 -0.1243411 0 -0.9848074 -0.17365 0 -0.9848074 -0.17365 0 -0.9749289 -0.2225169 0 -0.9749289 -0.2225169 0 -0.9626237 -0.2708424 0 -0.9626237 -0.2708424 0 -0.9479269 -0.318488 0 -0.9479269 -0.318488 0 -0.930873 -0.365343 0 -0.930873 -0.365343 0 -0.9115085 -0.4112812 0 -0.9115085 -0.4112812 0 -0.8898676 -0.4562189 0 -0.8898676 -0.4562189 0 -0.866028 -0.4999955 -0 -0.866028 -0.4999955 0 -0.8400263 -0.5425456 0 -0.8400263 -0.5425456 0 -0.811937 -0.5837452 0 -0.811937 -0.5837452 0 -0.7818286 -0.6234934 0 -0.7818286 -0.6234934 0 -0.7497805 -0.6616867 0 -0.7497805 -0.6616867 0 -0.7158749 -0.6982287 0 -0.7158749 -0.6982287 0 -0.6801704 -0.733054 0 -0.6801704 -0.733054 0 -0.6427882 -0.7660438 0 -0.6427882 -0.7660438 0 -0.6037981 -0.7971373 0 -0.6037981 -0.7971373 0 -0.5633193 -0.8262393 0 -0.5633193 -0.8262393 0 -0.5214366 -0.85329 0 -0.5214366 -0.85329 0 -0.4782623 -0.878217 0 -0.4338808 -0.9009703 -0 -0.4782623 -0.878217 0 -0.4338808 -0.9009703 0 -0.3884369 -0.9214752 0 -0.3884369 -0.9214752 0 -0.342018 -0.9396934 0 -0.342018 -0.9396934 0 -0.2947468 -0.9555753 0 -0.2947468 -0.9555753 0 -0.2467598 -0.9690767 0 -0.2467598 -0.9690767 0 -0.198151 -0.9801714 0 -0.198151 -0.9801714 0 -0.1490375 -0.9888315 -0 -0.1490375 -0.9888315 0 -0.09957794 -0.9950298 0 -0.09957794 -0.9950298 0 -0.04984432 -0.998757 0 -0.04984432 -0.998757 0 0 -1 0 0 -1 0 0.04984398 -0.998757 0 0.04984398 -0.998757 0 0.09957794 -0.9950298 0 0.09957794 -0.9950298 0 0.1490375 -0.9888315 0 0.1490375 -0.9888315 0 0.1981524 -0.9801713 0 0.1981524 -0.9801713 0 0.2467582 -0.9690771 0 0.2467582 -0.9690771 0 0.2947468 -0.9555753 0 0.2947468 -0.9555753 0 0.342018 -0.9396934 0 0.342018 -0.9396934 0 0.3884369 -0.9214752 0 0.3884369 -0.9214752 0 0.4338808 -0.9009703 0 0.4338808 -0.9009703 0 0.4782623 -0.878217 0 0.4782623 -0.878217 0 0.5214366 -0.85329 0 0.5633193 -0.8262393 0 0.5214366 -0.85329 0 0.5633193 -0.8262393 0 0.6037981 -0.7971373 0 0.6037981 -0.7971373 0 0.6427882 -0.7660438 0 0.6427882 -0.7660438 0 0.6801738 -0.7330509 0 0.6801738 -0.7330509 0 0.7158714 -0.6982321 0 0.7158714 -0.6982321 0 0.7497805 -0.6616867 0 0.7497805 -0.6616867 0 0.7818286 -0.6234934 0 0.7818286 -0.6234934 0 0.811937 -0.5837452 0 0.811937 -0.5837452 0 0.8400294 -0.5425408 0 0.8400294 -0.5425408 0 0.866025 -0.5000007 0 0.866025 -0.5000007 0 0.8898704 -0.4562135 0 0.8898704 -0.4562135 0 0.911506 -0.4112869 0 0.911506 -0.4112869 0 0.9308754 -0.365337 0 0.9308754 -0.365337 0 0.9479269 -0.318488 0 0.9479269 -0.318488 0 0.9626237 -0.2708424 0 0.9626237 -0.2708424 0 0.9749273 -0.2225234 0 0.9749273 -0.2225234 0 0.9848074 -0.17365 0 0.9848074 -0.17365 0 0.9922395 -0.1243411 0 0.9972036 -0.07473216 0 0.9922395 -0.1243411 0 0.9972036 -0.07473216 0 0.9996892 -0.02492896 0 0.9996892 -0.02492896 0 0 0 -1 0 0 -1 0 -0 -1 0 0 -1 0 0 -1 0 0 -1 0 0 -1 0 0 -1 0 -0 -1 0 0 -1 0 -0 -1 0 0 -1 0 0 -1 0 0 -1 0 -0 -1 0 0 -1 0 0 -1 0 0 -1 0 -0 -1 0 0 -1 0 0 -1 0 0 -1 0 0 -1 0 -0 -1 0 0 -1 0 0 -1 0 0 -1 0 -0 -1 0 0 -1 0 0 -1 0 -0 -1 0 0 -1 0 0 -1 0 0 -1 0 0 -1 0 -0 -1 0 0 -1 0 0 -1 0 0 -1 0 -0 -1 0 0 -1 0 0 -1 0 -0 -1 0 0 -1 0 0 -1 0 0 -1 0 -0 -1 0 0 -1 0 0 -1 0 0 -1 0 -0 -1 0 0 -1 0 0 -1 0 0 -1 0 0 -1 0 0 -1 0 0 -1 0 0 -1 0 0 -1 0 0 -1 0 0 -1 0 0 -1 0 0 -1 0 0 -1 0 0 -1 0 -0 -1 0 0 -1 0 0 -1 0 0 -1 0 0 -1 0 -0 -1 0 0 -1 0 0 -1 0 -0 -1 0 -0 -1 0 0 -1 0 0 -1 0 0 -1 0 0 -1 0 0 -1 0 0 -1 0 -0 -1 0 0 -1 0 0 -1 0 0 -1 0 -0 -1 0 -0 -1 0 0 -1 0 0 -1 0 0 -1 0 0 -1 0 0 -1 0 -0 -1 0 0 -1 0 0 -1 0 0 -1 0 0 -1 0 -0 -1 0 0 -1 0 0 -1 0 0 -1 0 -0 -1 0 -0 -1 0 0 -1 0 0 -1 0 0 -1 0 0 -1 0 0 -1 0 0 -1 0 0 -1 0 0 -1 0 0 -1 0 -0 -1 0 0 -1 0 0 -1 0 0 -1 0 -0 -1 0 0 -1 0 0 -1 0 0 -1 0 -0 -1 0 0 -1 0 0 -1 0 0 -1 0 0 -1 0 0 -1 0 -0 -1 0 0 -1 0 0 -1 0 0 -1 0 0 -1 0 0 -1 0 0 -1 0 0 -1 0 0 -1 0 0 -1 0 0 -1 0 0 -1 0 0 -1 0 0 -1 0 0 -1 0 0 -1 0 0 -1 0 -0 -1 0 0 -1 0 0 -1 0 0 -1 0 -0 -1 0 0 -1 0 0 -1 0 0 -1 0 -0 -1 0 0 -1 0 0 -1 0 -0 -1 0 0 -1 0 0 -1 0 0 -1 0 -0 -1 0 -0 -1 0 0 -1 0 0 -1 0 0 -1 0 0 -1 0 0 -1 0 0 -1 0 0 -1 0 -0 -1 0 -0 -1 0 0 -1 0 0 -1 0 0 -1 0 0 -1 0 -0 -1 0 0 -1 0 0 -1 0 -0 -1 0 0 -1 0 0 -1 0 0 -1 0 0 -1 0 0 -1 0 0 -1 0 0 -1 0 -0 -1 0 -0 -1 0 0 -1 0 0 -1 0 0 -1 0 0 -1 0 0 -1 0 0 -1 0 0 -1 0 0 -1 0 0 -1 0 0 -1 0 0 -1 0 -0 -1 0 0 -1 0 0 -1 0 0 -1 0 -0 -1 0 0 -1 0 0 -1 0 0 -1 0 0 -1 0 0 -1 0 -0 -1 0 0 -1 0 -0 -1 0 0 -1 0 0 -1 0 0 -1 0 -0 -1 0 0 -1 0 0 -1 0 0 -1 0 -0 -1 0 0 -1 0 0 -1 0 -0 -1 0 0 -1 0 0 -1 0 0 -1 0 -0 -1 0 0 -1 0 0 -1 0 0 -1 0 0 -1 0 -0 -1 0 0 -1 0 0 -1 0 0 -1 0 -0 -1 0 0 -1 0 0 -1 0 0 -1 0 -0 -1 0 0 -1 0 0 -1 0 -0 -1 0 0 -1 0 0 -1 0 0 -1 0 0 -1 0 -0 -1 0 0 -1 0 0 -1 0 0 -1 0 0 -1 0 0 -1 0 -0 -1 0 0 1 0 0 1 0 0 1 0 0 1 0 0 1 0 0 1 0 0 1 0 0 1 0 0 1 0 0 1 0 0 1 0 0 1 0 0 1 0 0 1 0 0 1 0 0 1 0 0 1 0 0 1 0 0 1 0 0 1 0 0 1 0 0 1 0 0 1 0 0 1 0 0 1 0 0 1 0 0 1 0 0 1 0 0 1 0 0 1 0 0 1 0 0 1 0 0 1 0 0 1 0 0 1 0 0 1 0 0 1 0 0 1 0 0 1 0 0 1 0 0 1 0 0 1 0 0 1 0 0 1 0 0 1 0 0 1 0 0 1 0 0 1 0 0 1 0 0 1 0 0 1 0 0 1 0 0 1 0 0 1 0 0 1 0 0 1 0 0 1 0 0 1 0 0 1 0 0 1 0 0 1 0 0 1 0 0 1 0 0 1 0 0 1 0 0 1 0 0 1 0 0 1 0 0 1 0 0 1 0 0 1 0 0 1 0 0 1 0 0 1 0 0 1 0 0 1 0 0 1 0 0 1 0 0 1 0 0 1 0 0 1 0 0 1 0 0 1 0 0 1 0 0 1 0 0 1 0 0 1 0 0 1 0 0 1 0 0 1 0 0 1 0 0 1 0 0 1 0 0 1 0 0 1 0 0 1 0 0 1 0 0 1 0 0 1 0 0 1 0 0 1 0 0 1 0 0 1 0 0 1 0 0 1 0 0 1 0 0 1 0 0 1 0 0 1 0 0 1 0 0 1 0 0 1 0 0 1 0 0 1 0 0 1 0 0 1 0 0 1 0 0 1 0 0 1 0 0 1 0 0 1 0 0 1 0 0 1 0 0 1 0 0 1 0 0 1 0 0 1 0 0 1 0 0 1 0 0 1 0 0 1 0 0 1 0 0 1 0 0 1 0 0 1 0 0 1 0 0 1 0 0 1 0 0 1 0 0 1 0 0 1 0 0 1 0 0 1 0 0 1 0 0 1 0 0 1 0 0 1 0 0 1 0 0 1 0 0 1 0 0 1 0 0 1 0 0 1 0 0 1 0 0 1 0 0 1 0 0 1 0 0 1 0 0 1 0 0 1 0 0 1 0 0 1 0 0 1 0 0 1 0 0 1 0 0 1 0 0 1 0 0 1 0 0 1 0 0 1 0 0 1 0 0 1 0 0 1 0 0 1 0 0 1 0 0 1 0 0 1 0 0 1 0 0 1 0 0 1 0 0 1 0 0 1 0 0 1 0 0 1 0 0 1 0 0 1 0 0 1 0 0 1 0 0 1 0 0 1 0 0 1 0 0 1 0 0 1 0 0 1 0 0 1 0 0 1 0 0 1 0 0 1 0 0 1 0 0 1 0 0 1 0 0 1 0 0 1 0 0 1 0 0 1 0 0 1 0 0 1 0 0 1 0 0 1 0 0 1 0 0 1 0 0 1 0 0 1 0 0 1 0 0 1 0 0 1 0 0 1 0 0 1 0 0 1 0 0 1 0 0 1 0 0 1 0 0 1 0 0 1 0 0 1 0 0 1 0 0 1 0 0 1 0 0 1 0 0 1 0 0 1 0 0 1 0 0 1 0 0 1 0 0 1 0 0 1 0 0 1 0 0 1 0 0 1 0 0 1 0 0 1 0 0 1 0 0 1 0 0 1 0 0 1 0 0 1 0 0 1 0 0 1 0 0 1 0 0 1 0 0 1 0 0 1 -0.9996891 -0.0249323 0 -0.9996891 -0.0249323 0 -0.9972038 -0.07472993 0 -0.9972038 -0.07472993 -0 -0.9922389 -0.1243465 0 -0.9848084 -0.1736442 0 -0.9922389 -0.1243465 -0 -0.9848084 -0.1736442 0 -0.9749275 -0.2225227 0 -0.9749275 -0.2225227 -0 -0.9626238 -0.2708421 0 -0.9626238 -0.2708421 -0 -0.9479291 -0.3184812 0 -0.9479291 -0.3184812 -0 -0.9308712 -0.3653472 0 -0.9308712 -0.3653472 -0 -0.9115062 -0.4112863 0 -0.9115062 -0.4112863 -0 -0.8898695 -0.4562151 0 -0.8898695 -0.4562151 -0 -0.8660302 -0.4999917 -0 -0.8660302 -0.4999917 0 -0.8400287 -0.5425419 -0 -0.8400287 -0.5425419 0 -0.8119336 -0.5837499 0 -0.8119336 -0.5837499 0 -0.7818282 -0.6234939 -0 -0.7818282 -0.6234939 0 -0.7497875 -0.6616787 0 -0.7158629 -0.6982409 0 -0.7497875 -0.6616787 -0 -0.6801752 -0.7330496 0 -0.7158629 -0.6982409 0 -0.6801752 -0.7330496 0 -0.6427861 -0.7660457 0 -0.6427861 -0.7660457 -0 -0.6038029 -0.7971337 0 -0.6038029 -0.7971337 -0 -0.5633213 -0.826238 0 -0.5214332 -0.8532922 0 -0.5633213 -0.826238 -0 -0.5214332 -0.8532922 0 -0.4782624 -0.878217 0 -0.4782624 -0.878217 -0 -0.4338759 -0.9009726 0 -0.4338759 -0.9009726 -0 -0.3884286 -0.9214788 0 -0.3884286 -0.9214788 -0 -0.3420325 -0.9396882 0 -0.2947536 -0.9555733 0 -0.3420325 -0.9396882 -0 -0.2467577 -0.9690772 0 -0.2947536 -0.9555733 0 -0.1981493 -0.9801718 0 -0.2467577 -0.9690772 0 -0.1981493 -0.9801718 0 -0.1490338 -0.9888321 0 -0.09957694 -0.9950299 0 -0.1490338 -0.9888321 -0 -0.09957694 -0.9950299 0 -0.0498312 -0.9987577 0 0 -1 0 -0.0498312 -0.9987577 -0 -0 -1 0 0.04983078 -0.9987577 0 0.04983078 -0.9987577 0 0.09957694 -0.9950299 0 0.1490338 -0.9888321 0 0.09957694 -0.9950299 0 0.1490338 -0.9888321 0 0.198151 -0.9801714 0 0.198151 -0.9801714 0 0.2467577 -0.9690772 0 0.2467577 -0.9690772 0 0.2947536 -0.9555733 0 0.2947536 -0.9555733 0 0.3420297 -0.9396891 0 0.3420297 -0.9396891 0 0.3884317 -0.9214775 0 0.3884317 -0.9214775 0 0.4338759 -0.9009726 0 0.4338759 -0.9009726 0 0.4782624 -0.878217 0 0.4782624 -0.878217 0 0.5214332 -0.8532922 0 0.5214332 -0.8532922 0 0.5633213 -0.826238 0 0.5633213 -0.826238 0 0.6038029 -0.7971337 0 0.6038029 -0.7971337 0 0.6427861 -0.7660457 0 0.6427861 -0.7660457 0 0.680171 -0.7330535 0 0.680171 -0.7330535 0 0.7158629 -0.6982409 0 0.7158629 -0.6982409 0 0.7497875 -0.6616787 0 0.7497875 -0.6616787 0 0.7818282 -0.6234939 0 0.7818282 -0.6234939 0 0.8119376 -0.5837443 0 0.8119376 -0.5837443 0 0.8400287 -0.5425419 0 0.8400287 -0.5425419 0 0.8660265 -0.4999981 0 0.8898729 -0.4562084 0 0.8660265 -0.4999981 0 0.8898729 -0.4562084 0 0.9115062 -0.4112863 0 0.9115062 -0.4112863 0 0.9308712 -0.3653472 0 0.9308712 -0.3653472 0 0.9479291 -0.3184812 0 0.9479291 -0.3184812 0 0.9626238 -0.2708421 0 0.9626238 -0.2708421 0 0.9749275 -0.2225227 0 0.984807 -0.1736525 0 0.9749275 -0.2225227 0 0.984807 -0.1736525 0 0.9922399 -0.1243381 0 0.9922399 -0.1243381 0 0.9972038 -0.07472993 0 0.9972038 -0.07472993 0 0.9996891 -0.0249323 0 0.9996891 -0.0249323 0 0.9996891 0.02493272 0 0.9996891 0.02493272 0 0.9972039 0.07472867 0 0.9972039 0.07472867 0 0.9922396 0.1243402 0 0.9922396 0.1243402 0 0.9848075 0.1736495 -0 0.9848075 0.1736495 0 0.9749275 0.2225227 -0 0.9749275 0.2225227 0 0.9626238 0.2708421 0 0.9626238 0.2708421 0 0.9479275 0.3184864 0 0.9479275 0.3184864 0 0.9308736 0.3653415 0 0.9308736 0.3653415 0 0.9115062 0.4112863 -0 0.9115062 0.4112863 0 0.8898729 0.4562084 -0 0.8898729 0.4562084 0 0.8660265 0.4999981 -0 0.8660265 0.4999981 0 0.8400238 0.5425497 0 0.8400238 0.5425497 0 0.8119434 0.5837362 0 0.8119434 0.5837362 0 0.7818282 0.6234939 0 0.7818282 0.6234939 0 0.7497801 0.6616871 0 0.7497801 0.6616871 0 0.7158712 0.6982324 0 0.7158712 0.6982324 0 0.680171 0.7330535 -0 0.680171 0.7330535 0 0.6427861 0.7660457 0 0.6427861 0.7660457 0 0.6038029 0.7971337 0 0.6038029 0.7971337 0 0.5633213 0.826238 0 0.5633213 0.826238 0 0.5214332 0.8532922 0 0.4782493 0.8782241 -0 0.5214332 0.8532922 0 0.4782493 0.8782241 0 0.4338897 0.900966 0 0.4338897 0.900966 0 0.3884317 0.9214775 0 0.3884317 0.9214775 0 0.3420147 0.9396946 0 0.3420147 0.9396946 0 0.2947691 0.9555685 -0 0.2947691 0.9555685 0 0.2467577 0.9690772 0 0.2467577 0.9690772 0 0.1981346 0.9801748 -0 0.1981346 0.9801748 0 0.1490504 0.9888296 -0 0.1490504 0.9888296 0 0.0995601 0.9950315 0 0.0995601 0.9950315 0 0.04984773 0.9987568 -0 0.04984773 0.9987568 0 -0 1 0 0 1 0 -0.04984816 0.9987568 0 -0.04984816 0.9987568 0 -0.0995601 0.9950315 0 -0.0995601 0.9950315 0 -0.1490504 0.9888296 0 -0.1490504 0.9888296 0 -0.198133 0.9801751 0 -0.2467577 0.9690772 0 -0.198133 0.9801751 0 -0.2467577 0.9690772 0 -0.2947691 0.9555685 0 -0.2947691 0.9555685 0 -0.3420174 0.9396936 0 -0.3420174 0.9396936 0 -0.3884286 0.9214788 0 -0.3884286 0.9214788 0 -0.4338897 0.900966 0 -0.4338897 0.900966 0 -0.4782493 0.8782241 0 -0.5214332 0.8532922 0 -0.4782493 0.8782241 0 -0.5214332 0.8532922 0 -0.5633213 0.826238 0 -0.5633213 0.826238 0 -0.6038029 0.7971337 0 -0.6038029 0.7971337 0 -0.6427861 0.7660457 0 -0.6427861 0.7660457 0 -0.6801752 0.7330496 0 -0.6801752 0.7330496 0 -0.7158712 0.6982324 0 -0.7158712 0.6982324 0 -0.7497801 0.6616871 0 -0.7497801 0.6616871 0 -0.7818282 0.6234939 0 -0.7818282 0.6234939 0 -0.8119393 0.5837418 0 -0.8119393 0.5837418 0 -0.8400238 0.5425497 0 -0.8400238 0.5425497 0 -0.8660302 0.4999917 0 -0.8660302 0.4999917 0 -0.8898695 0.4562151 0 -0.8898695 0.4562151 0 -0.9115062 0.4112863 0 -0.9115062 0.4112863 0 -0.9308736 0.3653415 0 -0.9308736 0.3653415 0 -0.9479275 0.3184864 0 -0.9479275 0.3184864 0 -0.9626238 0.2708421 0 -0.9626238 0.2708421 0 -0.9749275 0.2225227 0 -0.9749275 0.2225227 0 -0.9848089 0.1736413 0 -0.9848089 0.1736413 0 -0.9922386 0.1243486 0 -0.9922386 0.1243486 0 -0.9972039 0.07472867 0 -0.9996891 0.02493272 0 -0.9972039 0.07472867 0 -0.9996891 0.02493272 0 -0.9996891 -0.0249323 0 -0.9996891 -0.0249323 0 -0.9972038 -0.07472993 0 -0.9972038 -0.07472993 -0 -0.9922389 -0.1243465 0 -0.9848084 -0.1736442 0 -0.9922389 -0.1243465 -0 -0.9848084 -0.1736442 0 -0.9749275 -0.2225227 0 -0.9749275 -0.2225227 -0 -0.9626238 -0.2708421 0 -0.9626238 -0.2708421 -0 -0.9479291 -0.3184812 0 -0.9479291 -0.3184812 -0 -0.9308712 -0.3653472 0 -0.9308712 -0.3653472 -0 -0.9115062 -0.4112863 0 -0.9115062 -0.4112863 -0 -0.8898695 -0.4562151 0 -0.8898695 -0.4562151 -0 -0.8660302 -0.4999917 -0 -0.8660302 -0.4999917 0 -0.8400287 -0.5425419 -0 -0.8400287 -0.5425419 0 -0.8119336 -0.5837499 0 -0.8119336 -0.5837499 0 -0.7818282 -0.6234939 -0 -0.7818282 -0.6234939 0 -0.7497875 -0.6616787 0 -0.7158629 -0.6982409 0 -0.7497875 -0.6616787 -0 -0.6801752 -0.7330496 0 -0.7158629 -0.6982409 0 -0.6801752 -0.7330496 0 -0.6427861 -0.7660457 0 -0.6427861 -0.7660457 -0 -0.6038029 -0.7971337 0 -0.6038029 -0.7971337 -0 -0.5633213 -0.826238 0 -0.5214332 -0.8532922 0 -0.5633213 -0.826238 -0 -0.5214332 -0.8532922 0 -0.4782624 -0.878217 0 -0.4782624 -0.878217 -0 -0.4338759 -0.9009726 0 -0.4338759 -0.9009726 -0 -0.3884286 -0.9214788 0 -0.3884286 -0.9214788 -0 -0.3420325 -0.9396882 0 -0.2947536 -0.9555733 0 -0.3420325 -0.9396882 -0 -0.2467577 -0.9690772 0 -0.2947536 -0.9555733 0 -0.1981493 -0.9801718 0 -0.2467577 -0.9690772 0 -0.1981493 -0.9801718 0 -0.1490338 -0.9888321 0 -0.09957694 -0.9950299 0 -0.1490338 -0.9888321 -0 -0.09957694 -0.9950299 0 -0.0498312 -0.9987577 0 0 -1 0 -0.0498312 -0.9987577 -0 -0 -1 0 0.04983078 -0.9987577 0 0.04983078 -0.9987577 0 0.09957694 -0.9950299 0 0.1490338 -0.9888321 0 0.09957694 -0.9950299 0 0.1490338 -0.9888321 0 0.198151 -0.9801714 0 0.198151 -0.9801714 0 0.2467577 -0.9690772 0 0.2467577 -0.9690772 0 0.2947536 -0.9555733 0 0.2947536 -0.9555733 0 0.3420297 -0.9396891 0 0.3420297 -0.9396891 0 0.3884317 -0.9214775 0 0.3884317 -0.9214775 0 0.4338759 -0.9009726 0 0.4338759 -0.9009726 0 0.4782624 -0.878217 0 0.4782624 -0.878217 0 0.5214332 -0.8532922 0 0.5214332 -0.8532922 0 0.5633213 -0.826238 0 0.5633213 -0.826238 0 0.6038029 -0.7971337 0 0.6038029 -0.7971337 0 0.6427861 -0.7660457 0 0.6427861 -0.7660457 0 0.680171 -0.7330535 0 0.680171 -0.7330535 0 0.7158629 -0.6982409 0 0.7158629 -0.6982409 0 0.7497875 -0.6616787 0 0.7497875 -0.6616787 0 0.7818282 -0.6234939 0 0.7818282 -0.6234939 0 0.8119376 -0.5837443 0 0.8119376 -0.5837443 0 0.8400287 -0.5425419 0 0.8400287 -0.5425419 0 0.8660265 -0.4999981 0 0.8898729 -0.4562084 0 0.8660265 -0.4999981 0 0.8898729 -0.4562084 0 0.9115062 -0.4112863 0 0.9115062 -0.4112863 0 0.9308712 -0.3653472 0 0.9308712 -0.3653472 0 0.9479291 -0.3184812 0 0.9479291 -0.3184812 0 0.9626238 -0.2708421 0 0.9626238 -0.2708421 0 0.9749275 -0.2225227 0 0.984807 -0.1736525 0 0.9749275 -0.2225227 0 0.984807 -0.1736525 0 0.9922399 -0.1243381 0 0.9922399 -0.1243381 0 0.9972038 -0.07472993 0 0.9972038 -0.07472993 0 0.9996891 -0.0249323 0 0.9996891 -0.0249323 0 0.9996891 0.02493272 0 0.9996891 0.02493272 0 0.9972039 0.07472867 0 0.9972039 0.07472867 0 0.9922396 0.1243402 0 0.9922396 0.1243402 0 0.9848075 0.1736495 -0 0.9848075 0.1736495 0 0.9749275 0.2225227 -0 0.9749275 0.2225227 0 0.9626238 0.2708421 0 0.9626238 0.2708421 0 0.9479275 0.3184864 0 0.9479275 0.3184864 0 0.9308736 0.3653415 0 0.9308736 0.3653415 0 0.9115062 0.4112863 -0 0.9115062 0.4112863 0 0.8898729 0.4562084 -0 0.8898729 0.4562084 0 0.8660265 0.4999981 -0 0.8660265 0.4999981 0 0.8400238 0.5425497 0 0.8400238 0.5425497 0 0.8119434 0.5837362 0 0.8119434 0.5837362 0 0.7818282 0.6234939 0 0.7818282 0.6234939 0 0.7497801 0.6616871 0 0.7497801 0.6616871 0 0.7158712 0.6982324 0 0.7158712 0.6982324 0 0.680171 0.7330535 -0 0.680171 0.7330535 0 0.6427861 0.7660457 0 0.6427861 0.7660457 0 0.6038029 0.7971337 0 0.6038029 0.7971337 0 0.5633213 0.826238 0 0.5633213 0.826238 0 0.5214332 0.8532922 0 0.4782493 0.8782241 -0 0.5214332 0.8532922 0 0.4782493 0.8782241 0 0.4338897 0.900966 0 0.4338897 0.900966 0 0.3884317 0.9214775 0 0.3884317 0.9214775 0 0.3420147 0.9396946 0 0.3420147 0.9396946 0 0.2947691 0.9555685 -0 0.2947691 0.9555685 0 0.2467577 0.9690772 0 0.2467577 0.9690772 0 0.1981346 0.9801748 -0 0.1981346 0.9801748 0 0.1490504 0.9888296 -0 0.1490504 0.9888296 0 0.0995601 0.9950315 0 0.0995601 0.9950315 0 0.04984773 0.9987568 -0 0.04984773 0.9987568 0 -0 1 0 0 1 0 -0.04984816 0.9987568 0 -0.04984816 0.9987568 0 -0.0995601 0.9950315 0 -0.0995601 0.9950315 0 -0.1490504 0.9888296 0 -0.1490504 0.9888296 0 -0.198133 0.9801751 0 -0.2467577 0.9690772 0 -0.198133 0.9801751 0 -0.2467577 0.9690772 0 -0.2947691 0.9555685 0 -0.2947691 0.9555685 0 -0.3420174 0.9396936 0 -0.3420174 0.9396936 0 -0.3884286 0.9214788 0 -0.3884286 0.9214788 0 -0.4338897 0.900966 0 -0.4338897 0.900966 0 -0.4782493 0.8782241 0 -0.5214332 0.8532922 0 -0.4782493 0.8782241 0 -0.5214332 0.8532922 0 -0.5633213 0.826238 0 -0.5633213 0.826238 0 -0.6038029 0.7971337 0 -0.6038029 0.7971337 0 -0.6427861 0.7660457 0 -0.6427861 0.7660457 0 -0.6801752 0.7330496 0 -0.6801752 0.7330496 0 -0.7158712 0.6982324 0 -0.7158712 0.6982324 0 -0.7497801 0.6616871 0 -0.7497801 0.6616871 0 -0.7818282 0.6234939 0 -0.7818282 0.6234939 0 -0.8119393 0.5837418 0 -0.8119393 0.5837418 0 -0.8400238 0.5425497 0 -0.8400238 0.5425497 0 -0.8660302 0.4999917 0 -0.8660302 0.4999917 0 -0.8898695 0.4562151 0 -0.8898695 0.4562151 0 -0.9115062 0.4112863 0 -0.9115062 0.4112863 0 -0.9308736 0.3653415 0 -0.9308736 0.3653415 0 -0.9479275 0.3184864 0 -0.9479275 0.3184864 0 -0.9626238 0.2708421 0 -0.9626238 0.2708421 0 -0.9749275 0.2225227 0 -0.9749275 0.2225227 0 -0.9848089 0.1736413 0 -0.9848089 0.1736413 0 -0.9922386 0.1243486 0 -0.9922386 0.1243486 0 -0.9972039 0.07472867 0 -0.9996891 0.02493272 0 -0.9972039 0.07472867 0 -0.9996891 0.02493272 0 0 0 -1 0 0 -1 0 0 -1 0 -0 -1 0 0 -1 0 0 -1 0 0 -1 0 0 -1 0 -0 -1 0 0 -1 0 0 -1 0 0 -1 0 0 -1 0 -0 -1 0 0 -1 0 -0 -1 0 0 -1 0 0 -1 0 0 -1 0 -0 -1 0 0 -1 0 0 -1 0 0 -1 0 -0 -1 0 0 -1 0 0 -1 0 -0 -1 0 0 -1 0 0 -1 0 0 -1 0 0 -1 0 -0 -1 0 0 -1 0 0 -1 0 0 -1 0 -0 -1 0 0 -1 0 0 -1 0 0 -1 0 0 -1 0 0 -1 0 0 -1 0 0 -1 0 -0 -1 0 0 -1 0 0 -1 0 -0 -1 0 0 -1 0 0 -1 0 0 -1 0 0 -1 0 0 -1 0 0 -1 0 0 -1 0 0 -1 0 0 -1 0 0 -1 0 0 -1 0 0 -1 0 -0 -1 0 0 -1 0 -0 -1 0 0 -1 0 -0 -1 0 0 -1 0 0 -1 0 0 -1 0 0 -1 0 -0 -1 0 0 -1 0 0 -1 0 0 -1 0 -0 -1 0 -0 -1 0 0 -1 0 0 -1 0 0 -1 0 0 -1 0 0 -1 0 0 -1 0 0 -1 0 0 -1 0 -0 -1 0 -0 -1 0 0 -1 0 0 -1 0 0 -1 0 0 -1 0 0 -1 0 -0 -1 0 0 -1 0 0 -1 0 0 -1 0 -0 -1 0 0 -1 0 0 -1 0 0 -1 0 -0 -1 0 0 -1 0 0 -1 0 0 -1 0 0 -1 0 0 -1 0 0 -1 0 0 -1 0 0 -1 0 0 -1 0 0 -1 0 -0 -1 0 0 -1 0 0 -1 0 0 -1 0 0 -1 0 0 -1 0 0 -1 0 0 -1 0 -0 -1 0 0 -1 0 0 -1 0 0 -1 0 0 -1 0 0 -1 0 0 -1 0 0 -1 0 0 -1 0 0 -1 0 0 -1 0 -0 -1 0 0 -1 0 0 -1 0 0 -1 0 -0 -1 0 0 -1 0 0 -1 0 0 -1 0 -0 -1 0 0 -1 0 0 -1 0 -0 -1 0 0 -1 0 0 -1 0 0 -1 0 0 -1 0 0 -1 0 0 -1 0 0 -1 0 -0 -1 0 0 -1 0 0 -1 0 0 -1 0 0 -1 0 -0 -1 0 0 -1 0 0 -1 0 0 -1 0 -0 -1 0 0 -1 0 0 -1 0 0 -1 0 0 -1 0 0 -1 0 0 -1 0 0 -1 0 -0 -1 0 0 -1 0 0 -1 0 0 -1 0 0 -1 0 -0 -1 0 0 -1 0 -0 -1 0 0 -1 0 0 -1 0 0 -1 0 -0 -1 0 0 -1 0 0 -1 0 0 -1 0 0 -1 0 0 -1 0 -0 -1 0 0 -1 0 0 -1 0 -0 -1 0 0 -1 0 0 -1 0 0 -1 0 -0 -1 0 0 -1 0 0 -1 0 0 -1 0 0 -1 0 0 -1 0 -0 -1 0 0 -1 0 0 -1 0 0 -1 0 0 -1 0 0 -1 0 0 -1 0 -0 -1 0 0 -1 0 0 -1 0 0 -1 0 0 -1 0 -0 -1 0 0 -1 0 0 -1 0 0 -1 0 0 -1 0 -0 -1 0 0 -1 0 0 -1 0 0 -1 0 0 -1 0 0 -1 0 0 -1 0 0 -1 0 -0 -1 0 0 -1 0 0 -1 0 0 -1 0 0 -1 0 0 -1 0 0 -1 0 0 -1 0 0 -1 0 0 -1 0 0 -1 0 -0 -1 0 0 -1 0 0 -1 0 -0 -1 0 0 -1 0 0 -1 0 0 -1 0 0 -1 0 -0 -1 0 0 -1 0 0 -1 0 -0 -1 0 0 -1 0 0 -1 0 0 -1 0 0 -1 0 0 -1 0 -0 -1 0 0 -1 0 0 -1 0 0 -1 0 -0 -1 0 0 -1 0 0 1 0 0 1 0 0 1 0 0 1 0 0 1 0 0 1 0 0 1 0 0 1 0 0 1 0 0 1 0 0 1 0 0 1 0 0 1 0 0 1 0 0 1 0 0 1 0 0 1 0 0 1 0 0 1 0 0 1 0 0 1 0 0 1 0 0 1 0 0 1 0 0 1 0 0 1 0 0 1 0 0 1 0 0 1 0 0 1 0 0 1 0 0 1 0 0 1 0 0 1 0 0 1 0 0 1 0 0 1 0 0 1 0 0 1 0 0 1 0 0 1 0 0 1 0 0 1 0 0 1 0 0 1 0 0 1 0 0 1 0 0 1 0 0 1 0 0 1 0 0 1 0 0 1 0 0 1 0 0 1 0 0 1 0 0 1 0 0 1 0 0 1 0 0 1 0 0 1 0 0 1 0 0 1 0 0 1 0 0 1 0 0 1 0 0 1 0 0 1 0 0 1 0 0 1 0 0 1 0 0 1 0 0 1 0 0 1 0 0 1 0 0 1 0 0 1 0 0 1 0 0 1 0 0 1 0 0 1 0 0 1 0 0 1 0 0 1 0 0 1 0 0 1 0 0 1 0 0 1 0 0 1 0 0 1 0 0 1 0 0 1 0 0 1 0 0 1 0 0 1 0 0 1 0 0 1 0 0 1 0 0 1 0 0 1 0 0 1 0 0 1 0 0 1 0 0 1 0 0 1 0 0 1 0 0 1 0 0 1 0 0 1 0 0 1 0 0 1 0 0 1 0 0 1 0 0 1 0 0 1 0 0 1 0 0 1 0 0 1 0 0 1 0 0 1 0 0 1 0 0 1 0 0 1 0 0 1 0 0 1 0 0 1 0 0 1 0 0 1 0 0 1 0 0 1 0 0 1 0 0 1 0 0 1 0 0 1 0 0 1 0 0 1 0 0 1 0 0 1 0 0 1 0 0 1 0 0 1 0 0 1 0 0 1 0 0 1 0 0 1 0 0 1 0 0 1 0 0 1 0 0 1 0 0 1 0 0 1 0 0 1 0 0 1 0 0 1 0 0 1 0 0 1 0 0 1 0 0 1 0 0 1 0 0 1 0 0 1 0 0 1 0 0 1 0 0 1 0 0 1 0 0 1 0 0 1 0 0 1 0 0 1 0 0 1 0 0 1 0 0 1 0 0 1 0 0 1 0 0 1 0 0 1 0 0 1 0 0 1 0 0 1 0 0 1 0 0 1 0 0 1 0 0 1 0 0 1 0 0 1 0 0 1 0 0 1 0 0 1 0 0 1 0 0 1 0 0 1 0 0 1 0 0 1 0 0 1 0 0 1 0 0 1 0 0 1 0 0 1 0 0 1 0 0 1 0 0 1 0 0 1 0 0 1 0 0 1 0 0 1 0 0 1 0 0 1 0 0 1 0 0 1 0 0 1 0 0 1 0 0 1 0 0 1 0 0 1 0 0 1 0 0 1 0 0 1 0 0 1 0 0 1 0 0 1 0 0 1 0 0 1 0 0 1 0 0 1 0 0 1 0 0 1 0 0 1 0 0 1 0 0 1 0 0 1 0 0 1 0 0 1 0 0 1 0 0 1 0 0 1 0 0 1 0 0 1 0 0 1 0 0 1 0 0 1 0 0 1 0 0 1 0 0 1 0 0 1 0 0 1 0 0 1 0 0 1 0 0 1 0 0 1 0 0 1 0 0 1 0 0 1 0 0 1 -0.9996891 -0.02493385 -0 -0.9996891 -0.02493385 0 -0.9972041 -0.07472628 0 -0.9972041 -0.07472628 -0 -0.9922384 -0.12435 0 -0.9848089 -0.1736419 0 -0.9922384 -0.12435 -0 -0.9749277 -0.2225221 0 -0.9848089 -0.1736419 0 -0.9749277 -0.2225221 0 -0.9626233 -0.2708437 0 -0.9479283 -0.3184839 0 -0.9626233 -0.2708437 -0 -0.9308728 -0.3653435 0 -0.9479283 -0.3184839 0 -0.9308728 -0.3653435 0 -0.9115049 -0.4112892 0 -0.9115049 -0.4112892 -0 -0.8898733 -0.4562077 0 -0.8898733 -0.4562077 -0 -0.8660256 -0.4999996 -0 -0.8660256 -0.4999996 0 -0.8400213 -0.5425534 -0 -0.8400213 -0.5425534 0 -0.8119432 -0.5837365 0 -0.8119432 -0.5837365 0 -0.7818279 -0.6234943 -0 -0.7818279 -0.6234943 0 -0.7497864 -0.6616799 0 -0.7497864 -0.6616799 -0 -0.7158653 -0.6982384 0 -0.7158653 -0.6982384 -0 -0.6801715 -0.733053 0 -0.6427823 -0.7660488 0 -0.6801715 -0.733053 -0 -0.6427823 -0.7660488 0 -0.6038138 -0.7971254 -0 -0.6038138 -0.7971254 0 -0.5633143 -0.8262427 0 -0.5633143 -0.8262427 0 -0.5214439 -0.8532856 0 -0.4782464 -0.8782257 0 -0.5214439 -0.8532856 -0 -0.4338762 -0.9009725 0 -0.4782464 -0.8782257 0 -0.4338762 -0.9009725 0 -0.3884358 -0.9214758 0 -0.3420303 -0.9396889 0 -0.3884358 -0.9214758 -0 -0.3420303 -0.9396889 0 -0.2947435 -0.9555765 0 -0.2947435 -0.9555765 -0 -0.2467606 -0.9690765 0 -0.2467606 -0.9690765 -0 -0.1981529 -0.9801711 0 -0.149038 -0.9888315 0 -0.1981529 -0.9801711 -0 -0.149038 -0.9888315 0 -0.09956618 -0.9950309 0 -0.09956618 -0.9950309 -0 -0.04984885 -0.9987568 0 -0.04984885 -0.9987568 -0 0 -1 0 -0 -1 -0 0.04984933 -0.9987568 0 0.04984933 -0.9987568 0 0.09956618 -0.9950309 0 0.149038 -0.9888315 0 0.09956618 -0.9950309 0 0.1981529 -0.9801711 0 0.149038 -0.9888315 0 0.1981529 -0.9801711 0 0.2467584 -0.9690771 0 0.2467584 -0.9690771 0 0.2947461 -0.9555756 0 0.2947461 -0.9555756 0 0.3420303 -0.9396889 0 0.3420303 -0.9396889 0 0.3884325 -0.9214772 0 0.3884325 -0.9214772 0 0.4338799 -0.9009707 0 0.4338799 -0.9009707 0 0.4782464 -0.8782257 0 0.4782464 -0.8782257 0 0.5214439 -0.8532856 0 0.5214439 -0.8532856 0 0.5633099 -0.8262456 0 0.5633099 -0.8262456 0 0.6038138 -0.7971254 0 0.6038138 -0.7971254 0 0.642787 -0.766045 0 0.642787 -0.766045 0 0.6801668 -0.7330574 0 0.6801668 -0.7330574 0 0.71587 -0.6982336 0 0.71587 -0.6982336 0 0.7497818 -0.6616852 0 0.7497818 -0.6616852 0 0.7818279 -0.6234943 0 0.7818279 -0.6234943 0 0.8119432 -0.5837365 0 0.8400213 -0.5425534 0 0.8119432 -0.5837365 0 0.8400213 -0.5425534 0 0.8660256 -0.4999996 0 0.8660256 -0.4999996 0 0.8898733 -0.4562077 0 0.8898733 -0.4562077 0 0.9115049 -0.4112892 0 0.930876 -0.3653354 0 0.9115049 -0.4112892 0 0.930876 -0.3653354 0 0.9479254 -0.3184924 0 0.9479254 -0.3184924 0 0.9626258 -0.270835 0 0.9749277 -0.2225221 0 0.9626258 -0.270835 0 0.9749277 -0.2225221 0 0.9848073 -0.173651 0 0.9848073 -0.173651 0 0.9922396 -0.1243407 0 0.9972034 -0.07473563 0 0.9922396 -0.1243407 0 0.9972034 -0.07473563 0 0.9996893 -0.02492444 0 0.9996893 -0.02492444 0 0.9996893 0.02492444 0 0.9996893 0.02492444 0 0.9972034 0.07473563 -0 0.9972034 0.07473563 0 0.9922396 0.1243407 0 0.9922396 0.1243407 0 0.9848073 0.173651 -0 0.9848073 0.173651 0 0.9749277 0.2225221 0 0.9749277 0.2225221 0 0.9626244 0.2708399 -0 0.9626244 0.2708399 0 0.9479274 0.3184867 0 0.9479274 0.3184867 0 0.9308735 0.3653418 0 0.9308735 0.3653418 0 0.9115081 0.4112822 0 0.9115081 0.4112822 0 0.8898695 0.4562153 0 0.8898695 0.4562153 0 0.8660256 0.4999996 0 0.8660256 0.4999996 0 0.8400269 0.5425448 -0 0.8400269 0.5425448 0 0.8119367 0.5837455 0 0.8119367 0.5837455 0 0.7818352 0.6234851 0 0.7818352 0.6234851 0 0.7497818 0.6616852 -0 0.7497818 0.6616852 0 0.7158608 0.698243 0 0.7158608 0.698243 0 0.680177 0.733048 0 0.680177 0.733048 0 0.642787 0.766045 -0 0.642787 0.766045 0 0.6038018 0.7971345 0 0.6038018 0.7971345 0 0.5633228 0.8262369 0 0.5633228 0.8262369 0 0.5214302 0.853294 -0 0.5214302 0.853294 0 0.4782609 0.8782178 0 0.4338799 0.9009707 -0 0.4782609 0.8782178 0 0.4338799 0.9009707 0 0.3884325 0.9214772 0 0.3884325 0.9214772 0 0.3420303 0.9396889 0 0.3420303 0.9396889 0 0.2947461 0.9555756 0 0.2947461 0.9555756 0 0.2467584 0.9690771 0 0.2467584 0.9690771 0 0.1981529 0.9801711 0 0.1981529 0.9801711 0 0.149038 0.9888315 -0 0.149038 0.9888315 0 0.09956618 0.9950309 0 0.09956618 0.9950309 0 0.04984933 0.9987568 0 0.04984933 0.9987568 0 -0 1 0 0 1 0 -0.04984885 0.9987568 0 -0.04984885 0.9987568 0 -0.09956618 0.9950309 0 -0.09956618 0.9950309 0 -0.149038 0.9888315 0 -0.149038 0.9888315 0 -0.1981529 0.9801711 0 -0.1981529 0.9801711 0 -0.2467606 0.9690765 0 -0.2947435 0.9555765 0 -0.2467606 0.9690765 0 -0.3420303 0.9396889 0 -0.2947435 0.9555765 0 -0.3420303 0.9396889 0 -0.3884358 0.9214758 0 -0.3884358 0.9214758 0 -0.4338762 0.9009725 0 -0.4338762 0.9009725 0 -0.4782609 0.8782178 0 -0.4782609 0.8782178 0 -0.5214302 0.853294 0 -0.5214302 0.853294 0 -0.5633272 0.8262339 0 -0.5633272 0.8262339 0 -0.6038018 0.7971345 0 -0.6427823 0.7660488 0 -0.6038018 0.7971345 0 -0.6427823 0.7660488 0 -0.6801816 0.7330436 0 -0.6801816 0.7330436 0 -0.7158561 0.6982478 0 -0.7497864 0.6616799 0 -0.7158561 0.6982478 0 -0.7818352 0.6234851 0 -0.7497864 0.6616799 0 -0.7818352 0.6234851 0 -0.8119367 0.5837455 0 -0.8119367 0.5837455 0 -0.8400269 0.5425448 0 -0.8400269 0.5425448 0 -0.8660256 0.4999996 0 -0.8660256 0.4999996 0 -0.8898695 0.4562153 0 -0.8898695 0.4562153 0 -0.9115081 0.4112822 0 -0.9115081 0.4112822 0 -0.9308702 0.3653499 0 -0.9308702 0.3653499 0 -0.9479302 0.3184783 0 -0.9479302 0.3184783 0 -0.9626219 0.2708487 0 -0.9749277 0.2225221 0 -0.9626219 0.2708487 0 -0.9749277 0.2225221 0 -0.9848089 0.1736419 0 -0.9848089 0.1736419 0 -0.9922384 0.12435 0 -0.9922384 0.12435 0 -0.9972041 0.07472628 0 -0.9972041 0.07472628 0 -0.9996891 0.02493385 0 -0.9996891 0.02493385 0</float_array>
          <technique_common>
            <accessor count="2016" source="#cubenormals-array0-array" stride="3">
              <param type="float" name="X"/>
              <param type="float" name="Y"/>
              <param type="float" name="Z"/>
            </accessor>
          </technique_common>
        </source>
        <vertices id="cubeverts-array0-vertices">
          <input semantic="POSITION" source="#cubeverts-array0"/>
        </vertices>
        <triangles count="2016" material="ref_Body002">
          <input offset="0" semantic="VERTEX" source="#cubeverts-array0-vertices"/>
          <input offset="1" semantic="NORMAL" source="#cubenormals-array0"/>
          <p>0 0 1 0 2 0 1 1 3 1 2 1 2 2 4 2 5 2 3 3 4 3 2 3 5 4 6 4 7 4 4 5 6 5 5 5 7 6 8 6 9 6 6 7 8 7 7 7 9 8 10 8 11 8 8 9 10 9 9 9 11 10 12 10 13 10 13 11 12 11 14 11 10 12 12 12 11 12 12 13 15 13 14 13 14 14 16 14 17 14 15 15 16 15 14 15 17 16 18 16 19 16 16 17 18 17 17 17 19 18 20 18 21 18 21 19 20 19 22 19 18 20 20 20 19 20 20 21 23 21 22 21 23 22 24 22 22 22 22 23 24 23 25 23 24 24 26 24 25 24 25 25 26 25 27 25 26 26 28 26 27 26 27 27 28 27 29 27 29 28 30 28 31 28 28 29 30 29 29 29 31 30 32 30 33 30 30 31 32 31 31 31 33 32 34 32 35 32 35 33 34 33 36 33 32 34 34 34 33 34 34 35 37 35 36 35 37 36 38 36 36 36 36 37 38 37 39 37 39 38 40 38 41 38 41 39 40 39 42 39 38 40 40 40 39 40 42 41 43 41 44 41 40 42 43 42 42 42 43 43 45 43 44 43 44 44 46 44 47 44 45 45 46 45 44 45 47 46 48 46 49 46 46 47 48 47 47 47 49 48 50 48 51 48 48 49 50 49 49 49 51 50 52 50 53 50 50 51 52 51 51 51 53 52 54 52 55 52 52 53 54 53 53 53 55 54 56 54 57 54 54 55 56 55 55 55 57 56 58 56 59 56 56 57 58 57 57 57 59 58 60 58 61 58 58 59 60 59 59 59 61 60 62 60 63 60 60 61 62 61 61 61 63 62 64 62 65 62 65 63 64 63 66 63 62 64 64 64 63 64 64 65 67 65 66 65 66 66 68 66 69 66 67 67 68 67 66 67 69 68 70 68 71 68 68 69 70 69 69 69 71 70 72 70 73 70 70 71 72 71 71 71 73 72 74 72 75 72 72 73 74 73 73 73 74 74 76 74 75 74 75 75 76 75 77 75 76 76 78 76 77 76 77 77 78 77 79 77 78 78 80 78 79 78 79 79 80 79 81 79 80 80 82 80 81 80 81 81 82 81 83 81 82 82 84 82 83 82 83 83 84 83 85 83 84 84 86 84 85 84 85 85 86 85 87 85 86 86 88 86 87 86 87 87 88 87 89 87 88 88 90 88 89 88 89 89 90 89 91 89 90 90 92 90 91 90 91 91 92 91 93 91 92 92 94 92 93 92 93 93 94 93 95 93 95 94 96 94 97 94 94 95 96 95 95 95 97 96 96 96 98 96 96 97 99 97 98 97 99 98 100 98 98 98 98 99 100 99 101 99 101 100 102 100 103 100 100 101 102 101 101 101 103 102 104 102 105 102 105 103 104 103 106 103 102 104 104 104 103 104 104 105 107 105 106 105 106 106 108 106 109 106 107 107 108 107 106 107 109 108 110 108 111 108 108 109 110 109 109 109 111 110 112 110 113 110 110 111 112 111 111 111 113 112 114 112 115 112 112 113 114 113 113 113 115 114 116 114 117 114 114 115 116 115 115 115 117 116 118 116 119 116 116 117 118 117 117 117 119 118 120 118 121 118 118 119 120 119 119 119 121 120 122 120 123 120 120 121 122 121 121 121 122 122 124 122 123 122 123 123 124 123 125 123 124 124 126 124 125 124 125 125 126 125 127 125 126 126 128 126 127 126 127 127 128 127 129 127 128 128 130 128 129 128 129 129 130 129 131 129 130 130 132 130 131 130 131 131 132 131 133 131 132 132 134 132 133 132 133 133 134 133 135 133 134 134 136 134 135 134 135 135 136 135 137 135 136 136 138 136 137 136 137 137 138 137 139 137 138 138 140 138 139 138 139 139 140 139 141 139 140 140 142 140 141 140 141 141 142 141 143 141 142 142 144 142 143 142 143 143 144 143 145 143 144 144 146 144 145 144 145 145 146 145 147 145 147 146 146 146 148 146 146 147 149 147 148 147 149 148 150 148 148 148 148 149 150 149 151 149 150 150 152 150 151 150 151 151 152 151 153 151 152 152 154 152 153 152 153 153 154 153 155 153 154 154 156 154 155 154 155 155 156 155 157 155 156 156 158 156 157 156 157 157 158 157 159 157 158 158 160 158 159 158 159 159 160 159 161 159 160 160 162 160 161 160 161 161 162 161 163 161 162 162 164 162 163 162 163 163 164 163 165 163 165 164 166 164 167 164 164 165 166 165 165 165 167 166 168 166 169 166 166 167 168 167 167 167 169 168 170 168 171 168 171 169 170 169 172 169 168 170 170 170 169 170 170 171 173 171 172 171 172 172 174 172 175 172 173 173 174 173 172 173 174 174 176 174 175 174 175 175 176 175 177 175 176 176 178 176 177 176 177 177 178 177 179 177 178 178 180 178 179 178 179 179 180 179 181 179 180 180 182 180 181 180 181 181 182 181 183 181 183 182 182 182 184 182 182 183 185 183 184 183 185 184 186 184 184 184 184 185 186 185 187 185 186 186 188 186 187 186 187 187 188 187 189 187 188 188 190 188 189 188 189 189 190 189 191 189 190 190 192 190 191 190 191 191 192 191 193 191 192 192 194 192 193 192 193 193 194 193 195 193 194 194 196 194 195 194 195 195 196 195 197 195 196 196 198 196 197 196 197 197 198 197 199 197 199 198 200 198 201 198 198 199 200 199 199 199 201 200 202 200 203 200 200 201 202 201 201 201 203 202 204 202 205 202 202 203 204 203 203 203 205 204 206 204 207 204 204 205 206 205 205 205 207 206 208 206 209 206 206 207 208 207 207 207 209 208 210 208 211 208 208 209 210 209 209 209 211 210 212 210 213 210 213 211 212 211 214 211 210 212 212 212 211 212 212 213 215 213 214 213 214 214 216 214 217 214 215 215 216 215 214 215 217 216 218 216 219 216 216 217 218 217 217 217 219 218 220 218 221 218 218 219 220 219 219 219 221 220 222 220 223 220 220 221 222 221 221 221 222 222 224 222 223 222 223 223 224 223 225 223 224 224 226 224 225 224 225 225 226 225 227 225 226 226 228 226 227 226 227 227 228 227 229 227 228 228 230 228 229 228 229 229 230 229 231 229 230 230 232 230 231 230 231 231 232 231 233 231 233 232 234 232 235 232 232 233 234 233 233 233 235 234 236 234 237 234 234 235 236 235 235 235 237 236 238 236 239 236 236 237 238 237 237 237 239 238 240 238 241 238 238 239 240 239 239 239 241 240 242 240 243 240 240 241 242 241 241 241 243 242 244 242 245 242 242 243 244 243 243 243 245 244 246 244 247 244 244 245 246 245 245 245 247 246 248 246 249 246 249 247 248 247 250 247 246 248 248 248 247 248 248 249 251 249 250 249 250 250 1 250 0 250 251 251 1 251 250 251 158 252 252 252 253 252 156 253 252 253 158 253 253 254 254 254 158 254 158 255 254 255 160 255 160 256 254 256 162 256 156 257 255 257 252 257 152 258 255 258 154 258 154 259 255 259 156 259 254 260 256 260 162 260 152 261 257 261 255 261 256 262 258 262 162 262 162 263 258 263 164 263 152 264 259 264 257 264 150 265 259 265 152 265 258 266 260 266 164 266 164 267 260 267 166 267 150 268 261 268 259 268 149 269 261 269 150 269 260 270 262 270 166 270 166 271 262 271 168 271 168 272 262 272 170 272 149 273 263 273 261 273 146 274 263 274 149 274 262 275 264 275 170 275 170 276 264 276 173 276 146 277 265 277 263 277 144 278 265 278 146 278 264 279 266 279 173 279 144 280 267 280 265 280 142 281 267 281 144 281 266 282 268 282 173 282 173 283 268 283 174 283 174 284 268 284 176 284 142 285 269 285 267 285 140 286 269 286 142 286 268 287 270 287 176 287 176 288 270 288 178 288 140 289 271 289 269 289 138 290 271 290 140 290 270 291 272 291 178 291 138 292 273 292 271 292 136 293 273 293 138 293 272 294 274 294 178 294 178 295 274 295 180 295 136 296 275 296 273 296 134 297 275 297 136 297 274 298 276 298 180 298 180 299 276 299 182 299 132 300 277 300 134 300 134 301 277 301 275 301 276 302 278 302 182 302 182 303 278 303 185 303 185 304 278 304 186 304 130 305 279 305 132 305 132 306 279 306 277 306 278 307 280 307 186 307 186 308 280 308 188 308 130 309 281 309 279 309 128 310 281 310 130 310 280 311 282 311 188 311 188 312 282 312 190 312 128 313 283 313 281 313 126 314 283 314 128 314 282 315 284 315 190 315 126 316 285 316 283 316 124 317 285 317 126 317 284 318 286 318 190 318 190 319 286 319 192 319 192 320 286 320 194 320 124 321 287 321 285 321 122 322 287 322 124 322 286 323 288 323 194 323 122 324 289 324 287 324 118 325 289 325 120 325 120 326 289 326 122 326 288 327 290 327 194 327 194 328 290 328 196 328 118 329 291 329 289 329 290 330 292 330 196 330 196 331 292 331 198 331 118 332 293 332 291 332 116 333 293 333 118 333 292 334 294 334 198 334 198 335 294 335 200 335 116 336 295 336 293 336 112 337 295 337 114 337 114 338 295 338 116 338 200 339 296 339 202 339 294 340 296 340 200 340 112 341 297 341 295 341 202 342 298 342 204 342 296 343 298 343 202 343 110 344 299 344 112 344 112 345 299 345 297 345 204 346 300 346 206 346 298 347 300 347 204 347 110 348 301 348 299 348 108 349 301 349 110 349 206 350 302 350 208 350 300 351 302 351 206 351 108 352 303 352 301 352 104 353 303 353 107 353 107 354 303 354 108 354 208 355 304 355 210 355 302 356 304 356 208 356 104 357 305 357 303 357 104 358 102 358 305 358 210 359 306 359 212 359 304 360 306 360 210 360 102 361 307 361 305 361 212 362 308 362 215 362 306 363 308 363 212 363 100 364 309 364 102 364 102 365 309 365 307 365 215 366 310 366 216 366 308 367 310 367 215 367 99 368 311 368 100 368 100 369 311 369 309 369 216 370 312 370 218 370 310 371 312 371 216 371 96 372 313 372 99 372 99 373 313 373 311 373 218 374 314 374 220 374 312 375 314 375 218 375 313 376 94 376 315 376 96 377 94 377 313 377 316 378 222 378 314 378 314 379 222 379 220 379 94 380 92 380 315 380 315 381 92 381 317 381 316 382 318 382 222 382 318 383 224 383 222 383 318 384 319 384 224 384 92 385 90 385 317 385 317 386 90 386 320 386 319 387 226 387 224 387 319 388 321 388 226 388 90 389 88 389 320 389 320 390 88 390 322 390 321 391 228 391 226 391 88 392 86 392 322 392 322 393 86 393 323 393 321 394 230 394 228 394 324 395 230 395 321 395 86 396 84 396 323 396 323 397 84 397 325 397 324 398 232 398 230 398 326 399 232 399 324 399 84 400 82 400 325 400 327 401 82 401 328 401 325 402 82 402 327 402 329 403 234 403 326 403 326 404 234 404 232 404 82 405 80 405 328 405 330 406 236 406 329 406 329 407 236 407 234 407 328 408 78 408 331 408 80 409 78 409 328 409 332 410 238 410 330 410 333 411 238 411 332 411 330 412 238 412 236 412 334 413 76 413 335 413 331 414 76 414 334 414 78 415 76 415 331 415 333 416 240 416 238 416 335 417 74 417 336 417 76 418 74 418 335 418 337 419 242 419 333 419 338 420 242 420 337 420 333 421 242 421 240 421 336 422 72 422 339 422 74 423 72 423 336 423 338 424 244 424 242 424 340 425 244 425 338 425 72 426 70 426 339 426 339 427 70 427 341 427 342 428 246 428 340 428 340 429 246 429 244 429 70 430 68 430 341 430 341 431 68 431 343 431 342 432 248 432 246 432 68 433 67 433 343 433 343 434 67 434 344 434 342 435 251 435 248 435 345 436 251 436 342 436 346 437 251 437 345 437 67 438 64 438 344 438 346 439 1 439 251 439 64 440 62 440 344 440 347 441 62 441 348 441 344 442 62 442 347 442 349 443 3 443 346 443 346 444 3 444 1 444 62 445 60 445 348 445 350 446 4 446 349 446 349 447 4 447 3 447 348 448 58 448 351 448 60 449 58 449 348 449 352 450 6 450 350 450 350 451 6 451 4 451 351 452 56 452 353 452 58 453 56 453 351 453 354 454 8 454 352 454 355 455 8 455 354 455 352 456 8 456 6 456 356 457 54 457 357 457 353 458 54 458 356 458 56 459 54 459 353 459 355 460 10 460 8 460 54 461 52 461 357 461 358 462 12 462 355 462 359 463 12 463 358 463 355 464 12 464 10 464 52 465 50 465 357 465 357 466 50 466 360 466 361 467 15 467 359 467 359 468 15 468 12 468 50 469 48 469 360 469 360 470 48 470 362 470 361 471 16 471 15 471 48 472 46 472 362 472 362 473 46 473 363 473 364 474 18 474 361 474 361 475 18 475 16 475 46 476 45 476 363 476 363 477 45 477 365 477 364 478 20 478 18 478 366 479 20 479 364 479 367 480 20 480 366 480 45 481 43 481 365 481 365 482 43 482 368 482 369 483 23 483 367 483 367 484 23 484 20 484 43 485 40 485 368 485 370 486 40 486 371 486 368 487 40 487 370 487 369 488 24 488 23 488 40 489 38 489 371 489 369 490 26 490 24 490 372 491 26 491 369 491 38 492 37 492 371 492 371 493 37 493 373 493 372 494 28 494 26 494 374 495 28 495 372 495 373 496 34 496 375 496 37 497 34 497 373 497 376 498 30 498 374 498 374 499 30 499 28 499 377 500 32 500 376 500 375 501 32 501 377 501 376 502 32 502 30 502 34 503 32 503 375 503 378 504 159 504 379 504 378 505 157 505 159 505 380 506 379 506 159 506 380 507 159 507 161 507 380 508 161 508 163 508 381 509 157 509 378 509 381 510 153 510 155 510 381 511 155 511 157 511 382 512 380 512 163 512 383 513 153 513 381 513 384 514 382 514 163 514 384 515 163 515 165 515 385 516 153 516 383 516 385 517 151 517 153 517 386 518 384 518 165 518 386 519 165 519 167 519 387 520 151 520 385 520 387 521 148 521 151 521 388 522 386 522 167 522 388 523 167 523 169 523 388 524 169 524 171 524 389 525 148 525 387 525 389 526 147 526 148 526 390 527 388 527 171 527 390 528 171 528 172 528 391 529 147 529 389 529 391 530 145 530 147 530 392 531 390 531 172 531 393 532 145 532 391 532 393 533 143 533 145 533 394 534 392 534 172 534 394 535 172 535 175 535 394 536 175 536 177 536 395 537 143 537 393 537 395 538 141 538 143 538 396 539 394 539 177 539 396 540 177 540 179 540 397 541 141 541 395 541 397 542 139 542 141 542 398 543 396 543 179 543 399 544 139 544 397 544 399 545 137 545 139 545 400 546 398 546 179 546 400 547 179 547 181 547 401 548 137 548 399 548 401 549 135 549 137 549 402 550 400 550 181 550 402 551 181 551 183 551 403 552 133 552 135 552 403 553 135 553 401 553 404 554 402 554 183 554 404 555 183 555 184 555 404 556 184 556 187 556 405 557 131 557 133 557 405 558 133 558 403 558 406 559 404 559 187 559 406 560 187 560 189 560 407 561 131 561 405 561 407 562 129 562 131 562 408 563 406 563 189 563 408 564 189 564 191 564 409 565 129 565 407 565 409 566 127 566 129 566 410 567 408 567 191 567 411 568 127 568 409 568 411 569 125 569 127 569 412 570 410 570 191 570 412 571 191 571 193 571 412 572 193 572 195 572 413 573 125 573 411 573 413 574 123 574 125 574 414 575 412 575 195 575 415 576 123 576 413 576 415 577 119 577 121 577 415 578 121 578 123 578 416 579 414 579 195 579 416 580 195 580 197 580 417 581 119 581 415 581 418 582 416 582 197 582 418 583 197 583 199 583 419 584 119 584 417 584 419 585 117 585 119 585 420 586 418 586 199 586 420 587 199 587 201 587 421 588 117 588 419 588 421 589 113 589 115 589 421 590 115 590 117 590 422 591 201 591 203 591 422 592 420 592 201 592 423 593 113 593 421 593 424 594 203 594 205 594 424 595 422 595 203 595 425 596 111 596 113 596 425 597 113 597 423 597 426 598 205 598 207 598 426 599 424 599 205 599 427 600 111 600 425 600 427 601 109 601 111 601 428 602 207 602 209 602 428 603 426 603 207 603 429 604 109 604 427 604 429 605 105 605 106 605 429 606 106 606 109 606 430 607 209 607 211 607 430 608 428 608 209 608 431 609 105 609 429 609 103 610 105 610 431 610 432 611 211 611 213 611 432 612 430 612 211 612 433 613 103 613 431 613 434 614 213 614 214 614 434 615 432 615 213 615 435 616 101 616 103 616 435 617 103 617 433 617 436 618 214 618 217 618 436 619 434 619 214 619 437 620 98 620 101 620 437 621 101 621 435 621 438 622 217 622 219 622 438 623 436 623 217 623 439 624 97 624 98 624 439 625 98 625 437 625 440 626 219 626 221 626 440 627 438 627 219 627 95 628 439 628 441 628 95 629 97 629 439 629 223 630 442 630 440 630 223 631 440 631 221 631 93 632 95 632 441 632 93 633 441 633 443 633 444 634 442 634 223 634 225 635 444 635 223 635 445 636 444 636 225 636 91 637 93 637 443 637 91 638 443 638 446 638 227 639 445 639 225 639 447 640 445 640 227 640 89 641 91 641 446 641 89 642 446 642 448 642 229 643 447 643 227 643 87 644 89 644 448 644 87 645 448 645 449 645 231 646 447 646 229 646 231 647 450 647 447 647 85 648 87 648 449 648 85 649 449 649 451 649 233 650 450 650 231 650 233 651 452 651 450 651 83 652 85 652 451 652 83 653 453 653 454 653 83 654 451 654 453 654 235 655 455 655 452 655 235 656 452 656 233 656 81 657 83 657 454 657 237 658 456 658 455 658 237 659 455 659 235 659 79 660 454 660 457 660 79 661 81 661 454 661 239 662 458 662 456 662 239 663 459 663 458 663 239 664 456 664 237 664 77 665 460 665 461 665 77 666 457 666 460 666 77 667 79 667 457 667 241 668 459 668 239 668 75 669 461 669 462 669 75 670 77 670 461 670 243 671 463 671 459 671 243 672 464 672 463 672 243 673 459 673 241 673 73 674 462 674 465 674 73 675 75 675 462 675 245 676 464 676 243 676 245 677 466 677 464 677 71 678 73 678 465 678 71 679 465 679 467 679 247 680 468 680 466 680 247 681 466 681 245 681 69 682 71 682 467 682 69 683 467 683 469 683 249 684 468 684 247 684 66 685 69 685 469 685 66 686 469 686 470 686 250 687 468 687 249 687 250 688 471 688 468 688 250 689 472 689 471 689 65 690 66 690 470 690 0 691 472 691 250 691 63 692 65 692 470 692 63 693 473 693 474 693 63 694 470 694 473 694 2 695 475 695 472 695 2 696 472 696 0 696 61 697 63 697 474 697 5 698 476 698 475 698 5 699 475 699 2 699 59 700 474 700 477 700 59 701 61 701 474 701 7 702 478 702 476 702 7 703 476 703 5 703 57 704 477 704 479 704 57 705 59 705 477 705 9 706 480 706 478 706 9 707 481 707 480 707 9 708 478 708 7 708 55 709 482 709 483 709 55 710 479 710 482 710 55 711 57 711 479 711 11 712 481 712 9 712 53 713 55 713 483 713 13 714 484 714 481 714 13 715 485 715 484 715 13 716 481 716 11 716 51 717 53 717 483 717 51 718 483 718 486 718 14 719 487 719 485 719 14 720 485 720 13 720 49 721 51 721 486 721 49 722 486 722 488 722 17 723 487 723 14 723 47 724 49 724 488 724 47 725 488 725 489 725 19 726 490 726 487 726 19 727 487 727 17 727 44 728 47 728 489 728 44 729 489 729 491 729 21 730 490 730 19 730 21 731 492 731 490 731 21 732 493 732 492 732 42 733 44 733 491 733 42 734 491 734 494 734 22 735 495 735 493 735 22 736 493 736 21 736 41 737 42 737 494 737 41 738 496 738 497 738 41 739 494 739 496 739 25 740 495 740 22 740 39 741 41 741 497 741 27 742 495 742 25 742 27 743 498 743 495 743 36 744 39 744 497 744 36 745 497 745 499 745 29 746 498 746 27 746 29 747 500 747 498 747 35 748 499 748 501 748 35 749 36 749 499 749 31 750 502 750 500 750 31 751 500 751 29 751 33 752 503 752 502 752 33 753 501 753 503 753 33 754 502 754 31 754 33 755 35 755 501 755 346 756 504 756 349 756 504 757 505 757 349 757 349 758 506 758 350 758 505 759 506 759 349 759 350 760 507 760 352 760 352 761 507 761 354 761 506 762 507 762 350 762 507 763 508 763 354 763 354 764 509 764 355 764 508 765 509 765 354 765 355 766 510 766 358 766 509 767 510 767 355 767 358 768 511 768 359 768 510 769 511 769 358 769 359 770 512 770 361 770 511 771 512 771 359 771 361 772 513 772 364 772 512 773 513 773 361 773 364 774 514 774 366 774 513 775 514 775 364 775 514 776 515 776 366 776 366 777 515 777 367 777 515 778 516 778 367 778 367 779 516 779 369 779 369 780 516 780 372 780 516 781 517 781 372 781 517 782 518 782 372 782 372 783 518 783 374 783 374 784 519 784 376 784 376 785 519 785 377 785 518 786 519 786 374 786 377 787 520 787 375 787 519 788 520 788 377 788 520 789 521 789 375 789 375 790 522 790 373 790 521 791 522 791 375 791 373 792 523 792 371 792 522 793 523 793 373 793 371 794 524 794 370 794 370 795 524 795 368 795 523 796 524 796 371 796 524 797 525 797 368 797 368 798 526 798 365 798 525 799 526 799 368 799 365 800 527 800 363 800 526 801 527 801 365 801 363 802 528 802 362 802 527 803 528 803 363 803 362 804 529 804 360 804 360 805 529 805 357 805 528 806 529 806 362 806 357 807 530 807 356 807 529 808 530 808 357 808 356 809 531 809 353 809 530 810 531 810 356 810 531 811 532 811 353 811 353 812 533 812 351 812 351 813 533 813 348 813 532 814 533 814 353 814 533 815 534 815 348 815 348 816 535 816 347 816 347 817 535 817 344 817 534 818 535 818 348 818 535 819 536 819 344 819 344 820 537 820 343 820 536 821 537 821 344 821 343 822 538 822 341 822 341 823 538 823 339 823 537 824 538 824 343 824 538 825 539 825 339 825 539 826 540 826 339 826 339 827 540 827 336 827 336 828 540 828 335 828 540 829 541 829 335 829 541 830 542 830 335 830 335 831 542 831 334 831 334 832 542 832 331 832 542 833 543 833 331 833 543 834 544 834 331 834 331 835 544 835 328 835 328 836 544 836 327 836 544 837 545 837 327 837 327 838 545 838 325 838 545 839 546 839 325 839 546 840 547 840 325 840 325 841 547 841 323 841 547 842 548 842 323 842 323 843 548 843 322 843 548 844 549 844 322 844 322 845 549 845 320 845 549 846 550 846 320 846 320 847 550 847 317 847 317 848 550 848 315 848 550 849 551 849 315 849 315 850 551 850 313 850 551 851 552 851 313 851 313 852 553 852 311 852 552 853 553 853 313 853 311 854 554 854 309 854 553 855 554 855 311 855 309 856 555 856 307 856 554 857 555 857 309 857 307 858 556 858 305 858 555 859 556 859 307 859 305 860 557 860 303 860 303 861 557 861 301 861 556 862 557 862 305 862 557 863 558 863 301 863 301 864 559 864 299 864 558 865 559 865 301 865 299 866 560 866 297 866 559 867 560 867 299 867 297 868 561 868 295 868 560 869 561 869 297 869 295 870 562 870 293 870 561 871 562 871 295 871 293 872 563 872 291 872 291 873 563 873 289 873 562 874 563 874 293 874 563 875 564 875 289 875 289 876 565 876 287 876 564 877 565 877 289 877 565 878 566 878 287 878 287 879 566 879 285 879 566 880 567 880 285 880 285 881 567 881 283 881 567 882 568 882 283 882 283 883 568 883 281 883 568 884 569 884 281 884 281 885 569 885 279 885 569 886 570 886 279 886 279 887 570 887 277 887 277 888 570 888 275 888 570 889 571 889 275 889 275 890 571 890 273 890 571 891 572 891 273 891 572 892 573 892 273 892 273 893 573 893 271 893 573 894 574 894 271 894 271 895 574 895 269 895 574 896 575 896 269 896 269 897 575 897 267 897 267 898 575 898 265 898 575 899 576 899 265 899 265 900 576 900 263 900 576 901 577 901 263 901 263 902 577 902 261 902 577 903 578 903 261 903 578 904 579 904 261 904 261 905 579 905 259 905 579 906 580 906 259 906 259 907 580 907 257 907 580 908 581 908 257 908 257 909 581 909 255 909 581 910 582 910 255 910 255 911 582 911 252 911 582 912 583 912 252 912 252 913 583 913 253 913 253 914 583 914 254 914 583 915 584 915 254 915 584 916 585 916 254 916 254 917 585 917 256 917 585 918 586 918 256 918 256 919 586 919 258 919 258 920 587 920 260 920 586 921 587 921 258 921 260 922 588 922 262 922 262 923 588 923 264 923 587 924 588 924 260 924 588 925 589 925 264 925 264 926 590 926 266 926 589 927 590 927 264 927 266 928 591 928 268 928 590 929 591 929 266 929 591 930 592 930 268 930 268 931 592 931 270 931 270 932 592 932 272 932 592 933 593 933 272 933 593 934 594 934 272 934 272 935 594 935 274 935 274 936 594 936 276 936 594 937 595 937 276 937 276 938 595 938 278 938 595 939 596 939 278 939 596 940 597 940 278 940 278 941 597 941 280 941 280 942 597 942 282 942 597 943 598 943 282 943 598 944 599 944 282 944 282 945 599 945 284 945 284 946 599 946 286 946 599 947 600 947 286 947 600 948 601 948 286 948 286 949 601 949 288 949 601 950 602 950 288 950 288 951 602 951 290 951 290 952 602 952 292 952 292 953 603 953 294 953 602 954 603 954 292 954 603 955 604 955 294 955 294 956 605 956 296 956 604 957 605 957 294 957 296 958 606 958 298 958 605 959 606 959 296 959 298 960 607 960 300 960 606 961 607 961 298 961 300 962 608 962 302 962 607 963 608 963 300 963 302 964 609 964 304 964 304 965 609 965 306 965 608 966 609 966 302 966 609 967 610 967 306 967 306 968 611 968 308 968 610 969 611 969 306 969 308 970 612 970 310 970 611 971 612 971 308 971 310 972 613 972 312 972 612 973 613 973 310 973 312 974 614 974 314 974 613 975 614 975 312 975 314 976 615 976 316 976 614 977 615 977 314 977 615 978 616 978 316 978 316 979 616 979 318 979 616 980 617 980 318 980 318 981 617 981 319 981 617 982 618 982 319 982 319 983 618 983 321 983 618 984 619 984 321 984 321 985 619 985 324 985 324 986 620 986 326 986 619 987 620 987 324 987 326 988 621 988 329 988 620 989 621 989 326 989 329 990 622 990 330 990 621 991 622 991 329 991 330 992 623 992 332 992 622 993 623 993 330 993 332 994 624 994 333 994 623 995 624 995 332 995 333 996 625 996 337 996 624 997 625 997 333 997 337 998 626 998 338 998 625 999 626 999 337 999 338 1000 627 1000 340 1000 626 1001 627 1001 338 1001 340 1002 628 1002 342 1002 627 1003 628 1003 340 1003 342 1004 629 1004 345 1004 345 1005 629 1005 346 1005 628 1006 629 1006 342 1006 629 1007 504 1007 346 1007 630 1008 472 1008 631 1008 472 1009 475 1009 631 1009 631 1010 476 1010 632 1010 475 1011 476 1011 631 1011 632 1012 478 1012 633 1012 633 1013 478 1013 634 1013 476 1014 478 1014 632 1014 478 1015 480 1015 634 1015 634 1016 481 1016 635 1016 480 1017 481 1017 634 1017 635 1018 484 1018 636 1018 481 1019 484 1019 635 1019 636 1020 485 1020 637 1020 484 1021 485 1021 636 1021 637 1022 487 1022 638 1022 485 1023 487 1023 637 1023 638 1024 490 1024 639 1024 487 1025 490 1025 638 1025 639 1026 492 1026 640 1026 490 1027 492 1027 639 1027 492 1028 493 1028 640 1028 640 1029 493 1029 641 1029 493 1030 495 1030 641 1030 641 1031 495 1031 642 1031 642 1032 495 1032 643 1032 495 1033 498 1033 643 1033 498 1034 500 1034 643 1034 643 1035 500 1035 644 1035 644 1036 502 1036 645 1036 645 1037 502 1037 646 1037 500 1038 502 1038 644 1038 646 1039 503 1039 647 1039 502 1040 503 1040 646 1040 503 1041 501 1041 647 1041 647 1042 499 1042 648 1042 501 1043 499 1043 647 1043 648 1044 497 1044 649 1044 499 1045 497 1045 648 1045 649 1046 496 1046 650 1046 650 1047 496 1047 651 1047 497 1048 496 1048 649 1048 496 1049 494 1049 651 1049 651 1050 491 1050 652 1050 494 1051 491 1051 651 1051 652 1052 489 1052 653 1052 491 1053 489 1053 652 1053 653 1054 488 1054 654 1054 489 1055 488 1055 653 1055 654 1056 486 1056 655 1056 655 1057 486 1057 656 1057 488 1058 486 1058 654 1058 656 1059 483 1059 657 1059 486 1060 483 1060 656 1060 657 1061 482 1061 658 1061 483 1062 482 1062 657 1062 482 1063 479 1063 658 1063 658 1064 477 1064 659 1064 659 1065 477 1065 660 1065 479 1066 477 1066 658 1066 477 1067 474 1067 660 1067 660 1068 473 1068 661 1068 661 1069 473 1069 662 1069 474 1070 473 1070 660 1070 473 1071 470 1071 662 1071 662 1072 469 1072 663 1072 470 1073 469 1073 662 1073 663 1074 467 1074 664 1074 664 1075 467 1075 665 1075 469 1076 467 1076 663 1076 467 1077 465 1077 665 1077 465 1078 462 1078 665 1078 665 1079 462 1079 666 1079 666 1080 462 1080 667 1080 462 1081 461 1081 667 1081 461 1082 460 1082 667 1082 667 1083 460 1083 668 1083 668 1084 460 1084 669 1084 460 1085 457 1085 669 1085 457 1086 454 1086 669 1086 669 1087 454 1087 670 1087 670 1088 454 1088 671 1088 454 1089 453 1089 671 1089 671 1090 453 1090 672 1090 453 1091 451 1091 672 1091 451 1092 449 1092 672 1092 672 1093 449 1093 673 1093 449 1094 448 1094 673 1094 673 1095 448 1095 674 1095 448 1096 446 1096 674 1096 674 1097 446 1097 675 1097 446 1098 443 1098 675 1098 675 1099 443 1099 676 1099 676 1100 443 1100 677 1100 443 1101 441 1101 677 1101 677 1102 441 1102 678 1102 441 1103 439 1103 678 1103 678 1104 437 1104 679 1104 439 1105 437 1105 678 1105 679 1106 435 1106 680 1106 437 1107 435 1107 679 1107 680 1108 433 1108 681 1108 435 1109 433 1109 680 1109 681 1110 431 1110 682 1110 433 1111 431 1111 681 1111 682 1112 429 1112 683 1112 683 1113 429 1113 684 1113 431 1114 429 1114 682 1114 429 1115 427 1115 684 1115 684 1116 425 1116 685 1116 427 1117 425 1117 684 1117 685 1118 423 1118 686 1118 425 1119 423 1119 685 1119 686 1120 421 1120 687 1120 423 1121 421 1121 686 1121 687 1122 419 1122 688 1122 421 1123 419 1123 687 1123 688 1124 417 1124 689 1124 689 1125 417 1125 690 1125 419 1126 417 1126 688 1126 417 1127 415 1127 690 1127 690 1128 413 1128 691 1128 415 1129 413 1129 690 1129 413 1130 411 1130 691 1130 691 1131 411 1131 692 1131 411 1132 409 1132 692 1132 692 1133 409 1133 693 1133 409 1134 407 1134 693 1134 693 1135 407 1135 694 1135 407 1136 405 1136 694 1136 694 1137 405 1137 695 1137 405 1138 403 1138 695 1138 695 1139 403 1139 696 1139 696 1140 403 1140 697 1140 403 1141 401 1141 697 1141 697 1142 401 1142 698 1142 401 1143 399 1143 698 1143 399 1144 397 1144 698 1144 698 1145 397 1145 699 1145 397 1146 395 1146 699 1146 699 1147 395 1147 700 1147 395 1148 393 1148 700 1148 700 1149 393 1149 701 1149 701 1150 393 1150 702 1150 393 1151 391 1151 702 1151 702 1152 391 1152 703 1152 391 1153 389 1153 703 1153 703 1154 389 1154 704 1154 389 1155 387 1155 704 1155 387 1156 385 1156 704 1156 704 1157 385 1157 705 1157 385 1158 383 1158 705 1158 705 1159 383 1159 706 1159 383 1160 381 1160 706 1160 706 1161 381 1161 707 1161 381 1162 378 1162 707 1162 707 1163 378 1163 708 1163 378 1164 379 1164 708 1164 708 1165 379 1165 709 1165 709 1166 379 1166 710 1166 379 1167 380 1167 710 1167 380 1168 382 1168 710 1168 710 1169 382 1169 711 1169 382 1170 384 1170 711 1170 711 1171 384 1171 712 1171 712 1172 386 1172 713 1172 384 1173 386 1173 712 1173 713 1174 388 1174 714 1174 714 1175 388 1175 715 1175 386 1176 388 1176 713 1176 388 1177 390 1177 715 1177 715 1178 392 1178 716 1178 390 1179 392 1179 715 1179 716 1180 394 1180 717 1180 392 1181 394 1181 716 1181 394 1182 396 1182 717 1182 717 1183 396 1183 718 1183 718 1184 396 1184 719 1184 396 1185 398 1185 719 1185 398 1186 400 1186 719 1186 719 1187 400 1187 720 1187 720 1188 400 1188 721 1188 400 1189 402 1189 721 1189 721 1190 402 1190 722 1190 402 1191 404 1191 722 1191 404 1192 406 1192 722 1192 722 1193 406 1193 723 1193 723 1194 406 1194 724 1194 406 1195 408 1195 724 1195 408 1196 410 1196 724 1196 724 1197 410 1197 725 1197 725 1198 410 1198 726 1198 410 1199 412 1199 726 1199 412 1200 414 1200 726 1200 726 1201 414 1201 727 1201 414 1202 416 1202 727 1202 727 1203 416 1203 728 1203 728 1204 416 1204 729 1204 729 1205 418 1205 730 1205 416 1206 418 1206 729 1206 418 1207 420 1207 730 1207 730 1208 422 1208 731 1208 420 1209 422 1209 730 1209 731 1210 424 1210 732 1210 422 1211 424 1211 731 1211 732 1212 426 1212 733 1212 424 1213 426 1213 732 1213 733 1214 428 1214 734 1214 426 1215 428 1215 733 1215 734 1216 430 1216 735 1216 735 1217 430 1217 736 1217 428 1218 430 1218 734 1218 430 1219 432 1219 736 1219 736 1220 434 1220 737 1220 432 1221 434 1221 736 1221 737 1222 436 1222 738 1222 434 1223 436 1223 737 1223 738 1224 438 1224 739 1224 436 1225 438 1225 738 1225 739 1226 440 1226 740 1226 438 1227 440 1227 739 1227 740 1228 442 1228 741 1228 440 1229 442 1229 740 1229 442 1230 444 1230 741 1230 741 1231 444 1231 742 1231 444 1232 445 1232 742 1232 742 1233 445 1233 743 1233 445 1234 447 1234 743 1234 743 1235 447 1235 744 1235 447 1236 450 1236 744 1236 744 1237 450 1237 745 1237 745 1238 452 1238 746 1238 450 1239 452 1239 745 1239 746 1240 455 1240 747 1240 452 1241 455 1241 746 1241 747 1242 456 1242 748 1242 455 1243 456 1243 747 1243 748 1244 458 1244 749 1244 456 1245 458 1245 748 1245 749 1246 459 1246 750 1246 458 1247 459 1247 749 1247 750 1248 463 1248 751 1248 459 1249 463 1249 750 1249 751 1250 464 1250 752 1250 463 1251 464 1251 751 1251 752 1252 466 1252 753 1252 464 1253 466 1253 752 1253 753 1254 468 1254 754 1254 466 1255 468 1255 753 1255 754 1256 471 1256 755 1256 755 1257 471 1257 630 1257 468 1258 471 1258 754 1258 471 1259 472 1259 630 1259 582 1260 756 1260 583 1260 582 1261 757 1261 756 1261 581 1262 757 1262 582 1262 756 1263 758 1263 583 1263 583 1264 758 1264 584 1264 584 1265 758 1265 585 1265 580 1266 759 1266 581 1266 581 1267 759 1267 757 1267 758 1268 760 1268 585 1268 579 1269 761 1269 580 1269 580 1270 761 1270 759 1270 585 1271 762 1271 586 1271 586 1272 762 1272 587 1272 760 1273 762 1273 585 1273 579 1274 763 1274 761 1274 762 1275 764 1275 587 1275 587 1276 764 1276 588 1276 579 1277 765 1277 763 1277 578 1278 765 1278 579 1278 764 1279 766 1279 588 1279 578 1280 767 1280 765 1280 576 1281 767 1281 577 1281 577 1282 767 1282 578 1282 766 1283 768 1283 588 1283 588 1284 768 1284 589 1284 576 1285 769 1285 767 1285 768 1286 770 1286 589 1286 589 1287 770 1287 590 1287 574 1288 771 1288 575 1288 575 1289 771 1289 576 1289 576 1290 771 1290 769 1290 770 1291 772 1291 590 1291 590 1292 772 1292 591 1292 574 1293 773 1293 771 1293 573 1294 773 1294 574 1294 772 1295 774 1295 591 1295 591 1296 774 1296 592 1296 592 1297 774 1297 593 1297 573 1298 775 1298 773 1298 572 1299 775 1299 573 1299 774 1300 776 1300 593 1300 572 1301 777 1301 775 1301 571 1302 777 1302 572 1302 776 1303 778 1303 593 1303 593 1304 778 1304 594 1304 571 1305 779 1305 777 1305 778 1306 780 1306 594 1306 594 1307 780 1307 595 1307 595 1308 780 1308 596 1308 571 1309 781 1309 779 1309 570 1310 781 1310 571 1310 780 1311 782 1311 596 1311 596 1312 782 1312 597 1312 570 1313 783 1313 781 1313 569 1314 783 1314 570 1314 782 1315 784 1315 597 1315 568 1316 785 1316 569 1316 569 1317 785 1317 783 1317 597 1318 786 1318 598 1318 784 1319 786 1319 597 1319 568 1320 787 1320 785 1320 566 1321 787 1321 567 1321 567 1322 787 1322 568 1322 786 1323 788 1323 598 1323 598 1324 788 1324 599 1324 566 1325 789 1325 787 1325 788 1326 790 1326 599 1326 599 1327 790 1327 600 1327 565 1328 791 1328 566 1328 566 1329 791 1329 789 1329 600 1330 792 1330 601 1330 790 1331 792 1331 600 1331 563 1332 793 1332 564 1332 564 1333 793 1333 565 1333 565 1334 793 1334 791 1334 792 1335 794 1335 601 1335 601 1336 794 1336 602 1336 563 1337 795 1337 793 1337 794 1338 796 1338 602 1338 602 1339 796 1339 603 1339 603 1340 796 1340 604 1340 563 1341 797 1341 795 1341 561 1342 797 1342 562 1342 562 1343 797 1343 563 1343 796 1344 798 1344 604 1344 561 1345 799 1345 797 1345 604 1346 800 1346 605 1346 798 1347 800 1347 604 1347 561 1348 801 1348 799 1348 560 1349 801 1349 561 1349 605 1350 802 1350 606 1350 800 1351 802 1351 605 1351 560 1352 803 1352 801 1352 559 1353 803 1353 560 1353 606 1354 804 1354 607 1354 802 1355 804 1355 606 1355 559 1356 805 1356 803 1356 558 1357 805 1357 559 1357 558 1358 557 1358 805 1358 804 1359 806 1359 607 1359 607 1360 806 1360 608 1360 557 1361 807 1361 805 1361 557 1362 556 1362 807 1362 608 1363 808 1363 609 1363 806 1364 808 1364 608 1364 556 1365 809 1365 807 1365 808 1366 610 1366 609 1366 808 1367 810 1367 610 1367 555 1368 811 1368 556 1368 556 1369 811 1369 809 1369 610 1370 812 1370 611 1370 810 1371 812 1371 610 1371 555 1372 554 1372 811 1372 554 1373 813 1373 811 1373 812 1374 612 1374 611 1374 812 1375 814 1375 612 1375 553 1376 815 1376 554 1376 554 1377 815 1377 813 1377 612 1378 816 1378 613 1378 814 1379 816 1379 612 1379 553 1380 552 1380 815 1380 552 1381 817 1381 815 1381 613 1382 818 1382 614 1382 816 1383 818 1383 613 1383 552 1384 551 1384 817 1384 817 1385 551 1385 819 1385 818 1386 615 1386 614 1386 820 1387 615 1387 818 1387 551 1388 821 1388 819 1388 551 1389 550 1389 821 1389 820 1390 616 1390 615 1390 822 1391 616 1391 820 1391 550 1392 823 1392 821 1392 550 1393 549 1393 823 1393 822 1394 617 1394 616 1394 824 1395 617 1395 822 1395 549 1396 548 1396 823 1396 823 1397 548 1397 825 1397 826 1398 618 1398 824 1398 824 1399 618 1399 617 1399 548 1400 547 1400 825 1400 825 1401 547 1401 827 1401 826 1402 828 1402 618 1402 828 1403 619 1403 618 1403 547 1404 546 1404 827 1404 827 1405 546 1405 829 1405 830 1406 620 1406 828 1406 828 1407 620 1407 619 1407 546 1408 545 1408 829 1408 829 1409 545 1409 831 1409 830 1410 621 1410 620 1410 832 1411 621 1411 830 1411 545 1412 544 1412 831 1412 831 1413 544 1413 833 1413 544 1414 834 1414 833 1414 835 1415 622 1415 832 1415 832 1416 622 1416 621 1416 835 1417 836 1417 622 1417 544 1418 543 1418 834 1418 836 1419 623 1419 622 1419 834 1420 542 1420 837 1420 543 1421 542 1421 834 1421 836 1422 624 1422 623 1422 838 1423 624 1423 836 1423 839 1424 541 1424 840 1424 837 1425 541 1425 839 1425 542 1426 541 1426 837 1426 838 1427 625 1427 624 1427 841 1428 625 1428 838 1428 541 1429 540 1429 840 1429 842 1430 626 1430 841 1430 841 1431 626 1431 625 1431 840 1432 539 1432 843 1432 540 1433 539 1433 840 1433 844 1434 627 1434 842 1434 842 1435 627 1435 626 1435 539 1436 538 1436 843 1436 845 1437 538 1437 846 1437 843 1438 538 1438 845 1438 844 1439 628 1439 627 1439 847 1440 628 1440 844 1440 538 1441 537 1441 846 1441 847 1442 629 1442 628 1442 848 1443 629 1443 847 1443 537 1444 536 1444 846 1444 846 1445 536 1445 849 1445 848 1446 504 1446 629 1446 850 1447 504 1447 848 1447 536 1448 535 1448 849 1448 849 1449 535 1449 851 1449 852 1450 505 1450 850 1450 853 1451 505 1451 852 1451 850 1452 505 1452 504 1452 535 1453 534 1453 851 1453 854 1454 534 1454 855 1454 851 1455 534 1455 854 1455 853 1456 506 1456 505 1456 534 1457 533 1457 855 1457 856 1458 507 1458 853 1458 853 1459 507 1459 506 1459 533 1460 532 1460 855 1460 855 1461 532 1461 857 1461 858 1462 508 1462 856 1462 856 1463 508 1463 507 1463 857 1464 531 1464 859 1464 532 1465 531 1465 857 1465 860 1466 509 1466 858 1466 858 1467 509 1467 508 1467 861 1468 530 1468 862 1468 859 1469 530 1469 861 1469 531 1470 530 1470 859 1470 863 1471 510 1471 860 1471 864 1472 510 1472 863 1472 860 1473 510 1473 509 1473 530 1474 529 1474 862 1474 864 1475 511 1475 510 1475 865 1476 528 1476 866 1476 862 1477 528 1477 865 1477 529 1478 528 1478 862 1478 864 1479 512 1479 511 1479 867 1480 512 1480 864 1480 868 1481 512 1481 867 1481 528 1482 527 1482 866 1482 866 1483 527 1483 869 1483 868 1484 513 1484 512 1484 527 1485 526 1485 869 1485 868 1486 514 1486 513 1486 870 1487 514 1487 868 1487 871 1488 514 1488 870 1488 526 1489 525 1489 869 1489 869 1490 525 1490 872 1490 871 1491 515 1491 514 1491 525 1492 524 1492 872 1492 873 1493 524 1493 874 1493 872 1494 524 1494 873 1494 875 1495 516 1495 871 1495 871 1496 516 1496 515 1496 524 1497 523 1497 874 1497 875 1498 517 1498 516 1498 876 1499 517 1499 875 1499 523 1500 522 1500 874 1500 874 1501 522 1501 877 1501 878 1502 518 1502 876 1502 879 1503 518 1503 878 1503 876 1504 518 1504 517 1504 877 1505 521 1505 880 1505 522 1506 521 1506 877 1506 879 1507 519 1507 518 1507 881 1508 520 1508 879 1508 880 1509 520 1509 881 1509 521 1510 520 1510 880 1510 879 1511 520 1511 519 1511 882 1512 708 1512 709 1512 883 1513 708 1513 882 1513 883 1514 707 1514 708 1514 884 1515 882 1515 709 1515 884 1516 709 1516 710 1516 884 1517 710 1517 711 1517 885 1518 706 1518 707 1518 885 1519 707 1519 883 1519 886 1520 884 1520 711 1520 887 1521 705 1521 706 1521 887 1522 706 1522 885 1522 888 1523 711 1523 712 1523 888 1524 712 1524 713 1524 888 1525 886 1525 711 1525 889 1526 705 1526 887 1526 890 1527 888 1527 713 1527 890 1528 713 1528 714 1528 891 1529 705 1529 889 1529 891 1530 704 1530 705 1530 892 1531 890 1531 714 1531 893 1532 704 1532 891 1532 893 1533 702 1533 703 1533 893 1534 703 1534 704 1534 894 1535 892 1535 714 1535 894 1536 714 1536 715 1536 895 1537 702 1537 893 1537 896 1538 894 1538 715 1538 896 1539 715 1539 716 1539 897 1540 700 1540 701 1540 897 1541 701 1541 702 1541 897 1542 702 1542 895 1542 898 1543 896 1543 716 1543 898 1544 716 1544 717 1544 899 1545 700 1545 897 1545 899 1546 699 1546 700 1546 900 1547 898 1547 717 1547 900 1548 717 1548 718 1548 900 1549 718 1549 719 1549 901 1550 699 1550 899 1550 901 1551 698 1551 699 1551 902 1552 900 1552 719 1552 903 1553 698 1553 901 1553 903 1554 697 1554 698 1554 904 1555 902 1555 719 1555 904 1556 719 1556 720 1556 905 1557 697 1557 903 1557 906 1558 904 1558 720 1558 906 1559 720 1559 721 1559 906 1560 721 1560 722 1560 907 1561 697 1561 905 1561 907 1562 696 1562 697 1562 908 1563 906 1563 722 1563 908 1564 722 1564 723 1564 909 1565 696 1565 907 1565 909 1566 695 1566 696 1566 910 1567 908 1567 723 1567 911 1568 694 1568 695 1568 911 1569 695 1569 909 1569 912 1570 723 1570 724 1570 912 1571 910 1571 723 1571 913 1572 694 1572 911 1572 913 1573 692 1573 693 1573 913 1574 693 1574 694 1574 914 1575 912 1575 724 1575 914 1576 724 1576 725 1576 915 1577 692 1577 913 1577 916 1578 914 1578 725 1578 916 1579 725 1579 726 1579 917 1580 691 1580 692 1580 917 1581 692 1581 915 1581 918 1582 726 1582 727 1582 918 1583 916 1583 726 1583 919 1584 689 1584 690 1584 919 1585 690 1585 691 1585 919 1586 691 1586 917 1586 920 1587 918 1587 727 1587 920 1588 727 1588 728 1588 921 1589 689 1589 919 1589 922 1590 920 1590 728 1590 922 1591 728 1591 729 1591 922 1592 729 1592 730 1592 923 1593 689 1593 921 1593 923 1594 687 1594 688 1594 923 1595 688 1595 689 1595 924 1596 922 1596 730 1596 925 1597 687 1597 923 1597 926 1598 730 1598 731 1598 926 1599 924 1599 730 1599 927 1600 687 1600 925 1600 927 1601 686 1601 687 1601 928 1602 731 1602 732 1602 928 1603 926 1603 731 1603 929 1604 686 1604 927 1604 929 1605 685 1605 686 1605 930 1606 732 1606 733 1606 930 1607 928 1607 732 1607 931 1608 685 1608 929 1608 931 1609 684 1609 685 1609 683 1610 684 1610 931 1610 932 1611 930 1611 733 1611 932 1612 733 1612 734 1612 933 1613 683 1613 931 1613 682 1614 683 1614 933 1614 934 1615 734 1615 735 1615 934 1616 932 1616 734 1616 935 1617 682 1617 933 1617 736 1618 934 1618 735 1618 936 1619 934 1619 736 1619 937 1620 681 1620 682 1620 937 1621 682 1621 935 1621 938 1622 736 1622 737 1622 938 1623 936 1623 736 1623 680 1624 681 1624 937 1624 939 1625 680 1625 937 1625 738 1626 938 1626 737 1626 940 1627 938 1627 738 1627 941 1628 679 1628 680 1628 941 1629 680 1629 939 1629 942 1630 738 1630 739 1630 942 1631 940 1631 738 1631 678 1632 679 1632 941 1632 943 1633 678 1633 941 1633 944 1634 739 1634 740 1634 944 1635 942 1635 739 1635 677 1636 678 1636 943 1636 677 1637 943 1637 945 1637 741 1638 944 1638 740 1638 741 1639 946 1639 944 1639 947 1640 677 1640 945 1640 676 1641 677 1641 947 1641 742 1642 946 1642 741 1642 742 1643 948 1643 946 1643 949 1644 676 1644 947 1644 675 1645 676 1645 949 1645 743 1646 948 1646 742 1646 743 1647 950 1647 948 1647 674 1648 675 1648 949 1648 674 1649 949 1649 951 1649 744 1650 952 1650 950 1650 744 1651 950 1651 743 1651 673 1652 674 1652 951 1652 673 1653 951 1653 953 1653 954 1654 952 1654 744 1654 745 1655 954 1655 744 1655 672 1656 673 1656 953 1656 672 1657 953 1657 955 1657 746 1658 956 1658 954 1658 746 1659 954 1659 745 1659 671 1660 672 1660 955 1660 671 1661 955 1661 957 1661 747 1662 956 1662 746 1662 747 1663 958 1663 956 1663 670 1664 671 1664 957 1664 670 1665 957 1665 959 1665 960 1666 670 1666 959 1666 748 1667 961 1667 958 1667 748 1668 958 1668 747 1668 962 1669 961 1669 748 1669 669 1670 670 1670 960 1670 749 1671 962 1671 748 1671 668 1672 960 1672 963 1672 668 1673 669 1673 960 1673 750 1674 962 1674 749 1674 750 1675 964 1675 962 1675 667 1676 965 1676 966 1676 667 1677 963 1677 965 1677 667 1678 668 1678 963 1678 751 1679 964 1679 750 1679 751 1680 967 1680 964 1680 666 1681 667 1681 966 1681 752 1682 968 1682 967 1682 752 1683 967 1683 751 1683 665 1684 966 1684 969 1684 665 1685 666 1685 966 1685 753 1686 970 1686 968 1686 753 1687 968 1687 752 1687 664 1688 665 1688 969 1688 664 1689 971 1689 972 1689 664 1690 969 1690 971 1690 754 1691 970 1691 753 1691 754 1692 973 1692 970 1692 663 1693 664 1693 972 1693 755 1694 973 1694 754 1694 755 1695 974 1695 973 1695 662 1696 663 1696 972 1696 662 1697 972 1697 975 1697 630 1698 974 1698 755 1698 630 1699 976 1699 974 1699 661 1700 662 1700 975 1700 661 1701 975 1701 977 1701 631 1702 978 1702 976 1702 631 1703 979 1703 978 1703 631 1704 976 1704 630 1704 660 1705 661 1705 977 1705 660 1706 980 1706 981 1706 660 1707 977 1707 980 1707 632 1708 979 1708 631 1708 659 1709 660 1709 981 1709 633 1710 982 1710 979 1710 633 1711 979 1711 632 1711 658 1712 659 1712 981 1712 658 1713 981 1713 983 1713 634 1714 984 1714 982 1714 634 1715 982 1715 633 1715 657 1716 983 1716 985 1716 657 1717 658 1717 983 1717 635 1718 986 1718 984 1718 635 1719 984 1719 634 1719 656 1720 987 1720 988 1720 656 1721 985 1721 987 1721 656 1722 657 1722 985 1722 636 1723 989 1723 986 1723 636 1724 990 1724 989 1724 636 1725 986 1725 635 1725 655 1726 656 1726 988 1726 637 1727 990 1727 636 1727 654 1728 991 1728 992 1728 654 1729 988 1729 991 1729 654 1730 655 1730 988 1730 638 1731 990 1731 637 1731 638 1732 993 1732 990 1732 638 1733 994 1733 993 1733 653 1734 654 1734 992 1734 653 1735 992 1735 995 1735 639 1736 994 1736 638 1736 652 1737 653 1737 995 1737 640 1738 994 1738 639 1738 640 1739 996 1739 994 1739 640 1740 997 1740 996 1740 651 1741 652 1741 995 1741 651 1742 995 1742 998 1742 641 1743 997 1743 640 1743 650 1744 651 1744 998 1744 650 1745 999 1745 1000 1745 650 1746 998 1746 999 1746 642 1747 1001 1747 997 1747 642 1748 997 1748 641 1748 649 1749 650 1749 1000 1749 643 1750 1001 1750 642 1750 643 1751 1002 1751 1001 1751 648 1752 649 1752 1000 1752 648 1753 1000 1753 1003 1753 644 1754 1004 1754 1002 1754 644 1755 1005 1755 1004 1755 644 1756 1002 1756 643 1756 647 1757 1003 1757 1006 1757 647 1758 648 1758 1003 1758 645 1759 1005 1759 644 1759 646 1760 1007 1760 1005 1760 646 1761 1006 1761 1007 1761 646 1762 647 1762 1006 1762 646 1763 1005 1763 645 1763 976 1764 978 1764 850 1764 850 1765 978 1765 852 1765 852 1766 979 1766 853 1766 978 1767 979 1767 852 1767 853 1768 982 1768 856 1768 856 1769 982 1769 858 1769 979 1770 982 1770 853 1770 858 1771 984 1771 860 1771 982 1772 984 1772 858 1772 984 1773 986 1773 860 1773 860 1774 989 1774 863 1774 863 1775 989 1775 864 1775 986 1776 989 1776 860 1776 864 1777 990 1777 867 1777 989 1778 990 1778 864 1778 990 1779 993 1779 867 1779 867 1780 994 1780 868 1780 993 1781 994 1781 867 1781 868 1782 996 1782 870 1782 994 1783 996 1783 868 1783 996 1784 997 1784 870 1784 870 1785 997 1785 871 1785 997 1786 1001 1786 871 1786 871 1787 1001 1787 875 1787 875 1788 1001 1788 876 1788 1001 1789 1002 1789 876 1789 1002 1790 1004 1790 876 1790 876 1791 1004 1791 878 1791 878 1792 1005 1792 879 1792 1004 1793 1005 1793 878 1793 879 1794 1007 1794 881 1794 1005 1795 1007 1795 879 1795 881 1796 1006 1796 880 1796 880 1797 1006 1797 877 1797 1007 1798 1006 1798 881 1798 1006 1799 1003 1799 877 1799 1003 1800 1000 1800 877 1800 877 1801 1000 1801 874 1801 874 1802 1000 1802 873 1802 1000 1803 999 1803 873 1803 873 1804 998 1804 872 1804 872 1805 998 1805 869 1805 999 1806 998 1806 873 1806 869 1807 995 1807 866 1807 998 1808 995 1808 869 1808 995 1809 992 1809 866 1809 866 1810 991 1810 865 1810 865 1811 991 1811 862 1811 992 1812 991 1812 866 1812 991 1813 988 1813 862 1813 862 1814 987 1814 861 1814 988 1815 987 1815 862 1815 861 1816 985 1816 859 1816 987 1817 985 1817 861 1817 859 1818 983 1818 857 1818 857 1819 983 1819 855 1819 985 1820 983 1820 859 1820 983 1821 981 1821 855 1821 855 1822 980 1822 854 1822 981 1823 980 1823 855 1823 854 1824 977 1824 851 1824 980 1825 977 1825 854 1825 851 1826 975 1826 849 1826 977 1827 975 1827 851 1827 849 1828 972 1828 846 1828 975 1829 972 1829 849 1829 846 1830 971 1830 845 1830 845 1831 971 1831 843 1831 972 1832 971 1832 846 1832 843 1833 969 1833 840 1833 971 1834 969 1834 843 1834 969 1835 966 1835 840 1835 966 1836 965 1836 840 1836 840 1837 965 1837 839 1837 965 1838 963 1838 839 1838 839 1839 963 1839 837 1839 963 1840 960 1840 837 1840 837 1841 960 1841 834 1841 960 1842 959 1842 834 1842 834 1843 959 1843 833 1843 959 1844 957 1844 833 1844 833 1845 957 1845 831 1845 957 1846 955 1846 831 1846 831 1847 955 1847 829 1847 829 1848 955 1848 827 1848 955 1849 953 1849 827 1849 953 1850 951 1850 827 1850 827 1851 951 1851 825 1851 951 1852 949 1852 825 1852 825 1853 949 1853 823 1853 823 1854 949 1854 821 1854 949 1855 947 1855 821 1855 947 1856 945 1856 821 1856 821 1857 945 1857 819 1857 819 1858 943 1858 817 1858 945 1859 943 1859 819 1859 817 1860 943 1860 815 1860 943 1861 941 1861 815 1861 941 1862 939 1862 815 1862 815 1863 939 1863 813 1863 813 1864 937 1864 811 1864 811 1865 937 1865 809 1865 939 1866 937 1866 813 1866 937 1867 935 1867 809 1867 809 1868 933 1868 807 1868 935 1869 933 1869 809 1869 807 1870 931 1870 805 1870 933 1871 931 1871 807 1871 805 1872 929 1872 803 1872 803 1873 929 1873 801 1873 931 1874 929 1874 805 1874 929 1875 927 1875 801 1875 801 1876 925 1876 799 1876 927 1877 925 1877 801 1877 799 1878 923 1878 797 1878 797 1879 923 1879 795 1879 925 1880 923 1880 799 1880 923 1881 921 1881 795 1881 795 1882 919 1882 793 1882 921 1883 919 1883 795 1883 793 1884 917 1884 791 1884 791 1885 917 1885 789 1885 919 1886 917 1886 793 1886 917 1887 915 1887 789 1887 915 1888 913 1888 789 1888 789 1889 913 1889 787 1889 913 1890 911 1890 787 1890 787 1891 911 1891 785 1891 785 1892 911 1892 783 1892 911 1893 909 1893 783 1893 909 1894 907 1894 783 1894 783 1895 907 1895 781 1895 781 1896 907 1896 779 1896 907 1897 905 1897 779 1897 905 1898 903 1898 779 1898 779 1899 903 1899 777 1899 777 1900 903 1900 775 1900 903 1901 901 1901 775 1901 901 1902 899 1902 775 1902 775 1903 899 1903 773 1903 899 1904 897 1904 773 1904 773 1905 897 1905 771 1905 897 1906 895 1906 771 1906 771 1907 895 1907 769 1907 895 1908 893 1908 769 1908 769 1909 893 1909 767 1909 893 1910 891 1910 767 1910 767 1911 891 1911 765 1911 765 1912 891 1912 763 1912 891 1913 889 1913 763 1913 889 1914 887 1914 763 1914 763 1915 887 1915 761 1915 887 1916 885 1916 761 1916 761 1917 885 1917 759 1917 759 1918 885 1918 757 1918 885 1919 883 1919 757 1919 883 1920 882 1920 757 1920 757 1921 882 1921 756 1921 882 1922 884 1922 756 1922 756 1923 884 1923 758 1923 758 1924 884 1924 760 1924 884 1925 886 1925 760 1925 886 1926 888 1926 760 1926 760 1927 888 1927 762 1927 762 1928 890 1928 764 1928 888 1929 890 1929 762 1929 764 1930 890 1930 766 1930 890 1931 892 1931 766 1931 766 1932 894 1932 768 1932 768 1933 894 1933 770 1933 892 1934 894 1934 766 1934 894 1935 896 1935 770 1935 770 1936 898 1936 772 1936 896 1937 898 1937 770 1937 898 1938 900 1938 772 1938 772 1939 900 1939 774 1939 900 1940 902 1940 774 1940 774 1941 902 1941 776 1941 902 1942 904 1942 776 1942 776 1943 904 1943 778 1943 904 1944 906 1944 778 1944 778 1945 906 1945 780 1945 780 1946 906 1946 782 1946 906 1947 908 1947 782 1947 908 1948 910 1948 782 1948 782 1949 910 1949 784 1949 910 1950 912 1950 784 1950 784 1951 912 1951 786 1951 912 1952 914 1952 786 1952 786 1953 914 1953 788 1953 788 1954 914 1954 790 1954 914 1955 916 1955 790 1955 916 1956 918 1956 790 1956 790 1957 918 1957 792 1957 792 1958 918 1958 794 1958 918 1959 920 1959 794 1959 920 1960 922 1960 794 1960 794 1961 922 1961 796 1961 796 1962 924 1962 798 1962 798 1963 924 1963 800 1963 922 1964 924 1964 796 1964 800 1965 926 1965 802 1965 924 1966 926 1966 800 1966 926 1967 928 1967 802 1967 802 1968 930 1968 804 1968 928 1969 930 1969 802 1969 804 1970 932 1970 806 1970 930 1971 932 1971 804 1971 806 1972 934 1972 808 1972 932 1973 934 1973 806 1973 808 1974 936 1974 810 1974 934 1975 936 1975 808 1975 810 1976 938 1976 812 1976 936 1977 938 1977 810 1977 812 1978 940 1978 814 1978 814 1979 940 1979 816 1979 938 1980 940 1980 812 1980 940 1981 942 1981 816 1981 816 1982 944 1982 818 1982 942 1983 944 1983 816 1983 818 1984 946 1984 820 1984 820 1985 946 1985 822 1985 944 1986 946 1986 818 1986 822 1987 948 1987 824 1987 946 1988 948 1988 822 1988 948 1989 950 1989 824 1989 950 1990 952 1990 824 1990 824 1991 952 1991 826 1991 826 1992 952 1992 828 1992 952 1993 954 1993 828 1993 828 1994 956 1994 830 1994 954 1995 956 1995 828 1995 830 1996 958 1996 832 1996 956 1997 958 1997 830 1997 832 1998 958 1998 835 1998 958 1999 961 1999 835 1999 835 2000 962 2000 836 2000 961 2001 962 2001 835 2001 836 2002 964 2002 838 2002 962 2003 964 2003 836 2003 838 2004 967 2004 841 2004 841 2005 967 2005 842 2005 964 2006 967 2006 838 2006 967 2007 968 2007 842 2007 842 2008 970 2008 844 2008 968 2009 970 2009 842 2009 844 2010 973 2010 847 2010 970 2011 973 2011 844 2011 847 2012 974 2012 848 2012 973 2013 974 2013 847 2013 848 2014 976 2014 850 2014 974 2015 976 2015 848 2015</p>
        </triangles>
      </mesh>
    </geometry>
  </library_geometries>
  <library_materials>
    <material id="mat_Body002" name="Body002">
      <instance_effect url="#effect_Body002"/>
    </material>
  </library_materials>
  <library_visual_scenes>
    <visual_scene id="scene">
      <node id="node0" name="node0">
        <instance_geometry url="#geometry0">
          <bind_material>
            <technique_common>
              <instance_material symbol="ref_Body002" target="#mat_Body002"/>
            </technique_common>
          </bind_material>
        </instance_geometry>
      </node>
    </visual_scene>
  </library_visual_scenes>
  <scene>
    <instance_visual_scene url="#scene"/>
  </scene>
</COLLADA>
