<COLLADA xmlns="http://www.collada.org/2005/11/COLLADASchema" version="1.4.1">
  <asset>
    <contributor/>
    <created>2026-10-08T20:06:46.016602</created>
    <modified>2026-10-08T20:06:46.016602</modified>
    <unit name="meter" meter="1.0"/>
    <up_axis>Z_UP</up_axis>
  </asset>
  <library_effects>
    <effect id="effect_Body012" name="effect_Body012">
      <profile_COMMON>
        <technique sid="common">
          <phong>
            <emission>
              <color>0.0 0.0 0.0 1.0</color>
            </emission>
            <ambient>
              <color>0.0 0.0 0.0 1.0</color>
            </ambient>
            <diffuse>
              <color>0.4470588266849518 0.4745098054409027 0.501960813999176 1.0</color>
            </diffuse>
            <specular>
              <color>1 1 1 1.0</color>
            </specular>
            <shininess>
              <float>0.0</float>
            </shininess>
            <reflective>
              <color>0.0 0.0 0.0 1.0</color>
            </reflective>
            <reflectivity>
              <float>0.0</float>
            </reflectivity>
            <transparent>
              <color>0.0 0.0 0.0 1.0</color>
            </transparent>
            <transparency>
              <float>1.0</float>
            </transparency>
          </phong>
        </technique>
        <extra>
          <technique profile="GOOGLEEARTH">
            <double_sided>0</double_sided>
          </technique>
        </extra>
      </profile_COMMON>
    </effect>
  </library_effects>
  <library_geometries>
    <geometry id="geometry0" name="J3_Spindle">
      <mesh>
        <source id="cubeverts-array0">
          <float_array count="3024" id="cubeverts-array0-array">0.03 0 0 0.02996271 0.001495377 0 0.03 0 0.02 0.02996271 0.001495377 0.02 0.02985092 0.002987036 0.02 0.02985092 0.002987036 0 0.02966492 0.004471268 0.02 0.02966492 0.004471268 0 0.02940517 0.005944384 0 0.02940517 0.005944384 0.02 0.02907232 0.007402722 0.02 0.02907232 0.007402722 0 0.02866718 0.008842655 0 0.02866718 0.008842655 0.02 0.02819078 0.0102606 0 0.02819078 0.0102606 0.02 0.02764429 0.01165304 0.02 0.02764429 0.01165304 0 0.02702907 0.01301651 0 0.02702907 0.01301651 0.02 0.02634665 0.01434762 0 0.02634665 0.01434762 0.02 0.02559873 0.01564306 0 0.02559873 0.01564306 0.02 0.02478716 0.0168996 0.02 0.02478716 0.0168996 0 0.02391397 0.01811413 0 0.02391397 0.01811413 0.02 0.02298133 0.01928363 0 0.02298133 0.01928363 0.02 0.02199156 0.02040518 0 0.02199156 0.02040518 0.02 0.02094711 0.02147601 0.02 0.02094711 0.02147601 0 0.01985057 0.02249344 0 0.01985057 0.02249344 0.02 0.01870469 0.02345494 0 0.01870469 0.02345494 0.02 0.01751231 0.02435814 0.02 0.01751231 0.02435814 0 0.01627639 0.02520078 0 0.01627639 0.02520078 0.02 0.015 0.02598076 0 0.015 0.02598076 0.02 0.01368632 0.02669615 0 0.01368632 0.02669615 0.02 0.01233861 0.02734517 0 0.01233861 0.02734517 0.02 0.01096023 0.02792621 0 0.01096023 0.02792621 0.02 0.0095546 0.02843782 0 0.0095546 0.02843782 0.02 0.008125214 0.02887873 0 0.008125214 0.02887873 0.02 0.006675628 0.02924784 0 0.006675628 0.02924784 0.02 0.005209445 0.02954423 0 0.005209445 0.02954423 0.02 0.003730311 0.02976718 0.02 0.003730311 0.02976718 0 0.002241903 0.02991611 0 0.002241903 0.02991611 0.02 0.0007479208 0.02999067 0 0.0007479208 0.02999067 0.02 -0.0007479208 0.02999067 0 -0.0007479208 0.02999067 0.02 -0.002241903 0.02991611 0 -0.002241903 0.02991611 0.02 -0.003730311 0.02976718 0 -0.003730311 0.02976718 0.02 -0.005209445 0.02954423 0 -0.005209445 0.02954423 0.02 -0.006675628 0.02924784 0 -0.006675628 0.02924784 0.02 -0.008125214 0.02887873 0 -0.008125214 0.02887873 0.02 -0.0095546 0.02843782 0.02 -0.0095546 0.02843782 0 -0.01096023 0.02792621 0.02 -0.01096023 0.02792621 0 -0.01233861 0.02734517 0 -0.01233861 0.02734517 0.02 -0.01368632 0.02669615 0 -0.01368632 0.02669615 0.02 -0.015 0.02598076 0 -0.015 0.02598076 0.02 -0.01627639 0.02520078 0 -0.01627639 0.02520078 0.02 -0.01751231 0.02435814 0 -0.01751231 0.02435814 0.02 -0.01870469 0.02345494 0 -0.01870469 0.02345494 0.02 -0.01985057 0.02249344 0 -0.01985057 0.02249344 0.02 -0.02094711 0.02147601 0.02 -0.02094711 0.02147601 0 -0.02199156 0.02040518 0 -0.02199156 0.02040518 0.02 -0.02298133 0.01928363 0 -0.02298133 0.01928363 0.02 -0.02391397 0.01811413 0 -0.02391397 0.01811413 0.02 -0.02478716 0.0168996 0.02 -0.02478716 0.0168996 0 -0.02559873 0.01564306 0 -0.02559873 0.01564306 0.02 -0.02634665 0.01434762 0.02 -0.02634665 0.01434762 0 -0.02702907 0.01301651 0 -0.02702907 0.01301651 0.02 -0.02764429 0.01165304 0.02 -0.02764429 0.01165304 0 -0.02819078 0.0102606 0 -0.02819078 0.0102606 0.02 -0.02866718 0.008842655 0 -0.02866718 0.008842655 0.02 -0.02907232 0.007402722 0.02 -0.02907232 0.007402722 0 -0.02940517 0.005944384 0 -0.02940517 0.005944384 0.02 -0.02966492 0.004471268 0 -0.02966492 0.004471268 0.02 -0.02985092 0.002987036 0 -0.02985092 0.002987036 0.02 -0.02996271 0.001495377 0 -0.02996271 0.001495377 0.02 -0.03 -1.029075e-16 0.02 -0.03 -1.029075e-16 0 -0.02996271 -0.001495377 0.02 -0.02996271 -0.001495377 0 -0.02985092 -0.002987036 0 -0.02985092 -0.002987036 0.02 -0.02966492 -0.004471268 0.02 -0.02966492 -0.004471268 0 -0.02940517 -0.005944384 0.02 -0.02940517 -0.005944384 0 -0.02907232 -0.007402722 0.02 -0.02907232 -0.007402722 0 -0.02866718 -0.008842655 0 -0.02866718 -0.008842655 0.02 -0.02819078 -0.0102606 0.02 -0.02819078 -0.0102606 0 -0.02764429 -0.01165304 0.02 -0.02764429 -0.01165304 0 -0.02702907 -0.01301651 0 -0.02702907 -0.01301651 0.02 -0.02634665 -0.01434762 0.02 -0.02634665 -0.01434762 0 -0.02559873 -0.01564306 0 -0.02559873 -0.01564306 0.02 -0.02478716 -0.0168996 0 -0.02478716 -0.0168996 0.02 -0.02391397 -0.01811413 0 -0.02391397 -0.01811413 0.02 -0.02298133 -0.01928363 0.02 -0.02298133 -0.01928363 0 -0.02199156 -0.02040518 0 -0.02199156 -0.02040518 0.02 -0.02094711 -0.02147601 0 -0.02094711 -0.02147601 0.02 -0.01985057 -0.02249344 0.02 -0.01985057 -0.02249344 0 -0.01870469 -0.02345494 0 -0.01870469 -0.02345494 0.02 -0.01751231 -0.02435814 0 -0.01751231 -0.02435814 0.02 -0.01627639 -0.02520078 0 -0.01627639 -0.02520078 0.02 -0.015 -0.02598076 0.02 -0.015 -0.02598076 0 -0.01368632 -0.02669615 0 -0.01368632 -0.02669615 0.02 -0.01233861 -0.02734517 0 -0.01233861 -0.02734517 0.02 -0.01096023 -0.02792621 0 -0.01096023 -0.02792621 0.02 -0.0095546 -0.02843782 0 -0.0095546 -0.02843782 0.02 -0.008125214 -0.02887873 0 -0.008125214 -0.02887873 0.02 -0.006675628 -0.02924784 0 -0.006675628 -0.02924784 0.02 -0.005209445 -0.02954423 0 -0.005209445 -0.02954423 0.02 -0.003730311 -0.02976718 0.02 -0.003730311 -0.02976718 0 -0.002241903 -0.02991611 0 -0.002241903 -0.02991611 0.02 -0.0007479208 -0.02999067 0 -0.0007479208 -0.02999067 0.02 0.0007479208 -0.02999067 0 0.0007479208 -0.02999067 0.02 0.002241903 -0.02991611 0 0.002241903 -0.02991611 0.02 0.003730311 -0.02976718 0 0.003730311 -0.02976718 0.02 0.005209445 -0.02954423 0 0.005209445 -0.02954423 0.02 0.006675628 -0.02924784 0 0.006675628 -0.02924784 0.02 0.008125214 -0.02887873 0 0.008125214 -0.02887873 0.02 0.0095546 -0.02843782 0 0.0095546 -0.02843782 0.02 0.01096023 -0.02792621 0 0.01096023 -0.02792621 0.02 0.01233861 -0.02734517 0 0.01233861 -0.02734517 0.02 0.01368632 -0.02669615 0 0.01368632 -0.02669615 0.02 0.015 -0.02598076 0.02 0.015 -0.02598076 0 0.01627639 -0.02520078 0 0.01627639 -0.02520078 0.02 0.01751231 -0.02435814 0 0.01751231 -0.02435814 0.02 0.01870469 -0.02345494 0 0.01870469 -0.02345494 0.02 0.01985057 -0.02249344 0 0.01985057 -0.02249344 0.02 0.02094711 -0.02147601 0 0.02094711 -0.02147601 0.02 0.02199156 -0.02040518 0 0.02199156 -0.02040518 0.02 0.02298133 -0.01928363 0 0.02298133 -0.01928363 0.02 0.02391397 -0.01811413 0 0.02391397 -0.01811413 0.02 0.02478716 -0.0168996 0 0.02478716 -0.0168996 0.02 0.02559873 -0.01564306 0 0.02559873 -0.01564306 0.02 0.02634665 -0.01434762 0 0.02634665 -0.01434762 0.02 0.02702907 -0.01301651 0 0.02702907 -0.01301651 0.02 0.02764429 -0.01165304 0 0.02764429 -0.01165304 0.02 0.02819078 -0.0102606 0 0.02819078 -0.0102606 0.02 0.02866718 -0.008842655 0.02 0.02866718 -0.008842655 0 0.02907232 -0.007402722 0 0.02907232 -0.007402722 0.02 0.02940517 -0.005944384 0 0.02940517 -0.005944384 0.02 0.02966492 -0.004471268 0 0.02966492 -0.004471268 0.02 0.02985092 -0.002987036 0 0.02985092 -0.002987036 0.02 0.02996271 -0.001495377 0 0.02996271 -0.001495377 0.02 -0.01815416 -0.01861254 0.02 -0.01905935 -0.01768449 0.02 -0.01720383 -0.01949431 0.02 -0.01991716 -0.01671248 0.02 -0.01621074 -0.02032762 0.02 -0.02072544 -0.01569891 0.02 -0.01517734 -0.02111039 0.02 -0.02148221 -0.01464632 0.02 -0.0141062 -0.02184067 0.02 -0.02218556 -0.01355731 0.02 -0.013 -0.02251666 0.02 -0.02283376 -0.0124346 0.02 -0.01186148 -0.02313667 0.02 -0.02342519 -0.01128098 0.02 -0.01069346 -0.02369915 0.02 -0.02395838 -0.01009931 0.02 -0.009498867 -0.02420272 0.02 -0.02443201 -0.008892524 0.02 -0.008280653 -0.02464611 0.02 -0.02484489 -0.007663634 0.02 -0.007041852 -0.02502823 0.02 -0.02519601 -0.006415692 0.02 -0.005785544 -0.02534813 0.02 -0.02548449 -0.0051518 0.02 -0.004514853 -0.025605 0.02 -0.0257096 -0.003875099 0.02 -0.003232936 -0.02579822 0.02 -0.0258708 -0.002588764 0.02 -0.001942982 -0.0259273 0.02 -0.02596768 -0.001295993 0.02 -0.000648198 -0.02599192 0.02 -0.026 -8.918647e-17 0.02 0.000648198 -0.02599192 0.02 -0.02596768 0.001295993 0.02 0.001942982 -0.0259273 0.02 -0.0258708 0.002588764 0.02 0.003232936 -0.02579822 0.02 -0.0257096 0.003875099 0.02 0.004514853 -0.025605 0.02 -0.02548449 0.0051518 0.02 0.005785544 -0.02534813 0.02 -0.02519601 0.006415692 0.02 0.007041852 -0.02502823 0.02 -0.02484489 0.007663634 0.02 0.008280653 -0.02464611 0.02 -0.02443201 0.008892524 0.02 0.009498867 -0.02420272 0.02 -0.02395838 0.01009931 0.02 0.01069346 -0.02369915 0.02 -0.02342519 0.01128098 0.02 0.01186148 -0.02313667 0.02 -0.02283376 0.0124346 0.02 0.013 -0.02251666 0.02 -0.02218556 0.01355731 0.02 0.0141062 -0.02184067 0.02 -0.02148221 0.01464632 0.02 0.01517734 -0.02111039 0.02 -0.02072544 0.01569891 0.02 0.01621074 -0.02032762 0.02 -0.01991716 0.01671248 0.02 0.01720383 -0.01949431 0.02 -0.01905935 0.01768449 0.02 0.01815416 -0.01861254 0.02 -0.01815416 0.01861254 0.02 0.01905935 -0.01768449 0.02 -0.01720383 0.01949431 0.02 0.01991716 -0.01671248 0.02 -0.01621074 0.02032762 0.02 0.02072544 -0.01569891 0.02 -0.01517734 0.02111039 0.02 0.02148221 -0.01464632 0.02 -0.0141062 0.02184067 0.02 0.02218556 -0.01355731 0.02 0.02283376 -0.0124346 0.02 -0.013 0.02251666 0.02 -0.01186148 0.02313667 0.02 0.02342519 -0.01128098 0.02 0.02395838 -0.01009931 0.02 -0.01069346 0.02369915 0.02 0.02443201 -0.008892524 0.02 -0.009498867 0.02420272 0.02 -0.008280653 0.02464611 0.02 -0.007041852 0.02502823 0.02 0.02484489 -0.007663634 0.02 0.02519601 -0.006415692 0.02 0.02548449 -0.0051518 0.02 -0.005785544 0.02534813 0.02 -0.004514853 0.025605 0.02 0.0257096 -0.003875099 0.02 0.0258708 -0.002588764 0.02 -0.003232936 0.02579822 0.02 -0.001942982 0.0259273 0.02 -0.000648198 0.02599192 0.02 0.02596768 -0.001295993 0.02 0.026 0 0.02 0.02596768 0.001295993 0.02 0.000648198 0.02599192 0.02 0.001942982 0.0259273 0.02 0.0258708 0.002588764 0.02 0.0257096 0.003875099 0.02 0.003232936 0.02579822 0.02 0.004514853 0.025605 0.02 0.02548449 0.0051518 0.02 0.005785544 0.02534813 0.02 0.02519601 0.006415692 0.02 0.02484489 0.007663634 0.02 0.007041852 0.02502823 0.02 0.008280653 0.02464611 0.02 0.02443201 0.008892524 0.02 0.009498867 0.02420272 0.02 0.01069346 0.02369915 0.02 0.02395838 0.01009931 0.02 0.02342519 0.01128098 0.02 0.01186148 0.02313667 0.02 0.013 0.02251666 0.02 0.02283376 0.0124346 0.02 0.02218556 0.01355731 0.02 0.0141062 0.02184067 0.02 0.02148221 0.01464632 0.02 0.01517734 0.02111039 0.02 0.02072544 0.01569891 0.02 0.01991716 0.01671248 0.02 0.01621074 0.02032762 0.02 0.01720383 0.01949431 0.02 0.01905935 0.01768449 0.02 0.01815416 0.01861254 0.02 0.026 0 0.004 0.02596768 0.001295993 0.004 0.0258708 0.002588764 0.004 0.0257096 0.003875099 0.004 0.02548449 0.0051518 0.004 0.02519601 0.006415692 0.004 0.02484489 0.007663634 0.004 0.02443201 0.008892524 0.004 0.02395838 0.01009931 0.004 0.02342519 0.01128098 0.004 0.02283376 0.0124346 0.004 0.02218556 0.01355731 0.004 0.02148221 0.01464632 0.004 0.02072544 0.01569891 0.004 0.01991716 0.01671248 0.004 0.01905935 0.01768449 0.004 0.01815416 0.01861254 0.004 0.01720383 0.01949431 0.004 0.01621074 0.02032762 0.004 0.01517734 0.02111039 0.004 0.0141062 0.02184067 0.004 0.013 0.02251666 0.004 0.01186148 0.02313667 0.004 0.01069346 0.02369915 0.004 0.009498867 0.02420272 0.004 0.008280653 0.02464611 0.004 0.007041852 0.02502823 0.004 0.005785544 0.02534813 0.004 0.004514853 0.025605 0.004 0.003232936 0.02579822 0.004 0.001942982 0.0259273 0.004 0.000648198 0.02599192 0.004 -0.000648198 0.02599192 0.004 -0.001942982 0.0259273 0.004 -0.003232936 0.02579822 0.004 -0.004514853 0.025605 0.004 -0.005785544 0.02534813 0.004 -0.007041852 0.02502823 0.004 -0.008280653 0.02464611 0.004 -0.009498867 0.02420272 0.004 -0.01069346 0.02369915 0.004 -0.01186148 0.02313667 0.004 -0.013 0.02251666 0.004 -0.0141062 0.02184067 0.004 -0.01517734 0.02111039 0.004 -0.01621074 0.02032762 0.004 -0.01720383 0.01949431 0.004 -0.01815416 0.01861254 0.004 -0.01905935 0.01768449 0.004 -0.01991716 0.01671248 0.004 -0.02072544 0.01569891 0.004 -0.02148221 0.01464632 0.004 -0.02218556 0.01355731 0.004 -0.02283376 0.0124346 0.004 -0.02342519 0.01128098 0.004 -0.02395838 0.01009931 0.004 -0.02443201 0.008892524 0.004 -0.02484489 0.007663634 0.004 -0.02519601 0.006415692 0.004 -0.02548449 0.0051518 0.004 -0.0257096 0.003875099 0.004 -0.0258708 0.002588764 0.004 -0.02596768 0.001295993 0.004 -0.026 -8.918647e-17 0.004 -0.02596768 -0.001295993 0.004 -0.0258708 -0.002588764 0.004 -0.0257096 -0.003875099 0.004 -0.02548449 -0.0051518 0.004 -0.02519601 -0.006415692 0.004 -0.02484489 -0.007663634 0.004 -0.02443201 -0.008892524 0.004 -0.02395838 -0.01009931 0.004 -0.02342519 -0.01128098 0.004 -0.02283376 -0.0124346 0.004 -0.02218556 -0.01355731 0.004 -0.02148221 -0.01464632 0.004 -0.02072544 -0.01569891 0.004 -0.01991716 -0.01671248 0.004 -0.01905935 -0.01768449 0.004 -0.01815416 -0.01861254 0.004 -0.01720383 -0.01949431 0.004 -0.01621074 -0.02032762 0.004 -0.01517734 -0.02111039 0.004 -0.0141062 -0.02184067 0.004 -0.013 -0.02251666 0.004 -0.01186148 -0.02313667 0.004 -0.01069346 -0.02369915 0.004 -0.009498867 -0.02420272 0.004 -0.008280653 -0.02464611 0.004 -0.007041852 -0.02502823 0.004 -0.005785544 -0.02534813 0.004 -0.004514853 -0.025605 0.004 -0.003232936 -0.02579822 0.004 -0.001942982 -0.0259273 0.004 -0.000648198 -0.02599192 0.004 0.000648198 -0.02599192 0.004 0.001942982 -0.0259273 0.004 0.003232936 -0.02579822 0.004 0.004514853 -0.025605 0.004 0.005785544 -0.02534813 0.004 0.007041852 -0.02502823 0.004 0.008280653 -0.02464611 0.004 0.009498867 -0.02420272 0.004 0.01069346 -0.02369915 0.004 0.01186148 -0.02313667 0.004 0.013 -0.02251666 0.004 0.0141062 -0.02184067 0.004 0.01517734 -0.02111039 0.004 0.01621074 -0.02032762 0.004 0.01720383 -0.01949431 0.004 0.01815416 -0.01861254 0.004 0.01905935 -0.01768449 0.004 0.01991716 -0.01671248 0.004 0.02072544 -0.01569891 0.004 0.02148221 -0.01464632 0.004 0.02218556 -0.01355731 0.004 0.02283376 -0.0124346 0.004 0.02342519 -0.01128098 0.004 0.02395838 -0.01009931 0.004 0.02443201 -0.008892524 0.004 0.02484489 -0.007663634 0.004 0.02519601 -0.006415692 0.004 0.02548449 -0.0051518 0.004 0.0257096 -0.003875099 0.004 0.0258708 -0.002588764 0.004 0.02596768 -0.001295993 0.004 -0.007330519 -0.006801727 0.004 -0.006982368 -0.007158669 0.004 -0.006616858 -0.007497812 0.004 -0.007660444 -0.006427876 0.004 -0.006234898 -0.007818315 0.004 -0.007971325 -0.006038044 0.004 -0.005837437 -0.00811938 0.004 -0.008262387 -0.005633201 0.004 -0.005425463 -0.008400259 0.004 -0.008532908 -0.005214352 0.004 -0.005 -0.008660254 0.004 -0.008782216 -0.00478254 0.004 -0.004562107 -0.008898718 0.004 -0.009009688 -0.004338838 0.004 -0.004112871 -0.009115059 0.004 -0.009214762 -0.003884348 0.004 -0.00365341 -0.009308738 0.004 -0.009396926 -0.003420202 0.004 -0.003184866 -0.009479274 0.004 -0.009555728 -0.002947552 0.004 -0.002708405 -0.009626243 0.004 -0.009690773 -0.002467574 0.004 -0.002225209 -0.009749279 0.004 -0.009801724 -0.001981461 0.004 -0.001736482 -0.009848078 0.004 -0.009888309 -0.001490423 0.004 -0.001243437 -0.009922392 0.004 -0.009950308 -0.0009956785 0.004 -0.0007473009 -0.009972038 0.004 -0.009987569 -0.0004984589 0.004 -0.0002493069 -0.009996892 0.004 -0.01 -3.430249e-17 0.004 0.0002493069 -0.009996892 0.004 -0.009987569 0.0004984589 0.004 0.0007473009 -0.009972038 0.004 -0.009950308 0.0009956785 0.004 0.001243437 -0.009922392 0.004 -0.009888309 0.001490423 0.004 0.001736482 -0.009848078 0.004 -0.009801724 0.001981461 0.004 0.002225209 -0.009749279 0.004 -0.009690773 0.002467574 0.004 0.002708405 -0.009626243 0.004 -0.009555728 0.002947552 0.004 0.003184866 -0.009479274 0.004 -0.009396926 0.003420202 0.004 0.00365341 -0.009308738 0.004 -0.009214762 0.003884348 0.004 0.004112871 -0.009115059 0.004 -0.009009688 0.004338838 0.004 0.004562107 -0.008898718 0.004 -0.008782216 0.00478254 0.004 0.005 -0.008660254 0.004 -0.008532908 0.005214352 0.004 0.005425463 -0.008400259 0.004 -0.008262387 0.005633201 0.004 0.005837437 -0.00811938 0.004 -0.007971325 0.006038044 0.004 0.006234898 -0.007818315 0.004 -0.007660444 0.006427876 0.004 0.006616858 -0.007497812 0.004 -0.007330519 0.006801727 0.004 0.006982368 -0.007158669 0.004 -0.006982368 0.007158669 0.004 0.007330519 -0.006801727 0.004 0.007660444 -0.006427876 0.004 -0.006616858 0.007497812 0.004 0.007971325 -0.006038044 0.004 -0.006234898 0.007818315 0.004 -0.005837437 0.00811938 0.004 0.008262387 -0.005633201 0.004 -0.005425463 0.008400259 0.004 0.008532908 -0.005214352 0.004 0.008782216 -0.00478254 0.004 -0.005 0.008660254 0.004 -0.004562107 0.008898718 0.004 0.009009688 -0.004338838 0.004 0.009214762 -0.003884348 0.004 -0.004112871 0.009115059 0.004 -0.00365341 0.009308738 0.004 0.009396926 -0.003420202 0.004 -0.003184866 0.009479274 0.004 -0.002708405 0.009626243 0.004 0.009555728 -0.002947552 0.004 0.009690773 -0.002467574 0.004 -0.002225209 0.009749279 0.004 -0.001736482 0.009848078 0.004 0.009801724 -0.001981461 0.004 0.009888309 -0.001490423 0.004 -0.001243437 0.009922392 0.004 0.009950308 -0.0009956785 0.004 -0.0007473009 0.009972038 0.004 -0.0002493069 0.009996892 0.004 0.009987569 -0.0004984589 0.004 0.01 0 0.004 0.009987569 0.0004984589 0.004 0.0002493069 0.009996892 0.004 0.0007473009 0.009972038 0.004 0.001243437 0.009922392 0.004 0.009950308 0.0009956785 0.004 0.001736482 0.009848078 0.004 0.009888309 0.001490423 0.004 0.009801724 0.001981461 0.004 0.002225209 0.009749279 0.004 0.009690773 0.002467574 0.004 0.009555728 0.002947552 0.004 0.002708405 0.009626243 0.004 0.003184866 0.009479274 0.004 0.00365341 0.009308738 0.004 0.009396926 0.003420202 0.004 0.009214762 0.003884348 0.004 0.004112871 0.009115059 0.004 0.009009688 0.004338838 0.004 0.004562107 0.008898718 0.004 0.005 0.008660254 0.004 0.008782216 0.00478254 0.004 0.008532908 0.005214352 0.004 0.005425463 0.008400259 0.004 0.005837437 0.00811938 0.004 0.008262387 0.005633201 0.004 0.007971325 0.006038044 0.004 0.007660444 0.006427876 0.004 0.006234898 0.007818315 0.004 0.006616858 0.007497812 0.004 0.006982368 0.007158669 0.004 0.007330519 0.006801727 0.004 0.01 0 0.014 0.009987569 0.0004984589 0.014 0.009950308 0.0009956785 0.014 0.009888309 0.001490423 0.014 0.009801724 0.001981461 0.014 0.009690773 0.002467574 0.014 0.009555728 0.002947552 0.014 0.009396926 0.003420202 0.014 0.009214762 0.003884348 0.014 0.009009688 0.004338838 0.014 0.008782216 0.00478254 0.014 0.008532908 0.005214352 0.014 0.008262387 0.005633201 0.014 0.007971325 0.006038044 0.014 0.007660444 0.006427876 0.014 0.007330519 0.006801727 0.014 0.006982368 0.007158669 0.014 0.006616858 0.007497812 0.014 0.006234898 0.007818315 0.014 0.005837437 0.00811938 0.014 0.005425463 0.008400259 0.014 0.005 0.008660254 0.014 0.004562107 0.008898718 0.014 0.004112871 0.009115059 0.014 0.00365341 0.009308738 0.014 0.003184866 0.009479274 0.014 0.002708405 0.009626243 0.014 0.002225209 0.009749279 0.014 0.001736482 0.009848078 0.014 0.001243437 0.009922392 0.014 0.0007473009 0.009972038 0.014 0.0002493069 0.009996892 0.014 -0.0002493069 0.009996892 0.014 -0.0007473009 0.009972038 0.014 -0.001243437 0.009922392 0.014 -0.001736482 0.009848078 0.014 -0.002225209 0.009749279 0.014 -0.002708405 0.009626243 0.014 -0.003184866 0.009479274 0.014 -0.00365341 0.009308738 0.014 -0.004112871 0.009115059 0.014 -0.004562107 0.008898718 0.014 -0.005 0.008660254 0.014 -0.005425463 0.008400259 0.014 -0.005837437 0.00811938 0.014 -0.006234898 0.007818315 0.014 -0.006616858 0.007497812 0.014 -0.006982368 0.007158669 0.014 -0.007330519 0.006801727 0.014 -0.007660444 0.006427876 0.014 -0.007971325 0.006038044 0.014 -0.008262387 0.005633201 0.014 -0.008532908 0.005214352 0.014 -0.008782216 0.00478254 0.014 -0.009009688 0.004338838 0.014 -0.009214762 0.003884348 0.014 -0.009396926 0.003420202 0.014 -0.009555728 0.002947552 0.014 -0.009690773 0.002467574 0.014 -0.009801724 0.001981461 0.014 -0.009888309 0.001490423 0.014 -0.009950308 0.0009956785 0.014 -0.009987569 0.0004984589 0.014 -0.01 -3.430249e-17 0.014 -0.009987569 -0.0004984589 0.014 -0.009950308 -0.0009956785 0.014 -0.009888309 -0.001490423 0.014 -0.009801724 -0.001981461 0.014 -0.009690773 -0.002467574 0.014 -0.009555728 -0.002947552 0.014 -0.009396926 -0.003420202 0.014 -0.009214762 -0.003884348 0.014 -0.009009688 -0.004338838 0.014 -0.008782216 -0.00478254 0.014 -0.008532908 -0.005214352 0.014 -0.008262387 -0.005633201 0.014 -0.007971325 -0.006038044 0.014 -0.007660444 -0.006427876 0.014 -0.007330519 -0.006801727 0.014 -0.006982368 -0.007158669 0.014 -0.006616858 -0.007497812 0.014 -0.006234898 -0.007818315 0.014 -0.005837437 -0.00811938 0.014 -0.005425463 -0.008400259 0.014 -0.005 -0.008660254 0.014 -0.004562107 -0.008898718 0.014 -0.004112871 -0.009115059 0.014 -0.00365341 -0.009308738 0.014 -0.003184866 -0.009479274 0.014 -0.002708405 -0.009626243 0.014 -0.002225209 -0.009749279 0.014 -0.001736482 -0.009848078 0.014 -0.001243437 -0.009922392 0.014 -0.0007473009 -0.009972038 0.014 -0.0002493069 -0.009996892 0.014 0.0002493069 -0.009996892 0.014 0.0007473009 -0.009972038 0.014 0.001243437 -0.009922392 0.014 0.001736482 -0.009848078 0.014 0.002225209 -0.009749279 0.014 0.002708405 -0.009626243 0.014 0.003184866 -0.009479274 0.014 0.00365341 -0.009308738 0.014 0.004112871 -0.009115059 0.014 0.004562107 -0.008898718 0.014 0.005 -0.008660254 0.014 0.005425463 -0.008400259 0.014 0.005837437 -0.00811938 0.014 0.006234898 -0.007818315 0.014 0.006616858 -0.007497812 0.014 0.006982368 -0.007158669 0.014 0.007330519 -0.006801727 0.014 0.007660444 -0.006427876 0.014 0.007971325 -0.006038044 0.014 0.008262387 -0.005633201 0.014 0.008532908 -0.005214352 0.014 0.008782216 -0.00478254 0.014 0.009009688 -0.004338838 0.014 0.009214762 -0.003884348 0.014 0.009396926 -0.003420202 0.014 0.009555728 -0.002947552 0.014 0.009690773 -0.002467574 0.014 0.009801724 -0.001981461 0.014 0.009888309 -0.001490423 0.014 0.009950308 -0.0009956785 0.014 0.009987569 -0.0004984589 0.014 -0.005864415 -0.005441382 0.014 -0.005585895 -0.005726935 0.014 -0.005293487 -0.00599825 0.014 -0.006128356 -0.005142301 0.014 -0.004987918 -0.006254652 0.014 -0.00637706 -0.004830435 0.014 -0.00466995 -0.006495504 0.014 -0.00660991 -0.00450656 0.014 -0.00434037 -0.006720207 0.014 -0.006826327 -0.004171482 0.014 -0.004 -0.006928203 0.014 -0.007025773 -0.003826032 0.014 -0.003649685 -0.007118975 0.014 -0.007207751 -0.00347107 0.014 -0.003290297 -0.007292047 0.014 -0.007371809 -0.003107478 0.014 -0.002922728 -0.00744699 0.014 -0.007517541 -0.002736161 0.014 -0.002547893 -0.007583419 0.014 -0.007644582 -0.002358041 0.014 -0.002166724 -0.007700994 0.014 -0.007752618 -0.001974059 0.014 -0.001780167 -0.007799423 0.014 -0.00784138 -0.001585169 0.014 -0.001389185 -0.007878462 0.014 -0.007910646 -0.001192338 0.014 -0.0009947497 -0.007937913 0.014 -0.007960246 -0.0007965428 0.014 -0.0005978407 -0.007977631 0.014 -0.007990056 -0.0003987671 0.014 -0.0001994455 -0.007997513 0.014 -0.008 -2.744199e-17 0.014 0.0001994455 -0.007997513 0.014 -0.007990056 0.0003987671 0.014 0.0005978407 -0.007977631 0.014 -0.007960246 0.0007965428 0.014 0.0009947497 -0.007937913 0.014 -0.007910646 0.001192338 0.014 0.001389185 -0.007878462 0.014 -0.00784138 0.001585169 0.014 0.001780167 -0.007799423 0.014 -0.007752618 0.001974059 0.014 0.002166724 -0.007700994 0.014 -0.007644582 0.002358041 0.014 0.002547893 -0.007583419 0.014 -0.007517541 0.002736161 0.014 0.002922728 -0.00744699 0.014 -0.007371809 0.003107478 0.014 0.003290297 -0.007292047 0.014 -0.007207751 0.00347107 0.014 0.003649685 -0.007118975 0.014 -0.007025773 0.003826032 0.014 0.004 -0.006928203 0.014 -0.006826327 0.004171482 0.014 0.00434037 -0.006720207 0.014 -0.00660991 0.00450656 0.014 0.00466995 -0.006495504 0.014 -0.00637706 0.004830435 0.014 0.004987918 -0.006254652 0.014 -0.006128356 0.005142301 0.014 0.005293487 -0.00599825 0.014 -0.005864415 0.005441382 0.014 0.005585895 -0.005726935 0.014 -0.005585895 0.005726935 0.014 0.005864415 -0.005441382 0.014 -0.005293487 0.00599825 0.014 0.006128356 -0.005142301 0.014 -0.004987918 0.006254652 0.014 0.00637706 -0.004830435 0.014 -0.00466995 0.006495504 0.014 0.00660991 -0.00450656 0.014 -0.00434037 0.006720207 0.014 -0.004 0.006928203 0.014 0.006826327 -0.004171482 0.014 0.007025773 -0.003826032 0.014 -0.003649685 0.007118975 0.014 -0.003290297 0.007292047 0.014 0.007207751 -0.00347107 0.014 0.007371809 -0.003107478 0.014 -0.002922728 0.00744699 0.014 -0.002547893 0.007583419 0.014 0.007517541 -0.002736161 0.014 0.007644582 -0.002358041 0.014 -0.002166724 0.007700994 0.014 0.007752618 -0.001974059 0.014 -0.001780167 0.007799423 0.014 0.00784138 -0.001585169 0.014 0.007910646 -0.001192338 0.014 -0.001389185 0.007878462 0.014 0.007960246 -0.0007965428 0.014 -0.0009947497 0.007937913 0.014 -0.0005978407 0.007977631 0.014 0.007990056 -0.0003987671 0.014 -0.0001994455 0.007997513 0.014 0.008 0 0.014 0.0001994455 0.007997513 0.014 0.0005978407 0.007977631 0.014 0.007990056 0.0003987671 0.014 0.007960246 0.0007965428 0.014 0.0009947497 0.007937913 0.014 0.007910646 0.001192338 0.014 0.00784138 0.001585169 0.014 0.001389185 0.007878462 0.014 0.001780167 0.007799423 0.014 0.007752618 0.001974059 0.014 0.002166724 0.007700994 0.014 0.007644582 0.002358041 0.014 0.002547893 0.007583419 0.014 0.007517541 0.002736161 0.014 0.002922728 0.00744699 0.014 0.007371809 0.003107478 0.014 0.007207751 0.00347107 0.014 0.003290297 0.007292047 0.014 0.003649685 0.007118975 0.014 0.007025773 0.003826032 0.014 0.006826327 0.004171482 0.014 0.004 0.006928203 0.014 0.00434037 0.006720207 0.014 0.00466995 0.006495504 0.014 0.00660991 0.00450656 0.014 0.00637706 0.004830435 0.014 0.004987918 0.006254652 0.014 0.006128356 0.005142301 0.014 0.005864415 0.005441382 0.014 0.005293487 0.00599825 0.014 0.005585895 0.005726935 0.014 0.008 0 0.029 0.007990056 0.0003987671 0.029 0.007960246 0.0007965428 0.029 0.007910646 0.001192338 0.029 0.00784138 0.001585169 0.029 0.007752618 0.001974059 0.029 0.007644582 0.002358041 0.029 0.007517541 0.002736161 0.029 0.007371809 0.003107478 0.029 0.007207751 0.00347107 0.029 0.007025773 0.003826032 0.029 0.006826327 0.004171482 0.029 0.00660991 0.00450656 0.029 0.00637706 0.004830435 0.029 0.006128356 0.005142301 0.029 0.005864415 0.005441382 0.029 0.005585895 0.005726935 0.029 0.005293487 0.00599825 0.029 0.004987918 0.006254652 0.029 0.00466995 0.006495504 0.029 0.00434037 0.006720207 0.029 0.004 0.006928203 0.029 0.003649685 0.007118975 0.029 0.003290297 0.007292047 0.029 0.002922728 0.00744699 0.029 0.002547893 0.007583419 0.029 0.002166724 0.007700994 0.029 0.001780167 0.007799423 0.029 0.001389185 0.007878462 0.029 0.0009947497 0.007937913 0.029 0.0005978407 0.007977631 0.029 0.0001994455 0.007997513 0.029 -0.0001994455 0.007997513 0.029 -0.0005978407 0.007977631 0.029 -0.0009947497 0.007937913 0.029 -0.001389185 0.007878462 0.029 -0.001780167 0.007799423 0.029 -0.002166724 0.007700994 0.029 -0.002547893 0.007583419 0.029 -0.002922728 0.00744699 0.029 -0.003290297 0.007292047 0.029 -0.003649685 0.007118975 0.029 -0.004 0.006928203 0.029 -0.00434037 0.006720207 0.029 -0.00466995 0.006495504 0.029 -0.004987918 0.006254652 0.029 -0.005293487 0.00599825 0.029 -0.005585895 0.005726935 0.029 -0.005864415 0.005441382 0.029 -0.006128356 0.005142301 0.029 -0.00637706 0.004830435 0.029 -0.00660991 0.00450656 0.029 -0.006826327 0.004171482 0.029 -0.007025773 0.003826032 0.029 -0.007207751 0.00347107 0.029 -0.007371809 0.003107478 0.029 -0.007517541 0.002736161 0.029 -0.007644582 0.002358041 0.029 -0.007752618 0.001974059 0.029 -0.00784138 0.001585169 0.029 -0.007910646 0.001192338 0.029 -0.007960246 0.0007965428 0.029 -0.007990056 0.0003987671 0.029 -0.008 -2.744199e-17 0.029 -0.007990056 -0.0003987671 0.029 -0.007960246 -0.0007965428 0.029 -0.007910646 -0.001192338 0.029 -0.00784138 -0.001585169 0.029 -0.007752618 -0.001974059 0.029 -0.007644582 -0.002358041 0.029 -0.007517541 -0.002736161 0.029 -0.007371809 -0.003107478 0.029 -0.007207751 -0.00347107 0.029 -0.007025773 -0.003826032 0.029 -0.006826327 -0.004171482 0.029 -0.00660991 -0.00450656 0.029 -0.00637706 -0.004830435 0.029 -0.006128356 -0.005142301 0.029 -0.005864415 -0.005441382 0.029 -0.005585895 -0.005726935 0.029 -0.005293487 -0.00599825 0.029 -0.004987918 -0.006254652 0.029 -0.00466995 -0.006495504 0.029 -0.00434037 -0.006720207 0.029 -0.004 -0.006928203 0.029 -0.003649685 -0.007118975 0.029 -0.003290297 -0.007292047 0.029 -0.002922728 -0.00744699 0.029 -0.002547893 -0.007583419 0.029 -0.002166724 -0.007700994 0.029 -0.001780167 -0.007799423 0.029 -0.001389185 -0.007878462 0.029 -0.0009947497 -0.007937913 0.029 -0.0005978407 -0.007977631 0.029 -0.0001994455 -0.007997513 0.029 0.0001994455 -0.007997513 0.029 0.0005978407 -0.007977631 0.029 0.0009947497 -0.007937913 0.029 0.001389185 -0.007878462 0.029 0.001780167 -0.007799423 0.029 0.002166724 -0.007700994 0.029 0.002547893 -0.007583419 0.029 0.002922728 -0.00744699 0.029 0.003290297 -0.007292047 0.029 0.003649685 -0.007118975 0.029 0.004 -0.006928203 0.029 0.00434037 -0.006720207 0.029 0.00466995 -0.006495504 0.029 0.004987918 -0.006254652 0.029 0.005293487 -0.00599825 0.029 0.005585895 -0.005726935 0.029 0.005864415 -0.005441382 0.029 0.006128356 -0.005142301 0.029 0.00637706 -0.004830435 0.029 0.00660991 -0.00450656 0.029 0.006826327 -0.004171482 0.029 0.007025773 -0.003826032 0.029 0.007207751 -0.00347107 0.029 0.007371809 -0.003107478 0.029 0.007517541 -0.002736161 0.029 0.007644582 -0.002358041 0.029 0.007752618 -0.001974059 0.029 0.00784138 -0.001585169 0.029 0.007910646 -0.001192338 0.029 0.007960246 -0.0007965428 0.029 0.007990056 -0.0003987671 0.029</float_array>
          <technique_common>
            <accessor count="1008" source="#cubeverts-array0-array" stride="3">
              <param type="float" name="X"/>
              <param type="float" name="Y"/>
              <param type="float" name="Z"/>
            </accessor>
          </technique_common>
        </source>
        <source id="cubenormals-array0">
          <float_array count="6036" id="cubenormals-array0-array">0.9996892 0.02493077 -0 0.9996892 0.02493077 0 0.9972038 0.07472982 0 0.9922392 0.124344 0 0.9972038 0.07472982 0 0.9922392 0.124344 0 0.9848077 0.1736484 0 0.9749281 0.2225204 0 0.9848077 0.1736484 -0 0.9749281 0.2225204 0 0.9626243 0.2708403 0 0.9626243 0.2708403 -0 0.9479272 0.318487 0 0.9308739 0.3653406 0 0.9479272 0.318487 -0 0.9308739 0.3653406 0 0.9115056 0.4112875 0 0.9115056 0.4112875 -0 0.8898718 0.4562107 0 0.8898718 0.4562107 -0 0.8660254 0.5000001 -0 0.8660254 0.5000001 0 0.8400257 0.5425466 0 0.8400257 0.5425466 0 0.8119381 0.5837436 -0 0.8119381 0.5837436 0 0.7818316 0.6234896 -0 0.7818316 0.6234896 0 0.7497813 0.6616858 0 0.7158672 0.6982364 0 0.7497813 0.6616858 -0 0.7158672 0.6982364 0 0.6801725 0.7330521 0 0.6801725 0.7330521 -0 0.6427878 0.7660443 0 0.6038044 0.7971325 0 0.6427878 0.7660443 -0 0.6038044 0.7971325 0 0.5633196 0.8262392 0 0.5633196 0.8262392 -0 0.5214356 0.8532906 0 0.5214356 0.8532906 -0 0.4782534 0.8782219 0 0.4782534 0.8782219 -0 0.4338838 0.9009688 0 0.4338838 0.9009688 -0 0.3884351 0.9214761 0 0.3884351 0.9214761 -0 0.3420203 0.9396926 0 0.3420203 0.9396926 -0 0.2947547 0.955573 0 0.2947547 0.955573 -0 0.2467576 0.9690773 0 0.2467576 0.9690773 -0 0.1981468 0.9801723 0 0.1490414 0.9888309 0 0.1981468 0.9801723 -0 0.1490414 0.9888309 0 0.09956878 0.9950307 0 0.09956878 0.9950307 -0 0.04984497 0.9987569 0 0.04984497 0.9987569 -0 0 1 0 0 1 -0 -0.04984497 0.9987569 0 -0.04984497 0.9987569 0 -0.09956878 0.9950307 0 -0.09956878 0.9950307 0 -0.1490414 0.9888309 0 -0.1490414 0.9888309 0 -0.1981468 0.9801723 0 -0.1981468 0.9801723 0 -0.2467576 0.9690773 0 -0.2947547 0.955573 0 -0.2467576 0.9690773 0 -0.2947547 0.955573 0 -0.3420203 0.9396926 0 -0.3420203 0.9396926 0 -0.3884351 0.9214761 0 -0.3884351 0.9214761 0 -0.4338838 0.9009688 0 -0.4338838 0.9009688 0 -0.4782534 0.8782219 0 -0.4782534 0.8782219 0 -0.5214356 0.8532906 0 -0.5214356 0.8532906 0 -0.5633196 0.8262392 0 -0.5633196 0.8262392 0 -0.6038044 0.7971325 0 -0.6038044 0.7971325 0 -0.6427878 0.7660443 0 -0.6427878 0.7660443 0 -0.6801725 0.7330521 0 -0.6801725 0.7330521 0 -0.7158672 0.6982364 0 -0.7158672 0.6982364 0 -0.7497813 0.6616858 0 -0.7497813 0.6616858 0 -0.7818316 0.6234896 0 -0.8119381 0.5837436 0 -0.7818316 0.6234896 0 -0.8119381 0.5837436 0 -0.8400257 0.5425466 0 -0.8660254 0.5000001 0 -0.8400257 0.5425466 0 -0.8660254 0.5000001 0 -0.8898718 0.4562107 0 -0.9115056 0.4112875 0 -0.8898718 0.4562107 0 -0.9115056 0.4112875 0 -0.9308739 0.3653406 0 -0.9308739 0.3653406 0 -0.9479272 0.318487 0 -0.9626243 0.2708403 0 -0.9479272 0.318487 0 -0.9626243 0.2708403 0 -0.9749281 0.2225204 0 -0.9749281 0.2225204 0 -0.9848077 0.1736484 0 -0.9848077 0.1736484 0 -0.9922392 0.124344 0 -0.9922392 0.124344 0 -0.9972038 0.07472982 0 -0.9972038 0.07472982 0 -0.9996892 0.02493077 0 -0.9996892 0.02493077 0 -0.9996892 -0.02493077 -0 -0.9996892 -0.02493077 0 -0.9972038 -0.07472982 0 -0.9972038 -0.07472982 0 -0.9922392 -0.124344 -0 -0.9922392 -0.124344 0 -0.9848077 -0.1736484 -0 -0.9848077 -0.1736484 0 -0.9749281 -0.2225204 -0 -0.9749281 -0.2225204 0 -0.9626243 -0.2708403 0 -0.9626243 -0.2708403 0 -0.9479272 -0.318487 -0 -0.9479272 -0.318487 0 -0.9308739 -0.3653406 -0 -0.9308739 -0.3653406 0 -0.9115056 -0.4112875 0 -0.9115056 -0.4112875 0 -0.8898718 -0.4562107 -0 -0.8898718 -0.4562107 0 -0.8660254 -0.5000001 0 -0.8660254 -0.5000001 0 -0.8400257 -0.5425466 0 -0.8400257 -0.5425466 0 -0.8119381 -0.5837436 0 -0.8119381 -0.5837436 0 -0.7818316 -0.6234896 -0 -0.7818316 -0.6234896 0 -0.7497813 -0.6616858 0 -0.7497813 -0.6616858 0 -0.7158672 -0.6982364 0 -0.7158672 -0.6982364 0 -0.6801725 -0.7330521 -0 -0.6801725 -0.7330521 0 -0.6427878 -0.7660443 0 -0.6427878 -0.7660443 0 -0.6038044 -0.7971325 0 -0.6038044 -0.7971325 0 -0.5633196 -0.8262392 0 -0.5633196 -0.8262392 0 -0.5214356 -0.8532906 -0 -0.5214356 -0.8532906 0 -0.4782534 -0.8782219 0 -0.4782534 -0.8782219 0 -0.4338838 -0.9009688 0 -0.4338838 -0.9009688 0 -0.3884351 -0.9214761 0 -0.3884351 -0.9214761 0 -0.3420203 -0.9396926 0 -0.3420203 -0.9396926 0 -0.2947547 -0.955573 0 -0.2947547 -0.955573 0 -0.2467576 -0.9690773 0 -0.2467576 -0.9690773 0 -0.1981468 -0.9801723 0 -0.1981468 -0.9801723 0 -0.1490414 -0.9888309 -0 -0.1490414 -0.9888309 0 -0.09956878 -0.9950307 0 -0.09956878 -0.9950307 0 -0.04984497 -0.9987569 0 -0.04984497 -0.9987569 0 0 -1 0 0 -1 0 0.04984497 -0.9987569 0 0.04984497 -0.9987569 0 0.09956878 -0.9950307 0 0.09956878 -0.9950307 0 0.1490414 -0.9888309 0 0.1490414 -0.9888309 0 0.1981468 -0.9801723 0 0.1981468 -0.9801723 0 0.2467576 -0.9690773 0 0.2467576 -0.9690773 0 0.2947547 -0.955573 0 0.2947547 -0.955573 0 0.3420203 -0.9396926 0 0.3420203 -0.9396926 0 0.3884351 -0.9214761 0 0.3884351 -0.9214761 0 0.4338838 -0.9009688 0 0.4782534 -0.8782219 0 0.4338838 -0.9009688 0 0.4782534 -0.8782219 0 0.5214356 -0.8532906 0 0.5214356 -0.8532906 0 0.5633196 -0.8262392 0 0.5633196 -0.8262392 0 0.6038044 -0.7971325 0 0.6038044 -0.7971325 0 0.6427878 -0.7660443 0 0.6427878 -0.7660443 0 0.6801725 -0.7330521 0 0.6801725 -0.7330521 0 0.7158672 -0.6982364 0 0.7158672 -0.6982364 0 0.7497813 -0.6616858 0 0.7497813 -0.6616858 0 0.7818316 -0.6234896 0 0.7818316 -0.6234896 0 0.8119381 -0.5837436 0 0.8119381 -0.5837436 0 0.8400257 -0.5425466 0 0.8400257 -0.5425466 0 0.8660254 -0.5000001 0 0.8660254 -0.5000001 0 0.8898718 -0.4562107 0 0.8898718 -0.4562107 0 0.9115056 -0.4112875 0 0.9115056 -0.4112875 0 0.9308739 -0.3653406 0 0.9479272 -0.318487 0 0.9308739 -0.3653406 0 0.9479272 -0.318487 0 0.9626243 -0.2708403 0 0.9626243 -0.2708403 0 0.9749281 -0.2225204 0 0.9749281 -0.2225204 0 0.9848077 -0.1736484 0 0.9848077 -0.1736484 0 0.9922392 -0.124344 0 0.9922392 -0.124344 0 0.9972038 -0.07472982 0 0.9996892 -0.02493077 0 0.9972038 -0.07472982 0 0.9996892 -0.02493077 0 0 0 -1 0 0 -1 0 0 -1 0 0 -1 0 0 -1 0 0 -1 0 0 -1 0 0 -1 0 0 -1 0 0 -1 0 0 -1 0 0 -1 0 0 -1 0 0 -1 0 0 -1 0 0 -1 0 0 -1 0 0 -1 0 0 -1 0 0 -1 0 0 -1 0 0 -1 0 0 -1 0 0 -1 0 0 -1 0 0 -1 0 0 -1 0 0 -1 0 0 -1 0 -0 -1 0 -0 -1 0 0 -1 0 0 -1 0 0 -1 0 0 -1 0 -0 -1 0 -0 -1 0 -0 -1 0 0 -1 0 -0 -1 0 -0 -1 0 -0 -1 0 0 -1 0 0 -1 0 0 -1 0 0 -1 0 0 -1 0 0 -1 0 0 -1 0 -0 -1 0 -0 -1 0 -0 -1 0 0 -1 0 0 -1 0 -0 -1 0 -0 -1 0 -0 -1 0 0 -1 0 -0 -1 0 0 -1 0 0 -1 0 0 -1 0 0 -1 0 0 -1 0 0 -1 0 -0 -1 0 -0 -1 0 0 -1 0 -0 -1 0 -0 -1 0 -0 -1 0 -0 -1 0 0 -1 0 -0 -1 0 -0 -1 0 -0 -1 0 -0 -1 0 0 -1 0 0 -1 0 0 -1 0 -0 -1 0 -0 -1 0 -0 -1 0 0 -1 0 0 -1 0 0 -1 -0 -0 -1 0 0 -1 -0 -0 -1 0 0 -1 0 0 -1 -0 -0 -1 -0 -0 -1 -0 -0 -1 0 0 -1 0 0 -1 0 0 -1 0 0 -1 0 0 -1 0 0 -1 0 0 -1 0 0 -1 0 0 -1 -0 -0 -1 -0 -0 -1 0 0 -1 0 0 -1 -0 -0 -1 -0 -0 -1 0 -0 -1 -0 -0 -1 -0 -0 -1 0 0 -1 0 0 -1 0 0 -1 -0 -0 -1 0 0 -1 -0 -0 -1 0 0 -1 0 0 -1 0 0 -1 -0 -0 -1 -0 -0 -1 0 -0 -1 0 0 1 0 0 1 0 0 1 0 0 1 0 0 1 0 0 1 0 0 1 0 0 1 0 0 1 0 0 1 0 0 1 0 0 1 0 0 1 0 0 1 0 0 1 0 0 1 0 0 1 0 0 1 0 0 1 0 0 1 0 0 1 0 0 1 0 0 1 0 0 1 0 0 1 0 0 1 0 0 1 0 0 1 0 0 1 0 0 1 0 0 1 0 0 1 0 0 1 0 0 1 0 0 1 0 0 1 0 0 1 0 0 1 0 0 1 0 0 1 0 0 1 0 0 1 0 0 1 0 0 1 0 0 1 0 0 1 0 0 1 0 0 1 0 0 1 0 0 1 0 0 1 0 0 1 0 0 1 0 0 1 0 0 1 0 0 1 0 0 1 0 0 1 0 0 1 0 0 1 0 0 1 0 0 1 0 0 1 0 0 1 0 0 1 0 0 1 0 0 1 0 0 1 0 0 1 0 0 1 0 0 1 0 0 1 0 0 1 0 0 1 0 0 1 0 0 1 0 0 1 0 0 1 0 0 1 0 0 1 0 0 1 0 0 1 0 0 1 0 0 1 0 0 1 0 0 1 0 0 1 0 0 1 0 0 1 0 0 1 0 0 1 0 0 1 0 0 1 0 0 1 0 0 1 0 0 1 0 0 1 0 0 1 0 0 1 0 0 1 0 0 1 0 0 1 0 0 1 0 0 1 0 0 1 0 0 1 0 0 1 0 0 1 0 0 1 0 0 1 0 0 1 0 0 1 0 0 1 0 0 1 0 0 1 0 0 1 0 0 1 0 0 1 0 0 1 0 0 1 0 0 1 0 0 1 0 0 1 0 0 1 0 0 1 0 0 1 0 0 1 0 0 1 0 0 1 0 0 1 0 0 1 0 0 1 0 0 1 0 0 1 0 0 1 0 0 1 0 0 1 0 0 1 0 0 1 0 0 1 0 0 1 0 0 1 0 0 1 0 0 1 0 0 1 0 0 1 0 0 1 0 0 1 0 0 1 0 0 1 0 0 1 0 0 1 0 0 1 0 0 1 0 0 1 0 0 1 0 0 1 0 0 1 0 0 1 0 0 1 0 0 1 0 0 1 0 0 1 0 0 1 0 0 1 0 0 1 0 0 1 0 0 1 0 0 1 0 0 1 0 0 1 0 0 1 0 0 1 0 0 1 0 0 1 0 0 1 0 0 1 0 0 1 0 0 1 0 0 1 0 0 1 0 0 1 0 0 1 0 0 1 0 0 1 0 0 1 0 0 1 0 0 1 0 0 1 0 0 1 0 0 1 0 0 1 0 0 1 0 0 1 0 0 1 0 0 1 0 0 1 0 0 1 0 0 1 0 0 1 0 0 1 0 0 1 0 0 1 0 0 1 0 0 1 0 0 1 0 0 1 0 0 1 0 0 1 0 0 1 0 0 1 0 0 1 0 0 1 0 0 1 0 0 1 0 0 1 0 0 1 0 0 1 0 0 1 0 0 1 0 0 1 0 0 1 0 0 1 0 0 1 0 0 1 0 0 1 0 0 1 0 0 1 0 0 1 0 0 1 0 0 1 0 0 1 0 0 1 0 0 1 0 0 1 0 0 1 0 0 1 0 0 1 0 0 1 0 0 1 0 0 1 0 0 1 0 0 1 0 0 1 0 0 1 0 0 1 0 0 1 0 0 1 0 0 1 0 0 1 0 0 1 0 0 1 -0.9996892 -0.02493067 -0 -0.9996892 -0.02493067 0 -0.9972038 -0.07473022 0 -0.9972038 -0.07473022 -0 -0.9922393 -0.1243429 0 -0.9922393 -0.1243429 -0 -0.9848077 -0.1736481 0 -0.9848077 -0.1736481 -0 -0.9749277 -0.2225222 0 -0.9626243 -0.2708403 0 -0.9749277 -0.2225222 -0 -0.9479276 -0.3184859 0 -0.9626243 -0.2708403 0 -0.9308736 -0.3653412 0 -0.9479276 -0.3184859 0 -0.9308736 -0.3653412 0 -0.9115056 -0.4112877 0 -0.9115056 -0.4112877 -0 -0.8898721 -0.45621 0 -0.8898721 -0.45621 -0 -0.8660249 -0.5000008 -0 -0.8660249 -0.5000008 0 -0.8400263 -0.5425457 -0 -0.8400263 -0.5425457 0 -0.8119379 -0.5837439 -0 -0.8119379 -0.5837439 0 -0.7818322 -0.623489 0 -0.7818322 -0.623489 0 -0.7497811 -0.6616859 0 -0.7497811 -0.6616859 0 -0.7158662 -0.6982375 -0 -0.7158662 -0.6982375 0 -0.6801728 -0.7330517 0 -0.6801728 -0.7330517 0 -0.6427875 -0.7660446 0 -0.6427875 -0.7660446 -0 -0.6038046 -0.7971324 0 -0.6038046 -0.7971324 -0 -0.5633199 -0.8262389 0 -0.5633199 -0.8262389 -0 -0.5214355 -0.8532906 0 -0.5214355 -0.8532906 -0 -0.4782539 -0.8782216 0 -0.4782539 -0.8782216 -0 -0.4338834 -0.900969 0 -0.4338834 -0.900969 -0 -0.3884347 -0.9214762 0 -0.3884347 -0.9214762 -0 -0.3420202 -0.9396927 0 -0.3420202 -0.9396927 -0 -0.2947556 -0.9555727 0 -0.2947556 -0.9555727 -0 -0.2467571 -0.9690774 0 -0.2467571 -0.9690774 -0 -0.1981462 -0.9801725 0 -0.1981462 -0.9801725 -0 -0.1490426 -0.9888307 0 -0.1490426 -0.9888307 -0 -0.09956819 -0.9950307 0 -0.09956819 -0.9950307 -0 -0.04984516 -0.9987569 0 -0.04984516 -0.9987569 -0 0 -1 0 -0 -1 -0 0.04984516 -0.9987569 0 0.09956819 -0.9950307 0 0.04984516 -0.9987569 0 0.09956819 -0.9950307 0 0.1490426 -0.9888307 0 0.1490426 -0.9888307 0 0.1981462 -0.9801725 0 0.1981462 -0.9801725 0 0.2467571 -0.9690774 0 0.2467571 -0.9690774 0 0.2947556 -0.9555727 0 0.2947556 -0.9555727 0 0.3420202 -0.9396927 0 0.3420202 -0.9396927 0 0.3884347 -0.9214762 0 0.3884347 -0.9214762 0 0.4338834 -0.900969 0 0.4338834 -0.900969 0 0.4782539 -0.8782216 0 0.4782539 -0.8782216 0 0.5214355 -0.8532906 0 0.5214355 -0.8532906 0 0.5633199 -0.8262389 0 0.5633199 -0.8262389 0 0.6038046 -0.7971324 0 0.6038046 -0.7971324 0 0.6427875 -0.7660446 0 0.6427875 -0.7660446 0 0.6801728 -0.7330517 0 0.6801728 -0.7330517 0 0.7158662 -0.6982375 0 0.7158662 -0.6982375 0 0.7497811 -0.6616859 0 0.7497811 -0.6616859 0 0.7818322 -0.623489 0 0.7818322 -0.623489 0 0.8119379 -0.5837439 0 0.8119379 -0.5837439 0 0.8400263 -0.5425457 0 0.8660249 -0.5000008 0 0.8400263 -0.5425457 0 0.8660249 -0.5000008 0 0.8898721 -0.45621 0 0.8898721 -0.45621 0 0.9115056 -0.4112877 0 0.9115056 -0.4112877 0 0.9308736 -0.3653412 0 0.9308736 -0.3653412 0 0.9479276 -0.3184859 0 0.9479276 -0.3184859 0 0.9626243 -0.2708403 0 0.9626243 -0.2708403 0 0.9749277 -0.2225222 0 0.9749277 -0.2225222 0 0.9848077 -0.1736481 0 0.9848077 -0.1736481 0 0.9922393 -0.1243429 0 0.9972038 -0.07473022 0 0.9922393 -0.1243429 0 0.9972038 -0.07473022 0 0.9996892 -0.02493067 0 0.9996892 -0.02493067 0 0.9996892 0.02493067 0 0.9996892 0.02493067 0 0.9972038 0.07473022 0 0.9972038 0.07473022 0 0.9922393 0.1243429 0 0.9922393 0.1243429 0 0.9848077 0.1736481 -0 0.9848077 0.1736481 0 0.9749277 0.2225222 0 0.9749277 0.2225222 0 0.9626243 0.2708403 0 0.9626243 0.2708403 0 0.9479276 0.3184859 0 0.9479276 0.3184859 0 0.9308736 0.3653412 0 0.9308736 0.3653412 0 0.9115056 0.4112877 0 0.9115056 0.4112877 0 0.8898721 0.45621 0 0.8898721 0.45621 0 0.8660249 0.5000008 0 0.8660249 0.5000008 0 0.8400263 0.5425457 0 0.8400263 0.5425457 0 0.8119379 0.5837439 -0 0.8119379 0.5837439 0 0.7818322 0.623489 0 0.7818322 0.623489 0 0.7497811 0.6616859 -0 0.7497811 0.6616859 0 0.7158662 0.6982375 0 0.7158662 0.6982375 0 0.6801728 0.7330517 0 0.6801728 0.7330517 0 0.6427875 0.7660446 0 0.6427875 0.7660446 0 0.6038046 0.7971324 0 0.6038046 0.7971324 0 0.5633199 0.8262389 0 0.5633199 0.8262389 0 0.5214355 0.8532906 0 0.5214355 0.8532906 0 0.4782539 0.8782216 0 0.4782539 0.8782216 0 0.4338834 0.900969 0 0.4338834 0.900969 0 0.3884347 0.9214762 0 0.3884347 0.9214762 0 0.3420202 0.9396927 0 0.3420202 0.9396927 0 0.2947556 0.9555727 0 0.2947556 0.9555727 0 0.2467571 0.9690774 0 0.2467571 0.9690774 0 0.1981462 0.9801725 0 0.1981462 0.9801725 0 0.1490426 0.9888307 0 0.1490426 0.9888307 0 0.09956819 0.9950307 0 0.09956819 0.9950307 0 0.04984516 0.9987569 0 0.04984516 0.9987569 0 -0 1 0 0 1 0 -0.04984516 0.9987569 0 -0.04984516 0.9987569 0 -0.09956819 0.9950307 0 -0.09956819 0.9950307 0 -0.1490426 0.9888307 0 -0.1490426 0.9888307 0 -0.1981462 0.9801725 0 -0.1981462 0.9801725 0 -0.2467571 0.9690774 0 -0.2947556 0.9555727 0 -0.2467571 0.9690774 0 -0.2947556 0.9555727 0 -0.3420202 0.9396927 0 -0.3420202 0.9396927 0 -0.3884347 0.9214762 0 -0.3884347 0.9214762 0 -0.4338834 0.900969 0 -0.4338834 0.900969 0 -0.4782539 0.8782216 0 -0.4782539 0.8782216 0 -0.5214355 0.8532906 0 -0.5214355 0.8532906 0 -0.5633199 0.8262389 0 -0.5633199 0.8262389 0 -0.6038046 0.7971324 0 -0.6427875 0.7660446 0 -0.6038046 0.7971324 0 -0.6427875 0.7660446 0 -0.6801728 0.7330517 0 -0.6801728 0.7330517 0 -0.7158662 0.6982375 0 -0.7158662 0.6982375 0 -0.7497811 0.6616859 0 -0.7497811 0.6616859 0 -0.7818322 0.623489 0 -0.7818322 0.623489 0 -0.8119379 0.5837439 0 -0.8119379 0.5837439 0 -0.8400263 0.5425457 0 -0.8400263 0.5425457 0 -0.8660249 0.5000008 0 -0.8660249 0.5000008 0 -0.8898721 0.45621 0 -0.8898721 0.45621 0 -0.9115056 0.4112877 0 -0.9115056 0.4112877 0 -0.9308736 0.3653412 0 -0.9479276 0.3184859 0 -0.9308736 0.3653412 0 -0.9479276 0.3184859 0 -0.9626243 0.2708403 0 -0.9626243 0.2708403 0 -0.9749277 0.2225222 0 -0.9749277 0.2225222 0 -0.9848077 0.1736481 0 -0.9848077 0.1736481 0 -0.9922393 0.1243429 0 -0.9922393 0.1243429 0 -0.9972038 0.07473022 0 -0.9972038 0.07473022 0 -0.9996892 0.02493067 0 -0.9996892 0.02493067 0 0 0 1 0 0 1 0 0 1 0 0 1 0 0 1 0 0 1 0 0 1 0 0 1 0 0 1 0 0 1 0 0 1 0 0 1 0 0 1 0 0 1 0 0 1 0 0 1 0 0 1 0 0 1 0 0 1 0 0 1 0 0 1 0 0 1 0 0 1 0 0 1 0 0 1 0 0 1 0 0 1 0 0 1 0 0 1 0 0 1 0 0 1 0 0 1 0 0 1 0 0 1 0 0 1 0 0 1 0 0 1 0 0 1 0 0 1 0 0 1 0 0 1 0 0 1 0 0 1 0 0 1 0 0 1 0 0 1 0 0 1 0 0 1 0 0 1 0 0 1 0 0 1 0 0 1 0 0 1 0 0 1 0 0 1 0 0 1 0 0 1 0 0 1 0 0 1 0 0 1 0 0 1 0 0 1 0 0 1 0 0 1 0 0 1 0 0 1 0 0 1 0 0 1 0 0 1 0 0 1 0 0 1 0 0 1 0 0 1 0 0 1 0 0 1 0 0 1 0 0 1 0 0 1 0 0 1 0 0 1 0 0 1 0 0 1 0 0 1 0 0 1 0 0 1 0 0 1 0 0 1 0 0 1 0 0 1 0 0 1 0 0 1 0 0 1 0 0 1 0 0 1 0 0 1 0 0 1 0 0 1 0 0 1 0 0 1 0 0 1 0 0 1 0 0 1 0 0 1 0 0 1 0 0 1 0 0 1 0 0 1 0 0 1 0 0 1 0 0 1 0 0 1 0 0 1 0 0 1 0 0 1 0 0 1 0 0 1 0 0 1 0 0 1 0 0 1 0 0 1 0 0 1 0 0 1 0 0 1 0 0 1 0 0 1 0 0 1 0 0 1 0 0 1 0 0 1 0 0 1 0 0 1 0 0 1 0 0 1 0 0 1 0 0 1 0 0 1 0 0 1 0 0 1 0 0 1 0 0 1 0 0 1 0 0 1 0 0 1 0 0 1 0 0 1 0 0 1 0 0 1 0 0 1 0 0 1 0 0 1 0 0 1 0 0 1 0 0 1 0 0 1 0 0 1 0 0 1 0 0 1 0 0 1 0 0 1 0 0 1 0 0 1 0 0 1 0 0 1 0 0 1 0 0 1 0 0 1 0 0 1 0 0 1 0 0 1 0 0 1 0 0 1 0 0 1 0 0 1 0 0 1 0 0 1 0 0 1 0 0 1 0 0 1 0 0 1 0 0 1 0 0 1 0 0 1 0 0 1 0 0 1 0 0 1 0 0 1 0 0 1 0 0 1 0 0 1 0 0 1 0 0 1 0 0 1 0 0 1 0 0 1 0 0 1 0 0 1 0 0 1 0 0 1 0 0 1 0 0 1 0 0 1 0 0 1 0 0 1 0 0 1 0 0 1 0 0 1 0 0 1 0 0 1 0 0 1 0 0 1 0 0 1 0 0 1 0 0 1 0 0 1 0 0 1 0 0 1 0 0 1 0 0 1 0 0 1 0 0 1 0 0 1 0 0 1 0 0 1 0 0 1 0 0 1 0 0 1 0 0 1 0 0 1 0 0 1 0 0 1 0 0 1 0 0 1 0 0 1 0 0 1 0 0 1 0 0 1 0 0 1 0 0 1 0 0 1 0 0 1 0 0 1 0 0 1 0 0 1 0 0 1 0 0 1 0 0 1 0 0 1 0 0 1 0 0 1 0 0 1 0 0 1 0 0 1 0.9996891 0.0249314 -0 0.9996891 0.0249314 0 0.9972039 0.0747292 0 0.9922392 0.1243434 0 0.9972039 0.0747292 -0 0.9922392 0.1243434 0 0.9848076 0.1736495 0 0.9749282 0.2225198 0 0.9848076 0.1736495 -0 0.9749282 0.2225198 0 0.9626241 0.2708409 0 0.9626241 0.2708409 -0 0.9479272 0.3184869 0 0.9308736 0.3653413 0 0.9479272 0.3184869 -0 0.9308736 0.3653413 0 0.911506 0.4112867 0 0.911506 0.4112867 -0 0.8898723 0.4562098 0 0.8898723 0.4562098 -0 0.8660248 0.5000011 -0 0.8660248 0.5000011 0 0.8400258 0.5425464 0 0.8400258 0.5425464 0 0.8119382 0.5837435 -0 0.8119382 0.5837435 0 0.7818314 0.6234898 -0 0.7818314 0.6234898 0 0.7497814 0.6616856 0 0.7158667 0.6982369 0 0.7497814 0.6616856 -0 0.7158667 0.6982369 0 0.6801727 0.7330518 0 0.6801727 0.7330518 -0 0.6427881 0.766044 0 0.6038039 0.7971328 0 0.6427881 0.766044 -0 0.6038039 0.7971328 0 0.56332 0.8262388 0 0.56332 0.8262388 -0 0.5214361 0.8532903 0 0.5214361 0.8532903 -0 0.478253 0.8782221 0 0.478253 0.8782221 -0 0.4338848 0.9009684 0 0.4338848 0.9009684 -0 0.3884345 0.9214763 0 0.3884345 0.9214763 -0 0.3420202 0.9396926 0 0.3420202 0.9396926 -0 0.294755 0.9555728 0 0.294755 0.9555728 -0 0.2467568 0.9690774 0 0.2467568 0.9690774 -0 0.1981468 0.9801723 0 0.1490414 0.988831 0 0.1981468 0.9801723 -0 0.1490414 0.988831 0 0.09956878 0.9950306 0 0.09956878 0.9950306 -0 0.04984561 0.9987569 0 0.04984561 0.9987569 -0 0 1 0 0 1 -0 -0.04984561 0.9987569 0 -0.04984561 0.9987569 0 -0.09956878 0.9950306 0 -0.09956878 0.9950306 0 -0.1490414 0.988831 0 -0.1490414 0.988831 0 -0.1981468 0.9801723 0 -0.1981468 0.9801723 0 -0.2467568 0.9690774 0 -0.294755 0.9555728 0 -0.2467568 0.9690774 0 -0.294755 0.9555728 0 -0.3420202 0.9396926 0 -0.3420202 0.9396926 0 -0.3884345 0.9214763 0 -0.3884345 0.9214763 0 -0.4338848 0.9009684 0 -0.4338848 0.9009684 0 -0.478253 0.8782221 0 -0.478253 0.8782221 0 -0.5214361 0.8532903 0 -0.5214361 0.8532903 0 -0.56332 0.8262388 0 -0.56332 0.8262388 0 -0.6038039 0.7971328 0 -0.6038039 0.7971328 0 -0.6427881 0.766044 0 -0.6427881 0.766044 0 -0.6801727 0.7330518 0 -0.6801727 0.7330518 0 -0.7158667 0.6982369 0 -0.7158667 0.6982369 0 -0.7497814 0.6616856 0 -0.7497814 0.6616856 0 -0.7818314 0.6234898 0 -0.8119382 0.5837435 0 -0.7818314 0.6234898 0 -0.8119382 0.5837435 0 -0.8400258 0.5425464 0 -0.8660248 0.5000011 0 -0.8400258 0.5425464 0 -0.8660248 0.5000011 0 -0.8898723 0.4562098 0 -0.911506 0.4112867 0 -0.8898723 0.4562098 0 -0.911506 0.4112867 0 -0.9308736 0.3653413 0 -0.9308736 0.3653413 0 -0.9479272 0.3184869 0 -0.9626241 0.2708409 0 -0.9479272 0.3184869 0 -0.9626241 0.2708409 0 -0.9749282 0.2225198 0 -0.9749282 0.2225198 0 -0.9848076 0.1736495 0 -0.9848076 0.1736495 0 -0.9922392 0.1243434 0 -0.9922392 0.1243434 0 -0.9972039 0.0747292 0 -0.9972039 0.0747292 0 -0.9996891 0.0249314 0 -0.9996891 0.0249314 0 -0.9996891 -0.0249314 -0 -0.9996891 -0.0249314 0 -0.9972039 -0.0747292 0 -0.9972039 -0.0747292 0 -0.9922392 -0.1243434 -0 -0.9922392 -0.1243434 0 -0.9848076 -0.1736495 -0 -0.9848076 -0.1736495 0 -0.9749282 -0.2225198 -0 -0.9749282 -0.2225198 0 -0.9626241 -0.2708409 0 -0.9626241 -0.2708409 0 -0.9479272 -0.3184869 -0 -0.9479272 -0.3184869 0 -0.9308736 -0.3653413 0 -0.9308736 -0.3653413 0 -0.911506 -0.4112867 0 -0.911506 -0.4112867 0 -0.8898723 -0.4562098 -0 -0.8898723 -0.4562098 0 -0.8660248 -0.5000011 0 -0.8660248 -0.5000011 0 -0.8400258 -0.5425464 0 -0.8400258 -0.5425464 0 -0.8119382 -0.5837435 0 -0.8119382 -0.5837435 0 -0.7818314 -0.6234898 -0 -0.7818314 -0.6234898 0 -0.7497814 -0.6616856 0 -0.7497814 -0.6616856 0 -0.7158667 -0.6982369 0 -0.7158667 -0.6982369 0 -0.6801727 -0.7330518 -0 -0.6801727 -0.7330518 0 -0.6427881 -0.766044 0 -0.6427881 -0.766044 0 -0.6038039 -0.7971328 0 -0.6038039 -0.7971328 0 -0.56332 -0.8262388 0 -0.56332 -0.8262388 0 -0.5214361 -0.8532903 -0 -0.5214361 -0.8532903 0 -0.478253 -0.8782221 0 -0.478253 -0.8782221 0 -0.4338848 -0.9009684 0 -0.4338848 -0.9009684 0 -0.3884345 -0.9214763 0 -0.3884345 -0.9214763 0 -0.3420202 -0.9396926 0 -0.3420202 -0.9396926 0 -0.294755 -0.9555728 0 -0.294755 -0.9555728 0 -0.2467568 -0.9690774 0 -0.2467568 -0.9690774 0 -0.1981468 -0.9801723 0 -0.1981468 -0.9801723 0 -0.1490414 -0.988831 -0 -0.1490414 -0.988831 0 -0.09956878 -0.9950306 0 -0.09956878 -0.9950306 0 -0.04984561 -0.9987569 0 -0.04984561 -0.9987569 0 0 -1 0 0 -1 0 0.04984561 -0.9987569 0 0.04984561 -0.9987569 0 0.09956878 -0.9950306 0 0.09956878 -0.9950306 0 0.1490414 -0.988831 0 0.1490414 -0.988831 0 0.1981468 -0.9801723 0 0.1981468 -0.9801723 0 0.2467568 -0.9690774 0 0.2467568 -0.9690774 0 0.294755 -0.9555728 0 0.294755 -0.9555728 0 0.3420202 -0.9396926 0 0.3420202 -0.9396926 0 0.3884345 -0.9214763 0 0.3884345 -0.9214763 0 0.4338848 -0.9009684 0 0.478253 -0.8782221 0 0.4338848 -0.9009684 0 0.478253 -0.8782221 0 0.5214361 -0.8532903 0 0.5214361 -0.8532903 0 0.56332 -0.8262388 0 0.56332 -0.8262388 0 0.6038039 -0.7971328 0 0.6038039 -0.7971328 0 0.6427881 -0.766044 0 0.6427881 -0.766044 0 0.6801727 -0.7330518 0 0.6801727 -0.7330518 0 0.7158667 -0.6982369 0 0.7158667 -0.6982369 0 0.7497814 -0.6616856 0 0.7497814 -0.6616856 0 0.7818314 -0.6234898 0 0.7818314 -0.6234898 0 0.8119382 -0.5837435 0 0.8119382 -0.5837435 0 0.8400258 -0.5425464 0 0.8400258 -0.5425464 0 0.8660248 -0.5000011 0 0.8660248 -0.5000011 0 0.8898723 -0.4562098 0 0.8898723 -0.4562098 0 0.911506 -0.4112867 0 0.911506 -0.4112867 0 0.9308736 -0.3653413 0 0.9479272 -0.3184869 0 0.9308736 -0.3653413 0 0.9479272 -0.3184869 0 0.9626241 -0.2708409 0 0.9626241 -0.2708409 0 0.9749282 -0.2225198 0 0.9749282 -0.2225198 0 0.9848076 -0.1736495 0 0.9848076 -0.1736495 0 0.9922392 -0.1243434 0 0.9922392 -0.1243434 0 0.9972039 -0.0747292 0 0.9996891 -0.0249314 0 0.9972039 -0.0747292 0 0.9996891 -0.0249314 0 0 0 1 0 0 1 0 0 1 0 0 1 0 0 1 0 0 1 0 0 1 0 0 1 0 0 1 0 0 1 0 0 1 0 0 1 0 0 1 0 0 1 0 0 1 0 0 1 0 0 1 0 0 1 0 0 1 0 0 1 0 0 1 0 0 1 0 0 1 0 0 1 0 0 1 0 0 1 0 0 1 0 0 1 0 0 1 0 0 1 0 0 1 0 0 1 0 0 1 0 0 1 0 0 1 0 0 1 0 0 1 0 0 1 0 0 1 0 0 1 0 0 1 0 0 1 0 0 1 0 0 1 0 0 1 0 0 1 0 0 1 0 0 1 0 0 1 0 0 1 0 0 1 0 0 1 0 0 1 0 0 1 0 0 1 0 0 1 0 0 1 0 0 1 0 0 1 0 0 1 0 0 1 0 0 1 0 0 1 0 0 1 0 0 1 0 0 1 0 0 1 0 0 1 0 0 1 0 0 1 0 0 1 0 0 1 0 0 1 0 0 1 0 0 1 0 0 1 0 0 1 0 0 1 0 0 1 0 0 1 0 0 1 0 0 1 0 0 1 0 0 1 0 0 1 0 0 1 0 0 1 0 0 1 0 0 1 0 0 1 0 0 1 0 0 1 0 0 1 0 0 1 0 0 1 0 0 1 0 0 1 0 0 1 0 0 1 0 0 1 0 0 1 0 0 1 0 0 1 0 0 1 0 0 1 0 0 1 0 0 1 0 0 1 0 0 1 0 0 1 0 0 1 0 0 1 0 0 1 0 0 1 0 0 1 0 0 1 0 0 1 0 0 1 0 0 1 0 0 1 0 0 1 0 0 1 0 0 1 0 0 1 0 0 1 0 0 1 0 0 1 0 0 1 0 0 1 0 0 1 0 0 1 0 0 1 0 0 1 0 0 1 0 0 1 0 0 1 0 0 1 0 0 1 0 0 1 0 0 1 0 0 1 0 0 1 0 0 1 0 0 1 0 0 1 0 0 1 0 0 1 0 0 1 0 0 1 0 0 1 0 0 1 0 0 1 0 0 1 0 0 1 0 0 1 0 0 1 0 0 1 0 0 1 0 0 1 0 0 1 0 0 1 0 0 1 0 0 1 0 0 1 0 0 1 0 0 1 0 0 1 0 0 1 0 0 1 0 0 1 0 0 1 0 0 1 0 0 1 0 0 1 0 0 1 0 0 1 0 0 1 0 0 1 0 0 1 0 0 1 0 0 1 0 0 1 0 0 1 0 0 1 0 0 1 0 0 1 0 0 1 0 0 1 0 0 1 0 0 1 0 0 1 0 0 1 0 0 1 0 0 1 0 0 1 0 0 1 0 0 1 0 0 1 0 0 1 0 0 1 0 0 1 0 0 1 0 0 1 0 0 1 0 0 1 0 0 1 0 0 1 0 0 1 0 0 1 0 0 1 0 0 1 0 0 1 0 0 1 0 0 1 0 0 1 0 0 1 0 0 1 0 0 1 0 0 1 0 0 1 0 0 1 0 0 1 0 0 1 0 0 1 0 0 1 0 0 1 0 0 1 0 0 1 0 0 1 0 0 1 0 0 1 0 0 1 0 0 1 0 0 1 0 0 1 0 0 1 0 0 1 0 0 1 0 0 1 0 0 1 0 0 1 0 0 1 0 0 1 0 0 1 0 0 1 0 0 1 0 0 1 0 0 1 0 0 1 0 0 1 0 0 1 0 0 1 0.9996892 0.02493021 -0 0.9996892 0.02493021 0 0.9972038 0.07473087 0 0.9972038 0.07473087 -0 0.9922392 0.1243438 0 0.984808 0.1736472 0 0.9922392 0.1243438 -0 0.9749278 0.2225214 0 0.984808 0.1736472 0 0.9749278 0.2225214 0 0.9626241 0.270841 0 0.9479275 0.3184862 0 0.9626241 0.270841 -0 0.9308736 0.3653415 0 0.9479275 0.3184862 0 0.9308736 0.3653415 0 0.9115059 0.4112871 0 0.9115059 0.4112871 -0 0.8898721 0.4562102 0 0.8898721 0.4562102 -0 0.8660251 0.5000005 -0 0.8660251 0.5000005 0 0.8400259 0.5425464 -0 0.8400259 0.5425464 0 0.8119382 0.5837435 0 0.8119382 0.5837435 0 0.7818317 0.6234894 -0 0.7818317 0.6234894 0 0.7497813 0.6616857 0 0.7497813 0.6616857 -0 0.7158668 0.6982369 0 0.7158668 0.6982369 -0 0.6801723 0.7330524 0 0.6427881 0.766044 0 0.6801723 0.7330524 -0 0.6427881 0.766044 0 0.6038042 0.7971327 -0 0.6038042 0.7971327 0 0.5633199 0.8262389 0 0.5633199 0.8262389 0 0.5214353 0.8532909 0 0.4782545 0.8782213 0 0.5214353 0.8532909 -0 0.4338838 0.9009688 0 0.4782545 0.8782213 0 0.4338838 0.9009688 0 0.3884345 0.9214763 0 0.3420202 0.9396926 0 0.3884345 0.9214763 -0 0.3420202 0.9396926 0 0.294755 0.9555728 0 0.294755 0.9555728 -0 0.2467571 0.9690773 0 0.2467571 0.9690773 -0 0.1981459 0.9801726 0 0.1490422 0.9888308 0 0.1981459 0.9801726 -0 0.1490422 0.9888308 0 0.099569 0.9950306 0 0.099569 0.9950306 -0 0.04984489 0.998757 0 0.04984489 0.998757 -0 0 1 0 0 1 -0 -0.04984489 0.998757 0 -0.04984489 0.998757 0 -0.099569 0.9950306 0 -0.1490422 0.9888308 0 -0.099569 0.9950306 0 -0.1981459 0.9801726 0 -0.1490422 0.9888308 0 -0.1981459 0.9801726 0 -0.2467571 0.9690773 0 -0.2467571 0.9690773 0 -0.294755 0.9555728 0 -0.294755 0.9555728 0 -0.3420202 0.9396926 0 -0.3420202 0.9396926 0 -0.3884345 0.9214763 0 -0.3884345 0.9214763 0 -0.4338838 0.9009688 0 -0.4338838 0.9009688 0 -0.4782545 0.8782213 0 -0.4782545 0.8782213 0 -0.5214353 0.8532909 0 -0.5214353 0.8532909 0 -0.5633199 0.8262389 0 -0.5633199 0.8262389 0 -0.6038042 0.7971327 0 -0.6038042 0.7971327 0 -0.6427881 0.766044 0 -0.6427881 0.766044 0 -0.6801723 0.7330524 0 -0.6801723 0.7330524 0 -0.7158668 0.6982369 0 -0.7158668 0.6982369 0 -0.7497813 0.6616857 0 -0.7497813 0.6616857 0 -0.7818317 0.6234894 0 -0.7818317 0.6234894 0 -0.8119382 0.5837435 0 -0.8400259 0.5425464 0 -0.8119382 0.5837435 0 -0.8400259 0.5425464 0 -0.8660251 0.5000005 0 -0.8660251 0.5000005 0 -0.8898721 0.4562102 0 -0.8898721 0.4562102 0 -0.9115059 0.4112871 0 -0.9308736 0.3653415 0 -0.9115059 0.4112871 0 -0.9308736 0.3653415 0 -0.9479275 0.3184862 0 -0.9479275 0.3184862 0 -0.9626241 0.270841 0 -0.9749278 0.2225214 0 -0.9626241 0.270841 0 -0.9749278 0.2225214 0 -0.984808 0.1736472 0 -0.984808 0.1736472 0 -0.9922392 0.1243438 0 -0.9972038 0.07473087 0 -0.9922392 0.1243438 0 -0.9972038 0.07473087 0 -0.9996892 0.02493021 0 -0.9996892 0.02493021 0 -0.9996892 -0.02493021 0 -0.9996892 -0.02493021 0 -0.9972038 -0.07473087 -0 -0.9972038 -0.07473087 0 -0.9922392 -0.1243438 0 -0.9922392 -0.1243438 0 -0.984808 -0.1736472 -0 -0.984808 -0.1736472 0 -0.9749278 -0.2225214 0 -0.9749278 -0.2225214 0 -0.9626241 -0.270841 -0 -0.9626241 -0.270841 0 -0.9479275 -0.3184862 0 -0.9479275 -0.3184862 0 -0.9308736 -0.3653415 0 -0.9308736 -0.3653415 0 -0.9115059 -0.4112871 0 -0.9115059 -0.4112871 0 -0.8898721 -0.4562102 0 -0.8898721 -0.4562102 0 -0.8660251 -0.5000005 0 -0.8660251 -0.5000005 0 -0.8400259 -0.5425464 -0 -0.8400259 -0.5425464 0 -0.8119382 -0.5837435 0 -0.8119382 -0.5837435 0 -0.7818317 -0.6234894 0 -0.7818317 -0.6234894 0 -0.7497813 -0.6616857 -0 -0.7497813 -0.6616857 0 -0.7158668 -0.6982369 0 -0.7158668 -0.6982369 0 -0.6801723 -0.7330524 0 -0.6801723 -0.7330524 0 -0.6427881 -0.766044 -0 -0.6427881 -0.766044 0 -0.6038042 -0.7971327 0 -0.6038042 -0.7971327 0 -0.5633199 -0.8262389 0 -0.5633199 -0.8262389 0 -0.5214353 -0.8532909 -0 -0.5214353 -0.8532909 0 -0.4782545 -0.8782213 0 -0.4338838 -0.9009688 -0 -0.4782545 -0.8782213 0 -0.4338838 -0.9009688 0 -0.3884345 -0.9214763 0 -0.3884345 -0.9214763 0 -0.3420202 -0.9396926 0 -0.3420202 -0.9396926 0 -0.294755 -0.9555728 0 -0.294755 -0.9555728 0 -0.2467571 -0.9690773 0 -0.2467571 -0.9690773 0 -0.1981459 -0.9801726 0 -0.1981459 -0.9801726 0 -0.1490422 -0.9888308 -0 -0.1490422 -0.9888308 0 -0.099569 -0.9950306 0 -0.099569 -0.9950306 0 -0.04984489 -0.998757 0 -0.04984489 -0.998757 0 0 -1 0 0 -1 0 0.04984489 -0.998757 0 0.04984489 -0.998757 0 0.099569 -0.9950306 0 0.099569 -0.9950306 0 0.1490422 -0.9888308 0 0.1490422 -0.9888308 0 0.1981459 -0.9801726 0 0.1981459 -0.9801726 0 0.2467571 -0.9690773 0 0.294755 -0.9555728 0 0.2467571 -0.9690773 0 0.3420202 -0.9396926 0 0.294755 -0.9555728 0 0.3420202 -0.9396926 0 0.3884345 -0.9214763 0 0.3884345 -0.9214763 0 0.4338838 -0.9009688 0 0.4338838 -0.9009688 0 0.4782545 -0.8782213 0 0.4782545 -0.8782213 0 0.5214353 -0.8532909 0 0.5214353 -0.8532909 0 0.5633199 -0.8262389 0 0.5633199 -0.8262389 0 0.6038042 -0.7971327 0 0.6427881 -0.766044 0 0.6038042 -0.7971327 0 0.6427881 -0.766044 0 0.6801723 -0.7330524 0 0.6801723 -0.7330524 0 0.7158668 -0.6982369 0 0.7497813 -0.6616857 0 0.7158668 -0.6982369 0 0.7818317 -0.6234894 0 0.7497813 -0.6616857 0 0.7818317 -0.6234894 0 0.8119382 -0.5837435 0 0.8119382 -0.5837435 0 0.8400259 -0.5425464 0 0.8400259 -0.5425464 0 0.8660251 -0.5000005 0 0.8660251 -0.5000005 0 0.8898721 -0.4562102 0 0.8898721 -0.4562102 0 0.9115059 -0.4112871 0 0.9115059 -0.4112871 0 0.9308736 -0.3653415 0 0.9308736 -0.3653415 0 0.9479275 -0.3184862 0 0.9479275 -0.3184862 0 0.9626241 -0.270841 0 0.9749278 -0.2225214 0 0.9626241 -0.270841 0 0.9749278 -0.2225214 0 0.984808 -0.1736472 0 0.984808 -0.1736472 0 0.9922392 -0.1243438 0 0.9922392 -0.1243438 0 0.9972038 -0.07473087 0 0.9972038 -0.07473087 0 0.9996892 -0.02493021 0 0.9996892 -0.02493021 0 0 0 1 0 0 1 0 0 1 0 0 1 0 0 1 0 0 1 0 0 1 0 0 1 0 0 1 0 0 1 0 0 1 0 0 1 0 0 1 0 0 1 0 0 1 0 0 1 0 0 1 0 0 1 0 0 1 0 0 1 0 0 1 0 0 1 0 0 1 0 0 1 0 0 1 0 0 1 0 0 1 0 0 1 0 0 1 0 0 1 0 0 1 0 0 1 0 0 1 0 0 1 0 0 1 0 0 1 0 0 1 0 0 1 0 0 1 0 0 1 0 0 1 0 0 1 0 0 1 0 0 1 0 0 1 0 0 1 0 0 1 0 0 1 0 0 1 0 0 1 0 0 1 0 0 1 0 0 1 0 0 1 0 0 1 0 0 1 0 0 1 0 0 1 0 0 1 0 0 1 0 0 1 0 0 1 0 0 1 0 0 1 0 0 1 0 0 1 0 0 1 0 0 1 0 0 1 0 0 1 0 0 1 0 0 1 0 0 1 0 0 1 0 0 1 0 0 1 0 0 1 0 0 1 0 0 1 0 0 1 0 0 1 0 0 1 0 0 1 0 0 1 0 0 1 0 0 1 0 0 1 0 0 1 0 0 1 0 0 1 0 0 1 0 0 1 0 0 1 0 0 1 0 0 1 0 0 1 0 0 1 0 0 1 0 0 1 0 0 1 0 0 1 0 0 1 0 0 1 0 0 1 0 0 1 0 0 1 0 0 1 0 0 1 0 0 1 0 0 1 0 0 1 0 0 1 0 0 1 0 0 1 0 0 1 0 0 1 0 0 1 0 0 1 0 0 1 0 0 1 0 0 1 0 0 1 0 0 1 0 0 1</float_array>
          <technique_common>
            <accessor count="2012" source="#cubenormals-array0-array" stride="3">
              <param type="float" name="X"/>
              <param type="float" name="Y"/>
              <param type="float" name="Z"/>
            </accessor>
          </technique_common>
        </source>
        <vertices id="cubeverts-array0-vertices">
          <input semantic="POSITION" source="#cubeverts-array0"/>
        </vertices>
        <triangles count="2012" material="ref_Body012">
          <input offset="0" semantic="VERTEX" source="#cubeverts-array0-vertices"/>
          <input offset="1" semantic="NORMAL" source="#cubenormals-array0"/>
          <p>0 0 1 0 2 0 2 1 1 1 3 1 3 2 1 2 4 2 4 3 5 3 6 3 1 4 5 4 4 4 5 5 7 5 6 5 6 6 8 6 9 6 9 7 8 7 10 7 7 8 8 8 6 8 8 9 11 9 10 9 10 10 12 10 13 10 11 11 12 11 10 11 13 12 14 12 15 12 15 13 14 13 16 13 12 14 14 14 13 14 14 15 17 15 16 15 16 16 18 16 19 16 17 17 18 17 16 17 19 18 20 18 21 18 18 19 20 19 19 19 20 20 22 20 21 20 21 21 22 21 23 21 23 22 22 22 24 22 22 23 25 23 24 23 25 24 26 24 24 24 24 25 26 25 27 25 26 26 28 26 27 26 27 27 28 27 29 27 29 28 30 28 31 28 31 29 30 29 32 29 28 30 30 30 29 30 30 31 33 31 32 31 32 32 34 32 35 32 33 33 34 33 32 33 35 34 36 34 37 34 37 35 36 35 38 35 34 36 36 36 35 36 36 37 39 37 38 37 38 38 40 38 41 38 39 39 40 39 38 39 41 40 42 40 43 40 40 41 42 41 41 41 43 42 44 42 45 42 42 43 44 43 43 43 45 44 46 44 47 44 44 45 46 45 45 45 47 46 48 46 49 46 46 47 48 47 47 47 49 48 50 48 51 48 48 49 50 49 49 49 51 50 52 50 53 50 50 51 52 51 51 51 53 52 54 52 55 52 52 53 54 53 53 53 55 54 56 54 57 54 57 55 56 55 58 55 54 56 56 56 55 56 56 57 59 57 58 57 58 58 60 58 61 58 59 59 60 59 58 59 61 60 62 60 63 60 60 61 62 61 61 61 63 62 64 62 65 62 62 63 64 63 63 63 65 64 66 64 67 64 64 65 66 65 65 65 67 66 68 66 69 66 66 67 68 67 67 67 69 68 70 68 71 68 68 69 70 69 69 69 71 70 72 70 73 70 70 71 72 71 71 71 73 72 74 72 75 72 75 73 74 73 76 73 72 74 74 74 73 74 74 75 77 75 76 75 76 76 77 76 78 76 77 77 79 77 78 77 79 78 80 78 78 78 78 79 80 79 81 79 80 80 82 80 81 80 81 81 82 81 83 81 82 82 84 82 83 82 83 83 84 83 85 83 84 84 86 84 85 84 85 85 86 85 87 85 86 86 88 86 87 86 87 87 88 87 89 87 88 88 90 88 89 88 89 89 90 89 91 89 90 90 92 90 91 90 91 91 92 91 93 91 93 92 92 92 94 92 92 93 95 93 94 93 94 94 96 94 97 94 95 95 96 95 94 95 97 96 98 96 99 96 96 97 98 97 97 97 99 98 100 98 101 98 101 99 100 99 102 99 98 100 100 100 99 100 100 101 103 101 102 101 102 102 104 102 105 102 105 103 104 103 106 103 103 104 104 104 102 104 104 105 107 105 106 105 106 106 108 106 109 106 109 107 108 107 110 107 107 108 108 108 106 108 108 109 111 109 110 109 110 110 112 110 113 110 111 111 112 111 110 111 113 112 114 112 115 112 115 113 114 113 116 113 112 114 114 114 113 114 114 115 117 115 116 115 116 116 118 116 119 116 117 117 118 117 116 117 119 118 120 118 121 118 118 119 120 119 119 119 121 120 122 120 123 120 120 121 122 121 121 121 122 122 124 122 123 122 123 123 124 123 125 123 125 124 124 124 126 124 124 125 127 125 126 125 126 126 127 126 128 126 127 127 129 127 128 127 129 128 130 128 128 128 128 129 130 129 131 129 131 130 130 130 132 130 130 131 133 131 132 131 132 132 133 132 134 132 133 133 135 133 134 133 134 134 135 134 136 134 135 135 137 135 136 135 137 136 138 136 136 136 136 137 138 137 139 137 139 138 138 138 140 138 138 139 141 139 140 139 140 140 141 140 142 140 141 141 143 141 142 141 143 142 144 142 142 142 142 143 144 143 145 143 145 144 144 144 146 144 144 145 147 145 146 145 147 146 148 146 146 146 146 147 148 147 149 147 148 148 150 148 149 148 149 149 150 149 151 149 150 150 152 150 151 150 151 151 152 151 153 151 153 152 152 152 154 152 152 153 155 153 154 153 155 154 156 154 154 154 154 155 156 155 157 155 156 156 158 156 157 156 157 157 158 157 159 157 159 158 158 158 160 158 158 159 161 159 160 159 161 160 162 160 160 160 160 161 162 161 163 161 162 162 164 162 163 162 163 163 164 163 165 163 165 164 166 164 167 164 164 165 166 165 165 165 167 166 166 166 168 166 166 167 169 167 168 167 168 168 170 168 171 168 169 169 170 169 168 169 171 170 172 170 173 170 170 171 172 171 171 171 173 172 174 172 175 172 172 173 174 173 173 173 174 174 176 174 175 174 175 175 176 175 177 175 176 176 178 176 177 176 177 177 178 177 179 177 178 178 180 178 179 178 179 179 180 179 181 179 180 180 182 180 181 180 181 181 182 181 183 181 183 182 182 182 184 182 182 183 185 183 184 183 185 184 186 184 184 184 184 185 186 185 187 185 186 186 188 186 187 186 187 187 188 187 189 187 188 188 190 188 189 188 189 189 190 189 191 189 190 190 192 190 191 190 191 191 192 191 193 191 192 192 194 192 193 192 193 193 194 193 195 193 194 194 196 194 195 194 195 195 196 195 197 195 196 196 198 196 197 196 197 197 198 197 199 197 199 198 200 198 201 198 198 199 200 199 199 199 201 200 202 200 203 200 200 201 202 201 201 201 203 202 204 202 205 202 202 203 204 203 203 203 205 204 206 204 207 204 204 205 206 205 205 205 207 206 208 206 209 206 209 207 208 207 210 207 206 208 208 208 207 208 208 209 211 209 210 209 210 210 212 210 213 210 211 211 212 211 210 211 213 212 214 212 215 212 212 213 214 213 213 213 215 214 216 214 217 214 214 215 216 215 215 215 217 216 218 216 219 216 216 217 218 217 217 217 219 218 220 218 221 218 218 219 220 219 219 219 221 220 222 220 223 220 220 221 222 221 221 221 222 222 224 222 223 222 223 223 224 223 225 223 224 224 226 224 225 224 225 225 226 225 227 225 226 226 228 226 227 226 227 227 228 227 229 227 228 228 230 228 229 228 229 229 230 229 231 229 230 230 232 230 231 230 231 231 232 231 233 231 233 232 234 232 235 232 232 233 234 233 233 233 235 234 236 234 237 234 234 235 236 235 235 235 237 236 238 236 239 236 239 237 238 237 240 237 236 238 238 238 237 238 238 239 241 239 240 239 240 240 242 240 243 240 241 241 242 241 240 241 243 242 244 242 245 242 242 243 244 243 243 243 245 244 246 244 247 244 244 245 246 245 245 245 247 246 248 246 249 246 246 247 248 247 247 247 249 248 250 248 251 248 251 249 250 249 2 249 248 250 250 250 249 250 250 251 0 251 2 251 158 252 162 252 161 252 155 253 152 253 156 253 156 254 152 254 158 254 162 255 166 255 164 255 162 256 169 256 166 256 147 257 144 257 148 257 144 258 143 258 148 258 170 259 174 259 172 259 158 260 138 260 162 260 152 261 138 261 158 261 162 262 138 262 169 262 143 263 138 263 148 263 141 264 138 264 143 264 148 265 138 265 150 265 150 266 138 266 152 266 170 267 180 267 174 267 174 268 180 268 176 268 176 269 180 269 178 269 135 270 133 270 137 270 137 271 133 271 138 271 180 272 185 272 182 272 180 273 188 273 185 273 185 274 188 274 186 274 129 275 127 275 130 275 130 276 127 276 133 276 133 277 127 277 138 277 170 278 190 278 180 278 169 279 190 279 170 279 180 280 190 280 188 280 124 281 122 281 127 281 122 282 120 282 127 282 192 283 198 283 194 283 194 284 198 284 196 284 192 285 200 285 198 285 190 286 200 286 192 286 120 287 114 287 127 287 117 288 114 288 118 288 118 289 114 289 120 289 127 290 114 290 138 290 112 291 111 291 114 291 111 292 108 292 114 292 108 293 107 293 114 293 200 294 212 294 202 294 202 295 212 295 204 295 204 296 212 296 206 296 206 297 212 297 208 297 208 298 212 298 211 298 190 299 212 299 200 299 169 300 212 300 190 300 107 301 100 301 114 301 103 302 100 302 104 302 104 303 100 303 107 303 214 304 220 304 216 304 216 305 220 305 218 305 100 306 95 306 114 306 96 307 95 307 98 307 98 308 95 308 100 308 220 309 224 309 222 309 92 310 90 310 95 310 212 311 228 311 214 311 224 312 228 312 226 312 169 313 228 313 212 313 214 314 228 314 220 314 138 315 228 315 169 315 220 316 228 316 224 316 88 317 86 317 90 317 90 318 86 318 95 318 138 319 230 319 228 319 95 320 84 320 114 320 86 321 84 321 95 321 79 322 77 322 80 322 80 323 77 323 82 323 236 324 241 324 238 324 82 325 74 325 84 325 84 326 74 326 114 326 77 327 74 327 82 327 72 328 70 328 74 328 242 329 246 329 244 329 246 330 250 330 248 330 242 331 250 331 246 331 66 332 64 332 68 332 68 333 64 333 70 333 70 334 64 334 74 334 242 335 0 335 250 335 242 336 1 336 0 336 241 337 1 337 242 337 62 338 60 338 64 338 241 339 5 339 1 339 60 340 59 340 64 340 5 341 8 341 7 341 241 342 8 342 5 342 59 343 52 343 64 343 54 344 52 344 56 344 56 345 52 345 59 345 8 346 12 346 11 346 241 347 12 347 8 347 230 348 14 348 232 348 232 349 14 349 234 349 234 350 14 350 236 350 138 351 14 351 230 351 241 352 14 352 12 352 236 353 14 353 241 353 114 354 14 354 138 354 50 355 48 355 52 355 52 356 48 356 64 356 14 357 18 357 17 357 114 358 18 358 14 358 44 359 42 359 46 359 46 360 42 360 48 360 64 361 40 361 74 361 48 362 40 362 64 362 42 363 40 363 48 363 18 364 25 364 20 364 20 365 25 365 22 365 18 366 26 366 25 366 39 367 36 367 40 367 18 368 28 368 26 368 36 369 34 369 40 369 18 370 30 370 28 370 114 371 33 371 18 371 18 372 33 372 30 372 40 373 33 373 74 373 34 374 33 374 40 374 74 375 33 375 114 375 252 376 159 376 160 376 253 377 157 377 159 377 253 378 159 378 252 378 254 379 160 379 163 379 254 380 252 380 160 380 255 381 153 381 154 381 255 382 154 382 157 382 255 383 157 383 253 383 256 384 254 384 163 384 257 385 151 385 153 385 257 386 153 386 255 386 258 387 256 387 163 387 258 388 163 388 165 388 258 389 165 389 167 389 259 390 151 390 257 390 259 391 149 391 151 391 260 392 258 392 167 392 261 393 149 393 259 393 262 394 260 394 167 394 262 395 167 395 168 395 262 396 168 396 171 396 263 397 149 397 261 397 263 398 146 398 149 398 264 399 262 399 171 399 265 400 146 400 263 400 265 401 145 401 146 401 266 402 171 402 173 402 266 403 264 403 171 403 267 404 145 404 265 404 267 405 142 405 145 405 268 406 266 406 173 406 268 407 173 407 175 407 269 408 142 408 267 408 269 409 140 409 142 409 270 410 268 410 175 410 270 411 175 411 177 411 270 412 177 412 179 412 271 413 140 413 269 413 271 414 139 414 140 414 272 415 179 415 181 415 272 416 270 416 179 416 273 417 139 417 271 417 273 418 134 418 136 418 273 419 136 419 139 419 274 420 272 420 181 420 275 421 134 421 273 421 276 422 274 422 181 422 276 423 181 423 183 423 277 424 134 424 275 424 277 425 132 425 134 425 278 426 276 426 183 426 278 427 183 427 184 427 279 428 132 428 277 428 279 429 131 429 132 429 280 430 278 430 184 430 280 431 184 431 187 431 281 432 126 432 128 432 281 433 128 433 131 433 281 434 131 434 279 434 282 435 280 435 187 435 282 436 187 436 189 436 283 437 126 437 281 437 284 438 282 438 189 438 284 439 189 439 191 439 285 440 123 440 125 440 285 441 125 441 126 441 285 442 126 442 283 442 286 443 284 443 191 443 286 444 191 444 193 444 286 445 193 445 195 445 287 446 121 446 123 446 287 447 123 447 285 447 288 448 286 448 195 448 289 449 121 449 287 449 290 450 195 450 197 450 290 451 288 451 195 451 291 452 121 452 289 452 291 453 119 453 121 453 292 454 290 454 197 454 292 455 197 455 199 455 293 456 119 456 291 456 293 457 116 457 119 457 294 458 201 458 203 458 294 459 292 459 199 459 294 460 199 460 201 460 295 461 116 461 293 461 295 462 115 462 116 462 296 463 294 463 203 463 297 464 115 464 295 464 297 465 113 465 115 465 298 466 203 466 205 466 298 467 296 467 203 467 299 468 113 468 297 468 299 469 110 469 113 469 300 470 205 470 207 470 300 471 298 471 205 471 301 472 110 472 299 472 301 473 109 473 110 473 302 474 207 474 209 474 302 475 300 475 207 475 303 476 109 476 301 476 303 477 106 477 109 477 304 478 209 478 210 478 304 479 302 479 209 479 213 480 304 480 210 480 305 481 106 481 303 481 305 482 105 482 106 482 102 483 105 483 305 483 306 484 304 484 213 484 307 485 102 485 305 485 308 486 213 486 215 486 308 487 306 487 213 487 309 488 101 488 102 488 309 489 102 489 307 489 310 490 215 490 217 490 310 491 308 491 215 491 311 492 99 492 101 492 311 493 101 493 309 493 219 494 310 494 217 494 312 495 310 495 219 495 313 496 97 496 99 496 313 497 99 497 311 497 314 498 219 498 221 498 314 499 312 499 219 499 94 500 313 500 315 500 94 501 97 501 313 501 223 502 314 502 221 502 223 503 316 503 314 503 317 504 94 504 315 504 93 505 94 505 317 505 225 506 318 506 316 506 225 507 316 507 223 507 91 508 93 508 317 508 91 509 317 509 319 509 320 510 318 510 225 510 227 511 320 511 225 511 321 512 91 512 319 512 89 513 91 513 321 513 229 514 320 514 227 514 229 515 322 515 320 515 87 516 89 516 321 516 87 517 321 517 323 517 231 518 322 518 229 518 231 519 324 519 322 519 325 520 324 520 231 520 85 521 87 521 323 521 85 522 323 522 326 522 233 523 325 523 231 523 83 524 85 524 326 524 83 525 326 525 327 525 235 526 328 526 325 526 235 527 329 527 328 527 235 528 325 528 233 528 81 529 83 529 327 529 81 530 327 530 330 530 237 531 331 531 329 531 237 532 329 532 235 532 78 533 330 533 332 533 78 534 81 534 330 534 239 535 331 535 237 535 76 536 333 536 334 536 76 537 332 537 333 537 76 538 78 538 332 538 240 539 335 539 331 539 240 540 336 540 335 540 240 541 331 541 239 541 75 542 76 542 334 542 243 543 337 543 336 543 243 544 336 544 240 544 73 545 334 545 338 545 73 546 75 546 334 546 245 547 337 547 243 547 71 548 73 548 338 548 71 549 338 549 339 549 247 550 337 550 245 550 247 551 340 551 337 551 247 552 341 552 340 552 69 553 71 553 339 553 69 554 339 554 342 554 249 555 341 555 247 555 67 556 69 556 342 556 67 557 343 557 344 557 67 558 342 558 343 558 251 559 341 559 249 559 251 560 345 560 341 560 251 561 346 561 345 561 65 562 67 562 344 562 2 563 347 563 346 563 2 564 346 564 251 564 63 565 65 565 344 565 63 566 344 566 348 566 3 567 347 567 2 567 61 568 63 568 348 568 61 569 348 569 349 569 4 570 347 570 3 570 4 571 350 571 347 571 4 572 351 572 350 572 58 573 352 573 353 573 58 574 349 574 352 574 58 575 61 575 349 575 6 576 354 576 351 576 6 577 351 577 4 577 57 578 58 578 353 578 9 579 354 579 6 579 55 580 353 580 355 580 55 581 57 581 353 581 10 582 356 582 354 582 10 583 357 583 356 583 10 584 354 584 9 584 53 585 358 585 359 585 53 586 355 586 358 586 53 587 55 587 355 587 13 588 357 588 10 588 51 589 53 589 359 589 15 590 360 590 357 590 15 591 357 591 13 591 49 592 51 592 359 592 49 593 361 593 362 593 49 594 359 594 361 594 16 595 363 595 360 595 16 596 360 596 15 596 47 597 49 597 362 597 19 598 364 598 363 598 19 599 363 599 16 599 45 600 47 600 362 600 45 601 365 601 366 601 45 602 362 602 365 602 21 603 367 603 364 603 21 604 368 604 367 604 21 605 364 605 19 605 43 606 45 606 366 606 23 607 368 607 21 607 41 608 43 608 366 608 41 609 366 609 369 609 24 610 370 610 368 610 24 611 368 611 23 611 38 612 41 612 369 612 38 613 369 613 371 613 27 614 370 614 24 614 27 615 372 615 370 615 27 616 373 616 372 616 37 617 38 617 371 617 37 618 371 618 374 618 29 619 373 619 27 619 35 620 374 620 375 620 35 621 37 621 374 621 31 622 376 622 373 622 31 623 373 623 29 623 32 624 377 624 376 624 32 625 375 625 377 625 32 626 35 626 375 626 32 627 376 627 31 627 346 628 347 628 378 628 378 629 347 629 379 629 379 630 350 630 380 630 347 631 350 631 379 631 380 632 351 632 381 632 350 633 351 633 380 633 381 634 354 634 382 634 351 635 354 635 381 635 382 636 356 636 383 636 383 637 356 637 384 637 354 638 356 638 382 638 384 639 357 639 385 639 356 640 357 640 384 640 385 641 360 641 386 641 357 642 360 642 385 642 360 643 363 643 386 643 386 644 364 644 387 644 363 645 364 645 386 645 387 646 367 646 388 646 364 647 367 647 387 647 367 648 368 648 388 648 388 649 368 649 389 649 368 650 370 650 389 650 389 651 370 651 390 651 370 652 372 652 390 652 390 653 372 653 391 653 391 654 372 654 392 654 372 655 373 655 392 655 392 656 373 656 393 656 373 657 376 657 393 657 376 658 377 658 393 658 393 659 377 659 394 659 394 660 377 660 395 660 377 661 375 661 395 661 395 662 374 662 396 662 375 663 374 663 395 663 396 664 371 664 397 664 374 665 371 665 396 665 397 666 369 666 398 666 371 667 369 667 397 667 398 668 366 668 399 668 369 669 366 669 398 669 399 670 365 670 400 670 366 671 365 671 399 671 400 672 362 672 401 672 365 673 362 673 400 673 401 674 361 674 402 674 362 675 361 675 401 675 402 676 359 676 403 676 361 677 359 677 402 677 403 678 358 678 404 678 359 679 358 679 403 679 404 680 355 680 405 680 358 681 355 681 404 681 405 682 353 682 406 682 355 683 353 683 405 683 406 684 352 684 407 684 353 685 352 685 406 685 407 686 349 686 408 686 352 687 349 687 407 687 408 688 348 688 409 688 349 689 348 689 408 689 409 690 344 690 410 690 348 691 344 691 409 691 410 692 343 692 411 692 411 693 343 693 412 693 344 694 343 694 410 694 343 695 342 695 412 695 412 696 339 696 413 696 342 697 339 697 412 697 413 698 338 698 414 698 339 699 338 699 413 699 414 700 334 700 415 700 338 701 334 701 414 701 334 702 333 702 415 702 415 703 333 703 416 703 416 704 333 704 417 704 333 705 332 705 417 705 332 706 330 706 417 706 417 707 330 707 418 707 330 708 327 708 418 708 418 709 327 709 419 709 327 710 326 710 419 710 419 711 326 711 420 711 326 712 323 712 420 712 420 713 323 713 421 713 323 714 321 714 421 714 421 715 321 715 422 715 321 716 319 716 422 716 422 717 319 717 423 717 319 718 317 718 423 718 423 719 317 719 424 719 317 720 315 720 424 720 424 721 315 721 425 721 425 722 313 722 426 722 315 723 313 723 425 723 426 724 311 724 427 724 313 725 311 725 426 725 427 726 309 726 428 726 311 727 309 727 427 727 428 728 307 728 429 728 309 729 307 729 428 729 429 730 305 730 430 730 430 731 305 731 431 731 307 732 305 732 429 732 305 733 303 733 431 733 431 734 301 734 432 734 303 735 301 735 431 735 432 736 299 736 433 736 301 737 299 737 432 737 433 738 297 738 434 738 299 739 297 739 433 739 434 740 295 740 435 740 297 741 295 741 434 741 435 742 293 742 436 742 295 743 293 743 435 743 436 744 291 744 437 744 293 745 291 745 436 745 437 746 289 746 438 746 291 747 289 747 437 747 438 748 287 748 439 748 439 749 287 749 440 749 289 750 287 750 438 750 287 751 285 751 440 751 285 752 283 752 440 752 440 753 283 753 441 753 283 754 281 754 441 754 441 755 281 755 442 755 281 756 279 756 442 756 442 757 279 757 443 757 279 758 277 758 443 758 443 759 277 759 444 759 444 760 277 760 445 760 277 761 275 761 445 761 275 762 273 762 445 762 445 763 273 763 446 763 273 764 271 764 446 764 446 765 271 765 447 765 271 766 269 766 447 766 447 767 269 767 448 767 269 768 267 768 448 768 448 769 267 769 449 769 267 770 265 770 449 770 449 771 265 771 450 771 265 772 263 772 450 772 450 773 263 773 451 773 263 774 261 774 451 774 451 775 261 775 452 775 261 776 259 776 452 776 452 777 259 777 453 777 453 778 259 778 454 778 259 779 257 779 454 779 257 780 255 780 454 780 454 781 255 781 455 781 455 782 255 782 456 782 255 783 253 783 456 783 253 784 252 784 456 784 456 785 252 785 457 785 252 786 254 786 457 786 457 787 254 787 458 787 254 788 256 788 458 788 458 789 256 789 459 789 256 790 258 790 459 790 459 791 258 791 460 791 460 792 260 792 461 792 258 793 260 793 460 793 461 794 262 794 462 794 260 795 262 795 461 795 462 796 264 796 463 796 262 797 264 797 462 797 463 798 266 798 464 798 264 799 266 799 463 799 464 800 268 800 465 800 266 801 268 801 464 801 268 802 270 802 465 802 465 803 270 803 466 803 270 804 272 804 466 804 466 805 272 805 467 805 272 806 274 806 467 806 467 807 274 807 468 807 274 808 276 808 468 808 468 809 276 809 469 809 276 810 278 810 469 810 469 811 278 811 470 811 278 812 280 812 470 812 470 813 280 813 471 813 280 814 282 814 471 814 471 815 282 815 472 815 282 816 284 816 472 816 472 817 284 817 473 817 284 818 286 818 473 818 473 819 286 819 474 819 286 820 288 820 474 820 474 821 288 821 475 821 475 822 288 822 476 822 288 823 290 823 476 823 290 824 292 824 476 824 476 825 292 825 477 825 477 826 294 826 478 826 478 827 294 827 479 827 292 828 294 828 477 828 294 829 296 829 479 829 479 830 298 830 480 830 296 831 298 831 479 831 480 832 300 832 481 832 298 833 300 833 480 833 481 834 302 834 482 834 300 835 302 835 481 835 482 836 304 836 483 836 302 837 304 837 482 837 483 838 306 838 484 838 304 839 306 839 483 839 484 840 308 840 485 840 306 841 308 841 484 841 485 842 310 842 486 842 486 843 310 843 487 843 308 844 310 844 485 844 310 845 312 845 487 845 487 846 314 846 488 846 312 847 314 847 487 847 488 848 316 848 489 848 314 849 316 849 488 849 316 850 318 850 489 850 489 851 318 851 490 851 318 852 320 852 490 852 490 853 320 853 491 853 320 854 322 854 491 854 491 855 322 855 492 855 322 856 324 856 492 856 492 857 324 857 493 857 493 858 325 858 494 858 324 859 325 859 493 859 494 860 328 860 495 860 325 861 328 861 494 861 495 862 329 862 496 862 328 863 329 863 495 863 496 864 331 864 497 864 497 865 331 865 498 865 329 866 331 866 496 866 331 867 335 867 498 867 498 868 336 868 499 868 335 869 336 869 498 869 499 870 337 870 500 870 336 871 337 871 499 871 500 872 340 872 501 872 337 873 340 873 500 873 501 874 341 874 502 874 340 875 341 875 501 875 502 876 345 876 503 876 341 877 345 877 502 877 345 878 346 878 503 878 503 879 346 879 378 879 504 880 457 880 505 880 504 881 456 881 457 881 506 882 505 882 457 882 506 883 457 883 458 883 507 884 456 884 504 884 507 885 455 885 456 885 508 886 506 886 458 886 508 887 458 887 459 887 509 888 455 888 507 888 509 889 454 889 455 889 510 890 459 890 460 890 510 891 508 891 459 891 511 892 454 892 509 892 511 893 453 893 454 893 512 894 510 894 460 894 512 895 460 895 461 895 513 896 453 896 511 896 513 897 452 897 453 897 514 898 461 898 462 898 514 899 462 899 463 899 514 900 512 900 461 900 515 901 452 901 513 901 515 902 451 902 452 902 516 903 514 903 463 903 517 904 450 904 451 904 517 905 451 905 515 905 518 906 516 906 463 906 518 907 463 907 464 907 518 908 464 908 465 908 519 909 449 909 450 909 519 910 450 910 517 910 520 911 518 911 465 911 521 912 448 912 449 912 521 913 449 913 519 913 522 914 520 914 465 914 522 915 465 915 466 915 522 916 466 916 467 916 523 917 446 917 447 917 523 918 447 918 448 918 523 919 448 919 521 919 524 920 522 920 467 920 525 921 446 921 523 921 526 922 524 922 467 922 526 923 467 923 468 923 526 924 468 924 469 924 527 925 444 925 445 925 527 926 445 926 446 926 527 927 446 927 525 927 528 928 526 928 469 928 529 929 444 929 527 929 530 930 469 930 470 930 530 931 528 931 469 931 531 932 444 932 529 932 531 933 443 933 444 933 532 934 530 934 470 934 532 935 470 935 471 935 532 936 471 936 472 936 533 937 443 937 531 937 533 938 442 938 443 938 534 939 532 939 472 939 535 940 441 940 442 940 535 941 442 941 533 941 536 942 534 942 472 942 536 943 472 943 473 943 537 944 441 944 535 944 537 945 439 945 440 945 537 946 440 946 441 946 538 947 536 947 473 947 538 948 473 948 474 948 539 949 439 949 537 949 540 950 538 950 474 950 540 951 474 951 475 951 540 952 475 952 476 952 541 953 439 953 539 953 541 954 438 954 439 954 542 955 540 955 476 955 543 956 438 956 541 956 543 957 436 957 437 957 543 958 437 958 438 958 544 959 542 959 476 959 544 960 476 960 477 960 545 961 436 961 543 961 546 962 544 962 477 962 546 963 477 963 478 963 547 964 436 964 545 964 547 965 434 965 435 965 547 966 435 966 436 966 548 967 478 967 479 967 548 968 479 968 480 968 548 969 546 969 478 969 549 970 434 970 547 970 550 971 548 971 480 971 551 972 434 972 549 972 551 973 433 973 434 973 552 974 480 974 481 974 552 975 550 975 480 975 553 976 432 976 433 976 553 977 433 977 551 977 554 978 481 978 482 978 554 979 552 979 481 979 555 980 432 980 553 980 555 981 431 981 432 981 556 982 482 982 483 982 556 983 554 983 482 983 557 984 429 984 430 984 557 985 430 985 431 985 557 986 431 986 555 986 558 987 483 987 484 987 558 988 484 988 485 988 558 989 556 989 483 989 559 990 429 990 557 990 560 991 558 991 485 991 561 992 427 992 428 992 561 993 428 993 429 993 561 994 429 994 559 994 562 995 485 995 486 995 562 996 486 996 487 996 562 997 560 997 485 997 563 998 426 998 427 998 563 999 427 999 561 999 564 1000 562 1000 487 1000 565 1001 426 1001 563 1001 566 1002 487 1002 488 1002 566 1003 564 1003 487 1003 567 1004 426 1004 565 1004 425 1005 426 1005 567 1005 489 1006 566 1006 488 1006 489 1007 568 1007 566 1007 489 1008 569 1008 568 1008 424 1009 425 1009 567 1009 424 1010 567 1010 570 1010 490 1011 571 1011 569 1011 490 1012 569 1012 489 1012 423 1013 424 1013 570 1013 423 1014 570 1014 572 1014 491 1015 571 1015 490 1015 422 1016 423 1016 572 1016 422 1017 572 1017 573 1017 492 1018 571 1018 491 1018 492 1019 574 1019 571 1019 421 1020 422 1020 573 1020 421 1021 573 1021 575 1021 493 1022 576 1022 574 1022 493 1023 577 1023 576 1023 493 1024 574 1024 492 1024 420 1025 575 1025 578 1025 420 1026 421 1026 575 1026 494 1027 577 1027 493 1027 419 1028 578 1028 579 1028 419 1029 420 1029 578 1029 495 1030 580 1030 577 1030 495 1031 581 1031 580 1031 495 1032 577 1032 494 1032 418 1033 419 1033 579 1033 418 1034 582 1034 583 1034 418 1035 579 1035 582 1035 496 1036 584 1036 581 1036 496 1037 581 1037 495 1037 417 1038 418 1038 583 1038 497 1039 584 1039 496 1039 416 1040 417 1040 583 1040 416 1041 585 1041 586 1041 416 1042 583 1042 585 1042 498 1043 587 1043 584 1043 498 1044 584 1044 497 1044 415 1045 416 1045 586 1045 499 1046 588 1046 587 1046 499 1047 587 1047 498 1047 414 1048 589 1048 590 1048 414 1049 586 1049 589 1049 414 1050 415 1050 586 1050 500 1051 588 1051 499 1051 500 1052 591 1052 588 1052 413 1053 414 1053 590 1053 501 1054 592 1054 591 1054 501 1055 591 1055 500 1055 412 1056 413 1056 590 1056 412 1057 590 1057 593 1057 502 1058 594 1058 592 1058 502 1059 592 1059 501 1059 411 1060 595 1060 596 1060 411 1061 593 1061 595 1061 411 1062 412 1062 593 1062 503 1063 594 1063 502 1063 503 1064 597 1064 594 1064 503 1065 598 1065 597 1065 410 1066 411 1066 596 1066 378 1067 599 1067 598 1067 378 1068 598 1068 503 1068 409 1069 600 1069 601 1069 409 1070 596 1070 600 1070 409 1071 410 1071 596 1071 379 1072 599 1072 378 1072 408 1073 409 1073 601 1073 408 1074 601 1074 602 1074 380 1075 603 1075 599 1075 380 1076 599 1076 379 1076 407 1077 602 1077 604 1077 407 1078 408 1078 602 1078 381 1079 605 1079 603 1079 381 1080 603 1080 380 1080 406 1081 407 1081 604 1081 382 1082 606 1082 605 1082 382 1083 605 1083 381 1083 405 1084 406 1084 604 1084 405 1085 604 1085 607 1085 383 1086 608 1086 606 1086 383 1087 609 1087 608 1087 383 1088 606 1088 382 1088 404 1089 405 1089 607 1089 404 1090 607 1090 610 1090 384 1091 609 1091 383 1091 403 1092 404 1092 610 1092 403 1093 611 1093 612 1093 403 1094 610 1094 611 1094 385 1095 609 1095 384 1095 385 1096 613 1096 609 1096 402 1097 403 1097 612 1097 386 1098 614 1098 613 1098 386 1099 613 1099 385 1099 401 1100 402 1100 612 1100 401 1101 612 1101 615 1101 387 1102 614 1102 386 1102 387 1103 616 1103 614 1103 400 1104 401 1104 615 1104 400 1105 617 1105 618 1105 400 1106 615 1106 617 1106 388 1107 616 1107 387 1107 388 1108 619 1108 616 1108 399 1109 400 1109 618 1109 389 1110 620 1110 619 1110 389 1111 619 1111 388 1111 398 1112 399 1112 618 1112 398 1113 621 1113 622 1113 398 1114 618 1114 621 1114 390 1115 620 1115 389 1115 390 1116 623 1116 620 1116 397 1117 398 1117 622 1117 391 1118 624 1118 623 1118 391 1119 625 1119 624 1119 391 1120 623 1120 390 1120 396 1121 397 1121 622 1121 396 1122 626 1122 627 1122 396 1123 622 1123 626 1123 392 1124 625 1124 391 1124 395 1125 627 1125 628 1125 395 1126 396 1126 627 1126 393 1127 629 1127 625 1127 393 1128 628 1128 629 1128 393 1129 625 1129 392 1129 394 1130 395 1130 628 1130 394 1131 628 1131 393 1131 598 1132 599 1132 630 1132 630 1133 599 1133 631 1133 631 1134 603 1134 632 1134 632 1135 603 1135 633 1135 599 1136 603 1136 631 1136 603 1137 605 1137 633 1137 633 1138 606 1138 634 1138 634 1139 606 1139 635 1139 605 1140 606 1140 633 1140 606 1141 608 1141 635 1141 635 1142 609 1142 636 1142 608 1143 609 1143 635 1143 636 1144 613 1144 637 1144 637 1145 613 1145 638 1145 609 1146 613 1146 636 1146 613 1147 614 1147 638 1147 638 1148 616 1148 639 1148 614 1149 616 1149 638 1149 639 1150 619 1150 640 1150 616 1151 619 1151 639 1151 619 1152 620 1152 640 1152 640 1153 620 1153 641 1153 641 1154 620 1154 642 1154 620 1155 623 1155 642 1155 623 1156 624 1156 642 1156 642 1157 624 1157 643 1157 624 1158 625 1158 643 1158 643 1159 625 1159 644 1159 644 1160 629 1160 645 1160 645 1161 629 1161 646 1161 625 1162 629 1162 644 1162 629 1163 628 1163 646 1163 646 1164 627 1164 647 1164 628 1165 627 1165 646 1165 647 1166 626 1166 648 1166 648 1167 626 1167 649 1167 627 1168 626 1168 647 1168 626 1169 622 1169 649 1169 649 1170 621 1170 650 1170 622 1171 621 1171 649 1171 650 1172 618 1172 651 1172 621 1173 618 1173 650 1173 651 1174 617 1174 652 1174 618 1175 617 1175 651 1175 652 1176 615 1176 653 1176 617 1177 615 1177 652 1177 653 1178 612 1178 654 1178 615 1179 612 1179 653 1179 654 1180 611 1180 655 1180 612 1181 611 1181 654 1181 655 1182 610 1182 656 1182 611 1183 610 1183 655 1183 656 1184 607 1184 657 1184 610 1185 607 1185 656 1185 657 1186 604 1186 658 1186 658 1187 604 1187 659 1187 607 1188 604 1188 657 1188 604 1189 602 1189 659 1189 659 1190 601 1190 660 1190 602 1191 601 1191 659 1191 660 1192 600 1192 661 1192 601 1193 600 1193 660 1193 661 1194 596 1194 662 1194 600 1195 596 1195 661 1195 662 1196 595 1196 663 1196 596 1197 595 1197 662 1197 663 1198 593 1198 664 1198 595 1199 593 1199 663 1199 664 1200 590 1200 665 1200 593 1201 590 1201 664 1201 665 1202 589 1202 666 1202 590 1203 589 1203 665 1203 666 1204 586 1204 667 1204 667 1205 586 1205 668 1205 589 1206 586 1206 666 1206 586 1207 585 1207 668 1207 668 1208 585 1208 669 1208 585 1209 583 1209 669 1209 583 1210 582 1210 669 1210 669 1211 582 1211 670 1211 582 1212 579 1212 670 1212 670 1213 579 1213 671 1213 579 1214 578 1214 671 1214 671 1215 578 1215 672 1215 578 1216 575 1216 672 1216 672 1217 575 1217 673 1217 575 1218 573 1218 673 1218 673 1219 573 1219 674 1219 573 1220 572 1220 674 1220 674 1221 572 1221 675 1221 572 1222 570 1222 675 1222 675 1223 570 1223 676 1223 676 1224 570 1224 677 1224 570 1225 567 1225 677 1225 677 1226 565 1226 678 1226 567 1227 565 1227 677 1227 678 1228 563 1228 679 1228 565 1229 563 1229 678 1229 679 1230 561 1230 680 1230 680 1231 561 1231 681 1231 563 1232 561 1232 679 1232 561 1233 559 1233 681 1233 681 1234 557 1234 682 1234 682 1235 557 1235 683 1235 559 1236 557 1236 681 1236 557 1237 555 1237 683 1237 683 1238 553 1238 684 1238 684 1239 553 1239 685 1239 555 1240 553 1240 683 1240 553 1241 551 1241 685 1241 685 1242 549 1242 686 1242 551 1243 549 1243 685 1243 686 1244 547 1244 687 1244 687 1245 547 1245 688 1245 549 1246 547 1246 686 1246 547 1247 545 1247 688 1247 688 1248 543 1248 689 1248 545 1249 543 1249 688 1249 689 1250 541 1250 690 1250 543 1251 541 1251 689 1251 690 1252 539 1252 691 1252 541 1253 539 1253 690 1253 539 1254 537 1254 691 1254 691 1255 537 1255 692 1255 692 1256 537 1256 693 1256 537 1257 535 1257 693 1257 693 1258 535 1258 694 1258 535 1259 533 1259 694 1259 533 1260 531 1260 694 1260 694 1261 531 1261 695 1261 695 1262 531 1262 696 1262 531 1263 529 1263 696 1263 696 1264 529 1264 697 1264 529 1265 527 1265 697 1265 697 1266 527 1266 698 1266 527 1267 525 1267 698 1267 525 1268 523 1268 698 1268 698 1269 523 1269 699 1269 699 1270 523 1270 700 1270 523 1271 521 1271 700 1271 521 1272 519 1272 700 1272 700 1273 519 1273 701 1273 519 1274 517 1274 701 1274 701 1275 517 1275 702 1275 702 1276 517 1276 703 1276 517 1277 515 1277 703 1277 515 1278 513 1278 703 1278 703 1279 513 1279 704 1279 513 1280 511 1280 704 1280 704 1281 511 1281 705 1281 511 1282 509 1282 705 1282 705 1283 509 1283 706 1283 706 1284 509 1284 707 1284 509 1285 507 1285 707 1285 507 1286 504 1286 707 1286 707 1287 504 1287 708 1287 504 1288 505 1288 708 1288 708 1289 505 1289 709 1289 709 1290 505 1290 710 1290 505 1291 506 1291 710 1291 506 1292 508 1292 710 1292 710 1293 508 1293 711 1293 508 1294 510 1294 711 1294 711 1295 510 1295 712 1295 712 1296 512 1296 713 1296 510 1297 512 1297 712 1297 713 1298 512 1298 714 1298 512 1299 514 1299 714 1299 714 1300 516 1300 715 1300 514 1301 516 1301 714 1301 715 1302 518 1302 716 1302 516 1303 518 1303 715 1303 716 1304 520 1304 717 1304 518 1305 520 1305 716 1305 520 1306 522 1306 717 1306 717 1307 522 1307 718 1307 522 1308 524 1308 718 1308 718 1309 524 1309 719 1309 524 1310 526 1310 719 1310 719 1311 526 1311 720 1311 526 1312 528 1312 720 1312 720 1313 528 1313 721 1313 721 1314 528 1314 722 1314 528 1315 530 1315 722 1315 530 1316 532 1316 722 1316 722 1317 532 1317 723 1317 532 1318 534 1318 723 1318 723 1319 534 1319 724 1319 534 1320 536 1320 724 1320 724 1321 536 1321 725 1321 536 1322 538 1322 725 1322 725 1323 538 1323 726 1323 538 1324 540 1324 726 1324 726 1325 540 1325 727 1325 540 1326 542 1326 727 1326 727 1327 542 1327 728 1327 542 1328 544 1328 728 1328 728 1329 544 1329 729 1329 729 1330 546 1330 730 1330 544 1331 546 1331 729 1331 730 1332 548 1332 731 1332 546 1333 548 1333 730 1333 731 1334 550 1334 732 1334 548 1335 550 1335 731 1335 732 1336 552 1336 733 1336 550 1337 552 1337 732 1337 733 1338 554 1338 734 1338 734 1339 554 1339 735 1339 552 1340 554 1340 733 1340 554 1341 556 1341 735 1341 735 1342 558 1342 736 1342 556 1343 558 1343 735 1343 736 1344 560 1344 737 1344 558 1345 560 1345 736 1345 737 1346 562 1346 738 1346 560 1347 562 1347 737 1347 738 1348 564 1348 739 1348 562 1349 564 1349 738 1349 739 1350 566 1350 740 1350 564 1351 566 1351 739 1351 740 1352 568 1352 741 1352 566 1353 568 1353 740 1353 568 1354 569 1354 741 1354 741 1355 569 1355 742 1355 569 1356 571 1356 742 1356 742 1357 571 1357 743 1357 571 1358 574 1358 743 1358 743 1359 574 1359 744 1359 574 1360 576 1360 744 1360 744 1361 576 1361 745 1361 576 1362 577 1362 745 1362 745 1363 577 1363 746 1363 746 1364 580 1364 747 1364 577 1365 580 1365 746 1365 747 1366 581 1366 748 1366 580 1367 581 1367 747 1367 748 1368 584 1368 749 1368 749 1369 584 1369 750 1369 581 1370 584 1370 748 1370 584 1371 587 1371 750 1371 750 1372 588 1372 751 1372 587 1373 588 1373 750 1373 751 1374 591 1374 752 1374 588 1375 591 1375 751 1375 752 1376 592 1376 753 1376 591 1377 592 1377 752 1377 753 1378 594 1378 754 1378 592 1379 594 1379 753 1379 754 1380 597 1380 755 1380 755 1381 597 1381 630 1381 594 1382 597 1382 754 1382 597 1383 598 1383 630 1383 756 1384 708 1384 709 1384 756 1385 709 1385 757 1385 758 1386 709 1386 710 1386 758 1387 710 1387 711 1387 758 1388 757 1388 709 1388 759 1389 708 1389 756 1389 759 1390 706 1390 707 1390 759 1391 707 1391 708 1391 760 1392 758 1392 711 1392 761 1393 706 1393 759 1393 762 1394 760 1394 711 1394 762 1395 711 1395 712 1395 763 1396 706 1396 761 1396 763 1397 705 1397 706 1397 764 1398 762 1398 712 1398 764 1399 712 1399 713 1399 765 1400 705 1400 763 1400 765 1401 703 1401 704 1401 765 1402 704 1402 705 1402 766 1403 764 1403 713 1403 766 1404 713 1404 714 1404 767 1405 703 1405 765 1405 768 1406 766 1406 714 1406 768 1407 714 1407 715 1407 769 1408 703 1408 767 1408 769 1409 701 1409 702 1409 769 1410 702 1410 703 1410 770 1411 768 1411 715 1411 770 1412 715 1412 716 1412 771 1413 701 1413 769 1413 772 1414 770 1414 716 1414 772 1415 716 1415 717 1415 772 1416 717 1416 718 1416 773 1417 701 1417 771 1417 773 1418 700 1418 701 1418 774 1419 772 1419 718 1419 774 1420 718 1420 719 1420 775 1421 700 1421 773 1421 775 1422 698 1422 699 1422 775 1423 699 1423 700 1423 776 1424 774 1424 719 1424 776 1425 719 1425 720 1425 777 1426 698 1426 775 1426 778 1427 776 1427 720 1427 779 1428 698 1428 777 1428 779 1429 696 1429 697 1429 779 1430 697 1430 698 1430 780 1431 778 1431 720 1431 780 1432 720 1432 721 1432 781 1433 696 1433 779 1433 782 1434 780 1434 721 1434 782 1435 721 1435 722 1435 782 1436 722 1436 723 1436 783 1437 696 1437 781 1437 783 1438 695 1438 696 1438 784 1439 782 1439 723 1439 785 1440 694 1440 695 1440 785 1441 695 1441 783 1441 786 1442 784 1442 723 1442 786 1443 723 1443 724 1443 787 1444 693 1444 694 1444 787 1445 694 1445 785 1445 788 1446 786 1446 724 1446 788 1447 724 1447 725 1447 789 1448 693 1448 787 1448 789 1449 692 1449 693 1449 790 1450 788 1450 725 1450 790 1451 725 1451 726 1451 791 1452 691 1452 692 1452 791 1453 692 1453 789 1453 792 1454 790 1454 726 1454 792 1455 726 1455 727 1455 793 1456 691 1456 791 1456 793 1457 690 1457 691 1457 794 1458 792 1458 727 1458 794 1459 727 1459 728 1459 794 1460 728 1460 729 1460 795 1461 690 1461 793 1461 795 1462 689 1462 690 1462 796 1463 794 1463 729 1463 797 1464 689 1464 795 1464 797 1465 688 1465 689 1465 798 1466 796 1466 729 1466 798 1467 729 1467 730 1467 799 1468 688 1468 797 1468 799 1469 687 1469 688 1469 800 1470 730 1470 731 1470 800 1471 798 1471 730 1471 801 1472 687 1472 799 1472 801 1473 685 1473 686 1473 801 1474 686 1474 687 1474 802 1475 731 1475 732 1475 802 1476 800 1476 731 1476 803 1477 685 1477 801 1477 804 1478 732 1478 733 1478 804 1479 802 1479 732 1479 805 1480 685 1480 803 1480 805 1481 684 1481 685 1481 806 1482 733 1482 734 1482 806 1483 804 1483 733 1483 807 1484 682 1484 683 1484 807 1485 683 1485 684 1485 807 1486 684 1486 805 1486 808 1487 734 1487 735 1487 808 1488 806 1488 734 1488 809 1489 682 1489 807 1489 810 1490 735 1490 736 1490 810 1491 808 1491 735 1491 811 1492 681 1492 682 1492 811 1493 682 1493 809 1493 812 1494 810 1494 736 1494 812 1495 736 1495 737 1495 738 1496 812 1496 737 1496 813 1497 680 1497 681 1497 813 1498 681 1498 811 1498 814 1499 812 1499 738 1499 815 1500 679 1500 680 1500 815 1501 680 1501 813 1501 816 1502 738 1502 739 1502 816 1503 814 1503 738 1503 678 1504 679 1504 815 1504 817 1505 678 1505 815 1505 818 1506 739 1506 740 1506 818 1507 816 1507 739 1507 677 1508 678 1508 817 1508 677 1509 817 1509 819 1509 820 1510 818 1510 740 1510 741 1511 820 1511 740 1511 676 1512 677 1512 819 1512 676 1513 819 1513 821 1513 822 1514 820 1514 741 1514 742 1515 822 1515 741 1515 675 1516 676 1516 821 1516 675 1517 821 1517 823 1517 743 1518 822 1518 742 1518 743 1519 824 1519 822 1519 674 1520 675 1520 823 1520 674 1521 823 1521 825 1521 744 1522 824 1522 743 1522 744 1523 826 1523 824 1523 673 1524 674 1524 825 1524 673 1525 827 1525 828 1525 673 1526 825 1526 827 1526 745 1527 826 1527 744 1527 745 1528 829 1528 826 1528 672 1529 673 1529 828 1529 746 1530 830 1530 829 1530 746 1531 829 1531 745 1531 671 1532 672 1532 828 1532 671 1533 831 1533 832 1533 671 1534 828 1534 831 1534 747 1535 830 1535 746 1535 747 1536 833 1536 830 1536 670 1537 671 1537 832 1537 748 1538 834 1538 833 1538 748 1539 833 1539 747 1539 669 1540 835 1540 836 1540 669 1541 832 1541 835 1541 669 1542 670 1542 832 1542 749 1543 837 1543 834 1543 749 1544 838 1544 837 1544 749 1545 834 1545 748 1545 668 1546 836 1546 839 1546 668 1547 669 1547 836 1547 750 1548 838 1548 749 1548 667 1549 668 1549 839 1549 751 1550 840 1550 838 1550 751 1551 838 1551 750 1551 666 1552 839 1552 841 1552 666 1553 667 1553 839 1553 752 1554 842 1554 840 1554 752 1555 843 1555 842 1555 752 1556 840 1556 751 1556 665 1557 841 1557 844 1557 665 1558 666 1558 841 1558 753 1559 843 1559 752 1559 753 1560 845 1560 843 1560 664 1561 665 1561 844 1561 664 1562 844 1562 846 1562 754 1563 845 1563 753 1563 663 1564 664 1564 846 1564 663 1565 846 1565 847 1565 755 1566 845 1566 754 1566 755 1567 848 1567 845 1567 662 1568 663 1568 847 1568 662 1569 847 1569 849 1569 630 1570 848 1570 755 1570 630 1571 850 1571 848 1571 661 1572 662 1572 849 1572 661 1573 851 1573 852 1573 661 1574 849 1574 851 1574 631 1575 850 1575 630 1575 631 1576 853 1576 850 1576 660 1577 661 1577 852 1577 632 1578 854 1578 853 1578 632 1579 853 1579 631 1579 659 1580 852 1580 855 1580 659 1581 660 1581 852 1581 633 1582 856 1582 854 1582 633 1583 857 1583 856 1583 633 1584 854 1584 632 1584 658 1585 858 1585 859 1585 658 1586 855 1586 858 1586 658 1587 659 1587 855 1587 634 1588 860 1588 857 1588 634 1589 857 1589 633 1589 657 1590 658 1590 859 1590 635 1591 860 1591 634 1591 656 1592 657 1592 859 1592 656 1593 859 1593 861 1593 636 1594 860 1594 635 1594 636 1595 862 1595 860 1595 655 1596 656 1596 861 1596 655 1597 861 1597 863 1597 637 1598 864 1598 862 1598 637 1599 862 1599 636 1599 654 1600 655 1600 863 1600 654 1601 863 1601 865 1601 638 1602 866 1602 864 1602 638 1603 867 1603 866 1603 638 1604 864 1604 637 1604 653 1605 654 1605 865 1605 653 1606 868 1606 869 1606 653 1607 865 1607 868 1607 639 1608 867 1608 638 1608 652 1609 653 1609 869 1609 640 1610 867 1610 639 1610 640 1611 870 1611 867 1611 640 1612 871 1612 870 1612 651 1613 652 1613 869 1613 651 1614 872 1614 873 1614 651 1615 869 1615 872 1615 641 1616 871 1616 640 1616 650 1617 651 1617 873 1617 650 1618 873 1618 874 1618 642 1619 871 1619 641 1619 642 1620 875 1620 871 1620 642 1621 876 1621 875 1621 649 1622 650 1622 874 1622 643 1623 876 1623 642 1623 648 1624 649 1624 874 1624 648 1625 874 1625 877 1625 644 1626 876 1626 643 1626 644 1627 878 1627 876 1627 644 1628 879 1628 878 1628 647 1629 877 1629 880 1629 647 1630 648 1630 877 1630 645 1631 879 1631 644 1631 646 1632 881 1632 879 1632 646 1633 880 1633 881 1633 646 1634 647 1634 880 1634 646 1635 879 1635 645 1635 850 1636 853 1636 882 1636 882 1637 853 1637 883 1637 883 1638 854 1638 884 1638 853 1639 854 1639 883 1639 884 1640 856 1640 885 1640 885 1641 856 1641 886 1641 854 1642 856 1642 884 1642 886 1643 857 1643 887 1643 856 1644 857 1644 886 1644 857 1645 860 1645 887 1645 887 1646 862 1646 888 1646 888 1647 862 1647 889 1647 860 1648 862 1648 887 1648 889 1649 864 1649 890 1649 862 1650 864 1650 889 1650 864 1651 866 1651 890 1651 890 1652 867 1652 891 1652 866 1653 867 1653 890 1653 891 1654 870 1654 892 1654 867 1655 870 1655 891 1655 870 1656 871 1656 892 1656 892 1657 871 1657 893 1657 871 1658 875 1658 893 1658 893 1659 875 1659 894 1659 894 1660 875 1660 895 1660 875 1661 876 1661 895 1661 876 1662 878 1662 895 1662 895 1663 878 1663 896 1663 896 1664 879 1664 897 1664 878 1665 879 1665 896 1665 897 1666 881 1666 898 1666 879 1667 881 1667 897 1667 898 1668 880 1668 899 1668 899 1669 880 1669 900 1669 881 1670 880 1670 898 1670 880 1671 877 1671 900 1671 877 1672 874 1672 900 1672 900 1673 874 1673 901 1673 901 1674 874 1674 902 1674 874 1675 873 1675 902 1675 902 1676 872 1676 903 1676 903 1677 872 1677 904 1677 873 1678 872 1678 902 1678 904 1679 869 1679 905 1679 872 1680 869 1680 904 1680 869 1681 868 1681 905 1681 905 1682 865 1682 906 1682 906 1683 865 1683 907 1683 868 1684 865 1684 905 1684 865 1685 863 1685 907 1685 907 1686 861 1686 908 1686 863 1687 861 1687 907 1687 908 1688 859 1688 909 1688 861 1689 859 1689 908 1689 909 1690 858 1690 910 1690 910 1691 858 1691 911 1691 859 1692 858 1692 909 1692 858 1693 855 1693 911 1693 911 1694 852 1694 912 1694 855 1695 852 1695 911 1695 912 1696 851 1696 913 1696 852 1697 851 1697 912 1697 913 1698 849 1698 914 1698 851 1699 849 1699 913 1699 914 1700 847 1700 915 1700 849 1701 847 1701 914 1701 915 1702 846 1702 916 1702 916 1703 846 1703 917 1703 847 1704 846 1704 915 1704 917 1705 844 1705 918 1705 846 1706 844 1706 917 1706 844 1707 841 1707 918 1707 841 1708 839 1708 918 1708 918 1709 839 1709 919 1709 839 1710 836 1710 919 1710 919 1711 836 1711 920 1711 836 1712 835 1712 920 1712 920 1713 835 1713 921 1713 835 1714 832 1714 921 1714 921 1715 832 1715 922 1715 832 1716 831 1716 922 1716 922 1717 831 1717 923 1717 831 1718 828 1718 923 1718 923 1719 828 1719 924 1719 924 1720 828 1720 925 1720 828 1721 827 1721 925 1721 827 1722 825 1722 925 1722 925 1723 825 1723 926 1723 825 1724 823 1724 926 1724 926 1725 823 1725 927 1725 927 1726 823 1726 928 1726 823 1727 821 1727 928 1727 821 1728 819 1728 928 1728 928 1729 819 1729 929 1729 929 1730 817 1730 930 1730 819 1731 817 1731 929 1731 930 1732 817 1732 931 1732 817 1733 815 1733 931 1733 815 1734 813 1734 931 1734 931 1735 813 1735 932 1735 932 1736 811 1736 933 1736 933 1737 811 1737 934 1737 813 1738 811 1738 932 1738 811 1739 809 1739 934 1739 934 1740 807 1740 935 1740 809 1741 807 1741 934 1741 935 1742 805 1742 936 1742 807 1743 805 1743 935 1743 936 1744 803 1744 937 1744 937 1745 803 1745 938 1745 805 1746 803 1746 936 1746 803 1747 801 1747 938 1747 938 1748 799 1748 939 1748 801 1749 799 1749 938 1749 939 1750 797 1750 940 1750 940 1751 797 1751 941 1751 799 1752 797 1752 939 1752 797 1753 795 1753 941 1753 941 1754 793 1754 942 1754 795 1755 793 1755 941 1755 942 1756 791 1756 943 1756 943 1757 791 1757 944 1757 793 1758 791 1758 942 1758 791 1759 789 1759 944 1759 789 1760 787 1760 944 1760 944 1761 787 1761 945 1761 787 1762 785 1762 945 1762 945 1763 785 1763 946 1763 946 1764 785 1764 947 1764 785 1765 783 1765 947 1765 783 1766 781 1766 947 1766 947 1767 781 1767 948 1767 948 1768 781 1768 949 1768 781 1769 779 1769 949 1769 779 1770 777 1770 949 1770 949 1771 777 1771 950 1771 950 1772 777 1772 951 1772 777 1773 775 1773 951 1773 775 1774 773 1774 951 1774 951 1775 773 1775 952 1775 773 1776 771 1776 952 1776 952 1777 771 1777 953 1777 771 1778 769 1778 953 1778 953 1779 769 1779 954 1779 769 1780 767 1780 954 1780 954 1781 767 1781 955 1781 767 1782 765 1782 955 1782 955 1783 765 1783 956 1783 956 1784 765 1784 957 1784 765 1785 763 1785 957 1785 763 1786 761 1786 957 1786 957 1787 761 1787 958 1787 761 1788 759 1788 958 1788 958 1789 759 1789 959 1789 959 1790 759 1790 960 1790 759 1791 756 1791 960 1791 756 1792 757 1792 960 1792 960 1793 757 1793 961 1793 757 1794 758 1794 961 1794 961 1795 758 1795 962 1795 962 1796 758 1796 963 1796 758 1797 760 1797 963 1797 760 1798 762 1798 963 1798 963 1799 762 1799 964 1799 964 1800 764 1800 965 1800 762 1801 764 1801 964 1801 965 1802 764 1802 966 1802 764 1803 766 1803 966 1803 966 1804 768 1804 967 1804 967 1805 768 1805 968 1805 766 1806 768 1806 966 1806 768 1807 770 1807 968 1807 968 1808 772 1808 969 1808 770 1809 772 1809 968 1809 772 1810 774 1810 969 1810 969 1811 774 1811 970 1811 774 1812 776 1812 970 1812 970 1813 776 1813 971 1813 776 1814 778 1814 971 1814 971 1815 778 1815 972 1815 778 1816 780 1816 972 1816 972 1817 780 1817 973 1817 973 1818 780 1818 974 1818 780 1819 782 1819 974 1819 782 1820 784 1820 974 1820 974 1821 784 1821 975 1821 784 1822 786 1822 975 1822 975 1823 786 1823 976 1823 786 1824 788 1824 976 1824 976 1825 788 1825 977 1825 977 1826 788 1826 978 1826 788 1827 790 1827 978 1827 790 1828 792 1828 978 1828 978 1829 792 1829 979 1829 979 1830 792 1830 980 1830 792 1831 794 1831 980 1831 794 1832 796 1832 980 1832 980 1833 796 1833 981 1833 981 1834 798 1834 982 1834 982 1835 798 1835 983 1835 796 1836 798 1836 981 1836 983 1837 800 1837 984 1837 798 1838 800 1838 983 1838 800 1839 802 1839 984 1839 984 1840 804 1840 985 1840 802 1841 804 1841 984 1841 985 1842 806 1842 986 1842 804 1843 806 1843 985 1843 986 1844 808 1844 987 1844 806 1845 808 1845 986 1845 987 1846 810 1846 988 1846 808 1847 810 1847 987 1847 988 1848 812 1848 989 1848 810 1849 812 1849 988 1849 989 1850 814 1850 990 1850 990 1851 814 1851 991 1851 812 1852 814 1852 989 1852 814 1853 816 1853 991 1853 991 1854 818 1854 992 1854 816 1855 818 1855 991 1855 992 1856 820 1856 993 1856 993 1857 820 1857 994 1857 818 1858 820 1858 992 1858 994 1859 822 1859 995 1859 820 1860 822 1860 994 1860 822 1861 824 1861 995 1861 824 1862 826 1862 995 1862 995 1863 826 1863 996 1863 996 1864 826 1864 997 1864 826 1865 829 1865 997 1865 997 1866 830 1866 998 1866 829 1867 830 1867 997 1867 998 1868 833 1868 999 1868 830 1869 833 1869 998 1869 999 1870 833 1870 1000 1870 833 1871 834 1871 1000 1871 1000 1872 837 1872 1001 1872 834 1873 837 1873 1000 1873 1001 1874 838 1874 1002 1874 837 1875 838 1875 1001 1875 1002 1876 840 1876 1003 1876 1003 1877 840 1877 1004 1877 838 1878 840 1878 1002 1878 840 1879 842 1879 1004 1879 1004 1880 843 1880 1005 1880 842 1881 843 1881 1004 1881 1005 1882 845 1882 1006 1882 843 1883 845 1883 1005 1883 1006 1884 848 1884 1007 1884 845 1885 848 1885 1006 1885 1007 1886 850 1886 882 1886 848 1887 850 1887 1007 1887 958 1888 959 1888 960 1888 957 1889 958 1889 960 1889 957 1890 960 1890 961 1890 965 1891 961 1891 962 1891 965 1892 962 1892 963 1892 965 1893 963 1893 964 1893 967 1894 965 1894 966 1894 954 1895 955 1895 956 1895 953 1896 961 1896 965 1896 953 1897 957 1897 961 1897 953 1898 965 1898 967 1898 953 1899 954 1899 956 1899 953 1900 956 1900 957 1900 969 1901 967 1901 968 1901 970 1902 967 1902 969 1902 951 1903 952 1903 953 1903 972 1904 970 1904 971 1904 973 1905 953 1905 967 1905 973 1906 951 1906 953 1906 973 1907 967 1907 970 1907 973 1908 970 1908 972 1908 948 1909 949 1909 950 1909 975 1910 973 1910 974 1910 945 1911 946 1911 947 1911 945 1912 947 1912 948 1912 979 1913 977 1913 978 1913 942 1914 943 1914 944 1914 941 1915 942 1915 944 1915 982 1916 977 1916 979 1916 982 1917 976 1917 977 1917 982 1918 979 1918 980 1918 982 1919 980 1919 981 1919 939 1920 941 1920 944 1920 939 1921 940 1921 941 1921 939 1922 944 1922 945 1922 983 1923 976 1923 982 1923 984 1924 976 1924 983 1924 937 1925 938 1925 939 1925 985 1926 976 1926 984 1926 985 1927 951 1927 973 1927 985 1928 973 1928 975 1928 985 1929 975 1929 976 1929 936 1930 939 1930 945 1930 936 1931 951 1931 985 1931 936 1932 950 1932 951 1932 936 1933 948 1933 950 1933 936 1934 945 1934 948 1934 936 1935 937 1935 939 1935 934 1936 935 1936 936 1936 989 1937 986 1937 987 1937 989 1938 987 1938 988 1938 990 1939 986 1939 989 1939 931 1940 932 1940 933 1940 931 1941 933 1941 934 1941 991 1942 985 1942 986 1942 991 1943 986 1943 990 1943 992 1944 985 1944 991 1944 929 1945 931 1945 934 1945 929 1946 930 1946 931 1946 993 1947 985 1947 992 1947 926 1948 936 1948 985 1948 926 1949 993 1949 994 1949 926 1950 934 1950 936 1950 926 1951 927 1951 928 1951 926 1952 929 1952 934 1952 926 1953 928 1953 929 1953 926 1954 985 1954 993 1954 997 1955 994 1955 995 1955 997 1956 995 1956 996 1956 923 1957 924 1957 925 1957 923 1958 925 1958 926 1958 1000 1959 998 1959 999 1959 1001 1960 997 1960 998 1960 1001 1961 994 1961 997 1961 1001 1962 998 1962 1000 1962 1003 1963 1001 1963 1002 1963 918 1964 919 1964 920 1964 918 1965 920 1965 921 1965 918 1966 921 1966 922 1966 918 1967 922 1967 923 1967 1006 1968 1003 1968 1004 1968 1006 1969 1004 1969 1005 1969 1006 1970 926 1970 994 1970 1006 1971 923 1971 926 1971 1006 1972 994 1972 1001 1972 1006 1973 1001 1973 1003 1973 915 1974 916 1974 917 1974 1007 1975 923 1975 1006 1975 1007 1976 917 1976 918 1976 1007 1977 918 1977 923 1977 883 1978 1007 1978 882 1978 912 1979 913 1979 914 1979 911 1980 912 1980 914 1980 885 1981 883 1981 884 1981 885 1982 915 1982 917 1982 885 1983 917 1983 1007 1983 885 1984 1007 1984 883 1984 885 1985 914 1985 915 1985 908 1986 909 1986 910 1986 908 1987 910 1987 911 1987 888 1988 885 1988 886 1988 888 1989 886 1989 887 1989 907 1990 911 1990 914 1990 907 1991 914 1991 885 1991 907 1992 908 1992 911 1992 890 1993 888 1993 889 1993 905 1994 906 1994 907 1994 891 1995 888 1995 890 1995 892 1996 885 1996 888 1996 892 1997 888 1997 891 1997 893 1998 885 1998 892 1998 902 1999 903 1999 904 1999 902 2000 904 2000 905 2000 902 2001 905 2001 907 2001 894 2002 885 2002 893 2002 901 2003 907 2003 885 2003 901 2004 902 2004 907 2004 897 2005 894 2005 895 2005 897 2006 895 2006 896 2006 898 2007 899 2007 900 2007 898 2008 900 2008 901 2008 898 2009 885 2009 894 2009 898 2010 901 2010 885 2010 898 2011 894 2011 897 2011</p>
        </triangles>
      </mesh>
    </geometry>
  </library_geometries>
  <library_materials>
    <material id="mat_Body012" name="Body012">
      <instance_effect url="#effect_Body012"/>
    </material>
  </library_materials>
  <library_visual_scenes>
    <visual_scene id="scene">
      <node id="node0" name="node0">
        <instance_geometry url="#geometry0">
          <bind_material>
            <technique_common>
              <instance_material symbol="ref_Body012" target="#mat_Body012"/>
            </technique_common>
          </bind_material>
        </instance_geometry>
      </node>
    </visual_scene>
  </library_visual_scenes>
  <scene>
    <instance_visual_scene url="#scene"/>
  </scene>
</COLLADA>
