<COLLADA xmlns="http://www.collada.org/2005/11/COLLADASchema" version="1.4.1">
  <asset>
    <contributor/>
    <created>2026-10-08T20:06:19.599559</created>
    <modified>2026-10-08T20:06:19.599559</modified>
    <unit name="meter" meter="1.0"/>
    <up_axis>Z_UP</up_axis>
  </asset>
  <library_effects>
    <effect id="effect_Body005" name="effect_Body005">
      <profile_COMMON>
        <technique sid="common">
          <phong>
            <emission>
              <color>0.0 0.0 0.0 1.0</color>
            </emission>
            <ambient>
              <color>0.0 0.0 0.0 1.0</color>
            </ambient>
            <diffuse>
              <color>0.4470588266849518 0.4745098054409027 0.501960813999176 1.0</color>
            </diffuse>
            <specular>
              <color>1 1 1 1.0</color>
            </specular>
            <shininess>
              <float>0.0</float>
            </shininess>
            <reflective>
              <color>0.0 0.0 0.0 1.0</color>
            </reflective>
            <reflectivity>
              <float>0.0</float>
            </reflectivity>
            <transparent>
              <color>0.0 0.0 0.0 1.0</color>
            </transparent>
            <transparency>
              <float>1.0</float>
            </transparency>
          </phong>
        </technique>
        <extra>
          <technique profile="GOOGLEEARTH">
            <double_sided>0</double_sided>
          </technique>
        </extra>
      </profile_COMMON>
    </effect>
  </library_effects>
  <library_geometries>
    <geometry id="geometry0" name="J2_Turret_Housing">
      <mesh>
        <source id="cubeverts-array0">
          <float_array count="6855" id="cubeverts-array0-array">0.02 0 0.023 0.02 0.01 0.019 0.02 0.02 0.023 0.02 0.02 0 0.02 0 0.019 0.02 0.01 0 -0.04228772 0.02008735 0 -0.022 0 0 -0.04377728 0.02023875 0 -0.04525743 0.02046427 0 -0.04672449 0.02076336 0 -0.04817479 0.02113527 0 -0.04960474 0.02157907 0 -0.05101076 0.02209367 0 -0.05238936 0.02267778 0 -0.04079246 0.02001047 0 -0.03929523 0.02000828 0 -0.03779976 0.02008079 0 -0.03630976 0.02022783 0 -0.03482895 0.02044902 0 -0.03336103 0.02074382 0 -0.03190964 0.02111149 0 -0.017 0.01 0 -0.02907088 0.0220616 0 -0.0304784 0.02155111 0 -0.017 0 0 -0.02769058 0.02264167 0 -0.02634095 0.02328988 0 -0.02502533 0.02400463 0 -0.02374701 0.02478412 0 -0.02250918 0.02562643 0 -0.02131491 0.02652944 0 -0.02016718 0.02749091 0 -0.01906885 0.02850845 0 -0.01440926 0.03434388 0 0 0.02 0 -0.01522225 0.03308659 0 -0.01609696 0.03187144 0 -0.0170312 0.03070144 0 -0.01802266 0.02957951 0 -0.01366002 0.03564016 0 -0.01297637 0.0369722 0 -0.01236004 0.03833669 0 -0.01181256 0.03973024 0 -0.01133528 0.04114936 0 -0.0109294 0.04259053 0 -0.01059593 0.04405016 0 -0.0112 0.0584 0 -0.01083505 0.0570289 0 -0.01053533 0.05564208 0 -0.01030152 0.05424264 0 -0.01013413 0.05283371 0 -0.01003355 0.05141844 0 -0.01 0.05 0 -0.01003736 0.04850323 0 -0.01014935 0.04701019 0 -0.0103357 0.0455246 0 -0.05756202 0.02567767 0 -0.05632665 0.02483176 0 -0.05505062 0.02404853 0 -0.05373709 0.02332994 0 -0.017 0.01 0.019 0.002800844 0.01 0.01554052 0.00290529 0.01 0.0156476 0.003014942 0.01 0.01574934 0.002701867 0.01 0.01542836 0.003129531 0.01 0.01584549 0.002608603 0.01 0.01531141 0.003248769 0.01 0.01593581 0.002521284 0.01 0.01518996 0.003372361 0.01 0.01602008 0.002440127 0.01 0.01506431 0.0035 0.01 0.01609808 0.002365335 0.01 0.01493476 0.003631368 0.01 0.01616961 0.002297093 0.01 0.01480165 0.003766139 0.01 0.01623452 0.002235571 0.01 0.0146653 0.003903977 0.01 0.01629262 0.002180922 0.01 0.01452606 0.00404454 0.01 0.01634378 0.002133281 0.01 0.01438427 0.004187479 0.01 0.01638787 0.002092768 0.01 0.01424027 0.004332437 0.01 0.01642478 0.002059483 0.01 0.01409444 0.004479055 0.01 0.01645442 0.002033508 0.01 0.01394713 0.004626969 0.01 0.01647672 0.002014908 0.01 0.0137987 0.00477581 0.01 0.01649161 0.002003729 0.01 0.01364954 0.004925208 0.01 0.01649907 0.002 0.01 0.0135 0.002003729 0.01 0.01335046 0.002014908 0.01 0.0132013 0.002033508 0.01 0.01305287 0.002059483 0.01 0.01290556 0.002092768 0.01 0.01275973 0.002133281 0.01 0.01261573 0.002180922 0.01 0.01247394 0.002235571 0.01 0.0123347 0.002297093 0.01 0.01219835 0.002365335 0.01 0.01206524 0.002440127 0.01 0.01193569 0.002521284 0.01 0.01181004 0.002608603 0.01 0.01168859 0.002701867 0.01 0.01157164 0.002800844 0.01 0.01145948 0.00290529 0.01 0.0113524 0.003014942 0.01 0.01125066 0.00709471 0.01 0.0156476 0.01280084 0.01 0.01554052 0.01290529 0.01 0.0156476 0.007199156 0.01 0.01554052 0.01301494 0.01 0.01574934 0.006985057 0.01 0.01574934 0.00687047 0.01 0.01584549 0.01270187 0.01 0.01542836 0.007298133 0.01 0.01542836 0.01312953 0.01 0.01584549 0.0126086 0.01 0.01531141 0.007391397 0.01 0.01531141 0.006751231 0.01 0.01593581 0.01324877 0.01 0.01593581 0.006627639 0.01 0.01602008 0.007478716 0.01 0.01518996 0.01252128 0.01 0.01518996 0.01337236 0.01 0.01602008 0.01244013 0.01 0.01506431 0.007559873 0.01 0.01506431 0.0135 0.01 0.01609808 0.0065 0.01 0.01609808 0.007634665 0.01 0.01493476 0.01236534 0.01 0.01493476 0.01363137 0.01 0.01616961 0.006368632 0.01 0.01616961 0.006233861 0.01 0.01623452 0.01229709 0.01 0.01480165 0.007702907 0.01 0.01480165 0.01376614 0.01 0.01623452 0.006096023 0.01 0.01629262 0.007764429 0.01 0.0146653 0.01223557 0.01 0.0146653 0.01390398 0.01 0.01629262 0.007819078 0.01 0.01452606 0.01218092 0.01 0.01452606 0.01404454 0.01 0.01634378 0.00595546 0.01 0.01634378 0.007866718 0.01 0.01438427 0.01213328 0.01 0.01438427 0.01418748 0.01 0.01638787 0.005812521 0.01 0.01638787 0.01209277 0.01 0.01424027 0.007907232 0.01 0.01424027 0.01433244 0.01 0.01642478 0.005667563 0.01 0.01642478 0.007940517 0.01 0.01409444 0.01205948 0.01 0.01409444 0.007966493 0.01 0.01394713 0.01203351 0.01 0.01394713 0.007985092 0.01 0.0137987 0.01201491 0.01 0.0137987 0.007996271 0.01 0.01364954 0.01200373 0.01 0.01364954 0.008 0.01 0.0135 0.012 0.01 0.0135 0.007996271 0.01 0.01335046 0.01200373 0.01 0.01335046 0.01201491 0.01 0.0132013 0.007985092 0.01 0.0132013 0.007966493 0.01 0.01305287 0.01203351 0.01 0.01305287 0.01205948 0.01 0.01290556 0.007940517 0.01 0.01290556 0.01209277 0.01 0.01275973 0.007907232 0.01 0.01275973 0.007866718 0.01 0.01261573 0.01213328 0.01 0.01261573 0.01218092 0.01 0.01247394 0.007819078 0.01 0.01247394 0.01223557 0.01 0.0123347 0.007764429 0.01 0.0123347 0.01229709 0.01 0.01219835 0.007702907 0.01 0.01219835 0.00595546 0.01 0.01065622 0.00790529 0.01 0.007647601 0.006096023 0.01 0.01070738 0.007800844 0.01 0.007540518 0.005812521 0.01 0.01061213 0.008014942 0.01 0.007749343 0.006233861 0.01 0.01076548 0.007701867 0.01 0.007428363 0.005667563 0.01 0.01057522 0.008129531 0.01 0.007845494 0.006368632 0.01 0.01083038 0.007608603 0.01 0.007311413 0.005520945 0.01 0.01054558 0.008248769 0.01 0.007935814 0.0065 0.01 0.01090192 0.007521284 0.01 0.00718996 0.005373031 0.01 0.01052328 0.008372361 0.01 0.008020078 0.006627639 0.01 0.01097992 0.007440127 0.01 0.007064306 0.00522419 0.01 0.01050839 0.0085 0.01 0.008098076 0.006751231 0.01 0.01106419 0.007365335 0.01 0.006934762 0.005074792 0.01 0.01050093 0.008631368 0.01 0.008169616 0.00687047 0.01 0.01115451 0.007297093 0.01 0.006801651 0.004925208 0.01 0.01050093 0.008766139 0.01 0.008234517 0.006985057 0.01 0.01125066 0.007235571 0.01 0.006665304 0.00477581 0.01 0.01050839 0.008903977 0.01 0.008292622 0.00709471 0.01 0.0113524 0.004626969 0.01 0.01052328 0.007180922 0.01 0.006526061 0.00904454 0.01 0.008343782 0.007199156 0.01 0.01145948 0.004479055 0.01 0.01054558 0.007133282 0.01 0.006384265 0.009187479 0.01 0.008387873 0.007298133 0.01 0.01157164 0.004332437 0.01 0.01057522 0.007092768 0.01 0.006240272 0.009332438 0.01 0.008424784 0.007391397 0.01 0.01168859 0.004187479 0.01 0.01061213 0.007059483 0.01 0.006094439 0.005074792 0.01 0.01649907 0.00522419 0.01 0.01649161 0.005373031 0.01 0.01647672 0.005520945 0.01 0.01645442 0.01447906 0.01 0.01645442 0.01462697 0.01 0.01647672 0.01477581 0.01 0.01649161 0.01492521 0.01 0.01649907 0.01507479 0.01 0.01649907 0.01522419 0.01 0.01649161 0.01537303 0.01 0.01647672 0.01552094 0.01 0.01645442 0.01566756 0.01 0.01642478 0.01581252 0.01 0.01638787 0.01595546 0.01 0.01634378 0.01609602 0.01 0.01629262 0.01623386 0.01 0.01623452 0.01636863 0.01 0.01616961 0.0165 0.01 0.01609808 0.01662764 0.01 0.01602008 0.01675123 0.01 0.01593581 0.009479055 0.01 0.008454423 0.007478716 0.01 0.01181004 0.01687047 0.01 0.01584549 0.00404454 0.01 0.01065622 0.007033507 0.01 0.005947127 0.009626969 0.01 0.008476718 0.007559873 0.01 0.01193569 0.007014908 0.01 0.005798704 0.003903977 0.01 0.01070738 0.01698506 0.01 0.01574934 0.009775809 0.01 0.008491611 0.007634665 0.01 0.01206524 0.003766139 0.01 0.01076548 0.007003729 0.01 0.005649538 0.009925208 0.01 0.008499067 0.01709471 0.01 0.0156476 0.003631368 0.01 0.01083038 0.007 0.01 0.0055 0.01007479 0.01 0.008499067 0.01236534 0.01 0.01206524 0.0035 0.01 0.01090192 0.007003729 0.01 0.005350462 0.01719916 0.01 0.01554052 0.01022419 0.01 0.008491611 0.01244013 0.01 0.01193569 0.003372361 0.01 0.01097992 0.007014908 0.01 0.005201296 0.01729813 0.01 0.01542836 0.01037303 0.01 0.008476718 0.01252128 0.01 0.01181004 0.003248769 0.01 0.01106419 0.007033507 0.01 0.005052873 0.01052094 0.01 0.008454423 0.0126086 0.01 0.01168859 0.0173914 0.01 0.01531141 0.003129531 0.01 0.01115451 0.007059483 0.01 0.004905561 0.01066756 0.01 0.008424784 0.01270187 0.01 0.01157164 0.01747872 0.01 0.01518996 0.007092768 0.01 0.004759728 0.01081252 0.01 0.008387873 0.01280084 0.01 0.01145948 0.01755987 0.01 0.01506431 0.007133282 0.01 0.004615735 0.01095546 0.01 0.008343782 0.01290529 0.01 0.0113524 0.01763466 0.01 0.01493476 0.007180922 0.01 0.004473939 0.01109602 0.01 0.008292622 0.01301494 0.01 0.01125066 0.007235571 0.01 0.004334696 0.01770291 0.01 0.01480165 0.01123386 0.01 0.008234517 0.01312953 0.01 0.01115451 0.007297093 0.01 0.004198349 0.01776443 0.01 0.0146653 0.01136863 0.01 0.008169616 0.01324877 0.01 0.01106419 0.01781908 0.01 0.01452606 0.007365335 0.01 0.004065238 0.0115 0.01 0.008098076 0.01337236 0.01 0.01097992 0.01786672 0.01 0.01438427 0.007440127 0.01 0.003935694 0.01162764 0.01 0.008020078 0.0135 0.01 0.01090192 0.01790723 0.01 0.01424027 0.007521284 0.01 0.00381004 0.01175123 0.01 0.007935814 0.01363137 0.01 0.01083038 0.01794052 0.01 0.01409444 0.007608603 0.01 0.003688587 0.01796649 0.01 0.01394713 0.01187047 0.01 0.007845494 0.01376614 0.01 0.01076548 0.007701867 0.01 0.003571637 0.01798509 0.01 0.0137987 0.01198506 0.01 0.007749343 0.01390398 0.01 0.01070738 0.007800844 0.01 0.003459482 0.01799627 0.01 0.01364954 0.01209471 0.01 0.007647601 0.01404454 0.01 0.01065622 0.018 0.01 0.0135 0.00790529 0.01 0.003352399 0.01799627 0.01 0.01335046 0.01219916 0.01 0.007540518 0.01418748 0.01 0.01061213 0.008014942 0.01 0.003250656 0.01798509 0.01 0.0132013 0.01229813 0.01 0.007428363 0.01433244 0.01 0.01057522 0.01796649 0.01 0.01305287 0.008129531 0.01 0.003154505 0.0123914 0.01 0.007311413 0.01447906 0.01 0.01054558 0.008248769 0.01 0.003064186 0.01247872 0.01 0.00718996 0.01462697 0.01 0.01052328 0.008372361 0.01 0.002979922 0.01255987 0.01 0.007064306 0.01477581 0.01 0.01050839 0.0085 0.01 0.002901924 0.01263466 0.01 0.006934762 0.01492521 0.01 0.01050093 0.01270291 0.01 0.006801651 0.01507479 0.01 0.01050093 0.01276443 0.01 0.006665304 0.01522419 0.01 0.01050839 0.01281908 0.01 0.006526061 0.01537303 0.01 0.01052328 0.01286672 0.01 0.006384265 0.01552094 0.01 0.01054558 0.01290723 0.01 0.006240272 0.01566756 0.01 0.01057522 0.01294052 0.01 0.006094439 0.01581252 0.01 0.01061213 0.01296649 0.01 0.005947127 0.01595546 0.01 0.01065622 0.01298509 0.01 0.005798704 0.01609602 0.01 0.01070738 0.01299627 0.01 0.005649538 0.01623386 0.01 0.01076548 0.013 0.01 0.0055 0.01770291 0.01 0.01219835 0.01776443 0.01 0.0123347 0.01763466 0.01 0.01206524 0.01755987 0.01 0.01193569 0.01747872 0.01 0.01181004 0.0173914 0.01 0.01168859 0.01729813 0.01 0.01157164 0.01719916 0.01 0.01145948 0.01709471 0.01 0.0113524 0.01698506 0.01 0.01125066 0.01687047 0.01 0.01115451 0.01675123 0.01 0.01106419 0.01662764 0.01 0.01097992 0.0165 0.01 0.01090192 0.01636863 0.01 0.01083038 0.01299627 0.01 0.005350462 0.01298509 0.01 0.005201296 0.01296649 0.01 0.005052873 0.01294052 0.01 0.004905561 0.01290723 0.01 0.004759728 0.01286672 0.01 0.004615735 0.01281908 0.01 0.004473939 0.01276443 0.01 0.004334696 0.01270291 0.01 0.004198349 0.01263466 0.01 0.004065238 0.01255987 0.01 0.003935694 0.01247872 0.01 0.00381004 0.0123914 0.01 0.003688587 0.01229813 0.01 0.003571637 0.01219916 0.01 0.003459482 0.01209471 0.01 0.003352399 0.01198506 0.01 0.003250656 0.01187047 0.01 0.003154505 0.01175123 0.01 0.003064186 0.01162764 0.01 0.002979922 0.0115 0.01 0.002901924 0.01136863 0.01 0.002830384 0.01123386 0.01 0.002765482 0.01109602 0.01 0.002707379 0.01095546 0.01 0.002656218 0.01081252 0.01 0.002612127 0.01066756 0.01 0.002575216 0.01052094 0.01 0.002545577 0.01037303 0.01 0.002523282 0.01022419 0.01 0.002508389 0.01007479 0.01 0.002500932 0.01794052 0.01 0.01290556 0.01790723 0.01 0.01275973 0.01786672 0.01 0.01261573 0.01781908 0.01 0.01247394 0.009925208 0.01 0.002500932 0.009775809 0.01 0.002508389 0.009626969 0.01 0.002523282 0.009479055 0.01 0.002545577 0.009332438 0.01 0.002575216 0.009187479 0.01 0.002612127 0.00904454 0.01 0.002656218 0.008903977 0.01 0.002707379 0.008766139 0.01 0.002765482 0.008631368 0.01 0.002830384 -0.017 0 0.019 -0.01419916 0.002959482 0.019 -0.01409471 0.002852399 0.019 -0.01398506 0.002750656 0.019 -0.01429813 0.003071637 0.019 -0.01387047 0.002654505 0.019 -0.0143914 0.003188587 0.019 -0.01375123 0.002564186 0.019 -0.01447872 0.00331004 0.019 -0.01362764 0.002479922 0.019 -0.01455987 0.003435694 0.019 -0.0135 0.002401924 0.019 -0.01463466 0.003565238 0.019 -0.01336863 0.002330384 0.019 -0.01470291 0.003698349 0.019 -0.01323386 0.002265482 0.019 -0.01476443 0.003834696 0.019 -0.01309602 0.002207379 0.019 -0.01481908 0.00397394 0.019 -0.01295546 0.002156218 0.019 -0.01486672 0.004115735 0.019 -0.01281252 0.002112127 0.019 -0.01490723 0.004259728 0.019 -0.01266756 0.002075216 0.019 -0.01494052 0.004405561 0.019 -0.01252094 0.002045577 0.019 -0.01496649 0.004552873 0.019 -0.01237303 0.002023282 0.019 -0.01498509 0.004701296 0.019 -0.01222419 0.002008389 0.019 -0.01499627 0.004850462 0.019 -0.01207479 0.002000932 0.019 -0.015 0.005 0.019 -0.01192521 0.002000932 0.019 -0.01177581 0.002008389 0.019 -0.01162697 0.002023282 0.019 -0.01147906 0.002045577 0.019 -0.01133244 0.002075216 0.019 -0.01429813 0.006928363 0.019 -0.01419916 0.007040518 0.019 -0.0143914 0.006811413 0.019 -0.01447872 0.00668996 0.019 -0.01455987 0.006564306 0.019 -0.01463466 0.006434762 0.019 -0.01470291 0.006301651 0.019 -0.01476443 0.006165304 0.019 -0.01481908 0.006026061 0.019 -0.01486672 0.005884265 0.019 -0.01490723 0.005740272 0.019 -0.01494052 0.005594439 0.019 -0.01496649 0.005447127 0.019 -0.01498509 0.005298704 0.019 -0.01499627 0.005149538 0.019 -0.01409471 0.007147601 0.019 -0.01398506 0.007249343 0.019 -0.01387047 0.007345494 0.019 -0.01375123 0.007435814 0.019 -0.01362764 0.007520078 0.019 -0.0135 0.007598076 0.019 -0.01336863 0.007669615 0.019 -0.01323386 0.007734518 0.019 -0.01309602 0.007792621 0.019 -0.01295546 0.007843782 0.019 -0.01281252 0.007887873 0.019 -0.01266756 0.007924784 0.019 -0.01252094 0.007954423 0.019 -0.01237303 0.007976717 0.019 -0.01222419 0.007991611 0.019 -0.01207479 0.007999068 0.019 -0.01192521 0.007999068 0.019 -0.01177581 0.007991611 0.019 -0.01162697 0.007976717 0.019 -0.01147906 0.007954423 0.019 -0.01133244 0.007924784 0.019 -0.00990529 0.002852399 0.019 -0.00509471 0.002852399 0.019 -0.01001494 0.002750656 0.019 -0.009800844 0.002959482 0.019 -0.005199156 0.002959482 0.019 -0.004985057 0.002750656 0.019 -0.01012953 0.002654505 0.019 -0.009701867 0.003071637 0.019 -0.005298133 0.003071637 0.019 -0.00487047 0.002654505 0.019 -0.01024877 0.002564186 0.019 -0.005391397 0.003188587 0.019 -0.009608603 0.003188587 0.019 -0.004751231 0.002564186 0.019 -0.009521284 0.00331004 0.019 -0.005478716 0.00331004 0.019 -0.01037236 0.002479922 0.019 -0.004627639 0.002479922 0.019 -0.0105 0.002401924 0.019 -0.005559873 0.003435694 0.019 -0.009440127 0.003435694 0.019 -0.0045 0.002401924 0.019 -0.01063137 0.002330384 0.019 -0.009365335 0.003565238 0.019 -0.005634665 0.003565238 0.019 -0.004368632 0.002330384 0.019 -0.01076614 0.002265482 0.019 -0.009297093 0.003698349 0.019 -0.005702907 0.003698349 0.019 -0.004233861 0.002265482 0.019 -0.01090398 0.002207379 0.019 -0.009235571 0.003834696 0.019 -0.005764429 0.003834696 0.019 -0.004096023 0.002207379 0.019 -0.01104454 0.002156218 0.019 -0.009180923 0.00397394 0.019 -0.005819078 0.00397394 0.019 -0.00395546 0.002156218 0.019 -0.009133282 0.004115735 0.019 -0.005866718 0.004115735 0.019 -0.01118748 0.002112127 0.019 -0.003812521 0.002112127 0.019 -0.005907232 0.004259728 0.019 -0.009092768 0.004259728 0.019 -0.003667563 0.002075216 0.019 -0.009059483 0.004405561 0.019 -0.005940517 0.004405561 0.019 -0.003520945 0.002045577 0.019 -0.009033507 0.004552873 0.019 -0.005966493 0.004552873 0.019 -0.003373031 0.002023282 0.019 -0.005985092 0.004701296 0.019 -0.009014908 0.004701296 0.019 -0.00322419 0.002008389 0.019 -0.009003729 0.004850462 0.019 -0.005996271 0.004850462 0.019 -0.003074792 0.002000932 0.019 -0.006 0.005 0.019 -0.009 0.005 0.019 -0.002925208 0.002000932 0.019 -0.009003729 0.005149538 0.019 -0.005996271 0.005149538 0.019 -0.00277581 0.002008389 0.019 -0.009014908 0.005298704 0.019 -0.005985092 0.005298704 0.019 -0.009033507 0.005447127 0.019 -0.005966493 0.005447127 0.019 -0.009059483 0.005594439 0.019 -0.005940517 0.005594439 0.019 -0.009092768 0.005740272 0.019 -0.005907232 0.005740272 0.019 -0.009133282 0.005884265 0.019 -0.005866718 0.005884265 0.019 -0.009180923 0.006026061 0.019 -0.005819078 0.006026061 0.019 -0.009235571 0.006165304 0.019 -0.005764429 0.006165304 0.019 -0.009297093 0.006301651 0.019 -0.005702907 0.006301651 0.019 -0.005634665 0.006434762 0.019 -0.009365335 0.006434762 0.019 -0.009440127 0.006564306 0.019 -0.005559873 0.006564306 0.019 -0.005478716 0.00668996 0.019 -0.009521284 0.00668996 0.019 -0.009608603 0.006811413 0.019 -0.005391397 0.006811413 0.019 -0.005298133 0.006928363 0.019 -0.009701867 0.006928363 0.019 -0.009800844 0.007040518 0.019 -0.005199156 0.007040518 0.019 -0.00990529 0.007147601 0.019 -0.00509471 0.007147601 0.019 -0.01001494 0.007249343 0.019 -0.004985057 0.007249343 0.019 -0.01012953 0.007345494 0.019 -0.00487047 0.007345494 0.019 -0.01024877 0.007435814 0.019 -0.004751231 0.007435814 0.019 -0.01037236 0.007520078 0.019 -0.004627639 0.007520078 0.019 -0.0105 0.007598076 0.019 -0.01063137 0.007669615 0.019 -0.0045 0.007598076 0.019 -0.004368632 0.007669615 0.019 -0.01076614 0.007734518 0.019 -0.004233861 0.007734518 0.019 -0.01090398 0.007792621 0.019 -0.004096023 0.007792621 0.019 -0.01104454 0.007843782 0.019 -0.00395546 0.007843782 0.019 -0.01118748 0.007887873 0.019 -0.003812521 0.007887873 0.019 -0.003667563 0.007924784 0.019 -0.003520945 0.007954423 0.019 -0.002626969 0.002023282 0.019 -0.002479055 0.002045577 0.019 -0.002332437 0.002075216 0.019 -0.002187479 0.002112127 0.019 -0.00204454 0.002156218 0.019 -0.001903977 0.002207379 0.019 -0.001766139 0.002265482 0.019 -0.001631368 0.002330384 0.019 -0.0015 0.002401924 0.019 -0.001372361 0.002479922 0.019 -0.001248769 0.002564186 0.019 -0.001129531 0.002654505 0.019 -0.001014943 0.002750656 0.019 -0.0009052895 0.002852399 0.019 -0.0008008444 0.002959482 0.019 -0.0007018667 0.003071637 0.019 -0.0006086025 0.003188587 0.019 -0.0005212837 0.00331004 0.019 -0.0004401273 0.003435694 0.019 -0.0003653353 0.003565238 0.019 -0.0002970934 0.003698349 0.019 -0.0002355714 0.003834696 0.019 -0.0001809221 0.00397394 0.019 -0.0001332816 0.004115735 0.019 -9.276814e-05 0.004259728 0.019 -5.948254e-05 0.004405561 0.019 -3.350752e-05 0.004552873 0.019 -1.490767e-05 0.004701296 0.019 -3.729236e-06 0.004850462 0.019 0 0.005 0.019 -3.729236e-06 0.005149538 0.019 -1.490767e-05 0.005298704 0.019 -3.350752e-05 0.005447127 0.019 -5.948254e-05 0.005594439 0.019 -9.276814e-05 0.005740272 0.019 -0.0001332816 0.005884265 0.019 -0.0001809221 0.006026061 0.019 -0.0002355714 0.006165304 0.019 -0.0002970934 0.006301651 0.019 -0.0003653353 0.006434762 0.019 -0.0004401273 0.006564306 0.019 -0.0005212837 0.00668996 0.019 -0.0006086025 0.006811413 0.019 -0.0007018667 0.006928363 0.019 -0.0008008444 0.007040518 0.019 -0.0009052895 0.007147601 0.019 -0.001014943 0.007249343 0.019 -0.001129531 0.007345494 0.019 -0.001248769 0.007435814 0.019 -0.001372361 0.007520078 0.019 -0.0015 0.007598076 0.019 -0.001631368 0.007669615 0.019 -0.001766139 0.007734518 0.019 -0.003074792 0.007999068 0.019 -0.00322419 0.007991611 0.019 -0.003373031 0.007976717 0.019 -0.002925208 0.007999068 0.019 -0.00277581 0.007991611 0.019 -0.002626969 0.007976717 0.019 -0.002479055 0.007954423 0.019 -0.002332437 0.007924784 0.019 -0.002187479 0.007887873 0.019 -0.00204454 0.007843782 0.019 -0.001903977 0.007792621 0.019 -0.022 0 0.023 -0.05815416 0.03138746 0.023 -0.06096041 0.02853699 0.023 -0.05987517 0.02752829 0.023 -0.05905935 0.03231551 0.023 -0.062975 0.03070883 0.023 -0.06199453 0.02959803 0.023 -0.05720383 0.03050569 0.023 -0.05874145 0.02657442 0.023 -0.05991716 0.03328752 0.023 -0.06389944 0.03186669 0.023 -0.05621074 0.02967238 0.023 -0.05756202 0.02567767 0.023 -0.06072544 0.03430109 0.023 -0.06476557 0.03306878 0.023 -0.05517733 0.02888961 0.023 -0.06148221 0.03535368 0.023 -0.0655713 0.03431216 0.023 -0.0541062 0.02815933 0.023 -0.06218556 0.03644268 0.023 -0.06631467 0.03559381 0.023 -0.053 0.02748334 0.023 -0.06283376 0.0375654 0.023 -0.06699384 0.03691059 0.023 -0.05186148 0.02686333 0.023 -0.06342519 0.03871902 0.023 -0.06760718 0.03825931 0.023 -0.05069347 0.02630085 0.023 -0.06395838 0.0399007 0.023 -0.06815318 0.03963666 0.023 -0.04949887 0.02579728 0.023 -0.06443201 0.04110748 0.023 -0.0686305 0.04103929 0.023 -0.04828065 0.02535389 0.023 -0.06484489 0.04233636 0.023 -0.06903799 0.04246378 0.023 -0.04704185 0.02497177 0.023 -0.06519601 0.04358431 0.023 -0.06937466 0.04390664 0.023 -0.04578555 0.02465187 0.023 -0.06548448 0.0448482 0.023 -0.06963969 0.04536437 0.023 -0.04451485 0.024395 0.023 -0.0657096 0.0461249 0.023 -0.06983241 0.0468334 0.023 -0.04323294 0.02420178 0.023 -0.0658708 0.04741124 0.023 -0.06995237 0.04831017 0.023 -0.04194298 0.0240727 0.023 -0.06596768 0.04870401 0.023 -0.06999928 0.04979105 0.023 -0.0406482 0.02400808 0.023 -0.066 0.05 0.023 -0.069973 0.05127244 0.023 -0.0393518 0.02400808 0.023 -0.06596768 0.05129599 0.023 -0.06987363 0.05275072 0.023 -0.03805702 0.0240727 0.023 -0.0658708 0.05258876 0.023 -0.06970139 0.0542223 0.023 -0.03676706 0.02420178 0.023 -0.0657096 0.0538751 0.023 -0.0694567 0.05568358 0.023 -0.01419916 0.002959482 0.023 -0.01409471 0.002852399 0.023 -0.01398506 0.002750656 0.023 -0.01429813 0.003071637 0.023 -0.01387047 0.002654505 0.023 -0.0143914 0.003188587 0.023 -0.01375123 0.002564186 0.023 -0.01447872 0.00331004 0.023 -0.01362764 0.002479922 0.023 -0.01455987 0.003435694 0.023 -0.0135 0.002401924 0.023 -0.03548515 0.024395 0.023 -0.01463466 0.003565238 0.023 -0.01336863 0.002330384 0.023 -0.01470291 0.003698349 0.023 -0.01323386 0.002265482 0.023 -0.01476443 0.003834696 0.023 -0.01309602 0.002207379 0.023 -0.01481908 0.00397394 0.023 -0.01295546 0.002156218 0.023 -0.01486672 0.004115735 0.023 -0.01281252 0.002112127 0.023 -0.01490723 0.004259728 0.023 -0.01266756 0.002075216 0.023 -0.01494052 0.004405561 0.023 -0.01252094 0.002045577 0.023 -0.01496649 0.004552873 0.023 -0.01237303 0.002023282 0.023 -0.06548448 0.0551518 0.023 -0.06914016 0.057131 0.023 -0.01498509 0.004701296 0.023 -0.01222419 0.002008389 0.023 -0.01499627 0.004850462 0.023 -0.01207479 0.002000932 0.023 -0.015 0.005 0.023 -0.01192521 0.002000932 0.023 -0.01499627 0.005149538 0.023 -0.01177581 0.002008389 0.023 -0.01498509 0.005298704 0.023 -0.03421445 0.02465187 0.023 -0.01496649 0.005447127 0.023 -0.01494052 0.005594439 0.023 -0.01490723 0.005740272 0.023 -0.01486672 0.005884265 0.023 -0.01481908 0.006026061 0.023 -0.06519601 0.05641569 0.023 -0.06875255 0.05856102 0.023 -0.01476443 0.006165304 0.023 -0.01470291 0.006301651 0.023 -0.01463466 0.006434762 0.023 -0.03295815 0.02497177 0.023 -0.06484489 0.05766364 0.023 -0.0682948 0.05997016 0.023 -0.03171935 0.02535389 0.023 -0.06443201 0.05889252 0.023 -0.06776804 0.06135498 0.023 -0.03050113 0.02579728 0.023 -0.01455987 0.006564306 0.023 -0.01447872 0.00668996 0.023 -0.06395838 0.0600993 0.023 -0.06717356 0.06271211 0.023 -0.02930654 0.02630085 0.023 -0.01429813 0.006928363 0.023 -0.01419916 0.007040518 0.023 -0.0143914 0.006811413 0.023 -0.00509471 0.002852399 0.023 -0.009800844 0.002959482 0.023 -0.00990529 0.002852399 0.023 -0.005199156 0.002959482 0.023 -0.004985057 0.002750656 0.023 -0.01001494 0.002750656 0.023 -0.01012953 0.002654505 0.023 -0.005298133 0.003071637 0.023 -0.009701867 0.003071637 0.023 -0.009608603 0.003188587 0.023 -0.00487047 0.002654505 0.023 -0.005391397 0.003188587 0.023 -0.009521284 0.00331004 0.023 -0.004751231 0.002564186 0.023 -0.01024877 0.002564186 0.023 -0.005478716 0.00331004 0.023 -0.004627639 0.002479922 0.023 -0.01037236 0.002479922 0.023 -0.0105 0.002401924 0.023 -0.06342519 0.06128098 0.023 -0.06651279 0.06403823 0.023 -0.005559873 0.003435694 0.023 -0.009440127 0.003435694 0.023 -0.0045 0.002401924 0.023 -0.005634665 0.003565238 0.023 -0.009365335 0.003565238 0.023 -0.004368632 0.002330384 0.023 -0.01063137 0.002330384 0.023 -0.005702907 0.003698349 0.023 -0.009297093 0.003698349 0.023 -0.004233861 0.002265482 0.023 -0.01076614 0.002265482 0.023 -0.01090398 0.002207379 0.023 -0.005764429 0.003834696 0.023 -0.009235571 0.003834696 0.023 -0.004096023 0.002207379 0.023 -0.005819078 0.00397394 0.023 -0.009180923 0.00397394 0.023 -0.00395546 0.002156218 0.023 -0.01104454 0.002156218 0.023 -0.005866718 0.004115735 0.023 -0.009133282 0.004115735 0.023 -0.003812521 0.002112127 0.023 -0.01118748 0.002112127 0.023 -0.005907232 0.004259728 0.023 -0.009092768 0.004259728 0.023 -0.009059483 0.004405561 0.023 -0.003667563 0.002075216 0.023 -0.01133244 0.002075216 0.023 -0.01147906 0.002045577 0.023 -0.005940517 0.004405561 0.023 -0.003520945 0.002045577 0.023 -0.01162697 0.002023282 0.023 -0.005966493 0.004552873 0.023 -0.009033507 0.004552873 0.023 -0.003373031 0.002023282 0.023 -0.005985092 0.004701296 0.023 -0.009014908 0.004701296 0.023 -0.02813852 0.02686333 0.023 -0.01409471 0.007147601 0.023 -0.01398506 0.007249343 0.023 -0.00322419 0.002008389 0.023 -0.005996271 0.004850462 0.023 -0.009003729 0.004850462 0.023 -0.009 0.005 0.023 -0.003074792 0.002000932 0.023 -0.006 0.005 0.023 -0.002925208 0.002000932 0.023 -0.005996271 0.005149538 0.023 -0.009003729 0.005149538 0.023 -0.005985092 0.005298704 0.023 -0.009014908 0.005298704 0.023 -0.005966493 0.005447127 0.023 -0.009033507 0.005447127 0.023 -0.06283376 0.0624346 0.023 -0.06578735 0.06533011 0.023 -0.005940517 0.005594439 0.023 -0.009059483 0.005594439 0.023 -0.005907232 0.005740272 0.023 -0.009092768 0.005740272 0.023 -0.009133282 0.005884265 0.023 -0.005866718 0.005884265 0.023 -0.009180923 0.006026061 0.023 -0.005819078 0.006026061 0.023 -0.009235571 0.006165304 0.023 -0.005764429 0.006165304 0.023 -0.027 0.02748334 0.023 -0.01375123 0.007435814 0.023 -0.01362764 0.007520078 0.023 -0.01387047 0.007345494 0.023 -0.005702907 0.006301651 0.023 -0.009297093 0.006301651 0.023 -0.005634665 0.006434762 0.023 -0.009365335 0.006434762 0.023 -0.005559873 0.006564306 0.023 -0.009440127 0.006564306 0.023 -0.005478716 0.00668996 0.023 -0.009521284 0.00668996 0.023 -0.06218556 0.06355732 0.023 -0.005391397 0.006811413 0.023 -0.009608603 0.006811413 0.023 -0.06499902 0.0665846 0.023 -0.005298133 0.006928363 0.023 -0.009701867 0.006928363 0.023 -0.005199156 0.007040518 0.023 -0.009800844 0.007040518 0.023 -0.00509471 0.007147601 0.023 -0.00990529 0.007147601 0.023 -0.004985057 0.007249343 0.023 -0.01001494 0.007249343 0.023 -0.0258938 0.02815933 0.023 -0.0135 0.007598076 0.023 -0.01336863 0.007669615 0.023 -0.00487047 0.007345494 0.023 -0.01024877 0.007435814 0.023 -0.01012953 0.007345494 0.023 -0.004751231 0.007435814 0.023 -0.01037236 0.007520078 0.023 -0.004627639 0.007520078 0.023 -0.0045 0.007598076 0.023 -0.0105 0.007598076 0.023 -0.06148221 0.06464632 0.023 -0.004368632 0.007669615 0.023 -0.01063137 0.007669615 0.023 -0.01076614 0.007734518 0.023 -0.004233861 0.007734518 0.023 -0.06414971 0.06779864 0.023 -0.004096023 0.007792621 0.023 -0.01090398 0.007792621 0.023 -0.02482266 0.02888961 0.023 -0.01309602 0.007792621 0.023 -0.01295546 0.007843782 0.023 -0.01323386 0.007734518 0.023 -0.06072544 0.06569891 0.023 -0.0632415 0.06896926 0.023 -0.02378926 0.02967238 0.023 -0.01281252 0.007887873 0.023 -0.01266756 0.007924784 0.023 -0.05991716 0.06671248 0.023 -0.02279617 0.03050569 0.023 -0.01237303 0.007976717 0.023 -0.01222419 0.007991611 0.023 -0.01252094 0.007954423 0.023 -0.0622766 0.07009361 0.023 -0.05905935 0.06768449 0.023 -0.02184584 0.03138746 0.023 -0.06125736 0.07116895 0.023 -0.05815416 0.06861254 0.023 -0.06018627 0.07219267 0.023 -0.05720383 0.06949431 0.023 -0.05906595 0.07316225 0.023 -0.05621074 0.07032762 0.023 -0.05789912 0.07407533 0.023 -0.05517733 0.07111039 0.023 -0.05668864 0.07492969 0.023 -0.0541062 0.07184068 0.023 -0.00277581 0.002008389 0.023 -0.002626969 0.002023282 0.023 -0.002479055 0.002045577 0.023 -0.002332437 0.002075216 0.023 -0.002187479 0.002112127 0.023 -0.00204454 0.002156218 0.023 -0.001903977 0.002207379 0.023 -3.729236e-06 0.005149538 0.023 0 0.005 0.023 -0.001766139 0.002265482 0.023 -1.490767e-05 0.005298704 0.023 -0.001631368 0.002330384 0.023 -3.350752e-05 0.005447127 0.023 -0.0015 0.002401924 0.023 -5.948254e-05 0.005594439 0.023 -0.001372361 0.002479922 0.023 -9.276814e-05 0.005740272 0.023 -0.001248769 0.002564186 0.023 -0.0001332816 0.005884265 0.023 -0.001129531 0.002654505 0.023 -0.001014943 0.002750656 0.023 -0.0009052895 0.002852399 0.023 -0.0008008444 0.002959482 0.023 -0.0007018667 0.003071637 0.023 -0.0006086025 0.003188587 0.023 -0.0005212837 0.00331004 0.023 -0.0004401273 0.003435694 0.023 -0.0003653353 0.003565238 0.023 -0.0002970934 0.003698349 0.023 -0.0002355714 0.003834696 0.023 -0.0001809221 0.00397394 0.023 -0.0001332816 0.004115735 0.023 -9.276814e-05 0.004259728 0.023 -5.948254e-05 0.004405561 0.023 -3.350752e-05 0.004552873 0.023 -1.490767e-05 0.004701296 0.023 -3.729236e-06 0.004850462 0.023 0 0.02 0.023 -0.01104454 0.007843782 0.023 -0.01118748 0.007887873 0.023 -0.01133244 0.007924784 0.023 -0.01147906 0.007954423 0.023 -0.01162697 0.007976717 0.023 -0.01177581 0.007991611 0.023 -0.01192521 0.007999068 0.023 -0.01207479 0.007999068 0.023 -0.0005212837 0.00668996 0.023 -0.0004401273 0.006564306 0.023 -0.0006086025 0.006811413 0.023 -0.0007018667 0.006928363 0.023 -0.0008008444 0.007040518 0.023 -0.0009052895 0.007147601 0.023 -0.001014943 0.007249343 0.023 -0.001129531 0.007345494 0.023 -0.001248769 0.007435814 0.023 -0.001372361 0.007520078 0.023 -0.0015 0.007598076 0.023 -0.001631368 0.007669615 0.023 -0.001766139 0.007734518 0.023 -0.001903977 0.007792621 0.023 -0.00204454 0.007843782 0.023 -0.002187479 0.007887873 0.023 -0.002332437 0.007924784 0.023 -0.002479055 0.007954423 0.023 -0.002626969 0.007976717 0.023 -0.00277581 0.007991611 0.023 -0.002925208 0.007999068 0.023 -0.003074792 0.007999068 0.023 -0.00322419 0.007991611 0.023 -0.003373031 0.007976717 0.023 -0.003520945 0.007954423 0.023 -0.003667563 0.007924784 0.023 -0.003812521 0.007887873 0.023 -0.01781444 0.03644268 0.023 -0.01851779 0.03535368 0.023 -0.00395546 0.007843782 0.023 -0.01927456 0.03430109 0.023 -0.02008284 0.03328752 0.023 -0.02094065 0.03231551 0.023 -0.05543744 0.07572324 0.023 -0.053 0.07251666 0.023 -0.01716624 0.0375654 0.023 -0.01657481 0.03871902 0.023 -0.0541486 0.07645406 0.023 -0.05186148 0.07313667 0.023 -0.01604162 0.0399007 0.023 -0.05282524 0.07712035 0.023 -0.05069347 0.07369915 0.023 -0.01556799 0.04110748 0.023 -0.05147061 0.07772048 0.023 -0.04949887 0.07420272 0.023 -0.01515511 0.04233636 0.023 -0.05008799 0.07825301 0.023 -0.04828065 0.07464611 0.023 -0.01480399 0.04358431 0.023 -0.04868077 0.07871662 0.023 -0.04704185 0.07502823 0.023 -0.01451552 0.0448482 0.023 -0.0142904 0.0461249 0.023 -0.04725237 0.07911019 0.023 -0.04578555 0.07534813 0.023 -0.04580629 0.07943275 0.023 -0.04451485 0.075605 0.023 -0.04434604 0.07968353 0.023 -0.04323294 0.07579822 0.023 -0.04287519 0.0798619 0.023 -0.04194298 0.0759273 0.023 -0.04139734 0.07996744 0.023 -0.0406482 0.07599192 0.023 -0.0001809221 0.006026061 0.023 -0.0002355714 0.006165304 0.023 -0.0002970934 0.006301651 0.023 -0.0003653353 0.006434762 0.023 -0.03991607 0.07999989 0.023 -0.0393518 0.07599192 0.023 -0.038435 0.07995915 0.023 -0.03805702 0.0759273 0.023 -0.03695776 0.07984534 0.023 -0.03676706 0.07579822 0.023 -0.03548793 0.07965874 0.023 -0.03548515 0.075605 0.023 -0.03402911 0.0793998 0.023 -0.03421445 0.07534813 0.023 -0.03258485 0.07906915 0.023 -0.03295815 0.07502823 0.023 -0.0112 0.0584 0.023 -0.014 0.05 0.023 -0.01403232 0.04870401 0.023 -0.01515511 0.05766364 0.023 -0.01480399 0.05641569 0.023 -0.01451552 0.0551518 0.023 -0.0142904 0.0538751 0.023 -0.0141292 0.05258876 0.023 -0.01403232 0.05129599 0.023 -0.03115868 0.07866759 0.023 -0.03171935 0.07464611 0.023 -0.01164985 0.05981168 0.023 -0.01556799 0.05889252 0.023 -0.02975408 0.07819612 0.023 -0.03050113 0.07420272 0.023 -0.01216885 0.06119943 0.023 -0.01604162 0.0600993 0.023 -0.02837446 0.07765587 0.023 -0.02930654 0.07369915 0.023 -0.01275574 0.06255986 0.023 -0.01657481 0.06128098 0.023 -0.0270232 0.07704816 0.023 -0.02813852 0.07313667 0.023 -0.01340907 0.06388966 0.023 -0.01716624 0.0624346 0.023 -0.0257036 0.07637447 0.023 -0.027 0.07251666 0.023 -0.01412727 0.06518558 0.023 -0.01781444 0.06355732 0.023 -0.02441886 0.07563646 0.023 -0.0258938 0.07184068 0.023 -0.01490857 0.06644446 0.023 -0.01851779 0.06464632 0.023 -0.02317213 0.07483591 0.023 -0.02482266 0.07111039 0.023 -0.01575107 0.06766322 0.023 -0.01927456 0.06569891 0.023 -0.02196644 0.0739748 0.023 -0.02378926 0.07032762 0.023 -0.01665272 0.06883891 0.023 -0.02008284 0.06671248 0.023 -0.02080474 0.0730552 0.023 -0.02279617 0.06949431 0.023 -0.01761132 0.06996865 0.023 -0.02094065 0.06768449 0.023 -0.01968986 0.07207937 0.023 -0.02184584 0.06861254 0.023 -0.01862452 0.07104967 0.023 -0.0141292 0.04741124 0.023 0.002800844 0.02 0.01554052 0.00290529 0.02 0.0156476 0.003014942 0.02 0.01574934 0.002701867 0.02 0.01542836 0.003129531 0.02 0.01584549 0.002608603 0.02 0.01531141 0.003248769 0.02 0.01593581 0.002521284 0.02 0.01518996 0.003372361 0.02 0.01602008 0.002440127 0.02 0.01506431 0.0035 0.02 0.01609808 0.002365335 0.02 0.01493476 0.003631368 0.02 0.01616961 0.002297093 0.02 0.01480165 0.003766139 0.02 0.01623452 0.002235571 0.02 0.0146653 0.003903977 0.02 0.01629262 0.002180922 0.02 0.01452606 0.00404454 0.02 0.01634378 0.002133281 0.02 0.01438427 0.004187479 0.02 0.01638787 0.002092768 0.02 0.01424027 0.004332437 0.02 0.01642478 0.002059483 0.02 0.01409444 0.004479055 0.02 0.01645442 0.002033508 0.02 0.01394713 0.004626969 0.02 0.01647672 0.002014908 0.02 0.0137987 0.00477581 0.02 0.01649161 0.002003729 0.02 0.01364954 0.004925208 0.02 0.01649907 0.002 0.02 0.0135 0.005074792 0.02 0.01649907 0.002003729 0.02 0.01335046 0.00522419 0.02 0.01649161 0.005373031 0.02 0.01647672 0.005520945 0.02 0.01645442 0.005667563 0.02 0.01642478 0.005812521 0.02 0.01638787 0.00595546 0.02 0.01634378 0.006096023 0.02 0.01629262 0.01280084 0.02 0.01554052 0.007199156 0.02 0.01554052 0.00709471 0.02 0.0156476 0.01290529 0.02 0.0156476 0.01301494 0.02 0.01574934 0.006985057 0.02 0.01574934 0.01270187 0.02 0.01542836 0.007298133 0.02 0.01542836 0.007391397 0.02 0.01531141 0.01312953 0.02 0.01584549 0.00687047 0.02 0.01584549 0.0126086 0.02 0.01531141 0.01324877 0.02 0.01593581 0.006751231 0.02 0.01593581 0.01252128 0.02 0.01518996 0.007478716 0.02 0.01518996 0.01337236 0.02 0.01602008 0.006627639 0.02 0.01602008 0.01244013 0.02 0.01506431 0.007559873 0.02 0.01506431 0.0135 0.02 0.01609808 0.0065 0.02 0.01609808 0.006368632 0.02 0.01616961 0.01236534 0.02 0.01493476 0.007634665 0.02 0.01493476 0.01363137 0.02 0.01616961 0.006233861 0.02 0.01623452 0.01229709 0.02 0.01480165 0.007702907 0.02 0.01480165 0.01376614 0.02 0.01623452 0.01223557 0.02 0.0146653 0.007764429 0.02 0.0146653 0.007819078 0.02 0.01452606 0.01390398 0.02 0.01629262 0.01218092 0.02 0.01452606 0.01404454 0.02 0.01634378 0.01213328 0.02 0.01438427 0.007866718 0.02 0.01438427 0.01418748 0.02 0.01638787 0.01209277 0.02 0.01424027 0.007907232 0.02 0.01424027 0.01433244 0.02 0.01642478 0.01205948 0.02 0.01409444 0.007940517 0.02 0.01409444 0.01447906 0.02 0.01645442 0.01203351 0.02 0.01394713 0.007966493 0.02 0.01394713 0.01462697 0.02 0.01647672 0.01201491 0.02 0.0137987 0.007985092 0.02 0.0137987 0.007996271 0.02 0.01364954 0.01477581 0.02 0.01649161 0.01200373 0.02 0.01364954 0.01492521 0.02 0.01649907 0.012 0.02 0.0135 0.008 0.02 0.0135 0.01507479 0.02 0.01649907 0.01200373 0.02 0.01335046 0.007996271 0.02 0.01335046 0.01522419 0.02 0.01649161 0.01201491 0.02 0.0132013 0.007985092 0.02 0.0132013 0.01537303 0.02 0.01647672 0.01203351 0.02 0.01305287 0.007966493 0.02 0.01305287 0.01552094 0.02 0.01645442 0.01205948 0.02 0.01290556 0.007940517 0.02 0.01290556 0.01566756 0.02 0.01642478 0.01209277 0.02 0.01275973 0.007907232 0.02 0.01275973 0.01581252 0.02 0.01638787 0.01213328 0.02 0.01261573 0.007866718 0.02 0.01261573 0.01595546 0.02 0.01634378 0.01218092 0.02 0.01247394 0.007819078 0.02 0.01247394 0.01609602 0.02 0.01629262 0.01223557 0.02 0.0123347 0.007764429 0.02 0.0123347 0.01623386 0.02 0.01623452 0.003631368 0.02 0.01083038 0.003766139 0.02 0.01076548 0.0035 0.02 0.01090192 0.003372361 0.02 0.01097992 0.003248769 0.02 0.01106419 0.003129531 0.02 0.01115451 0.003014942 0.02 0.01125066 0.00290529 0.02 0.0113524 0.002800844 0.02 0.01145948 0.002701867 0.02 0.01157164 0.002608603 0.02 0.01168859 0.002521284 0.02 0.01181004 0.002440127 0.02 0.01193569 0.002365335 0.02 0.01206524 0.002297093 0.02 0.01219835 0.002235571 0.02 0.0123347 0.002180922 0.02 0.01247394 0.002133281 0.02 0.01261573 0.002092768 0.02 0.01275973 0.002059483 0.02 0.01290556 0.002033508 0.02 0.01305287 0.002014908 0.02 0.0132013 0.01229709 0.02 0.01219835 0.007702907 0.02 0.01219835 0.01636863 0.02 0.01616961 0.00790529 0.02 0.007647601 0.00595546 0.02 0.01065622 0.006096023 0.02 0.01070738 0.007800844 0.02 0.007540518 0.005812521 0.02 0.01061213 0.008014942 0.02 0.007749343 0.006233861 0.02 0.01076548 0.007701867 0.02 0.007428363 0.005667563 0.02 0.01057522 0.008129531 0.02 0.007845494 0.006368632 0.02 0.01083038 0.007608603 0.02 0.007311413 0.005520945 0.02 0.01054558 0.008248769 0.02 0.007935814 0.0065 0.02 0.01090192 0.007521284 0.02 0.00718996 0.005373031 0.02 0.01052328 0.008372361 0.02 0.008020078 0.006627639 0.02 0.01097992 0.007440127 0.02 0.007064306 0.00522419 0.02 0.01050839 0.0085 0.02 0.008098076 0.006751231 0.02 0.01106419 0.0165 0.02 0.01609808 0.007365335 0.02 0.006934762 0.005074792 0.02 0.01050093 0.008631368 0.02 0.008169616 0.00687047 0.02 0.01115451 0.007297093 0.02 0.006801651 0.004925208 0.02 0.01050093 0.008766139 0.02 0.008234517 0.006985057 0.02 0.01125066 0.007235571 0.02 0.006665304 0.00477581 0.02 0.01050839 0.01662764 0.02 0.01602008 0.008903977 0.02 0.008292622 0.00709471 0.02 0.0113524 0.007180922 0.02 0.006526061 0.004626969 0.02 0.01052328 0.00904454 0.02 0.008343782 0.007199156 0.02 0.01145948 0.007133282 0.02 0.006384265 0.004479055 0.02 0.01054558 0.009187479 0.02 0.008387873 0.007298133 0.02 0.01157164 0.01675123 0.02 0.01593581 0.007092768 0.02 0.006240272 0.004332437 0.02 0.01057522 0.009332438 0.02 0.008424784 0.007391397 0.02 0.01168859 0.007059483 0.02 0.006094439 0.004187479 0.02 0.01061213 0.009479055 0.02 0.008454423 0.007478716 0.02 0.01181004 0.01687047 0.02 0.01584549 0.007033507 0.02 0.005947127 0.00404454 0.02 0.01065622 0.009626969 0.02 0.008476718 0.007559873 0.02 0.01193569 0.007014908 0.02 0.005798704 0.003903977 0.02 0.01070738 0.01698506 0.02 0.01574934 0.009775809 0.02 0.008491611 0.007634665 0.02 0.01206524 0.007003729 0.02 0.005649538 0.009925208 0.02 0.008499067 0.01709471 0.02 0.0156476 0.007 0.02 0.0055 0.01007479 0.02 0.008499067 0.01236534 0.02 0.01206524 0.007003729 0.02 0.005350462 0.01719916 0.02 0.01554052 0.01022419 0.02 0.008491611 0.01244013 0.02 0.01193569 0.007014908 0.02 0.005201296 0.01729813 0.02 0.01542836 0.01037303 0.02 0.008476718 0.01252128 0.02 0.01181004 0.007033507 0.02 0.005052873 0.01052094 0.02 0.008454423 0.0126086 0.02 0.01168859 0.0173914 0.02 0.01531141 0.007059483 0.02 0.004905561 0.01066756 0.02 0.008424784 0.01270187 0.02 0.01157164 0.01747872 0.02 0.01518996 0.007092768 0.02 0.004759728 0.01081252 0.02 0.008387873 0.01280084 0.02 0.01145948 0.01755987 0.02 0.01506431 0.007133282 0.02 0.004615735 0.01095546 0.02 0.008343782 0.01290529 0.02 0.0113524 0.01763466 0.02 0.01493476 0.007180922 0.02 0.004473939 0.01109602 0.02 0.008292622 0.01301494 0.02 0.01125066 0.007235571 0.02 0.004334696 0.01770291 0.02 0.01480165 0.01123386 0.02 0.008234517 0.01312953 0.02 0.01115451 0.007297093 0.02 0.004198349 0.01776443 0.02 0.0146653 0.01136863 0.02 0.008169616 0.01324877 0.02 0.01106419 0.01781908 0.02 0.01452606 0.007365335 0.02 0.004065238 0.0115 0.02 0.008098076 0.01337236 0.02 0.01097992 0.01786672 0.02 0.01438427 0.007440127 0.02 0.003935694 0.01162764 0.02 0.008020078 0.0135 0.02 0.01090192 0.01790723 0.02 0.01424027 0.007521284 0.02 0.00381004 0.01175123 0.02 0.007935814 0.01363137 0.02 0.01083038 0.01794052 0.02 0.01409444 0.007608603 0.02 0.003688587 0.01796649 0.02 0.01394713 0.01187047 0.02 0.007845494 0.01376614 0.02 0.01076548 0.007701867 0.02 0.003571637 0.01798509 0.02 0.0137987 0.01198506 0.02 0.007749343 0.01390398 0.02 0.01070738 0.007800844 0.02 0.003459482 0.01799627 0.02 0.01364954 0.01209471 0.02 0.007647601 0.01404454 0.02 0.01065622 0.018 0.02 0.0135 0.00790529 0.02 0.003352399 0.01799627 0.02 0.01335046 0.01219916 0.02 0.007540518 0.01418748 0.02 0.01061213 0.008014942 0.02 0.003250656 0.01229813 0.02 0.007428363 0.01433244 0.02 0.01057522 0.008129531 0.02 0.003154505 0.0123914 0.02 0.007311413 0.01447906 0.02 0.01054558 0.008248769 0.02 0.003064186 0.01247872 0.02 0.00718996 0.01462697 0.02 0.01052328 0.008372361 0.02 0.002979922 0.01255987 0.02 0.007064306 0.01477581 0.02 0.01050839 0.0085 0.02 0.002901924 0.01263466 0.02 0.006934762 0.01492521 0.02 0.01050093 0.008631368 0.02 0.002830384 0.01270291 0.02 0.006801651 0.01507479 0.02 0.01050093 0.008766139 0.02 0.002765482 0.01276443 0.02 0.006665304 0.01522419 0.02 0.01050839 0.008903977 0.02 0.002707379 0.01281908 0.02 0.006526061 0.01537303 0.02 0.01052328 0.00904454 0.02 0.002656218 0.01286672 0.02 0.006384265 0.01552094 0.02 0.01054558 0.009187479 0.02 0.002612127 0.01290723 0.02 0.006240272 0.01566756 0.02 0.01057522 0.009332438 0.02 0.002575216 0.01294052 0.02 0.006094439 0.01581252 0.02 0.01061213 0.009479055 0.02 0.002545577 0.01296649 0.02 0.005947127 0.01595546 0.02 0.01065622 0.009626969 0.02 0.002523282 0.01298509 0.02 0.005798704 0.01609602 0.02 0.01070738 0.01299627 0.02 0.005649538 0.01623386 0.02 0.01076548 0.013 0.02 0.0055 0.01770291 0.02 0.01219835 0.01776443 0.02 0.0123347 0.01763466 0.02 0.01206524 0.01755987 0.02 0.01193569 0.01747872 0.02 0.01181004 0.0173914 0.02 0.01168859 0.01729813 0.02 0.01157164 0.01719916 0.02 0.01145948 0.01709471 0.02 0.0113524 0.01698506 0.02 0.01125066 0.01687047 0.02 0.01115451 0.01675123 0.02 0.01106419 0.01662764 0.02 0.01097992 0.0165 0.02 0.01090192 0.01636863 0.02 0.01083038 0.01299627 0.02 0.005350462 0.01298509 0.02 0.005201296 0.01296649 0.02 0.005052873 0.01294052 0.02 0.004905561 0.01290723 0.02 0.004759728 0.01286672 0.02 0.004615735 0.01281908 0.02 0.004473939 0.01276443 0.02 0.004334696 0.01270291 0.02 0.004198349 0.01263466 0.02 0.004065238 0.01255987 0.02 0.003935694 0.01247872 0.02 0.00381004 0.0123914 0.02 0.003688587 0.01229813 0.02 0.003571637 0.01219916 0.02 0.003459482 0.01209471 0.02 0.003352399 0.01198506 0.02 0.003250656 0.01187047 0.02 0.003154505 0.01175123 0.02 0.003064186 0.01162764 0.02 0.002979922 0.0115 0.02 0.002901924 0.01136863 0.02 0.002830384 0.01123386 0.02 0.002765482 0.01109602 0.02 0.002707379 0.01095546 0.02 0.002656218 0.01081252 0.02 0.002612127 0.01066756 0.02 0.002575216 0.01052094 0.02 0.002545577 0.01037303 0.02 0.002523282 0.01798509 0.02 0.0132013 0.01796649 0.02 0.01305287 0.01794052 0.02 0.01290556 0.01790723 0.02 0.01275973 0.01786672 0.02 0.01261573 0.01781908 0.02 0.01247394 0.01007479 0.02 0.002500932 0.009925208 0.02 0.002500932 0.009775809 0.02 0.002508389 0.01022419 0.02 0.002508389 -0.01 0.05 -0.0265 -0.01003729 0.04850462 -0.0265 -0.01014908 0.04701297 -0.0265 -0.01033508 0.04552873 -0.0265 -0.01059483 0.04405561 -0.0265 -0.01092768 0.04259728 -0.0265 -0.01133282 0.04115734 -0.0265 -0.01180922 0.0397394 -0.0265 -0.01235571 0.03834695 -0.0265 -0.01297093 0.03698349 -0.0265 -0.01365335 0.03565238 -0.0265 -0.01440127 0.03435695 -0.0265 -0.01521284 0.0331004 -0.0265 -0.01608603 0.03188587 -0.0265 -0.01701867 0.03071637 -0.0265 -0.01800844 0.02959482 -0.0265 -0.01905289 0.02852399 -0.0265 -0.02014943 0.02750656 -0.0265 -0.02129531 0.02654506 -0.0265 -0.02248769 0.02564186 -0.0265 -0.02372361 0.02479922 -0.0265 -0.025 0.02401924 -0.0265 -0.02631368 0.02330385 -0.0265 -0.02766139 0.02265483 -0.0265 -0.02903977 0.02207379 -0.0265 -0.0304454 0.02156218 -0.0265 -0.03187479 0.02112127 -0.0265 -0.03332437 0.02075216 -0.0265 -0.03479055 0.02045577 -0.0265 -0.03626969 0.02023282 -0.0265 -0.0377581 0.02008389 -0.0265 -0.03925208 0.02000933 -0.0265 -0.04074792 0.02000933 -0.0265 -0.0422419 0.02008389 -0.0265 -0.04373031 0.02023282 -0.0265 -0.04520945 0.02045577 -0.0265 -0.04667563 0.02075216 -0.0265 -0.04812521 0.02112127 -0.0265 -0.0495546 0.02156218 -0.0265 -0.05096023 0.02207379 -0.0265 -0.05233861 0.02265483 -0.0265 -0.05368632 0.02330385 -0.0265 -0.055 0.02401924 -0.0265 -0.05627639 0.02479922 -0.0265 -0.05751231 0.02564186 -0.0265 -0.05870469 0.02654506 -0.0265 -0.05985057 0.02750656 -0.0265 -0.06094711 0.02852399 -0.0265 -0.06199155 0.02959482 -0.0265 -0.06298133 0.03071637 -0.0265 -0.06391397 0.03188587 -0.0265 -0.06478716 0.0331004 -0.0265 -0.06559872 0.03435695 -0.0265 -0.06634665 0.03565238 -0.0265 -0.06702907 0.03698349 -0.0265 -0.06764429 0.03834695 -0.0265 -0.06819078 0.0397394 -0.0265 -0.06866718 0.04115734 -0.0265 -0.06907232 0.04259728 -0.0265 -0.06940517 0.04405561 -0.0265 -0.06966492 0.04552873 -0.0265 -0.06985092 0.04701297 -0.0265 -0.06996271 0.04850462 -0.0265 -0.07 0.05 -0.0265 -0.06996271 0.05149538 -0.0265 -0.06985092 0.05298703 -0.0265 -0.06966492 0.05447127 -0.0265 -0.06940517 0.05594439 -0.0265 -0.06907232 0.05740272 -0.0265 -0.06866718 0.05884266 -0.0265 -0.06819078 0.0602606 -0.0265 -0.06764429 0.06165305 -0.0265 -0.06702907 0.06301651 -0.0265 -0.06634665 0.06434762 -0.0265 -0.06559872 0.06564306 -0.0265 -0.06478716 0.0668996 -0.0265 -0.06391397 0.06811414 -0.0265 -0.06298133 0.06928363 -0.0265 -0.06199155 0.07040518 -0.0265 -0.06094711 0.07147601 -0.0265 -0.05985057 0.07249344 -0.0265 -0.05870469 0.07345494 -0.0265 -0.05751231 0.07435814 -0.0265 -0.05627639 0.07520078 -0.0265 -0.055 0.07598076 -0.0265 -0.05368632 0.07669615 -0.0265 -0.05233861 0.07734518 -0.0265 -0.05096023 0.07792622 -0.0265 -0.0495546 0.07843782 -0.0265 -0.04812521 0.07887873 -0.0265 -0.04667563 0.07924784 -0.0265 -0.04520945 0.07954424 -0.0265 -0.04373031 0.07976717 -0.0265 -0.0422419 0.07991611 -0.0265 -0.04074792 0.07999068 -0.0265 -0.03925208 0.07999068 -0.0265 -0.0377581 0.07991611 -0.0265 -0.03626969 0.07976717 -0.0265 -0.03479055 0.07954424 -0.0265 -0.03332437 0.07924784 -0.0265 -0.03187479 0.07887873 -0.0265 -0.0304454 0.07843782 -0.0265 -0.02903977 0.07792622 -0.0265 -0.02766139 0.07734518 -0.0265 -0.02631368 0.07669615 -0.0265 -0.025 0.07598076 -0.0265 -0.02372361 0.07520078 -0.0265 -0.02248769 0.07435814 -0.0265 -0.02129531 0.07345494 -0.0265 -0.02014943 0.07249344 -0.0265 -0.01905289 0.07147601 -0.0265 -0.01800844 0.07040518 -0.0265 -0.01701867 0.06928363 -0.0265 -0.01608603 0.06811414 -0.0265 -0.01521284 0.0668996 -0.0265 -0.01440127 0.06564306 -0.0265 -0.01365335 0.06434762 -0.0265 -0.01297093 0.06301651 -0.0265 -0.01235571 0.06165305 -0.0265 -0.01180922 0.0602606 -0.0265 -0.01133282 0.05884266 -0.0265 -0.01092768 0.05740272 -0.0265 -0.01059483 0.05594439 -0.0265 -0.01033508 0.05447127 -0.0265 -0.01014908 0.05298703 -0.0265 -0.01003729 0.05149538 -0.0265 -0.014 0.05 0.00325 -0.01403232 0.04870401 0.00325 -0.0141292 0.04741124 0.00325 -0.0142904 0.0461249 0.00325 -0.01451552 0.0448482 0.00325 -0.01480399 0.04358431 0.00325 -0.01515511 0.04233636 0.00325 -0.01556799 0.04110748 0.00325 -0.01604162 0.0399007 0.00325 -0.01657481 0.03871902 0.00325 -0.01716624 0.0375654 0.00325 -0.01781444 0.03644268 0.00325 -0.01851779 0.03535368 0.00325 -0.01927456 0.03430109 0.00325 -0.02008284 0.03328752 0.00325 -0.02094065 0.03231551 0.00325 -0.02184584 0.03138746 0.00325 -0.02279617 0.03050569 0.00325 -0.02378926 0.02967238 0.00325 -0.02482266 0.02888961 0.00325 -0.0258938 0.02815933 0.00325 -0.027 0.02748334 0.00325 -0.02813852 0.02686333 0.00325 -0.02930654 0.02630085 0.00325 -0.03050113 0.02579728 0.00325 -0.03171935 0.02535389 0.00325 -0.03295815 0.02497177 0.00325 -0.03421445 0.02465187 0.00325 -0.03548515 0.024395 0.00325 -0.03676706 0.02420178 0.00325 -0.03805702 0.0240727 0.00325 -0.0393518 0.02400808 0.00325 -0.0406482 0.02400808 0.00325 -0.04194298 0.0240727 0.00325 -0.04323294 0.02420178 0.00325 -0.04451485 0.024395 0.00325 -0.04578555 0.02465187 0.00325 -0.04704185 0.02497177 0.00325 -0.04828065 0.02535389 0.00325 -0.04949887 0.02579728 0.00325 -0.05069347 0.02630085 0.00325 -0.05186148 0.02686333 0.00325 -0.053 0.02748334 0.00325 -0.0541062 0.02815933 0.00325 -0.05517733 0.02888961 0.00325 -0.05621074 0.02967238 0.00325 -0.05720383 0.03050569 0.00325 -0.05815416 0.03138746 0.00325 -0.05905935 0.03231551 0.00325 -0.05991716 0.03328752 0.00325 -0.06072544 0.03430109 0.00325 -0.06148221 0.03535368 0.00325 -0.06218556 0.03644268 0.00325 -0.06283376 0.0375654 0.00325 -0.06342519 0.03871902 0.00325 -0.06395838 0.0399007 0.00325 -0.06443201 0.04110748 0.00325 -0.06484489 0.04233636 0.00325 -0.06519601 0.04358431 0.00325 -0.06548448 0.0448482 0.00325 -0.0657096 0.0461249 0.00325 -0.0658708 0.04741124 0.00325 -0.06596768 0.04870401 0.00325 -0.066 0.05 0.00325 -0.06596768 0.05129599 0.00325 -0.0658708 0.05258876 0.00325 -0.0657096 0.0538751 0.00325 -0.06548448 0.0551518 0.00325 -0.06519601 0.05641569 0.00325 -0.06484489 0.05766364 0.00325 -0.06443201 0.05889252 0.00325 -0.06395838 0.0600993 0.00325 -0.06342519 0.06128098 0.00325 -0.06283376 0.0624346 0.00325 -0.06218556 0.06355732 0.00325 -0.06148221 0.06464632 0.00325 -0.06072544 0.06569891 0.00325 -0.05991716 0.06671248 0.00325 -0.05905935 0.06768449 0.00325 -0.05815416 0.06861254 0.00325 -0.05720383 0.06949431 0.00325 -0.05621074 0.07032762 0.00325 -0.05517733 0.07111039 0.00325 -0.0541062 0.07184068 0.00325 -0.053 0.07251666 0.00325 -0.05186148 0.07313667 0.00325 -0.05069347 0.07369915 0.00325 -0.04949887 0.07420272 0.00325 -0.04828065 0.07464611 0.00325 -0.04704185 0.07502823 0.00325 -0.04578555 0.07534813 0.00325 -0.04451485 0.075605 0.00325 -0.04323294 0.07579822 0.00325 -0.04194298 0.0759273 0.00325 -0.0406482 0.07599192 0.00325 -0.0393518 0.07599192 0.00325 -0.03805702 0.0759273 0.00325 -0.03676706 0.07579822 0.00325 -0.03548515 0.075605 0.00325 -0.03421445 0.07534813 0.00325 -0.03295815 0.07502823 0.00325 -0.03171935 0.07464611 0.00325 -0.03050113 0.07420272 0.00325 -0.02930654 0.07369915 0.00325 -0.02813852 0.07313667 0.00325 -0.027 0.07251666 0.00325 -0.0258938 0.07184068 0.00325 -0.02482266 0.07111039 0.00325 -0.02378926 0.07032762 0.00325 -0.02279617 0.06949431 0.00325 -0.02184584 0.06861254 0.00325 -0.02094065 0.06768449 0.00325 -0.02008284 0.06671248 0.00325 -0.01927456 0.06569891 0.00325 -0.01851779 0.06464632 0.00325 -0.01781444 0.06355732 0.00325 -0.01716624 0.0624346 0.00325 -0.01657481 0.06128098 0.00325 -0.01604162 0.0600993 0.00325 -0.01556799 0.05889252 0.00325 -0.01515511 0.05766364 0.00325 -0.01480399 0.05641569 0.00325 -0.01451552 0.0551518 0.00325 -0.0142904 0.0538751 0.00325 -0.0141292 0.05258876 0.00325 -0.01403232 0.05129599 0.00325 -0.05815416 0.03138746 -0.0265 -0.05905935 0.03231551 -0.0265 -0.05720383 0.03050569 -0.0265 -0.05991716 0.03328752 -0.0265 -0.05621074 0.02967238 -0.0265 -0.06072544 0.03430109 -0.0265 -0.05517733 0.02888961 -0.0265 -0.06148221 0.03535368 -0.0265 -0.0541062 0.02815933 -0.0265 -0.06218556 0.03644268 -0.0265 -0.053 0.02748334 -0.0265 -0.06283376 0.0375654 -0.0265 -0.05186148 0.02686333 -0.0265 -0.06342519 0.03871902 -0.0265 -0.05069347 0.02630085 -0.0265 -0.06395838 0.0399007 -0.0265 -0.04949887 0.02579728 -0.0265 -0.06443201 0.04110748 -0.0265 -0.04828065 0.02535389 -0.0265 -0.06484489 0.04233636 -0.0265 -0.04704185 0.02497177 -0.0265 -0.06519601 0.04358431 -0.0265 -0.04578555 0.02465187 -0.0265 -0.06548448 0.0448482 -0.0265 -0.04451485 0.024395 -0.0265 -0.0657096 0.0461249 -0.0265 -0.04323294 0.02420178 -0.0265 -0.0658708 0.04741124 -0.0265 -0.04194298 0.0240727 -0.0265 -0.06596768 0.04870401 -0.0265 -0.0406482 0.02400808 -0.0265 -0.066 0.05 -0.0265 -0.0393518 0.02400808 -0.0265 -0.06596768 0.05129599 -0.0265 -0.03805702 0.0240727 -0.0265 -0.0658708 0.05258876 -0.0265 -0.03676706 0.02420178 -0.0265 -0.0657096 0.0538751 -0.0265 -0.03548515 0.024395 -0.0265 -0.06548448 0.0551518 -0.0265 -0.03421445 0.02465187 -0.0265 -0.06519601 0.05641569 -0.0265 -0.03295815 0.02497177 -0.0265 -0.06484489 0.05766364 -0.0265 -0.03171935 0.02535389 -0.0265 -0.06443201 0.05889252 -0.0265 -0.03050113 0.02579728 -0.0265 -0.06395838 0.0600993 -0.0265 -0.02930654 0.02630085 -0.0265 -0.06342519 0.06128098 -0.0265 -0.02813852 0.02686333 -0.0265 -0.06283376 0.0624346 -0.0265 -0.027 0.02748334 -0.0265 -0.06218556 0.06355732 -0.0265 -0.0258938 0.02815933 -0.0265 -0.06148221 0.06464632 -0.0265 -0.02482266 0.02888961 -0.0265 -0.06072544 0.06569891 -0.0265 -0.02378926 0.02967238 -0.0265 -0.05991716 0.06671248 -0.0265 -0.02279617 0.03050569 -0.0265 -0.05905935 0.06768449 -0.0265 -0.02184584 0.03138746 -0.0265 -0.05815416 0.06861254 -0.0265 -0.02094065 0.03231551 -0.0265 -0.05720383 0.06949431 -0.0265 -0.02008284 0.03328752 -0.0265 -0.05621074 0.07032762 -0.0265 -0.01927456 0.03430109 -0.0265 -0.05517733 0.07111039 -0.0265 -0.0541062 0.07184068 -0.0265 -0.01851779 0.03535368 -0.0265 -0.01781444 0.03644268 -0.0265 -0.053 0.07251666 -0.0265 -0.01716624 0.0375654 -0.0265 -0.05186148 0.07313667 -0.0265 -0.01604162 0.0399007 -0.0265 -0.01657481 0.03871902 -0.0265 -0.05069347 0.07369915 -0.0265 -0.01556799 0.04110748 -0.0265 -0.04949887 0.07420272 -0.0265 -0.04828065 0.07464611 -0.0265 -0.01515511 0.04233636 -0.0265 -0.04704185 0.07502823 -0.0265 -0.01480399 0.04358431 -0.0265 -0.04578555 0.07534813 -0.0265 -0.04451485 0.075605 -0.0265 -0.01451552 0.0448482 -0.0265 -0.04323294 0.07579822 -0.0265 -0.0142904 0.0461249 -0.0265 -0.01403232 0.04870401 -0.0265 -0.0141292 0.04741124 -0.0265 -0.04194298 0.0759273 -0.0265 -0.0406482 0.07599192 -0.0265 -0.014 0.05 -0.0265 -0.01403232 0.05129599 -0.0265 -0.0393518 0.07599192 -0.0265 -0.03805702 0.0759273 -0.0265 -0.03676706 0.07579822 -0.0265 -0.0142904 0.0538751 -0.0265 -0.0141292 0.05258876 -0.0265 -0.01451552 0.0551518 -0.0265 -0.03548515 0.075605 -0.0265 -0.03421445 0.07534813 -0.0265 -0.01515511 0.05766364 -0.0265 -0.01480399 0.05641569 -0.0265 -0.03295815 0.07502823 -0.0265 -0.03171935 0.07464611 -0.0265 -0.01556799 0.05889252 -0.0265 -0.03050113 0.07420272 -0.0265 -0.02930654 0.07369915 -0.0265 -0.01604162 0.0600993 -0.0265 -0.01657481 0.06128098 -0.0265 -0.02813852 0.07313667 -0.0265 -0.027 0.07251666 -0.0265 -0.01716624 0.0624346 -0.0265 -0.01851779 0.06464632 -0.0265 -0.01781444 0.06355732 -0.0265 -0.0258938 0.07184068 -0.0265 -0.02482266 0.07111039 -0.0265 -0.02008284 0.06671248 -0.0265 -0.01927456 0.06569891 -0.0265 -0.02378926 0.07032762 -0.0265 -0.02279617 0.06949431 -0.0265 -0.02094065 0.06768449 -0.0265 -0.02184584 0.06861254 -0.0265 -0.05686019 0.03435603 0.00325 -0.05605945 0.03353506 0.00325 -0.05521877 0.03275503 0.00325 -0.05761902 0.03521589 0.00325 -0.05434027 0.03201788 0.00325 -0.05833405 0.0361125 0.00325 -0.05342611 0.03132543 0.00325 -0.05900349 0.03704364 0.00325 -0.05247857 0.0306794 0.00325 -0.05962569 0.03800699 0.00325 -0.0515 0.03008142 0.00325 -0.0601991 0.03900016 0.00325 -0.05049284 0.02953295 0.00325 -0.06072228 0.04002068 0.00325 -0.0494596 0.02903537 0.00325 -0.06119395 0.041066 0.00325 -0.04840284 0.0285899 0.00325 -0.06161293 0.04213354 0.00325 -0.04732519 0.02819767 0.00325 -0.06197818 0.04322063 0.00325 -0.04622933 0.02785964 0.00325 -0.06228878 0.04432458 0.00325 -0.04511798 0.02757666 0.00325 -0.06254397 0.04544264 0.00325 -0.04399391 0.02734942 0.00325 -0.06274311 0.04657203 0.00325 -0.04285991 0.0271785 0.00325 -0.06288571 0.04770994 0.00325 -0.04171879 0.02706431 0.00325 -0.06297141 0.04885355 0.00325 -0.04057341 0.02700715 0.00325 -0.063 0.05 0.00325 -0.03942659 0.02700715 0.00325 -0.06297141 0.05114645 0.00325 -0.03828121 0.02706431 0.00325 -0.06288571 0.05229006 0.00325 -0.03714009 0.0271785 0.00325 -0.06274311 0.05342797 0.00325 -0.03600609 0.02734942 0.00325 -0.06254397 0.05455736 0.00325 -0.03488202 0.02757666 0.00325 -0.06228878 0.05567542 0.00325 -0.03377067 0.02785964 0.00325 -0.06197818 0.05677937 0.00325 -0.03267481 0.02819767 0.00325 -0.06161293 0.05786646 0.00325 -0.03159716 0.0285899 0.00325 -0.06119395 0.058934 0.00325 -0.0305404 0.02903537 0.00325 -0.06072228 0.05997932 0.00325 -0.02950715 0.02953295 0.00325 -0.0601991 0.06099984 0.00325 -0.0285 0.03008142 0.00325 -0.05962569 0.06199301 0.00325 -0.02752144 0.0306794 0.00325 -0.05900349 0.06295636 0.00325 -0.0265739 0.03132543 0.00325 -0.05833405 0.0638875 0.00325 -0.02565973 0.03201788 0.00325 -0.05761902 0.06478412 0.00325 -0.02478123 0.03275503 0.00325 -0.05686019 0.06564397 0.00325 -0.02394055 0.03353506 0.00325 -0.05605945 0.06646494 0.00325 -0.02313981 0.03435603 0.00325 -0.05521877 0.06724496 0.00325 -0.02238098 0.03521589 0.00325 -0.05434027 0.06798212 0.00325 -0.02166595 0.0361125 0.00325 -0.05342611 0.06867458 0.00325 -0.02099651 0.03704364 0.00325 -0.05247857 0.06932059 0.00325 -0.02037431 0.03800699 0.00325 -0.0515 0.06991859 0.00325 -0.0198009 0.03900016 0.00325 -0.05049284 0.07046705 0.00325 -0.0494596 0.07096464 0.00325 -0.01927772 0.04002068 0.00325 -0.01880605 0.041066 0.00325 -0.04840284 0.0714101 0.00325 -0.01838707 0.04213354 0.00325 -0.04732519 0.07180233 0.00325 -0.01771122 0.04432458 0.00325 -0.01802183 0.04322063 0.00325 -0.04622933 0.07214036 0.00325 -0.04511798 0.07242334 0.00325 -0.01745603 0.04544264 0.00325 -0.04399391 0.07265058 0.00325 -0.01725689 0.04657203 0.00325 -0.04285991 0.0728215 0.00325 -0.01702859 0.04885355 0.00325 -0.01711429 0.04770994 0.00325 -0.04171879 0.07293568 0.00325 -0.04057341 0.07299285 0.00325 -0.017 0.05 0.00325 -0.03942659 0.07299285 0.00325 -0.03828121 0.07293568 0.00325 -0.01702859 0.05114645 0.00325 -0.03714009 0.0728215 0.00325 -0.01725689 0.05342797 0.00325 -0.01711429 0.05229006 0.00325 -0.03600609 0.07265058 0.00325 -0.03488202 0.07242334 0.00325 -0.01771122 0.05567542 0.00325 -0.01745603 0.05455736 0.00325 -0.01802183 0.05677937 0.00325 -0.03377067 0.07214036 0.00325 -0.03267481 0.07180233 0.00325 -0.01838707 0.05786646 0.00325 -0.03159716 0.0714101 0.00325 -0.01880605 0.058934 0.00325 -0.0305404 0.07096464 0.00325 -0.0198009 0.06099984 0.00325 -0.01927772 0.05997932 0.00325 -0.02950715 0.07046705 0.00325 -0.0285 0.06991859 0.00325 -0.02037431 0.06199301 0.00325 -0.02752144 0.06932059 0.00325 -0.02099651 0.06295636 0.00325 -0.0265739 0.06867458 0.00325 -0.02166595 0.0638875 0.00325 -0.02565973 0.06798212 0.00325 -0.02238098 0.06478412 0.00325 -0.02478123 0.06724496 0.00325 -0.02313981 0.06564397 0.00325 -0.02394055 0.06646494 0.00325 -0.014 0.05 -0.00675 -0.01403232 0.04870401 -0.00675 -0.0141292 0.04741124 -0.00675 -0.0142904 0.0461249 -0.00675 -0.01451552 0.0448482 -0.00675 -0.01480399 0.04358431 -0.00675 -0.01515511 0.04233636 -0.00675 -0.01556799 0.04110748 -0.00675 -0.01604162 0.0399007 -0.00675 -0.01657481 0.03871902 -0.00675 -0.01716624 0.0375654 -0.00675 -0.01781444 0.03644268 -0.00675 -0.01851779 0.03535368 -0.00675 -0.01927456 0.03430109 -0.00675 -0.02008284 0.03328752 -0.00675 -0.02094065 0.03231551 -0.00675 -0.02184584 0.03138746 -0.00675 -0.02279617 0.03050569 -0.00675 -0.02378926 0.02967238 -0.00675 -0.02482266 0.02888961 -0.00675 -0.0258938 0.02815933 -0.00675 -0.027 0.02748334 -0.00675 -0.02813852 0.02686333 -0.00675 -0.02930654 0.02630085 -0.00675 -0.03050113 0.02579728 -0.00675 -0.03171935 0.02535389 -0.00675 -0.03295815 0.02497177 -0.00675 -0.03421445 0.02465187 -0.00675 -0.03548515 0.024395 -0.00675 -0.03676706 0.02420178 -0.00675 -0.03805702 0.0240727 -0.00675 -0.0393518 0.02400808 -0.00675 -0.0406482 0.02400808 -0.00675 -0.04194298 0.0240727 -0.00675 -0.04323294 0.02420178 -0.00675 -0.04451485 0.024395 -0.00675 -0.04578555 0.02465187 -0.00675 -0.04704185 0.02497177 -0.00675 -0.04828065 0.02535389 -0.00675 -0.04949887 0.02579728 -0.00675 -0.05069347 0.02630085 -0.00675 -0.05186148 0.02686333 -0.00675 -0.053 0.02748334 -0.00675 -0.0541062 0.02815933 -0.00675 -0.05517733 0.02888961 -0.00675 -0.05621074 0.02967238 -0.00675 -0.05720383 0.03050569 -0.00675 -0.05815416 0.03138746 -0.00675 -0.05905935 0.03231551 -0.00675 -0.05991716 0.03328752 -0.00675 -0.06072544 0.03430109 -0.00675 -0.06148221 0.03535368 -0.00675 -0.06218556 0.03644268 -0.00675 -0.06283376 0.0375654 -0.00675 -0.06342519 0.03871902 -0.00675 -0.06395838 0.0399007 -0.00675 -0.06443201 0.04110748 -0.00675 -0.06484489 0.04233636 -0.00675 -0.06519601 0.04358431 -0.00675 -0.06548448 0.0448482 -0.00675 -0.0657096 0.0461249 -0.00675 -0.0658708 0.04741124 -0.00675 -0.06596768 0.04870401 -0.00675 -0.066 0.05 -0.00675 -0.06596768 0.05129599 -0.00675 -0.0658708 0.05258876 -0.00675 -0.0657096 0.0538751 -0.00675 -0.06548448 0.0551518 -0.00675 -0.06519601 0.05641569 -0.00675 -0.06484489 0.05766364 -0.00675 -0.06443201 0.05889252 -0.00675 -0.06395838 0.0600993 -0.00675 -0.06342519 0.06128098 -0.00675 -0.06283376 0.0624346 -0.00675 -0.06218556 0.06355732 -0.00675 -0.06148221 0.06464632 -0.00675 -0.06072544 0.06569891 -0.00675 -0.05991716 0.06671248 -0.00675 -0.05905935 0.06768449 -0.00675 -0.05815416 0.06861254 -0.00675 -0.05720383 0.06949431 -0.00675 -0.05621074 0.07032762 -0.00675 -0.05517733 0.07111039 -0.00675 -0.0541062 0.07184068 -0.00675 -0.053 0.07251666 -0.00675 -0.05186148 0.07313667 -0.00675 -0.05069347 0.07369915 -0.00675 -0.04949887 0.07420272 -0.00675 -0.04828065 0.07464611 -0.00675 -0.04704185 0.07502823 -0.00675 -0.04578555 0.07534813 -0.00675 -0.04451485 0.075605 -0.00675 -0.04323294 0.07579822 -0.00675 -0.04194298 0.0759273 -0.00675 -0.0406482 0.07599192 -0.00675 -0.0393518 0.07599192 -0.00675 -0.03805702 0.0759273 -0.00675 -0.03676706 0.07579822 -0.00675 -0.03548515 0.075605 -0.00675 -0.03421445 0.07534813 -0.00675 -0.03295815 0.07502823 -0.00675 -0.03171935 0.07464611 -0.00675 -0.03050113 0.07420272 -0.00675 -0.02930654 0.07369915 -0.00675 -0.02813852 0.07313667 -0.00675 -0.027 0.07251666 -0.00675 -0.0258938 0.07184068 -0.00675 -0.02482266 0.07111039 -0.00675 -0.02378926 0.07032762 -0.00675 -0.02279617 0.06949431 -0.00675 -0.02184584 0.06861254 -0.00675 -0.02094065 0.06768449 -0.00675 -0.02008284 0.06671248 -0.00675 -0.01927456 0.06569891 -0.00675 -0.01851779 0.06464632 -0.00675 -0.01781444 0.06355732 -0.00675 -0.01716624 0.0624346 -0.00675 -0.01657481 0.06128098 -0.00675 -0.01604162 0.0600993 -0.00675 -0.01556799 0.05889252 -0.00675 -0.01515511 0.05766364 -0.00675 -0.01480399 0.05641569 -0.00675 -0.01451552 0.0551518 -0.00675 -0.0142904 0.0538751 -0.00675 -0.0141292 0.05258876 -0.00675 -0.01403232 0.05129599 -0.00675 -0.017 0.05 -0.00675 -0.01702859 0.04885355 -0.00675 -0.01711429 0.04770994 -0.00675 -0.01725689 0.04657203 -0.00675 -0.01745603 0.04544264 -0.00675 -0.01771122 0.04432458 -0.00675 -0.01802183 0.04322063 -0.00675 -0.01838707 0.04213354 -0.00675 -0.01880605 0.041066 -0.00675 -0.01927772 0.04002068 -0.00675 -0.0198009 0.03900016 -0.00675 -0.02037431 0.03800699 -0.00675 -0.02099651 0.03704364 -0.00675 -0.02166595 0.0361125 -0.00675 -0.02238098 0.03521589 -0.00675 -0.02313981 0.03435603 -0.00675 -0.02394055 0.03353506 -0.00675 -0.02478123 0.03275503 -0.00675 -0.02565973 0.03201788 -0.00675 -0.0265739 0.03132543 -0.00675 -0.02752144 0.0306794 -0.00675 -0.0285 0.03008142 -0.00675 -0.02950715 0.02953295 -0.00675 -0.0305404 0.02903537 -0.00675 -0.03159716 0.0285899 -0.00675 -0.03267481 0.02819767 -0.00675 -0.03377067 0.02785964 -0.00675 -0.03488202 0.02757666 -0.00675 -0.03600609 0.02734942 -0.00675 -0.03714009 0.0271785 -0.00675 -0.03828121 0.02706431 -0.00675 -0.03942659 0.02700715 -0.00675 -0.04057341 0.02700715 -0.00675 -0.04171879 0.02706431 -0.00675 -0.04285991 0.0271785 -0.00675 -0.04399391 0.02734942 -0.00675 -0.04511798 0.02757666 -0.00675 -0.04622933 0.02785964 -0.00675 -0.04732519 0.02819767 -0.00675 -0.04840284 0.0285899 -0.00675 -0.0494596 0.02903537 -0.00675 -0.05049284 0.02953295 -0.00675 -0.0515 0.03008142 -0.00675 -0.05247857 0.0306794 -0.00675 -0.05342611 0.03132543 -0.00675 -0.05434027 0.03201788 -0.00675 -0.05521877 0.03275503 -0.00675 -0.05605945 0.03353506 -0.00675 -0.05686019 0.03435603 -0.00675 -0.05761902 0.03521589 -0.00675 -0.05833405 0.0361125 -0.00675 -0.05900349 0.03704364 -0.00675 -0.05962569 0.03800699 -0.00675 -0.0601991 0.03900016 -0.00675 -0.06072228 0.04002068 -0.00675 -0.06119395 0.041066 -0.00675 -0.06161293 0.04213354 -0.00675 -0.06197818 0.04322063 -0.00675 -0.06228878 0.04432458 -0.00675 -0.06254397 0.04544264 -0.00675 -0.06274311 0.04657203 -0.00675 -0.06288571 0.04770994 -0.00675 -0.06297141 0.04885355 -0.00675 -0.063 0.05 -0.00675 -0.06297141 0.05114645 -0.00675 -0.06288571 0.05229006 -0.00675 -0.06274311 0.05342797 -0.00675 -0.06254397 0.05455736 -0.00675 -0.06228878 0.05567542 -0.00675 -0.06197818 0.05677937 -0.00675 -0.06161293 0.05786646 -0.00675 -0.06119395 0.058934 -0.00675 -0.06072228 0.05997932 -0.00675 -0.0601991 0.06099984 -0.00675 -0.05962569 0.06199301 -0.00675 -0.05900349 0.06295636 -0.00675 -0.05833405 0.0638875 -0.00675 -0.05761902 0.06478412 -0.00675 -0.05686019 0.06564397 -0.00675 -0.05605945 0.06646494 -0.00675 -0.05521877 0.06724496 -0.00675 -0.05434027 0.06798212 -0.00675 -0.05342611 0.06867458 -0.00675 -0.05247857 0.06932059 -0.00675 -0.0515 0.06991859 -0.00675 -0.05049284 0.07046705 -0.00675 -0.0494596 0.07096464 -0.00675 -0.04840284 0.0714101 -0.00675 -0.04732519 0.07180233 -0.00675 -0.04622933 0.07214036 -0.00675 -0.04511798 0.07242334 -0.00675 -0.04399391 0.07265058 -0.00675 -0.04285991 0.0728215 -0.00675 -0.04171879 0.07293568 -0.00675 -0.04057341 0.07299285 -0.00675 -0.03942659 0.07299285 -0.00675 -0.03828121 0.07293568 -0.00675 -0.03714009 0.0728215 -0.00675 -0.03600609 0.07265058 -0.00675 -0.03488202 0.07242334 -0.00675 -0.03377067 0.07214036 -0.00675 -0.03267481 0.07180233 -0.00675 -0.03159716 0.0714101 -0.00675 -0.0305404 0.07096464 -0.00675 -0.02950715 0.07046705 -0.00675 -0.0285 0.06991859 -0.00675 -0.02752144 0.06932059 -0.00675 -0.0265739 0.06867458 -0.00675 -0.02565973 0.06798212 -0.00675 -0.02478123 0.06724496 -0.00675 -0.02394055 0.06646494 -0.00675 -0.02313981 0.06564397 -0.00675 -0.02238098 0.06478412 -0.00675 -0.02166595 0.0638875 -0.00675 -0.02099651 0.06295636 -0.00675 -0.02037431 0.06199301 -0.00675 -0.0198009 0.06099984 -0.00675 -0.01927772 0.05997932 -0.00675 -0.01880605 0.058934 -0.00675 -0.01838707 0.05786646 -0.00675 -0.01802183 0.05677937 -0.00675 -0.01771122 0.05567542 -0.00675 -0.01745603 0.05455736 -0.00675 -0.01725689 0.05342797 -0.00675 -0.01711429 0.05229006 -0.00675 -0.01702859 0.05114645 -0.00675</float_array>
          <technique_common>
            <accessor count="2285" source="#cubeverts-array0-array" stride="3">
              <param type="float" name="X"/>
              <param type="float" name="Y"/>
              <param type="float" name="Z"/>
            </accessor>
          </technique_common>
        </source>
        <source id="cubenormals-array0">
          <float_array count="13770" id="cubenormals-array0-array">1 -0 0 1 0 -0 1 0 0 1 0 0 -0 -0 -1 -0 -0 -1 -0 -0 -1 -0 -0 -1 -0 -0 -1 -0 -0 -1 -0 -0 -1 0 0 -1 0 0 -1 0 0 -1 0 0 -1 0 0 -1 0 0 -1 0 0 -1 0 0 -1 0 -0 -1 0 -0 -1 0 0 -1 0 0 -1 0 0 -1 0 0 -1 0 0 -1 0 0 -1 0 0 -1 0 0 -1 0 0 -1 0 -0 -1 0 -0 -1 0 0 -1 0 -0 -1 0 -0 -1 0 -0 -1 0 0 -1 0 0 -1 0 0 -1 0 0 -1 0 0 -1 0 0 -1 0 0 -1 0 0 -1 0 0 -1 0 0 -1 0 0 -1 0 0 -1 0 0 -1 0 0 -1 0 -0 -1 0 -0 -1 0 -0 -1 0 -0 -1 0 0 -1 0 0 -1 0 0 -1 0 0 -1 0 0 -1 0 -1 0 0 -1 0 0 -1 0 0 -1 0 0 -1 0 0 -1 0 0 -1 0 0 -1 0 0 -1 0 0 -1 0 0 -1 0 0 -1 0 0 -1 0 0 -1 0 0 -1 0 0 -1 0 0 -1 0 0 -1 0 0 -1 0 0 -1 0 0 -1 0 0 -1 0 0 -1 0 0 -1 0 0 -1 0 0 -1 0 0 -1 0 0 -1 0 0 -1 0 0 -1 0 0 -1 0 0 -1 0 0 -1 0 0 -1 0 0 -1 0 0 -1 0 0 -1 0 0 -1 0 0 -1 0 0 -1 0 0 -1 0 0 -1 0 0 -1 0 0 -1 0 0 -1 0 0 -1 0 0 -1 0 0 -1 0 0 -1 0 0 -1 0 0 -1 0 0 -1 0 0 -1 0 0 -1 0 0 -1 0 0 -1 0 0 -1 0 0 -1 0 0 -1 0 0 -1 0 0 -1 0 0 -1 0 0 -1 0 0 -1 0 0 -1 0 0 -1 0 0 -1 0 0 -1 0 0 -1 0 0 -1 0 0 -1 0 0 -1 0 0 -1 0 0 -1 0 0 -1 0 0 -1 0 0 -1 0 0 -1 0 0 -1 0 0 -1 0 0 -1 0 0 -1 0 0 -1 0 0 -1 0 0 -1 0 0 -1 0 0 -1 0 0 -1 0 0 -1 0 0 -1 0 0 -1 0 0 -1 0 0 -1 0 0 -1 0 0 -1 0 0 -1 0 0 -1 0 0 -1 0 0 -1 0 0 -1 0 0 -1 0 0 -1 0 0 -1 0 0 -1 0 0 -1 0 0 -1 0 0 -1 0 0 -1 0 0 -1 0 0 -1 0 0 -1 0 0 -1 0 0 -1 0 0 -1 0 0 -1 0 0 -1 0 0 -1 0 0 -1 0 0 -1 0 0 -1 0 0 -1 0 0 -1 0 0 -1 0 0 -1 0 0 -1 0 0 -1 0 0 -1 0 0 -1 0 0 -1 0 0 -1 0 0 -1 0 0 -1 0 0 -1 0 0 -1 0 0 -1 0 0 -1 0 0 -1 0 0 -1 0 0 -1 0 0 -1 0 0 -1 0 0 -1 0 0 -1 0 0 -1 0 0 -1 0 0 -1 0 0 -1 0 0 -1 0 0 -1 0 0 -1 0 0 -1 0 0 -1 0 0 -1 0 0 -1 0 0 -1 0 0 -1 0 0 -1 0 0 -1 0 0 -1 0 0 -1 0 0 -1 0 0 -1 0 0 -1 0 0 -1 0 0 -1 0 0 -1 0 0 -1 0 0 -1 0 0 -1 0 0 -1 0 0 -1 0 0 -1 0 0 -1 0 0 -1 0 -0 -1 0 -0 -1 0 -0 -1 0 -0 -1 0 0 -1 0 0 -1 0 0 -1 0 0 -1 0 0 -1 0 0 -1 0 0 -1 0 0 -1 0 0 -1 0 0 -1 0 0 -1 0 0 -1 0 0 -1 0 0 -1 0 0 -1 0 0 -1 0 0 -1 0 0 -1 0 0 -1 0 0 -1 0 0 -1 0 0 -1 0 0 -1 0 0 -1 0 0 -1 0 0 -1 0 0 -1 0 0 -1 0 0 -1 0 0 -1 0 0 -1 0 0 -1 0 0 -1 0 0 -1 0 0 -1 0 0 -1 -0 0 -1 0 0 -1 0 0 -1 0 0 -1 0 0 -1 -0 0 -1 0 0 -1 0 0 -1 0 0 -1 -0 0 -1 0 0 -1 0 0 -1 0 0 -1 -0 0 -1 0 0 -1 0 0 -1 0 0 -1 0 0 -1 -0 0 -1 0 0 -1 0 0 -1 0 0 -1 0 0 -1 0 0 -1 -0 0 -1 0 0 -1 0 0 -1 0 0 -1 -0 0 -1 0 0 -1 0 0 -1 0 0 -1 -0 0 -1 0 0 -1 0 0 -1 0 0 -1 -0 0 -1 0 0 -1 0 0 -1 0 0 -1 -0 0 -1 0 0 -1 0 0 -1 0 0 -1 -0 0 -1 0 0 -1 0 0 -1 0 0 -1 0 0 -1 -0 0 -1 0 0 -1 0 0 -1 -0 0 -1 0 0 -1 0 0 -1 0 0 -1 0 0 -1 -0 0 -1 0 0 -1 0 0 -1 0 0 -1 0 0 -1 -0 0 -1 0 0 -1 0 0 -1 -0 0 -1 0 0 -1 0 0 -1 0 0 -1 -0 0 -1 -0 0 -1 0 0 -1 0 0 -1 -0 0 -1 -0 0 -1 0 0 -1 -0 0 -1 0 0 -1 -0 0 -1 0 0 -1 0 0 -1 -0 0 -1 0 0 -1 0 0 -1 -0 0 -1 0 0 -1 0 0 -1 0 0 -1 -0 0 -1 -0 0 -1 0 0 -1 -0 0 -1 0 0 -1 -0 0 -1 0 0 -1 0 0 -1 -0 0 -1 -0 0 -1 0 0 -1 0 0 -1 -0 0 -1 -0 0 -1 0 0 -1 -0 0 -1 0 0 -1 -0 0 -1 0 0 -1 0 0 -1 0 0 -1 0 0 -1 0 0 -1 0 0 -1 0 0 -1 0 0 -1 0 0 -1 0 0 -1 0 0 -1 0 0 -1 0 0 -1 0 0 -1 0 0 -1 0 0 -1 0 0 -1 0 0 -1 0 0 -1 0 0 -1 0 0 -1 0 0 -1 0 0 -1 0 0 -1 0 0 -1 0 0 -1 0 0 -1 0 0 -1 0 0 -1 0 0 -1 0 0 -1 0 0 -1 0 0 -1 0 0 -1 0 0 -1 0 0 -1 0 0 -1 0 0 -1 0 0 -1 0 0 -1 0 0 -1 0 0 -1 0 0 -1 0 0 -1 0 0 -1 0 0 -1 0 0 -1 0 0 -1 0 0 -1 0 0 -1 0 0 -1 0 0 -1 0 0 -1 0 0 -1 0 0 -1 0 0 -1 0 0 -1 0 0 -1 0 0 -1 0 0 -1 0 0 -1 0 0 -1 0 0 -1 0 0 -1 0 0 -1 0 0 -1 0 0 0 -1 0 -0 -1 0 0 -1 0 -0 -1 0 0 -1 0 -0 -1 0 0 -1 0 -0 -1 0 0 -1 0 -0 -1 0 0 -1 0 -0 -1 0 0 -1 0 -0 -1 0 0 -1 0 -0 -1 0 0 -1 0 -0 -1 0 0 -1 0 -0 -1 0 0 -1 0 -0 -1 0 0 -1 0 -0 -1 0 0 -1 0 -0 -1 0 0 -1 0 -0 -1 0 0 -1 0 -0 -1 0 0 -1 0 -0 -1 0 -0 -1 0 -0 -1 0 -0 -1 0 -0 -1 0 0 -1 0 0 -1 0 0 -1 0 0 -1 0 0 -1 0 0 -1 0 0 -1 0 0 -1 0 0 -1 0 0 -1 0 0 -1 0 0 -1 0 0 -1 0 0 -1 0 0 -1 0 0 -1 0 0 -1 0 0 -1 0 0 -1 0 0 -1 0 0 -1 0 0 -1 0 0 -1 0 0 -1 0 0 -1 0 0 -1 0 0 -1 0 0 -1 0 0 -1 0 0 -1 0 0 -1 0 0 -1 0 0 -1 0 0 -1 0 0 -1 0 0 -1 0 0 -1 0 -0 -1 0 -0 -1 0 0 -1 0 -0 -1 0 -0 -1 0 -0 -1 0 0 -1 0 -0 -1 0 -0 -1 0 0 -1 0 -0 -1 0 -0 -1 0 -0 -1 0 0 -1 0 -0 -1 0 -0 -1 -0 -0 -1 0 0 -1 0 -0 -1 0 -0 -1 0 -0 -1 0 -0 -1 0 0 -1 0 -0 -1 0 -0 -1 0 -0 -1 0 0 -1 0 -0 -1 0 -0 -1 0 -0 -1 0 0 -1 0 -0 -1 0 -0 -1 0 -0 -1 0 0 -1 0 -0 -1 0 -0 -1 0 0 -1 0 -0 -1 0 -0 -1 -0 -0 -1 0 0 -1 0 -0 -1 0 -0 -1 0 -0 -1 0 -0 -1 0 0 -1 0 -0 -1 0 -0 -1 0 0 -1 0 -0 -1 0 0 -1 0 -0 -1 0 -0 -1 0 -0 -1 0 0 -1 0 -0 -1 0 0 -1 0 -0 -1 0 -0 -1 0 0 -1 0 0 -1 0 -0 -1 0 0 -1 0 0 -1 0 0 -1 0 0 -1 0 0 -1 0 0 -1 0 0 -1 0 0 -1 0 0 -1 0 0 -1 0 0 -1 0 0 -1 0 0 -1 0 0 -1 0 0 -1 0 0 -1 0 0 -1 0 0 -1 0 0 -1 0 0 -1 0 0 -1 0 0 -1 0 0 -1 0 0 -1 0 0 -1 0 0 -1 0 0 -1 0 0 -1 0 0 -1 0 0 -1 0 0 -1 0 0 -1 0 0 -1 0 0 -1 0 0 -1 0 0 -1 0 0 -1 0 0 -1 0 0 -1 0 0 -1 0 0 -1 0 0 -1 0 0 -1 0 0 -1 0 0 -1 0 0 -1 0 0 -1 0 0 -1 0 0 -1 0 0 -1 0 0 -1 0 0 -1 0 0 -1 0 0 -1 0 -0 -1 0 -0 -1 0 -0 -1 0 -0 -1 0 -0 -1 0 -0 -1 0 -0 -1 0 -0 -1 0 -0 -1 0 -0 -1 0 -0 -1 0 -0 -1 0 -0 -1 0 -0 -1 0 -0 -1 0 -0 -1 0 -0 -1 0 -0 -1 0 -0 -1 0 -0 -1 0 -0 -1 0 -0 -1 0 -0 -1 0 -0 -1 0 -0 -1 0 -0 -1 0 -0 -1 0 -0 -1 0 -0 -1 0 -0 -1 0 -0 -1 0 0 -1 0 0 -1 0 0 -1 0 0 -1 0 0 -1 0 0 -1 0 0 -1 0 0 -1 0 0 -1 0 0 -1 0 0 -1 0 0 -1 0 0 -1 0 0 -1 0 0 -1 0 0 -1 0 0 -1 0 0 -1 0 0 -1 0 0 -1 0 0 -1 0 0 -1 0 0 -1 0 0 -1 0 0 -1 0 0 -1 0 0 -1 0 0 -1 0 0 -1 0 0 -1 0 0 -1 0 0 -1 0 0 -1 0 0 -1 0 0 -1 0 0 -1 0 0 -1 0 -1 0 0 -1 0 -0 -1 0 0 -1 0 0 0 1 0 0 1 0 0 1 0 0 1 0 0 1 0 0 1 0 0 1 0 0 1 0 0 1 0 0 1 0 0 1 0 0 1 0 0 1 0 0 1 0 0 1 0 0 1 0 0 1 0 0 1 0 0 1 0 0 1 0 0 1 0 0 1 0 0 1 0 0 1 0 0 1 0 0 1 0 0 1 0 0 1 0 0 1 0 0 1 0 0 1 0 0 1 0 0 1 0 0 1 0 0 1 0 0 1 0 0 1 0 0 1 0 0 1 0 0 1 0 0 1 0 0 1 0 0 1 0 0 1 0 0 1 0 0 1 0 0 1 0 0 1 0 0 1 0 0 1 0 0 1 0 0 1 0 0 1 0 0 1 0 0 1 0 0 1 0 0 1 0 0 1 0 0 1 0 0 1 0 0 1 0 0 1 0 0 1 0 0 1 0 0 1 0 0 1 0 0 1 0 0 1 0 0 1 0 0 1 0 0 1 0 0 1 0 0 1 0 0 1 0 0 1 0 0 1 0 0 1 0 0 1 0 0 1 0 0 1 0 0 1 0 0 1 0 0 1 0 0 1 0 0 1 0 0 1 0 0 1 0 0 1 0 0 1 0 0 1 0 0 1 0 0 1 0 0 1 0 0 1 0 0 1 0 0 1 0 0 1 0 0 1 0 0 1 0 0 1 0 0 1 0 0 1 0 0 1 0 0 1 0 0 1 0 0 1 0 0 1 0 0 1 0 0 1 0 0 1 0 0 1 0 0 1 0 0 1 0 0 1 0 0 1 0 0 1 0 0 1 0 0 1 0 0 1 0 0 1 0 0 1 0 0 1 0 0 1 0 0 1 0 0 1 0 0 1 0 0 1 0 0 1 0 0 1 0 0 1 0 0 1 0 0 1 0 0 1 0 0 1 0 0 1 0 0 1 0 0 1 0 0 1 0 0 1 0 0 1 0 0 1 0 0 1 0 0 1 0 0 1 0 0 1 0 0 1 0 0 1 0 0 1 0 0 1 0 0 1 0 0 1 0 0 1 0 0 1 0 0 1 0 0 1 0 0 1 0 0 1 0 0 1 0 0 1 0 0 1 0 0 1 0 0 1 0 0 1 0 0 1 0 0 1 0 0 1 0 0 1 0 0 1 0 0 1 0 0 1 0 0 1 0 0 1 0 0 1 0 0 1 0 0 1 0 0 1 0 0 1 0 0 1 0 0 1 0 0 1 0 0 1 0 0 1 0 0 1 0 0 1 0 0 1 0 0 1 0 0 1 0 0 1 0 0 1 0 0 1 0 0 1 0 0 1 0 0 1 0 0 1 0 0 1 0 0 1 0 0 1 0 0 1 0 0 1 0 0 1 0 0 1 0 0 1 0 0 1 0 0 1 0 0 1 0 0 1 0 0 1 0 0 1 0 0 1 0 0 1 0 0 1 0 0 1 0 0 1 0 0 1 0 0 1 0 0 1 0 0 1 0 0 1 0 0 1 0 0 1 0 0 1 0 0 1 0 0 1 0 0 1 0 0 1 0 0 1 0 0 1 0 0 1 0 0 1 0 0 1 0 0 1 0 0 1 0 0 1 0 0 1 0 0 1 0 0 1 0 0 1 0 0 1 0 0 1 0 0 1 0 0 1 0 0 1 0 0 1 0 0 1 0 0 1 0 0 1 0 0 1 0 0 1 0 0 1 0 0 1 0 0 1 0 0 1 0 0 1 0 0 1 0 0 1 0 0 1 0 0 1 0 0 1 0 0 1 0 0 1 0 0 1 0 0 1 0 0 1 0 0 1 0 0 1 0 0 1 0 0 1 0 0 1 0 0 1 0 0 1 0 0 1 0 0 1 0 0 1 0 0 1 0 0 1 0 0 1 0 0 1 0 0 1 0 0 1 0 0 1 0 0 1 0 0 1 0 0 1 0 0 1 0 0 1 0 0 1 0 0 1 0 0 1 0 0 1 0 0 1 0 0 1 0 0 1 0 0 1 0 0 1 0 0 1 0 0 1 0 0 1 0 0 1 0 0 1 0 0 1 0 0 1 0 0 1 0 0 1 0 0 1 0 0 1 0 0 1 0 0 1 0 0 1 0 0 1 0 0 1 0 0 1 0 0 1 0 0 1 0 0 1 0 0 1 0 0 1 0 0 1 0 0 1 0 0 1 0 0 1 0 0 1 0 0 1 0 0 1 0 0 1 0 0 1 0 0 1 0 0 1 0 0 1 0 0 1 0 0 1 0 0 1 0 0 1 0 0 1 0 0 1 0 0 1 0 0 1 0 0 1 0 0 1 0 0 1 0 0 1 0 0 1 0 0 1 0 0 1 0 0 1 0 0 1 0 0 1 0 0 1 0 0 1 0 0 1 0 0 1 0 0 1 0 0 1 0 0 1 0 0 1 0 0 1 0 0 1 0 0 1 0 0 1 0 0 1 0 0 1 0 0 1 0 0 1 0 0 1 0 0 1 0 0 1 0 0 1 0 0 1 0 0 1 0 0 1 0 0 1 0 0 1 0 0 1 0 0 1 0 0 1 0 0 1 0 0 1 0 0 1 0 0 1 0 0 1 0 0 1 0 0 1 0 0 1 0 0 1 0 0 1 0 0 1 0 0 1 0 0 1 0 0 1 0 0 1 0 0 1 0 0 1 0 0 1 0 0 1 0 0 1 0 0 1 0 0 1 0 0 1 0 0 1 0 0 1 0 0 1 0 0 1 0 0 1 0 0 1 0 0 1 0 0 1 0 0 1 0 0 1 0 0 1 0 0 1 0 0 1 0 0 1 0 0 1 0 0 1 0 0 1 0 0 1 0 0 1 0 0 1 0 0 1 0 0 1 0 0 1 0 0 1 0 0 1 0 0 1 0 0 1 0 0 1 0 0 1 0 0 1 0 0 1 0 0 1 0 0 1 0 0 1 0 0 1 0 0 1 0 0 1 0 0 1 0 0 1 0 0 1 0 0 1 0 0 1 0 0 1 0 0 1 0 0 1 0 0 1 0 0 1 0 0 1 0 0 1 0 0 1 0 0 1 0 0 1 0 0 1 0 0 1 0 0 1 0 0 1 0 0 1 0 0 1 0 0 1 0 0 1 0 0 1 0 0 1 0 0 1 0 0 1 0 0 1 0 0 1 0 0 1 0 1 -0 0 1 0 0 1 -0 0 1 0 0 1 -0 0 1 0 0 1 -0 0 1 0 0 1 -0 0 1 0 0 1 -0 0 1 0 0 1 -0 0 1 0 0 1 -0 0 1 0 0 1 -0 0 1 0 0 1 -0 0 1 0 0 1 -0 0 1 0 0 1 -0 0 1 0 0 1 -0 0 1 0 0 1 -0 0 1 0 0 1 -0 0 1 0 0 1 -0 0 1 0 0 1 0 0 1 0 0 1 0 0 1 0 0 1 0 0 1 0 0 1 0 0 1 0 0 1 0 0 1 -0 0 1 0 0 1 0 0 1 -0 0 1 0 0 1 0 0 1 0 0 1 0 0 1 -0 0 1 0 0 1 0 0 1 0 0 1 -0 0 1 0 0 1 0 0 1 -0 0 1 0 0 1 0 0 1 0 0 1 0 0 1 -0 0 1 0 0 1 0 0 1 0 0 1 0 0 1 -0 0 1 0 0 1 0 0 1 0 0 1 -0 0 1 -0 0 1 0 0 1 0 0 1 0 0 1 -0 0 1 -0 0 1 0 0 1 -0 0 1 -0 0 1 0 0 1 -0 0 1 -0 0 1 0 0 1 -0 0 1 -0 0 1 0 0 1 -0 0 1 -0 0 1 0 0 1 0 0 1 -0 0 1 -0 0 1 -0 0 1 -0 0 1 0 0 1 -0 0 1 -0 0 1 0 0 1 0 0 1 -0 0 1 0 0 1 0 0 1 -0 0 1 0 0 1 0 0 1 -0 0 1 0 0 1 0 0 1 -0 0 1 0 0 1 0 0 1 -0 0 1 0 0 1 0 0 1 -0 0 1 0 0 1 0 0 1 -0 0 1 0 0 1 0 0 1 -0 0 1 0 0 1 0 0 1 0 0 1 0 0 1 0 0 1 0 0 1 0 0 1 0 0 1 0 0 1 0 0 1 0 0 1 0 0 1 0 0 1 0 0 1 0 0 1 0 0 1 0 0 1 0 0 1 0 0 1 0 0 1 0 0 1 0 0 1 0 0 1 0 0 1 0 0 1 -0 0 1 0 0 1 -0 0 1 0 0 1 0 0 1 0 0 1 -0 0 1 0 0 1 0 0 1 0 0 1 -0 0 1 0 0 1 0 0 1 0 0 1 0 0 1 -0 0 1 0 0 1 0 0 1 -0 0 1 0 0 1 0 0 1 0 0 1 -0 0 1 -0 0 1 0 0 1 0 0 1 0 0 1 -0 0 1 0 0 1 0 0 1 0 0 1 -0 0 1 0 0 1 -0 0 1 0 0 1 0 0 1 0 0 1 -0 0 1 0 0 1 0 0 1 0 0 1 -0 0 1 0 0 1 0 0 1 -0 0 1 0 0 1 -0 0 1 0 0 1 0 0 1 0 0 1 -0 0 1 0 0 1 0 0 1 -0 0 1 0 0 1 -0 0 1 0 0 1 0 0 1 -0 0 1 0 0 1 -0 0 1 0 0 1 0 0 1 0 0 1 -0 0 1 0 0 1 0 0 1 -0 0 1 -0 0 1 0 0 1 0 0 1 -0 0 1 0 0 1 0 0 1 -0 0 1 -0 0 1 0 0 1 0 0 1 -0 0 1 -0 0 1 0 0 1 0 0 1 -0 0 1 0 0 1 -0 0 1 0 0 1 -0 0 1 0 0 1 -0 0 1 0 0 1 0 0 1 -0 0 1 -0 0 1 0 0 1 0 0 1 -0 0 1 -0 0 1 0 0 1 0 0 1 -0 0 1 0 0 1 -0 0 1 -0 0 1 0 0 1 0 0 1 -0 0 1 0 0 1 -0 0 1 -0 0 1 0 0 1 -0 0 1 0 0 1 -0 0 1 0 0 1 0 0 1 -0 0 1 -0 0 1 0 0 1 0 0 1 -0 0 1 -0 0 1 0 0 1 -0 0 1 0 0 1 -0 0 1 0 0 1 -0 0 1 -0 0 1 0 0 1 0 0 1 -0 0 1 -0 0 1 0 0 1 -0 0 1 0 0 1 0 0 1 -0 0 1 0 0 1 0 0 1 0 0 1 -0 0 1 0 0 1 0 0 1 -0 0 1 0 0 1 0 0 1 -0 0 1 0 0 1 0 0 1 -0 0 1 0 0 1 0 0 1 -0 0 1 0 0 1 -0 0 1 0 0 1 0 0 1 0 0 1 -0 0 1 0 0 1 0 0 1 -0 0 1 0 0 1 0 0 1 -0 0 1 0 0 1 -0 0 1 0 0 1 0 0 1 -0 0 1 0 0 1 0 0 1 -0 0 1 0 0 1 0 0 1 0 0 1 -0 0 1 0 0 1 -0 0 1 -0 0 1 0 0 1 0 0 1 0 0 1 0 0 1 0 0 1 0 0 1 0 0 1 0 0 1 0 0 1 0 0 1 0 0 1 0 0 1 0 0 1 0 0 1 0 0 1 0 0 1 0 0 1 0 0 1 0 0 1 0 0 1 0 0 1 0 0 1 0 0 1 0 0 1 0 0 1 0 0 1 0 0 1 0 0 1 0 0 1 0 0 1 0 0 1 0 0 1 0 0 1 0 0 1 0 0 1 0 0 1 0 0 1 0 0 1 0 0 1 0 0 1 0 0 1 0 0 1 0 0 1 0 0 1 0 0 1 -0 0 1 0 0 1 0 0 1 0 0 1 0 0 1 0 0 1 0 0 1 0 0 1 0 0 1 0 0 1 0 0 1 0 0 1 0 0 1 0 1 0 0 1 -0 0 -0.5854006 -0.8107442 0 -0.5854006 -0.8107442 0 0.9996892 -0.02493077 0 0.9972038 -0.07472991 -1.306707e-06 0.9996886 -0.02495406 1.315132e-06 0.9922392 -0.1243439 -2.62172e-06 0.9971986 -0.07479925 2.615058e-06 0.9848077 -0.1736481 -3.928572e-06 0.9922248 -0.124459 3.914136e-06 0.974928 -0.2225207 -5.244009e-06 0.9847795 -0.1738079 5.200818e-06 0.9626242 -0.2708409 -6.508681e-06 0.9748814 -0.2227249 6.539331e-06 0.9479274 -0.3184863 -7.840661e-06 0.9625552 -0.271086 7.801229e-06 0.9308738 -0.3653409 -9.121761e-06 0.9478313 -0.3187725 9.108195e-06 0.9115059 -0.411287 -1.036888e-05 0.9307463 -0.3656656 1.044071e-05 0.8898714 -0.4562115 -1.165614e-05 0.9113436 -0.4116466 1.173414e-05 0.8660254 -0.5000001 -1.295369e-05 0.8896703 -0.4566035 1.301258e-05 0.865782 -0.5004212 1.424139e-05 0.8400259 -0.5425463 -1.429852e-05 0.8397365 -0.542994 1.548528e-05 0.8119381 -0.5837436 -1.56189e-05 0.8115987 -0.5842153 1.681931e-05 0.7818316 -0.6234896 -1.684177e-05 0.7814406 -0.6239797 1.812023e-05 0.7497813 -0.6616858 -1.809837e-05 0.749336 -0.66219 1.937613e-05 0.7158673 -0.6982364 -1.939168e-05 0.7153639 -0.698752 2.071316e-05 0.6801724 -0.7330521 -2.059923e-05 0.6796116 -0.733572 2.192995e-05 0.6427878 -0.7660443 -2.192531e-05 0.6421648 -0.7665666 2.323696e-05 0.6038044 -0.7971325 -2.314896e-05 0.6031199 -0.7976505 2.449583e-05 0.5633195 -0.8262392 -2.44217e-05 0.5625724 -0.826748 2.570364e-05 0.5214356 -0.8532906 -2.57439e-05 0.5206225 -0.853787 2.703164e-05 0.4782534 -0.8782219 -2.693453e-05 0.477378 -0.8786981 2.821842e-05 0.4338839 -0.9009688 -2.826636e-05 0.4329428 -0.9014214 2.947282e-05 0.3884348 -0.9214762 -2.9523e-05 0.3874295 -0.9218994 3.07302e-05 0.3420205 -0.9396925 -3.076779e-05 0.3409504 -0.9400812 3.206268e-05 0.2947548 -0.955573 -3.194259e-05 0.2936248 -0.9559208 3.324049e-05 0.2467577 -0.9690772 -3.326105e-05 0.2455649 -0.9693802 3.452489e-05 0.1981468 -0.9801723 -3.446848e-05 0.1968954 -0.9804246 3.57801e-05 0.1490415 -0.988831 -3.57e-05 0.09956861 -0.9950307 -3.701321e-05 0.1477347 -0.989027 3.69488e-05 0.04984502 -0.9987569 -3.817358e-05 0.09820475 -0.9951662 3.826399e-05 -0 -1 -3.944253e-05 0.04843173 -0.9988264 3.946867e-05 -0.04984502 -0.9987569 -4.071833e-05 -0.001461182 -0.9999989 4.065732e-05 -0.09956861 -0.9950307 -4.18808e-05 -0.05135279 -0.9986806 4.196183e-05 -0.1490415 -0.988831 -4.316206e-05 -0.1011145 -0.9948748 4.313099e-05 -0.1981468 -0.9801723 -4.429142e-05 -0.1506264 -0.9885907 4.445781e-05 -0.1997601 -0.9798448 4.560783e-05 -0.2467577 -0.9690772 -4.559141e-05 -0.2483996 -0.9686576 4.686298e-05 -0.2947548 -0.955573 -4.677395e-05 -0.2964169 -0.9550586 4.805721e-05 -0.3420201 -0.9396927 -4.80239e-05 -0.3436987 -0.93908 4.927712e-05 -0.3884358 -0.9214758 -4.923514e-05 -0.3901236 -0.9207625 5.044131e-05 -0.4338829 -0.9009693 -5.049965e-05 -0.4355773 -0.9001514 5.175133e-05 -0.4782539 -0.8782216 -5.160979e-05 -0.4799436 -0.8772993 5.290653e-05 -0.5214362 -0.8532903 -5.288382e-05 -0.5231184 -0.8522601 5.410989e-05 -0.5633189 -0.8262395 -5.408322e-05 -0.5649868 -0.8251 5.537628e-05 -0.6038051 -0.7971321 -5.523477e-05 -0.6052419 -0.7960417 -0 -0.6049571 -0.7962582 2.304544e-05 -0.6427872 -0.7660448 -2.296781e-05 -0.6438065 -0.7651883 1.600232e-05 -0.6801725 -0.7330522 -1.617747e-05 -0.6808011 -0.7324683 9.178769e-06 -0.7158679 -0.6982358 -9.233963e-06 -0.7161338 -0.6979631 2.134183e-06 -0.7497213 -0.6617537 -2.234683e-06 -0.7497799 -0.6616872 -4.89593e-06 -0.7814781 -0.6239327 4.911991e-06 -0.7818323 -0.6234889 -1.197179e-05 -0.8113322 -0.5845855 1.176708e-05 -0.8119381 -0.5837436 -1.877714e-05 -0.8392038 -0.543817 1.862276e-05 -0.8400265 -0.5425454 -2.553744e-05 -0.8650291 -0.5017218 2.524749e-05 -0.8660243 -0.500002 -3.211978e-05 -0.8887461 -0.4583998 3.179046e-05 -0.8898714 -0.4562114 -3.854852e-05 -0.9115061 -0.4112864 -4.486521e-05 -0.9102949 -0.4139605 3.820144e-05 -0.9308735 -0.3653415 -5.105227e-05 -0.9296225 -0.3685133 4.444901e-05 -0.9479281 -0.3184846 -5.709459e-05 -0.946684 -0.3221637 5.057143e-05 -0.962624 -0.2708414 -6.295806e-05 -0.9614351 -0.2750319 5.654593e-05 -0.974928 -0.2225207 -6.878952e-05 -0.973841 -0.2272308 6.243975e-05 -0.9848077 -0.1736481 -7.448222e-05 -0.9838722 -0.1788728 6.808597e-05 -0.9915038 -0.1300776 7.360709e-05 -0.9922394 -0.1243426 -8.003828e-05 -0.9972038 -0.07473118 -8.531631e-05 -0.9967171 -0.08096312 7.899555e-05 -0.9994988 -0.03165819 8.437291e-05 -0.9996892 -0.02493077 -9.060228e-05 -0.9996892 0.02493077 -9.557223e-05 -0.9998427 0.01773434 8.950174e-05 -0.9972038 0.07473118 -0.0001006451 -0.9977483 0.06707028 9.461961e-05 -0.9922394 0.1243426 -0.0001054706 -0.9932197 0.1162517 9.939818e-05 -0.9848077 0.1736481 -0.000110113 -0.9862685 0.1651496 0.000104171 -0.974928 0.2225207 -0.000114653 -0.9769122 0.2136415 0.0001088204 -0.962624 0.2708414 -0.0001191144 -0.9651729 0.2616126 0.0001133072 -0.9479281 0.3184846 -0.0001232517 -0.9510782 0.3089502 0.0001176203 -0.9308735 0.3653415 -0.0001274222 -0.9346662 0.3555266 0.0001219628 -0.9115061 0.4112864 -0.0001315182 -0.9159741 0.4012374 0.0001259734 -0.8898714 0.4562114 -0.0001352567 -0.8950432 0.4459794 0.0001298823 -0.8660249 0.5000009 -0.0001390346 -0.8719352 0.4896213 0.000133763 -0.8400265 0.5425454 -0.0001427357 -0.8467001 0.5320705 0.0001373581 -0.8119381 0.5837436 -0.0001461326 -0.8193944 0.5732301 0.0001408369 -0.7818317 0.6234895 -0.0001494398 -0.7900943 0.6129853 0.000144273 -0.7497795 0.6616879 -0.0001526651 -0.758866 0.6512469 0.0001475483 -0.7158679 0.6982358 -0.0001556591 -0.7257861 0.6879203 0.0001506142 -0.6801732 0.7330515 -0.0001585783 -0.6909386 0.7229134 0.0001536683 -0.642785 0.7660467 -0.0001614624 -0.6544042 0.7561449 0.0001565011 -0.6038058 0.7971314 -0.0001640073 -0.6162699 0.787535 0.0001591079 -0.563319 0.8262396 -0.0001665696 -0.5766397 0.8169985 0.0001617868 -0.5214352 0.8532908 -0.0001689486 -0.5355979 0.8444731 0.0001641558 -0.4782549 0.878221 -0.0001711558 -0.4932509 0.8698871 0.0001664623 -0.4497031 0.893178 0.0001686392 -0.4338849 0.9009683 -0.0001732844 -0.4050532 0.9142932 0.0001706816 -0.3884369 0.9214754 -0.000175147 -0.3594188 0.9331763 0.0001726788 -0.3420179 0.9396935 -0.0001769694 -0.3129099 0.9497828 0.0001743544 -0.2947571 0.9555722 -0.0001787091 -0.2656343 0.9640739 0.0001759875 -0.2467577 0.9690772 -0.0001802623 -0.2177095 0.9760137 0.0001774778 -0.1981456 0.9801726 -0.0001816487 -0.169259 0.9855716 0.0001788097 -0.149039 0.9888313 -0.0001830494 -0.1203866 0.992727 0.000179941 -0.09956986 0.9950306 -0.0001840778 -0.07123095 0.9974599 0.0001811454 -0.0498463 0.9987569 -0.0001850633 -0.02190015 0.9997602 0.0001820464 0 1 -0.0001860339 0.02749236 0.999622 0.0001828152 0.0498463 0.9987569 -0.0001867237 0.09956986 0.9950306 -0.0001873016 0.07681286 0.9970455 0.0001835268 0.149039 0.9888313 -0.0001877656 0.1259428 0.9920374 0.0001840182 0.1981456 0.9801726 -0.000188049 0.1747689 0.9846095 0.0001844939 0.2467577 0.9690772 -0.000188263 0.2231678 0.97478 0.0001847503 0.2947571 0.9555722 -0.000188309 0.2710252 0.9625723 0.0001848731 0.3420183 0.9396933 -0.0001883304 0.3182145 0.9480188 0.0001847679 0.388436 0.9214758 -0.0001880968 0.3646357 0.9311503 0.0001846305 0.4338859 0.9009678 -0.0001877468 0.4101655 0.9120111 0.000184336 0.4782544 0.8782214 -0.0001872731 0.4546928 0.8906484 0.000183878 0.5214347 0.8532912 -0.0001866316 0.4981113 0.8671131 0.0001833283 0.5633196 0.8262391 -0.0001858203 0.5403157 0.8414624 0.000182675 0.6038052 0.7971319 -0.000185037 0.5811979 0.8137623 0.0001818124 0.6427856 0.7660462 -0.0001839255 0.6206709 0.7840711 0.0001808 0.6801732 0.7330515 -0.0001827721 0.6586226 0.7524734 0.0001797697 0.6949743 0.7190346 0.0001785443 0.7158672 0.6982364 -0.000181392 0.7296233 0.6838493 0.0001771369 0.7497807 0.6616864 -0.0001800326 0.7624993 0.6469892 0.000175636 0.7818311 0.6234903 -0.0001784007 0.793513 0.6085533 0.0001740453 0.8119381 0.5837436 -0.0001766324 0.8225893 0.5686359 0.0001722434 0.840026 0.5425463 -0.0001748268 0.8496622 0.5273275 0.0001703209 0.866026 0.499999 -0.0001728317 0.8746608 0.4847353 0.0001682292 0.8898714 0.4562114 -0.0001707281 0.8975272 0.4409591 0.0001660759 0.9115059 0.411287 -0.0001684301 0.9182035 0.3961091 0.0001637462 0.9308738 0.3653409 -0.0001660435 0.9366406 0.3502921 0.0001612723 0.9514965 0.3076595 -0.0002732009 0.9479273 0.3184862 0.0005690149 0.9626242 0.2708409 -0.0003005098 0.9527928 0.3036214 0 0.9749279 0.2225206 -0.0002690432 0.9663529 0.2572198 0.0002504132 0.9774337 0.2112421 0.0002152458 0.9848077 0.1736481 -0.0002301705 0.9863284 0.1647913 0.000172628 0.9922392 0.1243439 -0.000183814 0.9930168 0.1179726 0.0001225423 0.9972038 0.07472991 -0.000130013 0.9974841 0.0708885 6.501484e-05 0.9996892 0.02493077 -6.872091e-05 0.9997204 0.02364763 0 0.96 0.28 -0 0.96 0.28 0 0.9996892 0 -0.02493134 0.9996892 0 -0.02493134 0.9972039 0 -0.07472925 0.9922391 0 -0.1243447 0.9972039 0 -0.07472925 0.9922391 0 -0.1243447 0.9848078 0 -0.1736474 0.974928 0 -0.2225207 0.9848078 0 -0.1736474 0.974928 0 -0.2225207 0.9626245 0 -0.2708394 0.9626245 0 -0.2708394 0.9479269 0 -0.3184881 0.9308735 0 -0.3653415 0.9479269 0 -0.3184881 0.9308735 0 -0.3653415 0.9115059 0 -0.411287 0.9115059 0 -0.411287 0.8898724 0 -0.4562096 0.8898724 0 -0.4562096 0.8660246 0 -0.5000014 0.8660246 0 -0.5000014 0.8400273 0 -0.5425441 0.8400273 0 -0.5425441 0.811936 0 -0.5837464 0.811936 0 -0.5837464 0.7818329 0 -0.623488 0.7818329 0 -0.623488 0.7497797 0 -0.6616876 0.7158668 0 -0.6982369 0.7497797 0 -0.6616876 0.7158668 0 -0.6982369 0.6801757 0 -0.7330492 0.6801757 0 -0.7330492 0.6427854 0 -0.7660463 0.6038048 0 -0.7971323 0.6427854 0 -0.7660463 0.6038048 0 -0.7971323 0.5633249 0 -0.8262355 0.5633249 0 -0.8262355 0.5214292 0 -0.8532947 0.5214292 0 -0.8532947 0.4782528 0 -0.8782223 0.4782528 0 -0.8782223 0.4338893 0 -0.9009662 0.4338893 0 -0.9009662 0.3884343 0 -0.9214764 0.3884343 0 -0.9214764 0.3420205 0 -0.9396925 0.3420205 0 -0.9396925 0.2947524 0 -0.9555736 0.2947524 0 -0.9555736 0.2467577 0 -0.9690772 0.2467577 0 -0.9690772 0.1981504 0 -0.9801717 0.1490339 0 -0.9888321 0.1981504 0 -0.9801717 0.1490339 0 -0.9888321 0.09957252 0 -0.9950303 0.09957252 0 -0.9950303 0.04984365 0 -0.998757 0.04984365 0 -0.998757 0 0 -1 0 0 -1 -0.04984365 0 -0.998757 -0.04984365 -0 -0.998757 -0.09957252 0 -0.9950303 -0.09957252 -0 -0.9950303 -0.1490339 0 -0.9888321 -0.1490339 -0 -0.9888321 -0.1981504 0 -0.9801717 -0.1981504 -0 -0.9801717 -0.2467577 0 -0.9690772 -0.2947524 0 -0.9555736 -0.2467577 -0 -0.9690772 -0.2947524 0 -0.9555736 -0.3420205 0 -0.9396925 -0.3420205 0 -0.9396925 -0.3884338 -0 -0.9214766 -0.3884338 0 -0.9214766 -0.4338906 -0 -0.9009656 -0.4338906 0 -0.9009656 -0.4782521 -0 -0.8782226 -0.4782521 0 -0.8782226 -0.5214292 -0 -0.8532947 -0.5214292 0 -0.8532947 -0.5633242 -0 -0.8262359 -0.5633242 0 -0.8262359 -0.6038048 -0 -0.7971323 -0.6038048 0 -0.7971323 -0.6427869 -0 -0.766045 -0.6427869 0 -0.766045 -0.6801748 0 -0.7330499 -0.6801748 0 -0.7330499 -0.7158659 0 -0.6982377 -0.7158659 -0 -0.6982377 -0.7497805 0 -0.6616867 -0.7497805 -0 -0.6616867 -0.7818329 0 -0.623488 -0.811936 0 -0.5837464 -0.7818329 -0 -0.623488 -0.811936 0 -0.5837464 -0.8400273 0 -0.5425441 -0.8660253 0 -0.5000002 -0.8400273 -0 -0.5425441 -0.8660253 0 -0.5000002 -0.8898717 0 -0.4562109 -0.9115059 0 -0.411287 -0.8898717 -0 -0.4562109 -0.9115059 0 -0.411287 -0.9308735 0 -0.3653415 -0.9308735 -0 -0.3653415 -0.9479274 0 -0.3184867 -0.9626241 0 -0.2708408 -0.9479274 -0 -0.3184867 -0.9626241 0 -0.2708408 -0.974928 0 -0.2225207 -0.974928 -0 -0.2225207 -0.9848076 0 -0.173649 -0.9848076 -0 -0.173649 -0.9922394 0 -0.1243415 -0.9922394 -0 -0.1243415 -0.9972038 -0 -0.07473083 -0.9972038 0 -0.07473083 -0.9996892 0 -0.02493134 -0.9996892 0 -0.02493134 -0.9996892 0 0.02493134 -0.9996892 0 0.02493134 -0.9972038 0 0.07473083 -0.9972038 0 0.07473083 -0.9922394 0 0.1243415 -0.9922394 0 0.1243415 -0.9848076 0 0.173649 -0.9848076 0 0.173649 -0.974928 0 0.2225207 -0.974928 0 0.2225207 -0.9626241 0 0.2708408 -0.9626241 0 0.2708408 -0.9479274 0 0.3184867 -0.9479274 0 0.3184867 -0.9308735 0 0.3653415 -0.9308735 0 0.3653415 -0.9115059 0 0.411287 -0.9115059 0 0.411287 -0.8898717 0 0.4562109 -0.8898717 0 0.4562109 -0.8660253 0 0.5000002 -0.8660253 0 0.5000002 -0.8400273 0 0.5425441 -0.8400273 0 0.5425441 -0.811936 0 0.5837464 -0.811936 0 0.5837464 -0.7818329 0 0.623488 -0.7818329 0 0.623488 -0.7497805 0 0.6616867 -0.7497805 0 0.6616867 -0.7158659 0 0.6982377 -0.7158659 0 0.6982377 -0.6801748 0 0.7330499 -0.6801748 0 0.7330499 -0.6427869 0 0.766045 -0.6427869 0 0.766045 -0.6038048 0 0.7971323 -0.6038048 0 0.7971323 -0.5633198 0 0.8262389 -0.5633198 0 0.8262389 -0.5214338 0 0.8532917 -0.5214338 0 0.8532917 -0.478257 0 0.87822 -0.478257 0 0.87822 -0.4338802 0 0.9009705 -0.4338802 0 0.9009705 -0.3884392 0 0.9214743 -0.3884392 0 0.9214743 -0.3420205 0 0.9396925 -0.3420205 0 0.9396925 -0.2947524 0 0.9555736 -0.2947524 0 0.9555736 -0.2467577 0 0.9690772 -0.2467577 0 0.9690772 -0.1981442 0 0.9801729 -0.1981442 0 0.9801729 -0.1490464 0 0.9888302 -0.1490464 0 0.9888302 -0.09956621 0 0.9950309 -0.09956621 0 0.9950309 -0.04984365 0 0.998757 -0.04984365 0 0.998757 0 0 1 0 0 1 0.04984365 0 0.998757 0.04984365 0 0.998757 0.09956621 0 0.9950309 0.09956621 0 0.9950309 0.1490464 0 0.9888302 0.1490464 0 0.9888302 0.1981442 0 0.9801729 0.1981442 0 0.9801729 0.2467577 0 0.9690772 0.2467577 0 0.9690772 0.2947524 0 0.9555736 0.2947524 0 0.9555736 0.3420205 0 0.9396925 0.3420205 0 0.9396925 0.3884398 0 0.9214742 0.3884398 0 0.9214742 0.433879 0 0.9009711 0.4782577 -0 0.8782196 0.433879 0 0.9009711 0.4782577 0 0.8782196 0.5214338 0 0.8532917 0.5214338 0 0.8532917 0.5633206 0 0.8262385 0.5633206 0 0.8262385 0.6038048 0 0.7971323 0.6038048 0 0.7971323 0.6427854 0 0.7660463 0.6427854 0 0.7660463 0.6801757 0 0.7330492 0.6801757 0 0.7330492 0.7158668 0 0.6982369 0.7158668 0 0.6982369 0.7497797 0 0.6616876 0.7497797 0 0.6616876 0.7818329 0 0.623488 0.7818329 0 0.623488 0.811936 0 0.5837464 0.811936 0 0.5837464 0.8400273 0 0.5425441 0.8400273 0 0.5425441 0.8660246 0 0.5000014 0.8660246 0 0.5000014 0.8898724 0 0.4562096 0.8898724 0 0.4562096 0.9115059 0 0.411287 0.9115059 0 0.411287 0.9308735 0 0.3653415 0.9479269 -0 0.3184881 0.9308735 0 0.3653415 0.9479269 0 0.3184881 0.9626245 0 0.2708394 0.9626245 0 0.2708394 0.974928 0 0.2225207 0.974928 0 0.2225207 0.9848078 0 0.1736474 0.9848078 0 0.1736474 0.9922391 0 0.1243447 0.9922391 0 0.1243447 0.9972039 0 0.07472925 0.9996892 -0 0.02493134 0.9972039 0 0.07472925 0.9996892 0 0.02493134 0.9996892 0 -0.02492816 0.9996892 0 -0.02492816 0.9972035 0 -0.074734 0.9922394 0 -0.1243415 0.9972035 0 -0.074734 0.9922394 0 -0.1243415 0.9848076 0 -0.173649 0.9749287 0 -0.2225177 0.9848076 0 -0.173649 0.9749287 0 -0.2225177 0.9626234 0 -0.2708438 0.9626234 0 -0.2708438 0.9479264 0 -0.3184896 0.9308757 0 -0.365336 0.9479264 0 -0.3184896 0.9308757 0 -0.365336 0.9115047 0 -0.4112896 0.9115047 0 -0.4112896 0.8898717 0 -0.4562109 0.8898717 0 -0.4562109 0.8660253 0 -0.5000002 0.8660253 0 -0.5000002 0.8400258 0 -0.5425463 0.8400258 0 -0.5425463 0.8119376 0 -0.5837443 0.8119376 0 -0.5837443 0.7818313 0 -0.62349 0.7818313 0 -0.62349 0.749782 0 -0.6616849 0.7158659 0 -0.6982377 0.749782 0 -0.6616849 0.7158659 0 -0.6982377 0.6801764 0 -0.7330484 0.6801764 0 -0.7330484 0.6427838 0 -0.7660476 0.6038063 0 -0.7971311 0.6427838 0 -0.7660476 0.6038063 0 -0.7971311 0.5633242 0 -0.8262359 0.5633242 0 -0.8262359 0.5214292 0 -0.8532947 0.5214292 0 -0.8532947 0.4782535 0 -0.8782219 0.4782535 0 -0.8782219 0.4338881 0 -0.9009668 0.4338881 0 -0.9009668 0.3884338 0 -0.9214766 0.3884338 0 -0.9214766 0.3420205 0 -0.9396925 0.3420205 0 -0.9396925 0.2947524 0 -0.9555736 0.2947524 0 -0.9555736 0.2467577 0 -0.9690772 0.2467577 0 -0.9690772 0.198151 0 -0.9801715 0.1490335 0 -0.9888322 0.198151 0 -0.9801715 0.1490335 0 -0.9888322 0.09957316 0 -0.9950303 0.09957316 0 -0.9950303 0.04984349 0 -0.998757 0.04984349 0 -0.998757 0 0 -1 0 0 -1 -0.04984349 0 -0.998757 -0.04984349 -0 -0.998757 -0.09957316 0 -0.9950303 -0.09957316 -0 -0.9950303 -0.1490335 0 -0.9888322 -0.1490335 -0 -0.9888322 -0.198151 0 -0.9801715 -0.198151 -0 -0.9801715 -0.2467577 0 -0.9690772 -0.2947524 0 -0.9555736 -0.2467577 -0 -0.9690772 -0.2947524 0 -0.9555736 -0.3420185 0 -0.9396932 -0.3420185 0 -0.9396932 -0.3884338 -0 -0.9214766 -0.3884338 0 -0.9214766 -0.4338931 -0 -0.9009644 -0.4338931 0 -0.9009644 -0.4782508 -0 -0.8782234 -0.4782508 0 -0.8782234 -0.521432 -0 -0.8532929 -0.521432 0 -0.8532929 -0.5633242 -0 -0.8262359 -0.5633242 0 -0.8262359 -0.6038001 -0 -0.7971358 -0.6038001 0 -0.7971358 -0.6427869 -0 -0.766045 -0.6427869 0 -0.766045 -0.6801733 0 -0.7330514 -0.6801733 0 -0.7330514 -0.7158691 0 -0.6982344 -0.7158691 -0 -0.6982344 -0.7497789 0 -0.6616884 -0.7497789 -0 -0.6616884 -0.7818345 0 -0.623486 -0.8119376 0 -0.5837443 -0.7818345 -0 -0.623486 -0.8119376 0 -0.5837443 -0.840023 0 -0.5425509 -0.866028 0 -0.4999955 -0.840023 -0 -0.5425509 -0.866028 0 -0.4999955 -0.8898743 0 -0.4562058 -0.9115023 0 -0.4112949 -0.8898743 -0 -0.4562058 -0.9115023 0 -0.4112949 -0.9308735 0 -0.3653415 -0.9308735 -0 -0.3653415 -0.9479283 0 -0.3184838 -0.9626234 0 -0.2708438 -0.9479283 -0 -0.3184838 -0.9626234 0 -0.2708438 -0.9749287 0 -0.2225177 -0.9749287 -0 -0.2225177 -0.9848087 0 -0.1736428 -0.9848087 -0 -0.1736428 -0.9922387 0 -0.1243478 -0.9922387 -0 -0.1243478 -0.9972035 -0 -0.074734 -0.9972035 0 -0.074734 -0.9996892 0 -0.02492816 -0.9996892 0 -0.02492816 -0.9996892 0 0.02492816 -0.9996892 0 0.02492816 -0.9972035 0 0.074734 -0.9972035 0 0.074734 -0.9922387 0 0.1243478 -0.9922387 0 0.1243478 -0.9848087 0 0.1736428 -0.9848087 0 0.1736428 -0.9749287 0 0.2225177 -0.9749287 0 0.2225177 -0.9626234 0 0.2708438 -0.9626234 0 0.2708438 -0.9479283 0 0.3184838 -0.9479283 0 0.3184838 -0.9308735 0 0.3653415 -0.9308735 0 0.3653415 -0.9115023 0 0.4112949 -0.9115023 0 0.4112949 -0.8898743 0 0.4562058 -0.8898743 0 0.4562058 -0.866028 0 0.4999955 -0.866028 0 0.4999955 -0.840023 0 0.5425509 -0.840023 0 0.5425509 -0.8119376 0 0.5837443 -0.8119376 0 0.5837443 -0.7818345 0 0.623486 -0.7818345 0 0.623486 -0.7497789 0 0.6616884 -0.7497789 0 0.6616884 -0.7158691 0 0.6982344 -0.7158691 0 0.6982344 -0.6801733 0 0.7330514 -0.6801733 0 0.7330514 -0.6427869 0 0.766045 -0.6427869 0 0.766045 -0.6038001 0 0.7971358 -0.6038001 0 0.7971358 -0.5633198 0 0.8262389 -0.5633198 0 0.8262389 -0.5214366 0 0.85329 -0.5214366 0 0.85329 -0.4782557 0 0.8782206 -0.4782557 0 0.8782206 -0.4338827 0 0.9009694 -0.4338827 0 0.9009694 -0.3884392 0 0.9214743 -0.3884392 0 0.9214743 -0.3420185 0 0.9396932 -0.3420185 0 0.9396932 -0.2947524 0 0.9555736 -0.2947524 0 0.9555736 -0.2467577 0 0.9690772 -0.2467577 0 0.9690772 -0.1981449 0 0.9801728 -0.1981449 0 0.9801728 -0.1490459 0 0.9888303 -0.1490459 0 0.9888303 -0.09956685 0 0.9950309 -0.09956685 0 0.9950309 -0.04984349 0 0.998757 -0.04984349 0 0.998757 0 0 1 0 0 1 0.04984349 0 0.998757 0.04984349 0 0.998757 0.09956685 0 0.9950309 0.09956685 0 0.9950309 0.1490459 0 0.9888303 0.1490459 0 0.9888303 0.1981449 0 0.9801728 0.1981449 0 0.9801728 0.2467577 0 0.9690772 0.2467577 0 0.9690772 0.2947524 0 0.9555736 0.2947524 0 0.9555736 0.3420205 0 0.9396925 0.3420205 0 0.9396925 0.3884392 0 0.9214743 0.3884392 0 0.9214743 0.4338777 0 0.9009717 0.4782584 -0 0.8782192 0.4338777 0 0.9009717 0.4782584 0 0.8782192 0.5214338 0 0.8532917 0.5214338 0 0.8532917 0.5633198 0 0.8262389 0.5633198 0 0.8262389 0.6038063 0 0.7971311 0.6038063 0 0.7971311 0.6427838 0 0.7660476 0.6427838 0 0.7660476 0.6801764 0 0.7330484 0.6801764 0 0.7330484 0.7158659 0 0.6982377 0.7158659 0 0.6982377 0.749782 0 0.6616849 0.749782 0 0.6616849 0.7818313 0 0.62349 0.7818313 0 0.62349 0.8119376 0 0.5837443 0.8119376 0 0.5837443 0.8400258 0 0.5425463 0.8400258 0 0.5425463 0.8660253 0 0.5000002 0.8660253 0 0.5000002 0.8898717 0 0.4562109 0.8898717 0 0.4562109 0.9115047 0 0.4112896 0.9115047 0 0.4112896 0.9308757 0 0.365336 0.9479264 -0 0.3184896 0.9308757 0 0.365336 0.9479264 0 0.3184896 0.9626234 0 0.2708438 0.9626234 0 0.2708438 0.9749287 0 0.2225177 0.9749287 0 0.2225177 0.9848076 0 0.173649 0.9848076 0 0.173649 0.9922394 0 0.1243415 0.9922394 0 0.1243415 0.9972035 0 0.074734 0.9996892 -0 0.02492816 0.9972035 0 0.074734 0.9996892 0 0.02492816 0.9996892 0 -0.02493142 0.9996892 0 -0.02493142 0.9972038 0 -0.07473035 0.9922394 0 -0.1243415 0.9972038 0 -0.07473035 0.9922394 0 -0.1243415 0.9848075 0 -0.1736495 0.9749278 0 -0.2225214 0.9848075 0 -0.1736495 0.9749278 0 -0.2225214 0.9626241 0 -0.2708408 0.9626241 0 -0.2708408 0.947928 0 -0.3184848 0.9308732 0 -0.3653426 0.947928 0 -0.3184848 0.9308732 0 -0.3653426 0.9115059 0 -0.411287 0.9115059 0 -0.411287 0.8898717 0 -0.4562109 0.8898717 0 -0.4562109 0.866026 0 -0.4999988 0.866026 0 -0.4999988 0.8400254 0 -0.542547 0.8400254 0 -0.542547 0.8119382 0 -0.5837434 0.8119382 0 -0.5837434 0.7818317 0 -0.6234896 0.7818317 0 -0.6234896 0.7497818 0 -0.661685 0.7158659 0 -0.6982377 0.7497818 0 -0.661685 0.7158659 0 -0.6982377 0.680173 0 -0.7330516 0.680173 0 -0.7330516 0.6427857 0 -0.7660461 0.6038063 0 -0.7971311 0.6427857 0 -0.7660461 0.6038063 0 -0.7971311 0.5633198 0 -0.8262389 0.5633198 0 -0.8262389 0.5214338 0 -0.8532917 0.5214338 0 -0.8532917 0.4782584 0 -0.8782192 0.4782584 0 -0.8782192 0.4338777 0 -0.9009717 0.4338777 0 -0.9009717 0.3884392 0 -0.9214743 0.3884392 0 -0.9214743 0.3420205 0 -0.9396925 0.3420205 0 -0.9396925 0.2947524 0 -0.9555736 0.2947524 0 -0.9555736 0.2467577 0 -0.9690772 0.2467577 0 -0.9690772 0.1981449 0 -0.9801728 0.1490459 0 -0.9888303 0.1981449 0 -0.9801728 0.1490459 0 -0.9888303 0.09956685 0 -0.9950309 0.09956685 0 -0.9950309 0.04984349 0 -0.998757 0.04984349 0 -0.998757 0 0 -1 0 0 -1 -0.04984349 0 -0.998757 -0.04984349 -0 -0.998757 -0.09956685 0 -0.9950309 -0.09956685 -0 -0.9950309 -0.1490459 0 -0.9888303 -0.1490459 -0 -0.9888303 -0.1981449 0 -0.9801728 -0.1981449 -0 -0.9801728 -0.2467577 0 -0.9690772 -0.2947524 0 -0.9555736 -0.2467577 -0 -0.9690772 -0.2947524 0 -0.9555736 -0.3420205 0 -0.9396925 -0.3420205 0 -0.9396925 -0.3884392 -0 -0.9214743 -0.3884392 0 -0.9214743 -0.4338777 -0 -0.9009717 -0.4338777 0 -0.9009717 -0.4782584 -0 -0.8782192 -0.4782584 0 -0.8782192 -0.5214338 -0 -0.8532917 -0.5214338 0 -0.8532917 -0.5633198 -0 -0.8262389 -0.5633198 0 -0.8262389 -0.6038063 -0 -0.7971311 -0.6038063 0 -0.7971311 -0.6427857 -0 -0.7660461 -0.6427857 0 -0.7660461 -0.680173 0 -0.7330516 -0.680173 0 -0.7330516 -0.7158659 0 -0.6982377 -0.7158659 -0 -0.6982377 -0.7497834 0 -0.6616833 -0.7497834 -0 -0.6616833 -0.7818301 0 -0.6234915 -0.8119397 0 -0.5837412 -0.7818301 -0 -0.6234915 -0.8119397 0 -0.5837412 -0.8400241 0 -0.5425493 -0.866026 0 -0.4999988 -0.8400241 -0 -0.5425493 -0.866026 0 -0.4999988 -0.8898717 0 -0.4562109 -0.9115047 0 -0.4112896 -0.8898717 -0 -0.4562109 -0.9115047 0 -0.4112896 -0.9308753 0 -0.365337 -0.9308753 -0 -0.365337 -0.9479271 0 -0.3184876 -0.9626234 0 -0.2708438 -0.9479271 -0 -0.3184876 -0.9626234 0 -0.2708438 -0.9749285 0 -0.2225184 -0.9749285 -0 -0.2225184 -0.9848075 0 -0.1736495 -0.9848075 -0 -0.1736495 -0.9922394 0 -0.1243415 -0.9922394 -0 -0.1243415 -0.9972035 -0 -0.07473353 -0.9972035 0 -0.07473353 -0.9996892 0 -0.02492824 -0.9996892 0 -0.02492824 -0.9996892 0 0.02492824 -0.9996892 0 0.02492824 -0.9972035 0 0.07473353 -0.9972035 0 0.07473353 -0.9922394 0 0.1243415 -0.9922394 0 0.1243415 -0.9848075 0 0.1736495 -0.9848075 0 0.1736495 -0.9749285 0 0.2225184 -0.9749285 0 0.2225184 -0.9626234 0 0.2708438 -0.9626234 0 0.2708438 -0.9479271 0 0.3184876 -0.9479271 0 0.3184876 -0.9308753 0 0.365337 -0.9308753 0 0.365337 -0.9115047 0 0.4112896 -0.9115047 0 0.4112896 -0.8898717 0 0.4562109 -0.8898717 0 0.4562109 -0.8660256 0 0.4999995 -0.8660256 0 0.4999995 -0.8400249 0 0.5425478 -0.8400249 0 0.5425478 -0.8119392 0 0.583742 -0.8119392 0 0.583742 -0.7818301 0 0.6234915 -0.7818301 0 0.6234915 -0.7497834 0 0.6616833 -0.7497834 0 0.6616833 -0.7158659 0 0.6982377 -0.7158659 0 0.6982377 -0.6801738 0 0.7330508 -0.6801738 0 0.7330508 -0.6427857 0 0.7660461 -0.6427857 0 0.7660461 -0.6038052 0 0.7971319 -0.6038052 0 0.7971319 -0.5633198 0 0.8262389 -0.5633198 0 0.8262389 -0.5214349 0 0.853291 -0.5214349 0 0.853291 -0.4782559 0 0.8782206 -0.4782559 0 0.8782206 -0.4338816 0 0.9009699 -0.4338816 0 0.9009699 -0.3884338 0 0.9214766 -0.3884338 0 0.9214766 -0.3420205 0 0.9396925 -0.3420205 0 0.9396925 -0.2947553 0 0.9555728 -0.2947553 0 0.9555728 -0.2467577 0 0.9690772 -0.2467577 0 0.9690772 -0.1981464 0 0.9801725 -0.1981464 0 0.9801725 -0.1490428 0 0.9888308 -0.1490428 0 0.9888308 -0.09956843 0 0.9950308 -0.09956843 0 0.9950308 -0.04984508 0 0.9987569 -0.04984508 0 0.9987569 0 0 1 0 0 1 0.04984508 0 0.9987569 0.04984508 0 0.9987569 0.09956843 0 0.9950308 0.09956843 0 0.9950308 0.1490428 0 0.9888308 0.1490428 0 0.9888308 0.1981464 0 0.9801725 0.1981464 0 0.9801725 0.2467577 0 0.9690772 0.2467577 0 0.9690772 0.2947553 0 0.9555728 0.2947553 0 0.9555728 0.3420205 0 0.9396925 0.3420205 0 0.9396925 0.3884338 0 0.9214766 0.3884338 0 0.9214766 0.4338816 0 0.9009699 0.4782559 -0 0.8782206 0.4338816 0 0.9009699 0.4782559 0 0.8782206 0.5214349 0 0.853291 0.5214349 0 0.853291 0.5633198 0 0.8262389 0.5633198 0 0.8262389 0.6038052 0 0.7971319 0.6038052 0 0.7971319 0.6427857 0 0.7660461 0.6427857 0 0.7660461 0.6801738 0 0.7330508 0.6801738 0 0.7330508 0.7158659 0 0.6982377 0.7158659 0 0.6982377 0.7497818 0 0.661685 0.7497818 0 0.661685 0.7818317 0 0.6234896 0.7818317 0 0.6234896 0.8119377 0 0.5837441 0.8119377 0 0.5837441 0.8400264 0 0.5425456 0.8400264 0 0.5425456 0.8660256 0 0.4999995 0.8660256 0 0.4999995 0.8898717 0 0.4562109 0.8898717 0 0.4562109 0.9115059 0 0.411287 0.9115059 0 0.411287 0.9308732 0 0.3653426 0.947928 -0 0.3184848 0.9308732 0 0.3653426 0.947928 0 0.3184848 0.9626241 0 0.2708408 0.9626241 0 0.2708408 0.9749278 0 0.2225214 0.9749278 0 0.2225214 0.9848075 0 0.1736495 0.9848075 0 0.1736495 0.9922394 0 0.1243415 0.9922394 0 0.1243415 0.9972038 0 0.07473035 0.9996892 -0 0.02493142 0.9972038 0 0.07473035 0.9996892 0 0.02493142 -0.9996892 -0.02492824 -0 -0.9996892 -0.02492824 0 -0.9972035 -0.07473353 0 -0.9972035 -0.07473353 -0 -0.9922395 -0.1243415 0 -0.9922395 -0.1243415 -0 -0.9848076 -0.1736495 0 -0.9848076 -0.1736495 -0 -0.9749285 -0.2225184 0 -0.9749285 -0.2225184 -0 -0.9626234 -0.2708438 0 -0.947927 -0.3184876 0 -0.9626234 -0.2708438 -0 -0.947927 -0.3184876 0 -0.9308753 -0.365337 0 -0.9308753 -0.365337 -0 -0.9115047 -0.4112897 0 -0.9115047 -0.4112897 -0 -0.8898717 -0.4562109 0 -0.8898717 -0.4562109 -0 -0.866026 -0.4999989 -0 -0.866026 -0.4999989 0 -0.840024 -0.5425493 -0 -0.840024 -0.5425493 0 -0.8119397 -0.5837412 -0 -0.8119397 -0.5837412 0 -0.7818301 -0.6234915 -0 -0.7818301 -0.6234915 0 -0.7497835 -0.6616833 0 -0.7497835 -0.6616833 -0 -0.715866 -0.6982377 0 -0.715866 -0.6982377 -0 -0.680173 -0.7330517 0 -0.680173 -0.7330517 -0 -0.6427857 -0.7660461 0 -0.6427857 -0.7660461 -0 -0.6038063 -0.7971311 0 -0.5633198 -0.8262389 0 -0.6038063 -0.7971311 -0 -0.5214361 -0.8532904 0 -0.5633198 -0.8262389 0 -0.5214361 -0.8532904 0 -0.4782535 -0.8782219 0 -0.4782535 -0.8782219 -0 -0.4338829 -0.9009693 0 -0.4338829 -0.9009693 -0 -0.3884338 -0.9214767 0 -0.3884338 -0.9214767 -0 -0.3420205 -0.9396925 0 -0.3420205 -0.9396925 -0 -0.2947553 -0.9555727 0 -0.2947553 -0.9555727 -0 -0.2467577 -0.9690772 0 -0.2467577 -0.9690772 -0 -0.1981479 -0.9801722 0 -0.1981479 -0.9801722 -0 -0.1490397 -0.9888312 0 -0.1490397 -0.9888312 -0 -0.09957 -0.9950306 0 -0.09957 -0.9950306 -0 -0.04984668 -0.9987569 0 -0.04984668 -0.9987569 -0 0 -1 0 0.04984668 -0.9987569 0 -0 -1 -0 0.04984668 -0.9987569 0 0.09957 -0.9950306 0 0.09957 -0.9950306 0 0.1490397 -0.9888312 0 0.1490397 -0.9888312 0 0.1981479 -0.9801722 0 0.1981479 -0.9801722 0 0.2467577 -0.9690772 0 0.2467577 -0.9690772 0 0.2947553 -0.9555727 0 0.2947553 -0.9555727 0 0.3420205 -0.9396925 0 0.3420205 -0.9396925 0 0.3884338 -0.9214767 0 0.3884338 -0.9214767 0 0.4338829 -0.9009693 0 0.4338829 -0.9009693 0 0.4782535 -0.8782219 0 0.4782535 -0.8782219 0 0.5214361 -0.8532904 0 0.5214361 -0.8532904 0 0.5633198 -0.8262389 0 0.5633198 -0.8262389 0 0.6038063 -0.7971311 0 0.6038063 -0.7971311 0 0.6427857 -0.7660461 0 0.6427857 -0.7660461 0 0.680173 -0.7330517 0 0.680173 -0.7330517 0 0.715866 -0.6982377 0 0.715866 -0.6982377 0 0.7497835 -0.6616833 0 0.7497835 -0.6616833 0 0.7818301 -0.6234915 0 0.7818301 -0.6234915 0 0.8119397 -0.5837412 0 0.8119397 -0.5837412 0 0.840024 -0.5425493 0 0.840024 -0.5425493 0 0.866026 -0.4999989 0 0.866026 -0.4999989 0 0.8898717 -0.4562109 0 0.8898717 -0.4562109 0 0.9115047 -0.4112897 0 0.9115047 -0.4112897 0 0.9308753 -0.365337 0 0.9308753 -0.365337 0 0.947927 -0.3184876 0 0.947927 -0.3184876 0 0.9626234 -0.2708438 0 0.9626234 -0.2708438 0 0.9749285 -0.2225184 0 0.9749285 -0.2225184 0 0.9848076 -0.1736495 0 0.9848076 -0.1736495 0 0.9922395 -0.1243415 0 0.9922395 -0.1243415 0 0.9972035 -0.07473353 0 0.9972035 -0.07473353 0 0.9996892 -0.02492824 0 0.9996892 -0.02492824 0 0.9996892 0.02492824 0 0.9996892 0.02492824 0 0.9972035 0.07473353 0 0.9972035 0.07473353 0 0.9922395 0.1243415 0 0.9922395 0.1243415 0 0.9848076 0.1736495 0 0.9848076 0.1736495 0 0.9749285 0.2225184 0 0.9749285 0.2225184 0 0.9626234 0.2708438 0 0.9626234 0.2708438 0 0.9479268 0.3184881 0 0.9479268 0.3184881 0 0.9308757 0.3653359 0 0.9308757 0.3653359 0 0.9115047 0.4112897 0 0.9115047 0.4112897 0 0.8898714 0.4562115 0 0.8898714 0.4562115 0 0.8660257 0.4999996 -0 0.8660257 0.4999996 0 0.8400249 0.5425478 0 0.8400249 0.5425478 0 0.8119392 0.583742 0 0.8119392 0.583742 0 0.7818301 0.6234915 0 0.7818301 0.6234915 0 0.7497835 0.6616833 0 0.7497835 0.6616833 0 0.715866 0.6982377 0 0.715866 0.6982377 0 0.6801739 0.7330508 0 0.6801739 0.7330508 0 0.6427857 0.7660461 0 0.6427857 0.7660461 0 0.6038052 0.7971319 0 0.6038052 0.7971319 0 0.5633198 0.8262389 0 0.5633198 0.8262389 0 0.521435 0.8532911 0 0.521435 0.8532911 0 0.4782559 0.8782206 0 0.4782559 0.8782206 0 0.4338816 0.9009699 0 0.4338816 0.9009699 0 0.3884338 0.9214767 0 0.3884338 0.9214767 0 0.3420205 0.9396925 0 0.3420205 0.9396925 0 0.2947553 0.9555727 0 0.2947553 0.9555727 0 0.2467577 0.9690772 0 0.2467577 0.9690772 0 0.1981464 0.9801725 0 0.1981464 0.9801725 0 0.1490428 0.9888307 0 0.1490428 0.9888307 0 0.09956843 0.9950308 0 0.09956843 0.9950308 0 0.04984508 0.998757 0 0.04984508 0.998757 0 -0 1 0 0 1 0 -0.04984508 0.998757 0 -0.04984508 0.998757 0 -0.09956843 0.9950308 0 -0.09956843 0.9950308 0 -0.1490428 0.9888307 0 -0.1490428 0.9888307 0 -0.1981464 0.9801725 0 -0.1981464 0.9801725 0 -0.2467577 0.9690772 0 -0.2467577 0.9690772 0 -0.2947553 0.9555727 0 -0.2947553 0.9555727 0 -0.3420205 0.9396925 0 -0.3420205 0.9396925 0 -0.3884338 0.9214767 0 -0.3884338 0.9214767 0 -0.4338816 0.9009699 0 -0.4338816 0.9009699 0 -0.4782559 0.8782206 0 -0.4782559 0.8782206 0 -0.521435 0.8532911 0 -0.521435 0.8532911 0 -0.5633198 0.8262389 0 -0.5633198 0.8262389 0 -0.6038052 0.7971319 0 -0.6038052 0.7971319 0 -0.6427857 0.7660461 0 -0.6427857 0.7660461 0 -0.6801739 0.7330508 0 -0.6801739 0.7330508 0 -0.715866 0.6982377 0 -0.715866 0.6982377 0 -0.7497835 0.6616833 0 -0.7497835 0.6616833 0 -0.7818301 0.6234915 0 -0.7818301 0.6234915 0 -0.8119392 0.583742 0 -0.8119392 0.583742 0 -0.8400249 0.5425478 0 -0.8400249 0.5425478 0 -0.8660257 0.4999996 0 -0.8660257 0.4999996 0 -0.8898714 0.4562115 0 -0.8898714 0.4562115 0 -0.9115047 0.4112897 0 -0.9115047 0.4112897 0 -0.9308757 0.3653359 0 -0.9308757 0.3653359 0 -0.9479268 0.3184881 0 -0.9479268 0.3184881 0 -0.9626234 0.2708438 0 -0.9626234 0.2708438 0 -0.9749285 0.2225184 0 -0.9749285 0.2225184 0 -0.9848076 0.1736495 0 -0.9848076 0.1736495 0 -0.9922395 0.1243415 0 -0.9922395 0.1243415 0 -0.9972035 0.07473353 0 -0.9972035 0.07473353 0 -0.9996892 0.02492824 0 -0.9996892 0.02492824 0 -0.9996892 -0.02493071 -0 -0.9996892 -0.02493071 0 -0.9972038 -0.07472999 0 -0.9972038 -0.07472999 -0 -0.9922392 -0.1243438 0 -0.9922392 -0.1243438 -0 -0.9848078 -0.1736481 0 -0.9848078 -0.1736481 -0 -0.9749279 -0.2225213 0 -0.9749279 -0.2225213 -0 -0.9626243 -0.2708404 0 -0.9479275 -0.3184861 0 -0.9626243 -0.2708404 -0 -0.9479275 -0.3184861 0 -0.9308735 -0.3653419 0 -0.9308735 -0.3653419 -0 -0.9115059 -0.4112871 0 -0.9115059 -0.4112871 -0 -0.8898722 -0.45621 0 -0.8898722 -0.45621 -0 -0.8660256 -0.4999996 -0 -0.8660256 -0.4999996 0 -0.8400252 -0.5425474 -0 -0.8400252 -0.5425474 0 -0.8119386 -0.5837429 -0 -0.8119386 -0.5837429 0 -0.7818313 -0.62349 -0 -0.7818313 -0.62349 0 -0.7497814 -0.6616855 0 -0.7497814 -0.6616855 -0 -0.7158669 -0.6982367 0 -0.7158669 -0.6982367 -0 -0.6801714 -0.7330531 0 -0.6801714 -0.7330531 -0 -0.6427881 -0.7660441 0 -0.6427881 -0.7660441 -0 -0.6038048 -0.7971323 0 -0.5633202 -0.8262387 0 -0.6038048 -0.7971323 -0 -0.5214361 -0.8532904 0 -0.5633202 -0.8262387 0 -0.5214361 -0.8532904 0 -0.4782524 -0.8782224 0 -0.4782524 -0.8782224 -0 -0.4338847 -0.9009683 0 -0.4338847 -0.9009683 -0 -0.3884341 -0.9214766 0 -0.3884341 -0.9214766 -0 -0.34202 -0.9396927 0 -0.34202 -0.9396927 -0 -0.2947558 -0.9555727 0 -0.2947558 -0.9555727 -0 -0.2467573 -0.9690773 0 -0.2467573 -0.9690773 -0 -0.1981476 -0.9801722 0 -0.1981476 -0.9801722 -0 -0.1490402 -0.9888311 0 -0.1490402 -0.9888311 -0 -0.09956937 -0.9950306 0 -0.09956937 -0.9950306 -0 -0.04984691 -0.9987569 0 -0.04984691 -0.9987569 -0 0 -1 0 0.04984691 -0.9987569 0 -0 -1 -0 0.04984691 -0.9987569 0 0.09956937 -0.9950306 0 0.09956937 -0.9950306 0 0.1490402 -0.9888311 0 0.1490402 -0.9888311 0 0.1981476 -0.9801722 0 0.1981476 -0.9801722 0 0.2467573 -0.9690773 0 0.2467573 -0.9690773 0 0.2947558 -0.9555727 0 0.2947558 -0.9555727 0 0.34202 -0.9396927 0 0.34202 -0.9396927 0 0.3884338 -0.9214767 0 0.3884338 -0.9214767 0 0.4338854 -0.9009681 0 0.4338854 -0.9009681 0 0.4782521 -0.8782226 0 0.4782521 -0.8782226 0 0.5214361 -0.8532904 0 0.5214361 -0.8532904 0 0.5633198 -0.8262389 0 0.5633198 -0.8262389 0 0.6038048 -0.7971323 0 0.6038048 -0.7971323 0 0.6427888 -0.7660435 0 0.6427888 -0.7660435 0 0.6801714 -0.7330531 0 0.6801714 -0.7330531 0 0.715866 -0.6982377 0 0.715866 -0.6982377 0 0.7497818 -0.661685 0 0.7497818 -0.661685 0 0.7818316 -0.6234896 0 0.7818316 -0.6234896 0 0.8119382 -0.5837433 0 0.8119382 -0.5837433 0 0.8400254 -0.542547 0 0.8400254 -0.542547 0 0.866026 -0.4999989 0 0.866026 -0.4999989 0 0.8898717 -0.4562109 0 0.8898717 -0.4562109 0 0.9115059 -0.411287 0 0.9115059 -0.411287 0 0.9308732 -0.3653426 0 0.9308732 -0.3653426 0 0.947928 -0.3184847 0 0.947928 -0.3184847 0 0.9626241 -0.2708409 0 0.9626241 -0.2708409 0 0.9749278 -0.2225214 0 0.9749278 -0.2225214 0 0.9848076 -0.1736495 0 0.9848076 -0.1736495 0 0.9922395 -0.1243415 0 0.9922395 -0.1243415 0 0.9972038 -0.07473035 0 0.9972038 -0.07473035 0 0.9996891 -0.02493142 0 0.9996891 -0.02493142 0 0.9996891 0.02493142 0 0.9996891 0.02493142 0 0.9972038 0.07473035 0 0.9972038 0.07473035 0 0.9922395 0.1243415 0 0.9922395 0.1243415 0 0.9848076 0.1736495 0 0.9848076 0.1736495 0 0.9749278 0.2225214 0 0.9749278 0.2225214 0 0.9626241 0.2708409 0 0.9626241 0.2708409 0 0.9479278 0.3184852 0 0.9479278 0.3184852 0 0.9308736 0.3653415 0 0.9308736 0.3653415 0 0.9115059 0.411287 0 0.9115059 0.411287 0 0.8898714 0.4562115 0 0.8898714 0.4562115 0 0.8660257 0.4999996 -0 0.8660257 0.4999996 0 0.8400264 0.5425456 0 0.8400264 0.5425456 0 0.8119376 0.5837441 0 0.8119376 0.5837441 0 0.7818316 0.6234896 0 0.7818316 0.6234896 0 0.7497818 0.661685 0 0.7497818 0.661685 0 0.715866 0.6982377 0 0.715866 0.6982377 0 0.6801723 0.7330523 0 0.6801723 0.7330523 0 0.6427888 0.7660435 0 0.6427888 0.7660435 0 0.6038038 0.7971331 0 0.6038038 0.7971331 0 0.5633198 0.8262389 0 0.5633198 0.8262389 0 0.521435 0.8532911 0 0.521435 0.8532911 0 0.4782546 0.8782213 0 0.4782546 0.8782213 0 0.4338841 0.9009687 0 0.4338841 0.9009687 0 0.3884338 0.9214767 0 0.3884338 0.9214767 0 0.34202 0.9396927 0 0.34202 0.9396927 0 0.2947558 0.9555727 0 0.2947558 0.9555727 0 0.2467573 0.9690773 0 0.2467573 0.9690773 0 0.1981461 0.9801725 0 0.1981461 0.9801725 0 0.1490433 0.9888307 0 0.1490433 0.9888307 0 0.09956779 0.9950308 0 0.09956779 0.9950308 0 0.04984532 0.998757 0 0.04984532 0.998757 0 -0 1 0 0 1 0 -0.04984532 0.998757 0 -0.04984532 0.998757 0 -0.09956779 0.9950308 0 -0.09956779 0.9950308 0 -0.1490433 0.9888307 0 -0.1490433 0.9888307 0 -0.1981461 0.9801725 0 -0.1981461 0.9801725 0 -0.2467573 0.9690773 0 -0.2467573 0.9690773 0 -0.2947558 0.9555727 0 -0.2947558 0.9555727 0 -0.34202 0.9396927 0 -0.34202 0.9396927 0 -0.3884341 0.9214766 0 -0.3884341 0.9214766 0 -0.4338835 0.900969 0 -0.4338835 0.900969 0 -0.4782549 0.8782211 0 -0.4782549 0.8782211 0 -0.521435 0.8532911 0 -0.521435 0.8532911 0 -0.5633202 0.8262387 0 -0.5633202 0.8262387 0 -0.6038038 0.7971331 0 -0.6038038 0.7971331 0 -0.6427881 0.7660441 0 -0.6427881 0.7660441 0 -0.6801723 0.7330523 0 -0.6801723 0.7330523 0 -0.7158669 0.6982367 0 -0.7158669 0.6982367 0 -0.7497814 0.6616855 0 -0.7497814 0.6616855 0 -0.7818313 0.62349 0 -0.7818313 0.62349 0 -0.811938 0.5837436 0 -0.811938 0.5837436 0 -0.8400261 0.5425459 0 -0.8400261 0.5425459 0 -0.8660253 0.5000003 0 -0.8660253 0.5000003 0 -0.8898719 0.4562106 0 -0.8898719 0.4562106 0 -0.9115059 0.4112871 0 -0.9115059 0.4112871 0 -0.9308739 0.3653408 0 -0.9308739 0.3653408 0 -0.9479274 0.3184866 0 -0.9479274 0.3184866 0 -0.9626243 0.2708404 0 -0.9626243 0.2708404 0 -0.9749279 0.2225213 0 -0.9749279 0.2225213 0 -0.9848078 0.1736481 0 -0.9848078 0.1736481 0 -0.9922392 0.1243438 0 -0.9922392 0.1243438 0 -0.9972038 0.07472999 0 -0.9972038 0.07472999 0 -0.9996892 0.02493071 0 -0.9996892 0.02493071 0 -0.9996892 0.02493066 0 -0.9996892 0.02493066 0 -0.9972038 0.07473026 0 -0.9972038 0.07473026 0 -0.9922392 0.1243436 0 -0.9922392 0.1243436 0 -0.9848077 0.1736484 0 -0.9848077 0.1736484 0 -0.974928 0.2225207 0 -0.9626242 0.2708406 0 -0.974928 0.2225207 0 -0.9626242 0.2708406 0 -0.9479274 0.3184865 0 -0.9479274 0.3184865 0 -0.9308737 0.3653411 0 -0.9308737 0.3653411 0 -0.9115055 0.411288 0 -0.9115055 0.411288 0 -0.8898726 0.4562091 0 -0.8898726 0.4562091 0 -0.8660249 0.5000008 0 -0.8660249 0.5000008 0 -0.8400258 0.5425464 0 -0.8400258 0.5425464 0 -0.8119378 0.5837439 0 -0.8119378 0.5837439 0 -0.7818325 0.6234886 0 -0.7818325 0.6234886 0 -0.7497805 0.6616867 0 -0.7497805 0.6616867 0 -0.7158669 0.6982368 0 -0.7158669 0.6982368 0 -0.6801729 0.7330518 0 -0.6801729 0.7330518 0 -0.6427875 0.7660446 0 -0.6038046 0.7971323 0 -0.6427875 0.7660446 0 -0.6038046 0.7971323 0 -0.56332 0.8262389 0 -0.56332 0.8262389 0 -0.5214356 0.8532907 0 -0.5214356 0.8532907 0 -0.4782539 0.8782216 0 -0.4338834 0.900969 0 -0.4782539 0.8782216 0 -0.3884347 0.9214763 0 -0.4338834 0.900969 0 -0.3420202 0.9396926 0 -0.3884347 0.9214763 0 -0.2947554 0.9555728 0 -0.3420202 0.9396926 0 -0.2947554 0.9555728 0 -0.2467574 0.9690773 0 -0.2467574 0.9690773 0 -0.1981463 0.9801724 0 -0.1490425 0.9888308 0 -0.1981463 0.9801724 0 -0.1490425 0.9888308 0 -0.09956811 0.9950308 0 -0.04984516 0.9987569 0 -0.09956811 0.9950308 0 -0.04984516 0.9987569 0 0 1 0 0.04984516 0.9987569 0 0 1 -0 0.04984516 0.9987569 0 0.09956811 0.9950308 0 0.09956811 0.9950308 -0 0.1490425 0.9888308 0 0.1981463 0.9801724 0 0.1490425 0.9888308 -0 0.2467574 0.9690773 0 0.1981463 0.9801724 0 0.2467574 0.9690773 0 0.2947558 0.9555726 -0 0.2947558 0.9555726 0 0.3420197 0.9396928 0 0.3420197 0.9396928 0 0.3884342 0.9214765 0 0.3884342 0.9214765 0 0.433884 0.9009687 -0 0.433884 0.9009687 0 0.4782539 0.8782216 -0 0.4782539 0.8782216 0 0.5214362 0.8532903 0 0.5214362 0.8532903 0 0.56332 0.8262389 0 0.56332 0.8262389 0 0.6038039 0.7971329 -0 0.6038039 0.7971329 0 0.6427882 0.766044 -0 0.6427882 0.766044 0 0.6801729 0.7330518 -0 0.6801729 0.7330518 0 0.7158663 0.6982375 0 0.7158663 0.6982375 -0 0.7497805 0.6616867 0 0.7497805 0.6616867 -0 0.7818325 0.6234886 0 0.8119378 0.5837439 0 0.7818325 0.6234886 -0 0.8119378 0.5837439 0 0.8400258 0.5425464 0 0.8660255 0.4999997 0 0.8400258 0.5425464 -0 0.889872 0.4562103 0 0.8660255 0.4999997 0 0.9115055 0.411288 0 0.889872 0.4562103 0 0.930874 0.3653404 0 0.9115055 0.411288 0 0.9479268 0.3184885 0 0.930874 0.3653404 0 0.9479268 0.3184885 0 0.9626252 0.2708372 0 0.9626252 0.2708372 -0 0.974928 0.2225207 0 0.974928 0.2225207 -0 0.9848073 0.1736512 0 0.9922389 0.1243458 0 0.9848073 0.1736512 -0 0.9972039 0.07472879 0 0.9922389 0.1243458 0 0.9972039 0.07472879 0 0.9996892 0.02492918 -0 0.9996892 0.02492918 0 0.9996892 -0.02492918 0 0.9996892 -0.02492918 0 0.9972039 -0.07472879 0 0.9972039 -0.07472879 0 0.9922389 -0.1243458 0 0.9922389 -0.1243458 0 0.9848073 -0.1736512 0 0.9848073 -0.1736512 0 0.974928 -0.2225207 0 0.974928 -0.2225207 0 0.9626252 -0.2708372 0 0.9626252 -0.2708372 0 0.9479268 -0.3184885 0 0.9479268 -0.3184885 0 0.930874 -0.3653404 0 0.930874 -0.3653404 0 0.9115055 -0.411288 0 0.9115055 -0.411288 0 0.889872 -0.4562103 0 0.889872 -0.4562103 0 0.8660255 -0.4999997 0 0.8660255 -0.4999997 0 0.8400267 -0.542545 0 0.8400267 -0.542545 0 0.8119368 -0.5837453 0 0.8119368 -0.5837453 0 0.7818325 -0.6234886 0 0.7818325 -0.6234886 0 0.7497818 -0.6616852 0 0.7497818 -0.6616852 0 0.7158663 -0.6982375 0 0.7158663 -0.6982375 0 0.6801705 -0.733054 0 0.6801705 -0.733054 0 0.6427908 -0.7660418 0 0.6427908 -0.7660418 0 0.603803 -0.7971336 0 0.603803 -0.7971336 0 0.56332 -0.8262389 0 0.56332 -0.8262389 0 0.5214362 -0.8532903 0 0.4782517 -0.8782229 0 0.5214362 -0.8532903 0 0.4782517 -0.8782229 0 0.433884 -0.9009687 0 0.433884 -0.9009687 0 0.3884379 -0.9214749 0 0.3420171 -0.9396937 0 0.3884379 -0.9214749 0 0.3420171 -0.9396937 0 0.2947545 -0.955573 0 0.2947545 -0.955573 0 0.2467616 -0.9690762 0 0.2467616 -0.9690762 0 0.1981449 -0.9801728 0 0.1981449 -0.9801728 0 0.1490396 -0.9888312 0 0.1490396 -0.9888312 0 0.09956956 -0.9950306 0 0.09956956 -0.9950306 0 0.04984662 -0.9987568 0 0.04984662 -0.9987568 0 0 -1 0 0 -1 0 -0.04984662 -0.9987568 0 -0.04984662 -0.9987568 0 -0.09956956 -0.9950306 -0 -0.09956956 -0.9950306 0 -0.1490396 -0.9888312 -0 -0.1490396 -0.9888312 0 -0.1981449 -0.9801728 -0 -0.1981449 -0.9801728 0 -0.2467616 -0.9690762 0 -0.2947541 -0.9555732 -0 -0.2467616 -0.9690762 0 -0.2947541 -0.9555732 0 -0.3420176 -0.9396935 0 -0.3420176 -0.9396935 0 -0.3884385 -0.9214747 0 -0.3884385 -0.9214747 0 -0.4338834 -0.900969 0 -0.4782517 -0.8782229 -0 -0.4338834 -0.900969 0 -0.4782517 -0.8782229 0 -0.5214356 -0.8532907 0 -0.56332 -0.8262389 -0 -0.5214356 -0.8532907 0 -0.56332 -0.8262389 0 -0.6038037 -0.797133 0 -0.6038037 -0.797133 0 -0.6427901 -0.7660424 0 -0.6801705 -0.733054 -0 -0.6427901 -0.7660424 0 -0.6801705 -0.733054 0 -0.7158669 -0.6982368 0 -0.7497818 -0.6616852 -0 -0.7158669 -0.6982368 0 -0.7497818 -0.6616852 0 -0.7818325 -0.6234886 0 -0.7818325 -0.6234886 0 -0.8119368 -0.5837453 0 -0.8119368 -0.5837453 0 -0.8400267 -0.542545 -0 -0.8400267 -0.542545 0 -0.8660249 -0.5000008 0 -0.8660249 -0.5000008 0 -0.8898726 -0.4562091 -0 -0.8898726 -0.4562091 0 -0.9115055 -0.411288 0 -0.9115055 -0.411288 0 -0.9308737 -0.3653411 0 -0.9308737 -0.3653411 0 -0.9479274 -0.3184865 0 -0.9479274 -0.3184865 0 -0.9626242 -0.2708406 0 -0.974928 -0.2225207 -0 -0.9626242 -0.2708406 0 -0.974928 -0.2225207 0 -0.9848077 -0.1736484 0 -0.9922392 -0.1243436 -0 -0.9848077 -0.1736484 0 -0.9922392 -0.1243436 0 -0.9972038 -0.07473026 0 -0.9972038 -0.07473026 0 -0.9996892 -0.02493066 0 -0.9996892 -0.02493066 0 0 0 -1 0 0 -1 0 0 -1 0 -0 -1 0 0 -1 0 0 -1 0 -0 -1 0 0 -1 0 0 -1 0 0 -1 0 0 -1 0 0 -1 0 -0 -1 0 0 -1 0 0 -1 0 -0 -1 0 0 -1 0 0 -1 0 0 -1 0 0 -1 0 0 -1 0 -0 -1 0 0 -1 0 -0 -1 0 0 -1 0 0 -1 0 0 -1 0 -0 -1 0 0 -1 0 0 -1 0 -0 -1 0 0 -1 0 0 -1 0 0 -1 0 0 -1 0 0 -1 0 -0 -1 0 0 -1 0 0 -1 0 0 -1 0 0 -1 0 0 -1 0 0 -1 0 0 -1 0 -0 -1 0 0 -1 0 0 -1 0 0 -1 0 0 -1 0 0 -1 0 0 -1 0 0 -1 0 0 -1 0 0 -1 0 0 -1 0 0 -1 0 -0 -1 0 0 -1 0 0 -1 0 -0 -1 0 0 -1 0 0 -1 0 0 -1 0 -0 -1 0 -0 -1 0 0 -1 0 0 -1 0 0 -1 0 -0 -1 0 0 -1 0 0 -1 0 0 -1 0 0 -1 0 -0 -1 0 0 -1 0 0 -1 0 0 -1 0 -0 -1 0 -0 -1 0 0 -1 0 0 -1 0 0 -1 0 0 -1 0 0 -1 0 0 -1 0 -0 -1 0 0 -1 0 0 -1 0 0 -1 0 -0 -1 0 -0 -1 0 0 -1 0 0 -1 0 0 -1 0 0 -1 0 0 -1 0 0 -1 0 -0 -1 0 0 -1 0 0 -1 0 0 -1 0 0 -1 0 -0 -1 0 0 -1 0 0 -1 0 0 -1 0 0 -1 0 0 -1 0 0 -1 0 -0 -1 0 0 -1 0 0 -1 0 0 -1 0 0 -1 0 0 -1 0 0 -1 0 0 -1 0 0 -1 0 0 -1 0 0 -1 0 -0 -1 0 0 -1 0 0 -1 0 0 -1 0 0 -1 0 0 -1 0 0 -1 0 0 -1 0 0 -1 0 0 -1 0 0 -1 0 -0 -1 0 0 -1 0 0 -1 0 0 -1 0 -0 -1 0 0 -1 0 0 -1 0 0 -1 0 0 -1 0 -0 -1 0 0 -1 0 0 -1 0 0 -1 0 0 -1 0 0 -1 0 -0 -1 0 0 -1 0 0 -1 0 0 -1 0 -0 -1 0 -0 -1 0 0 -1 0 0 -1 0 0 -1 0 -0 -1 0 0 -1 0 0 -1 0 0 -1 0 0 -1 0 0 -1 0 0 -1 0 -0 -1 0 0 -1 0 0 -1 0 0 -1 0 -0 -1 0 0 -1 0 0 -1 0 0 -1 0 0 -1 0 -0 -1 0 0 -1 0 0 -1 0 0 -1 0 -0 -1 0 0 -1 0 0 -1 0 0 -1 0 -0 -1 0 -0 -1 0 0 -1 0 0 -1 0 0 -1 0 0 -1 0 0 -1 0 0 -1 0 -0 -1 0 0 -1 0 0 -1 0 0 -1 0 0 -1 0 0 -1 0 0 -1 0 -0 -1 0 0 -1 0 0 -1 0 0 -1 0 0 -1 0 0 -1 0 0 -1 0 0 -1 0 0 -1 0 -0 -1 0 0 -1 0 0 -1 0 0 -1 0 0 -1 0 0 -1 0 0 -1 0 0 -1 0 -0 -1 0 0 -1 0 0 -1 0 0 -1 0 0 -1 0 -0 -1 0 0 -1 0 0 -1 0 0 -1 0 0 -1 0 -0 -1 0 0 -1 0 0 -1 0 0 -1 0 0 -1 0 -0 -1 0 0 -1 0 0 -1 0 -0 -1 0 0 -1 0 0 -1 0 0 -1 0 -0 -1 0 0 -1 0 0 -1 0 -0 -1 0 0 -1 0 0 -1 0 0 -1 0 0 -1 0 0 -1 0 -0 -1 0 0 -1 0 0 -1 0 -0 -1 0 0 -1 0 0 -1 0 -0 -1 0 0 -1 0 0 -1 0 0 -1 0 0 1 0 0 1 0 0 1 0 0 1 0 0 1 0 0 1 0 0 1 0 0 1 0 0 1 0 0 1 0 0 1 0 0 1 0 0 1 0 0 1 0 0 1 0 0 1 0 0 1 0 0 1 0 0 1 0 0 1 0 0 1 0 0 1 0 0 1 0 0 1 0 0 1 0 0 1 0 0 1 0 0 1 0 0 1 0 0 1 0 0 1 0 0 1 0 0 1 0 0 1 0 0 1 0 0 1 0 0 1 0 0 1 0 0 1 0 0 1 0 0 1 0 0 1 0 0 1 0 0 1 0 0 1 0 0 1 0 0 1 0 0 1 0 0 1 0 0 1 0 0 1 0 0 1 0 0 1 0 0 1 0 0 1 0 0 1 0 0 1 0 0 1 0 0 1 0 0 1 0 0 1 0 0 1 0 0 1 0 0 1 0 0 1 0 0 1 0 0 1 0 0 1 0 0 1 0 0 1 0 0 1 0 0 1 0 0 1 0 0 1 0 0 1 0 0 1 0 0 1 0 0 1 0 0 1 0 0 1 0 0 1 0 0 1 0 0 1 0 0 1 0 0 1 0 0 1 0 0 1 0 0 1 0 0 1 0 0 1 0 0 1 0 0 1 0 0 1 0 0 1 0 0 1 0 0 1 0 0 1 0 0 1 0 0 1 0 0 1 0 0 1 0 0 1 0 0 1 0 0 1 0 0 1 0 0 1 0 0 1 0 0 1 0 0 1 0 0 1 0 0 1 0 0 1 0 0 1 0 0 1 0 0 1 0 0 1 0 0 1 0 0 1 0 0 1 0 0 1 0 0 1 0 0 1 0 0 1 0 0 1 0 0 1 0 0 1 0 0 1 0 0 1 0 0 1 0 0 1 0 0 1 0 0 1 0 0 1 0 0 1 0 0 1 0 0 1 0 0 1 0 0 1 0 0 1 0 0 1 0 0 1 0 0 1 0 0 1 0 0 1 0 0 1 0 0 1 0 0 1 0 0 1 0 0 1 0 0 1 0 0 1 0 0 1 0 0 1 0 0 1 0 0 1 0 0 1 0 0 1 0 0 1 0 0 1 0 0 1 0 0 1 0 0 1 0 0 1 0 0 1 0 0 1 0 0 1 0 0 1 0 0 1 0 0 1 0 0 1 0 0 1 0 0 1 0 0 1 0 0 1 0 0 1 0 0 1 0 0 1 0 0 1 0 0 1 0 0 1 0 0 1 0 0 1 0 0 1 0 0 1 0 0 1 0 0 1 0 0 1 0 0 1 0 0 1 0 0 1 0 0 1 0 0 1 0 0 1 0 0 1 0 0 1 0 0 1 0 0 1 0 0 1 0 0 1 0 0 1 0 0 1 0 0 1 0 0 1 0 0 1 0 0 1 0 0 1 0 0 1 0 0 1 0 0 1 0 0 1 0 0 1 0 0 1 0 0 1 0 0 1 0 0 1 0 0 1 0 0 1 0 0 1 0 0 1 0 0 1 0 0 1 0 0 1 0 0 1 0 0 1 0 0 1 0 0 1 0 0 1 0 0 1 0 0 1 0 0 1 0 0 1 0 0 1 0 0 1 0 0 1 0 0 1 0 0 1 0 0 1 0 0 1 0 0 1 0 0 1 0 0 1 0 0 1 0 0 1 0 0 1 0 0 1 0 0 1 0 0 1 0 0 1 0 0 1 0 0 1 0 0 1 0 0 1 -0.9996892 0.02493066 0 -0.9996892 0.02493066 0 -0.9972038 0.07473026 0 -0.9972038 0.07473026 0 -0.9922392 0.1243436 0 -0.9922392 0.1243436 0 -0.9848077 0.1736484 0 -0.9848077 0.1736484 0 -0.974928 0.2225207 0 -0.9626242 0.2708406 0 -0.974928 0.2225207 0 -0.9626242 0.2708406 0 -0.9479274 0.3184865 0 -0.9479274 0.3184865 0 -0.9308737 0.3653411 0 -0.9308737 0.3653411 0 -0.9115055 0.411288 0 -0.9115055 0.411288 0 -0.8898726 0.4562091 0 -0.8898726 0.4562091 0 -0.8660249 0.5000008 0 -0.8660249 0.5000008 0 -0.8400258 0.5425464 0 -0.8400258 0.5425464 0 -0.8119378 0.5837439 0 -0.8119378 0.5837439 0 -0.7818325 0.6234886 0 -0.7818325 0.6234886 0 -0.7497805 0.6616867 0 -0.7497805 0.6616867 0 -0.7158669 0.6982368 0 -0.7158669 0.6982368 0 -0.6801729 0.7330518 0 -0.6801729 0.7330518 0 -0.6427875 0.7660446 0 -0.6038046 0.7971323 0 -0.6427875 0.7660446 0 -0.6038046 0.7971323 0 -0.56332 0.8262389 0 -0.56332 0.8262389 0 -0.5214356 0.8532907 0 -0.5214356 0.8532907 0 -0.4782539 0.8782216 0 -0.4338834 0.900969 0 -0.4782539 0.8782216 0 -0.3884347 0.9214763 0 -0.4338834 0.900969 0 -0.3420202 0.9396926 0 -0.3884347 0.9214763 0 -0.2947554 0.9555728 0 -0.3420202 0.9396926 0 -0.2947554 0.9555728 0 -0.2467574 0.9690773 0 -0.2467574 0.9690773 0 -0.1981463 0.9801724 0 -0.1490425 0.9888308 0 -0.1981463 0.9801724 0 -0.1490425 0.9888308 0 -0.09956811 0.9950308 0 -0.04984516 0.9987569 0 -0.09956811 0.9950308 0 -0.04984516 0.9987569 0 0 1 0 0.04984516 0.9987569 0 0 1 -0 0.04984516 0.9987569 0 0.09956811 0.9950308 0 0.09956811 0.9950308 -0 0.1490425 0.9888308 0 0.1981463 0.9801724 0 0.1490425 0.9888308 -0 0.2467574 0.9690773 0 0.1981463 0.9801724 0 0.2467574 0.9690773 0 0.2947558 0.9555726 -0 0.2947558 0.9555726 0 0.3420197 0.9396928 0 0.3420197 0.9396928 0 0.3884342 0.9214765 0 0.3884342 0.9214765 0 0.433884 0.9009687 -0 0.433884 0.9009687 0 0.4782539 0.8782216 -0 0.4782539 0.8782216 0 0.5214362 0.8532903 0 0.5214362 0.8532903 0 0.56332 0.8262389 0 0.56332 0.8262389 0 0.6038039 0.7971329 -0 0.6038039 0.7971329 0 0.6427882 0.766044 -0 0.6427882 0.766044 0 0.6801729 0.7330518 -0 0.6801729 0.7330518 0 0.7158663 0.6982375 0 0.7158663 0.6982375 -0 0.7497805 0.6616867 0 0.7497805 0.6616867 -0 0.7818325 0.6234886 0 0.8119378 0.5837439 0 0.7818325 0.6234886 -0 0.8119378 0.5837439 0 0.8400258 0.5425464 0 0.8660255 0.4999997 0 0.8400258 0.5425464 -0 0.889872 0.4562103 0 0.8660255 0.4999997 0 0.9115055 0.411288 0 0.889872 0.4562103 0 0.930874 0.3653404 0 0.9115055 0.411288 0 0.9479268 0.3184885 0 0.930874 0.3653404 0 0.9479268 0.3184885 0 0.9626252 0.2708372 0 0.9626252 0.2708372 -0 0.974928 0.2225207 0 0.974928 0.2225207 -0 0.9848073 0.1736512 0 0.9922389 0.1243458 0 0.9848073 0.1736512 -0 0.9972039 0.07472879 0 0.9922389 0.1243458 0 0.9972039 0.07472879 0 0.9996892 0.02492918 -0 0.9996892 0.02492918 0 0.9996892 -0.02492918 0 0.9996892 -0.02492918 0 0.9972039 -0.07472879 0 0.9972039 -0.07472879 0 0.9922389 -0.1243458 0 0.9922389 -0.1243458 0 0.9848073 -0.1736512 0 0.9848073 -0.1736512 0 0.974928 -0.2225207 0 0.974928 -0.2225207 0 0.9626252 -0.2708372 0 0.9626252 -0.2708372 0 0.9479268 -0.3184885 0 0.9479268 -0.3184885 0 0.930874 -0.3653404 0 0.930874 -0.3653404 0 0.9115055 -0.411288 0 0.9115055 -0.411288 0 0.889872 -0.4562103 0 0.889872 -0.4562103 0 0.8660255 -0.4999997 0 0.8660255 -0.4999997 0 0.8400267 -0.542545 0 0.8400267 -0.542545 0 0.8119368 -0.5837453 0 0.8119368 -0.5837453 0 0.7818325 -0.6234886 0 0.7818325 -0.6234886 0 0.7497818 -0.6616852 0 0.7497818 -0.6616852 0 0.7158663 -0.6982375 0 0.7158663 -0.6982375 0 0.6801705 -0.733054 0 0.6801705 -0.733054 0 0.6427908 -0.7660418 0 0.6427908 -0.7660418 0 0.603803 -0.7971336 0 0.603803 -0.7971336 0 0.56332 -0.8262389 0 0.56332 -0.8262389 0 0.5214362 -0.8532903 0 0.4782517 -0.8782229 0 0.5214362 -0.8532903 0 0.4782517 -0.8782229 0 0.433884 -0.9009687 0 0.433884 -0.9009687 0 0.3884379 -0.9214749 0 0.3420171 -0.9396937 0 0.3884379 -0.9214749 0 0.3420171 -0.9396937 0 0.2947545 -0.955573 0 0.2947545 -0.955573 0 0.2467616 -0.9690762 0 0.2467616 -0.9690762 0 0.1981449 -0.9801728 0 0.1981449 -0.9801728 0 0.1490396 -0.9888312 0 0.1490396 -0.9888312 0 0.09956956 -0.9950306 0 0.09956956 -0.9950306 0 0.04984662 -0.9987568 0 0.04984662 -0.9987568 0 0 -1 0 0 -1 0 -0.04984662 -0.9987568 0 -0.04984662 -0.9987568 0 -0.09956956 -0.9950306 -0 -0.09956956 -0.9950306 0 -0.1490396 -0.9888312 -0 -0.1490396 -0.9888312 0 -0.1981449 -0.9801728 -0 -0.1981449 -0.9801728 0 -0.2467616 -0.9690762 0 -0.2947541 -0.9555732 -0 -0.2467616 -0.9690762 0 -0.2947541 -0.9555732 0 -0.3420176 -0.9396935 0 -0.3420176 -0.9396935 0 -0.3884385 -0.9214747 0 -0.3884385 -0.9214747 0 -0.4338834 -0.900969 0 -0.4782517 -0.8782229 -0 -0.4338834 -0.900969 0 -0.4782517 -0.8782229 0 -0.5214356 -0.8532907 0 -0.56332 -0.8262389 -0 -0.5214356 -0.8532907 0 -0.56332 -0.8262389 0 -0.6038037 -0.797133 0 -0.6038037 -0.797133 0 -0.6427901 -0.7660424 0 -0.6801705 -0.733054 -0 -0.6427901 -0.7660424 0 -0.6801705 -0.733054 0 -0.7158669 -0.6982368 0 -0.7497818 -0.6616852 -0 -0.7158669 -0.6982368 0 -0.7497818 -0.6616852 0 -0.7818325 -0.6234886 0 -0.7818325 -0.6234886 0 -0.8119368 -0.5837453 0 -0.8119368 -0.5837453 0 -0.8400267 -0.542545 -0 -0.8400267 -0.542545 0 -0.8660249 -0.5000008 0 -0.8660249 -0.5000008 0 -0.8898726 -0.4562091 -0 -0.8898726 -0.4562091 0 -0.9115055 -0.411288 0 -0.9115055 -0.411288 0 -0.9308737 -0.3653411 0 -0.9308737 -0.3653411 0 -0.9479274 -0.3184865 0 -0.9479274 -0.3184865 0 -0.9626242 -0.2708406 0 -0.974928 -0.2225207 -0 -0.9626242 -0.2708406 0 -0.974928 -0.2225207 0 -0.9848077 -0.1736484 0 -0.9922392 -0.1243436 -0 -0.9848077 -0.1736484 0 -0.9922392 -0.1243436 0 -0.9972038 -0.07473026 0 -0.9972038 -0.07473026 0 -0.9996892 -0.02493066 0 -0.9996892 -0.02493066 0 -0.9996892 0.02493103 0 -0.9996892 0.02493103 0 -0.9972038 0.07472958 0 -0.9922392 0.1243442 0 -0.9972038 0.07472958 0 -0.9922392 0.1243442 0 -0.9848077 0.1736485 0 -0.9749282 0.2225199 0 -0.9848077 0.1736485 0 -0.9749282 0.2225199 0 -0.9626241 0.2708409 0 -0.9626241 0.2708409 0 -0.9479274 0.3184866 0 -0.9308739 0.3653406 0 -0.9479274 0.3184866 0 -0.9308739 0.3653406 0 -0.9115055 0.4112877 0 -0.9115055 0.4112877 0 -0.8898718 0.4562106 0 -0.8898718 0.4562106 0 -0.866026 0.4999989 0 -0.866026 0.4999989 0 -0.8400252 0.5425473 0 -0.8400252 0.5425473 0 -0.8119379 0.5837439 0 -0.8119379 0.5837439 0 -0.7818319 0.6234893 0 -0.7818319 0.6234893 0 -0.7497818 0.6616852 0 -0.7158667 0.6982371 0 -0.7497818 0.6616852 0 -0.7158667 0.6982371 0 -0.6801727 0.7330518 0 -0.6801727 0.7330518 0 -0.6427871 0.766045 0 -0.6038039 0.797133 0 -0.6427871 0.766045 0 -0.6038039 0.797133 0 -0.5633205 0.8262385 0 -0.5633205 0.8262385 0 -0.5214356 0.8532907 0 -0.5214356 0.8532907 0 -0.4782543 0.8782214 0 -0.4782543 0.8782214 0 -0.4338828 0.9009693 0 -0.4338828 0.9009693 0 -0.3884357 0.9214759 0 -0.3884357 0.9214759 0 -0.3420184 0.9396932 0 -0.3420184 0.9396932 0 -0.2947567 0.9555724 0 -0.2947567 0.9555724 0 -0.2467566 0.9690775 0 -0.2467566 0.9690775 0 -0.1981458 0.9801726 0 -0.1490438 0.9888306 0 -0.1981458 0.9801726 0 -0.1490438 0.9888306 0 -0.09956761 0.9950308 0 -0.09956761 0.9950308 0 -0.04984538 0.9987569 0 -0.04984538 0.9987569 0 0 1 0 0 1 -0 0.04984538 0.9987569 0 0.04984538 0.9987569 -0 0.09956761 0.9950308 0 0.09956761 0.9950308 -0 0.1490438 0.9888306 0 0.1490438 0.9888306 -0 0.1981458 0.9801726 0 0.1981458 0.9801726 -0 0.2467566 0.9690775 0 0.2947567 0.9555724 0 0.2467566 0.9690775 -0 0.2947567 0.9555724 0 0.3420184 0.9396932 0 0.3420184 0.9396932 0 0.3884362 0.9214756 -0 0.3884362 0.9214756 0 0.4338828 0.9009693 -0 0.4338828 0.9009693 0 0.4782536 0.8782218 -0 0.4782536 0.8782218 0 0.5214348 0.8532912 -0 0.5214348 0.8532912 0 0.5633205 0.8262385 -0 0.5633205 0.8262385 0 0.6038039 0.797133 -0 0.6038039 0.797133 0 0.6427887 0.7660435 -0 0.6427887 0.7660435 0 0.6801711 0.7330534 0 0.6801711 0.7330534 0 0.7158684 0.6982353 0 0.7158684 0.6982353 -0 0.749781 0.6616861 0 0.749781 0.6616861 -0 0.781831 0.6234903 0 0.8119395 0.5837417 0 0.781831 0.6234903 -0 0.8119395 0.5837417 0 0.8400244 0.5425485 0 0.866026 0.4999989 0 0.8400244 0.5425485 -0 0.866026 0.4999989 0 0.8898724 0.4562092 0 0.9115043 0.4112904 0 0.8898724 0.4562092 -0 0.9115043 0.4112904 0 0.9308745 0.3653392 0 0.9308745 0.3653392 -0 0.9479269 0.3184881 0 0.962625 0.2708379 0 0.9479269 0.3184881 -0 0.962625 0.2708379 0 0.9749274 0.222523 0 0.9749274 0.222523 -0 0.9848077 0.1736485 0 0.9848077 0.1736485 -0 0.9922394 0.1243426 0 0.9922394 0.1243426 -0 0.9972038 0.07472958 -0 0.9972038 0.07472958 0 0.9996892 0.02493103 0 0.9996892 0.02493103 0 0.9996892 -0.02493103 0 0.9996892 -0.02493103 0 0.9972038 -0.07472958 0 0.9972038 -0.07472958 0 0.9922394 -0.1243426 0 0.9922394 -0.1243426 0 0.9848077 -0.1736485 0 0.9848077 -0.1736485 0 0.9749274 -0.222523 0 0.9749274 -0.222523 0 0.962625 -0.2708379 0 0.962625 -0.2708379 0 0.9479269 -0.3184881 0 0.9479269 -0.3184881 0 0.9308745 -0.3653392 0 0.9308745 -0.3653392 0 0.9115043 -0.4112904 0 0.9115043 -0.4112904 0 0.8898724 -0.4562092 0 0.8898724 -0.4562092 0 0.866026 -0.4999989 0 0.866026 -0.4999989 0 0.8400244 -0.5425485 0 0.8400244 -0.5425485 0 0.8119395 -0.5837417 0 0.8119395 -0.5837417 0 0.7818323 -0.6234887 0 0.7818323 -0.6234887 0 0.7497795 -0.6616878 0 0.7497795 -0.6616878 0 0.7158667 -0.6982369 0 0.7158667 -0.6982369 0 0.6801711 -0.7330534 0 0.6801711 -0.7330534 0 0.6427906 -0.7660419 0 0.6427906 -0.7660419 0 0.6038049 -0.7971321 0 0.6038049 -0.7971321 0 0.5633183 -0.82624 0 0.5633183 -0.82624 0 0.5214372 -0.8532897 0 0.5214372 -0.8532897 0 0.4782498 -0.8782238 0 0.4782498 -0.8782238 0 0.4338882 -0.9009667 0 0.4338882 -0.9009667 0 0.388432 -0.9214774 0 0.388432 -0.9214774 0 0.3420213 -0.9396922 0 0.3420213 -0.9396922 0 0.2947552 -0.9555727 0 0.2947552 -0.9555727 0 0.246755 -0.9690779 0 0.246755 -0.9690779 0 0.1981505 -0.9801716 0 0.1981505 -0.9801716 0 0.1490405 -0.9888311 0 0.1490405 -0.9888311 0 0.09956431 -0.9950311 0 0.09956431 -0.9950311 0 0.04984869 -0.9987567 0 0.04984869 -0.9987567 0 0 -1 0 0 -1 0 -0.04984869 -0.9987567 0 -0.04984869 -0.9987567 0 -0.09956431 -0.9950311 0 -0.09956431 -0.9950311 0 -0.1490405 -0.9888311 0 -0.1490405 -0.9888311 0 -0.1981505 -0.9801716 0 -0.1981505 -0.9801716 0 -0.246755 -0.9690779 0 -0.246755 -0.9690779 0 -0.2947552 -0.9555727 0 -0.2947552 -0.9555727 0 -0.3420213 -0.9396922 0 -0.3420213 -0.9396922 0 -0.3884314 -0.9214776 0 -0.3884314 -0.9214776 0 -0.4338882 -0.9009667 0 -0.4782505 -0.8782234 -0 -0.4338882 -0.9009667 0 -0.4782505 -0.8782234 0 -0.5214379 -0.8532892 0 -0.5214379 -0.8532892 0 -0.5633183 -0.82624 0 -0.5633183 -0.82624 0 -0.6038049 -0.7971321 0 -0.6038049 -0.7971321 0 -0.642789 -0.7660433 0 -0.642789 -0.7660433 0 -0.6801727 -0.7330518 0 -0.6801727 -0.7330518 0 -0.715865 -0.6982387 0 -0.715865 -0.6982387 0 -0.7497804 -0.6616868 0 -0.7497804 -0.6616868 0 -0.7818332 -0.6234877 0 -0.7818332 -0.6234877 0 -0.8119379 -0.5837439 0 -0.8119379 -0.5837439 0 -0.8400252 -0.5425473 0 -0.8400252 -0.5425473 0 -0.866026 -0.4999989 0 -0.866026 -0.4999989 0 -0.8898718 -0.4562106 0 -0.8898718 -0.4562106 0 -0.9115055 -0.4112877 0 -0.9115055 -0.4112877 0 -0.9308739 -0.3653406 0 -0.9479274 -0.3184866 -0 -0.9308739 -0.3653406 0 -0.9479274 -0.3184866 0 -0.9626241 -0.2708409 0 -0.9626241 -0.2708409 0 -0.9749282 -0.2225199 0 -0.9749282 -0.2225199 0 -0.9848077 -0.1736485 0 -0.9848077 -0.1736485 0 -0.9922392 -0.1243442 0 -0.9922392 -0.1243442 0 -0.9972038 -0.07472958 0 -0.9996892 -0.02493103 -0 -0.9972038 -0.07472958 0 -0.9996892 -0.02493103 0 0 0 -1 0 0 -1 0 0 -1 0 0 -1 0 -0 -1 0 0 -1 0 0 -1 0 -0 -1 0 0 -1 0 0 -1 0 0 -1 0 0 -1 0 0 -1 0 -0 -1 0 0 -1 0 -0 -1 0 0 -1 0 0 -1 0 -0 -1 0 0 -1 0 0 -1 0 0 -1 0 -0 -1 0 0 -1 0 0 -1 0 0 -1 0 0 -1 0 -0 -1 0 0 -1 0 0 -1 0 0 -1 0 -0 -1 0 0 -1 0 0 -1 0 -0 -1 0 0 -1 0 0 -1 0 0 -1 0 0 -1 0 0 -1 0 0 -1 0 0 -1 0 0 -1 0 0 -1 0 0 -1 0 0 -1 0 0 -1 0 0 -1 0 -0 -1 0 0 -1 0 0 -1 0 0 -1 0 0 -1 0 0 -1 0 0 -1 0 0 -1 0 0 -1 0 0 -1 0 0 -1 0 0 -1 0 0 -1 0 0 -1 0 0 -1 0 -0 -1 0 -0 -1 0 0 -1 0 0 -1 0 0 -1 0 -0 -1 0 0 -1 0 0 -1 0 0 -1 0 -0 -1 0 0 -1 0 0 -1 0 0 -1 0 0 -1 0 -0 -1 0 -0 -1 0 0 -1 0 0 -1 0 0 -1 0 0 -1 0 0 -1 0 0 -1 0 -0 -1 0 -0 -1 0 0 -1 0 0 -1 0 0 -1 0 0 -1 0 0 -1 0 0 -1 0 -0 -1 0 0 -1 0 0 -1 0 0 -1 0 -0 -1 0 0 -1 0 0 -1 0 0 -1 0 -0 -1 0 0 -1 0 0 -1 0 0 -1 0 0 -1 0 0 -1 0 0 -1 0 0 -1 0 -0 -1 0 0 -1 0 0 -1 0 -0 -1 0 0 -1 0 0 -1 0 0 -1 0 0 -1 0 -0 -1 0 0 -1 0 0 -1 0 -0 -1 0 0 -1 0 0 -1 0 0 -1 0 0 -1 0 0 -1 0 -0 -1 0 0 -1 0 0 -1 0 0 -1 0 -0 -1 0 0 -1 0 0 -1 0 0 -1 0 0 -1 0 -0 -1 0 0 -1 0 0 -1 0 0 -1 0 0 -1 0 0 -1 0 0 -1 0 0 -1 0 -0 -1 0 0 -1 0 0 -1 0 -0 -1 0 0 -1 0 0 -1 0 0 -1 0 0 -1 0 -0 -1 0 0 -1 0 0 -1 0 -0 -1 0 0 -1 0 0 -1 0 0 -1 0 -0 -1 0 0 -1 0 0 -1 0 0 -1 0 -0 -1 0 -0 -1 0 0 -1 0 0 -1 0 0 -1 0 0 -1 0 0 -1 0 0 -1 0 -0 -1 0 0 -1 0 0 -1 0 0 -1 0 -0 -1 0 0 -1 0 0 -1 0 0 -1 0 -0 -1 0 -0 -1 0 0 -1 0 0 -1 0 0 -1 0 0 -1 0 0 -1 0 0 -1 0 -0 -1 0 0 -1 0 0 -1 0 0 -1 0 0 -1 0 0 -1 0 0 -1 0 0 -1 0 0 -1 0 0 -1 0 0 -1 0 0 -1 0 0 -1 0 0 -1 0 0 -1 0 0 -1 0 -0 -1 0 0 -1 0 0 -1 0 0 -1 0 0 -1 0 0 -1 0 0 -1 0 0 -1 0 0 -1 0 -0 -1 0 0 -1 0 0 -1 0 0 -1 0 0 -1 0 0 -1 0 -0 -1 0 0 -1 0 0 -1 0 0 -1 0 -0 -1 0 0 -1 0 0 -1 0 0 -1 0 -0 -1 0 0 -1 0 0 -1 0 0 -1 0 0 -1 0 -0 -1 0 0 -1 0 -0 -1 0 0 -1 0 0 -1 0 0 -1 0 0 -1 0 -0 -1 0 0 -1 0 0 -1 0 0 -1 0 -0 -1 0 0 -1 0 0 -1 0 0 -1 0 -0 -1 0 0 -1 0 0 -1 0 0 -1 0 0 -1 0 0 -1 0 -0 -1</float_array>
          <technique_common>
            <accessor count="4590" source="#cubenormals-array0-array" stride="3">
              <param type="float" name="X"/>
              <param type="float" name="Y"/>
              <param type="float" name="Z"/>
            </accessor>
          </technique_common>
        </source>
        <vertices id="cubeverts-array0-vertices">
          <input semantic="POSITION" source="#cubeverts-array0"/>
        </vertices>
        <triangles count="4590" material="ref_Body005">
          <input offset="0" semantic="VERTEX" source="#cubeverts-array0-vertices"/>
          <input offset="1" semantic="NORMAL" source="#cubenormals-array0"/>
          <p>0 0 1 0 2 0 3 1 2 1 1 1 4 2 1 2 0 2 5 3 3 3 1 3 6 4 7 4 8 4 8 5 7 5 9 5 9 6 7 6 10 6 10 7 7 7 11 7 11 8 7 8 12 8 12 9 7 9 13 9 13 10 7 10 14 10 6 11 15 11 7 11 15 12 16 12 7 12 16 13 17 13 7 13 17 14 18 14 7 14 18 15 19 15 7 15 19 16 20 16 7 16 20 17 21 17 7 17 21 18 22 18 7 18 23 19 22 19 24 19 24 20 22 20 21 20 7 21 22 21 25 21 23 22 26 22 22 22 26 23 27 23 22 23 27 24 28 24 22 24 28 25 29 25 22 25 29 26 30 26 22 26 30 27 31 27 22 27 31 28 32 28 22 28 32 29 33 29 22 29 34 30 35 30 36 30 36 31 35 31 37 31 33 32 35 32 22 32 37 33 35 33 38 33 38 34 35 34 39 34 39 35 35 35 33 35 34 36 40 36 35 36 40 37 41 37 35 37 41 38 42 38 35 38 42 39 43 39 35 39 43 40 44 40 35 40 44 41 45 41 35 41 45 42 46 42 35 42 35 43 3 43 5 43 47 44 35 44 48 44 48 45 35 45 49 45 49 46 35 46 50 46 50 47 35 47 51 47 51 48 35 48 52 48 52 49 35 49 53 49 53 50 35 50 54 50 54 51 35 51 55 51 55 52 35 52 56 52 56 53 35 53 46 53 7 54 57 54 58 54 7 55 58 55 59 55 7 56 59 56 60 56 7 57 60 57 14 57 5 58 22 58 35 58 61 59 62 59 63 59 63 60 64 60 61 60 61 61 65 61 62 61 64 62 66 62 61 62 61 63 67 63 65 63 66 64 68 64 61 64 61 65 69 65 67 65 68 66 70 66 61 66 61 67 71 67 69 67 70 68 72 68 61 68 61 69 73 69 71 69 72 70 74 70 61 70 61 71 75 71 73 71 74 72 76 72 61 72 61 73 77 73 75 73 76 74 78 74 61 74 61 75 79 75 77 75 78 76 80 76 61 76 61 77 81 77 79 77 80 78 82 78 61 78 61 79 83 79 81 79 82 80 84 80 61 80 61 81 85 81 83 81 84 82 86 82 61 82 61 83 87 83 85 83 86 84 88 84 61 84 61 85 89 85 87 85 88 86 90 86 61 86 61 87 91 87 89 87 90 88 92 88 61 88 61 89 93 89 91 89 61 90 94 90 93 90 61 91 95 91 94 91 61 92 96 92 95 92 61 93 97 93 96 93 22 94 98 94 61 94 61 95 98 95 97 95 22 96 99 96 98 96 22 97 100 97 99 97 22 98 101 98 100 98 22 99 102 99 101 99 22 100 103 100 102 100 22 101 104 101 103 101 22 102 105 102 104 102 22 103 106 103 105 103 22 104 107 104 106 104 22 105 108 105 107 105 22 106 109 106 108 106 22 107 110 107 109 107 111 108 112 108 113 108 114 109 112 109 111 109 113 110 115 110 111 110 116 111 115 111 117 111 111 112 115 112 116 112 114 113 118 113 112 113 119 114 118 114 114 114 115 115 120 115 117 115 119 116 121 116 118 116 122 117 121 117 119 117 123 118 124 118 125 118 117 119 124 119 123 119 120 120 124 120 117 120 126 121 127 121 122 121 122 122 127 122 121 122 124 123 128 123 125 123 126 124 129 124 127 124 130 125 129 125 126 125 128 126 131 126 125 126 125 127 131 127 132 127 133 128 134 128 130 128 130 129 134 129 129 129 131 130 135 130 132 130 136 131 135 131 137 131 132 132 135 132 136 132 133 133 138 133 134 133 139 134 138 134 133 134 137 135 140 135 141 135 135 136 140 136 137 136 142 137 143 137 139 137 139 138 143 138 138 138 140 139 144 139 141 139 145 140 146 140 142 140 142 141 146 141 143 141 141 142 147 142 148 142 144 143 147 143 141 143 149 144 150 144 145 144 145 145 150 145 146 145 148 146 151 146 152 146 147 147 151 147 148 147 149 148 153 148 150 148 154 149 153 149 149 149 152 150 155 150 156 150 151 151 155 151 152 151 157 152 158 152 154 152 154 153 158 153 153 153 159 154 160 154 157 154 157 155 160 155 158 155 161 156 162 156 159 156 159 157 162 157 160 157 163 158 164 158 161 158 161 159 164 159 162 159 165 160 166 160 163 160 163 161 166 161 164 161 167 162 168 162 165 162 165 163 168 163 166 163 167 164 169 164 168 164 170 165 169 165 167 165 171 166 172 166 170 166 170 167 172 167 169 167 171 168 173 168 172 168 174 169 173 169 171 169 174 170 175 170 173 170 176 171 175 171 174 171 177 172 178 172 176 172 176 173 178 173 175 173 177 174 179 174 178 174 180 175 179 175 177 175 180 176 181 176 179 176 182 177 181 177 180 177 182 178 183 178 181 178 184 179 183 179 182 179 185 180 186 180 187 180 185 181 188 181 186 181 189 182 188 182 185 182 186 183 190 183 187 183 187 184 190 184 191 184 189 185 192 185 188 185 193 186 192 186 189 186 190 187 194 187 191 187 191 188 194 188 195 188 193 189 196 189 192 189 197 190 196 190 193 190 194 191 198 191 195 191 195 192 198 192 199 192 197 193 200 193 196 193 201 194 200 194 197 194 198 195 202 195 199 195 199 196 202 196 203 196 201 197 204 197 200 197 205 198 204 198 201 198 202 199 206 199 203 199 203 200 206 200 207 200 205 201 208 201 204 201 209 202 208 202 205 202 206 203 210 203 207 203 207 204 210 204 211 204 209 205 212 205 208 205 213 206 212 206 209 206 210 207 214 207 211 207 211 208 214 208 215 208 213 209 216 209 212 209 217 210 216 210 213 210 214 211 218 211 215 211 215 212 218 212 219 212 220 213 221 213 217 213 217 214 221 214 216 214 218 215 222 215 219 215 219 216 222 216 223 216 224 217 225 217 220 217 220 218 225 218 221 218 223 219 226 219 227 219 222 220 226 220 223 220 228 221 229 221 224 221 224 222 229 222 225 222 227 223 230 223 231 223 226 224 230 224 227 224 232 225 233 225 228 225 228 226 233 226 229 226 234 227 1 227 92 227 235 228 1 228 234 228 236 229 1 229 235 229 237 230 1 230 236 230 156 231 1 231 237 231 92 232 1 232 61 232 238 233 1 233 155 233 239 234 1 234 238 234 240 235 1 235 239 235 241 236 1 236 240 236 242 237 1 237 241 237 243 238 1 238 242 238 244 239 1 239 243 239 245 240 1 240 244 240 246 241 1 241 245 241 247 242 1 242 246 242 248 243 1 243 247 243 249 244 1 244 248 244 250 245 1 245 249 245 251 246 1 246 250 246 155 247 1 247 156 247 252 248 1 248 251 248 253 249 1 249 252 249 254 250 1 250 253 250 230 251 255 251 231 251 231 252 255 252 256 252 254 253 257 253 1 253 258 254 259 254 232 254 232 255 259 255 233 255 256 256 260 256 261 256 255 257 260 257 256 257 258 258 262 258 259 258 263 259 262 259 258 259 257 260 264 260 1 260 260 261 265 261 261 261 261 262 265 262 266 262 267 263 268 263 263 263 263 264 268 264 262 264 265 265 269 265 266 265 266 266 269 266 184 266 264 267 270 267 1 267 271 268 272 268 267 268 267 269 272 269 268 269 269 270 273 270 184 270 184 271 273 271 183 271 183 272 273 272 274 272 275 273 276 273 271 273 271 274 276 274 272 274 270 275 277 275 1 275 273 276 278 276 274 276 274 277 278 277 279 277 280 278 281 278 275 278 275 279 281 279 276 279 277 280 282 280 1 280 279 281 283 281 284 281 278 282 283 282 279 282 285 283 286 283 280 283 280 284 286 284 281 284 284 285 287 285 288 285 283 286 287 286 284 286 282 287 289 287 1 287 290 288 291 288 285 288 285 289 291 289 286 289 288 290 292 290 293 290 287 291 292 291 288 291 289 292 294 292 1 292 110 293 295 293 290 293 22 294 295 294 110 294 290 295 295 295 291 295 293 296 296 296 297 296 292 297 296 297 293 297 294 298 298 298 1 298 22 299 299 299 295 299 297 300 300 300 301 300 296 301 300 301 297 301 298 302 302 302 1 302 22 303 303 303 299 303 301 304 304 304 305 304 300 305 304 305 301 305 22 306 306 306 303 306 302 307 307 307 1 307 305 308 308 308 309 308 304 309 308 309 305 309 22 310 310 310 306 310 307 311 311 311 1 311 309 312 312 312 313 312 308 313 312 313 309 313 311 314 314 314 1 314 22 315 315 315 310 315 313 316 316 316 317 316 312 317 316 317 313 317 314 318 318 318 1 318 22 319 319 319 315 319 316 320 320 320 317 320 317 321 320 321 321 321 318 322 322 322 1 322 22 323 323 323 319 323 321 324 324 324 325 324 320 325 324 325 321 325 322 326 326 326 1 326 22 327 327 327 323 327 326 328 328 328 1 328 325 329 329 329 330 329 324 330 329 330 325 330 22 331 331 331 327 331 328 332 332 332 1 332 329 333 333 333 330 333 330 334 333 334 334 334 22 335 335 335 331 335 332 336 336 336 1 336 334 337 337 337 338 337 333 338 337 338 334 338 336 339 339 339 1 339 22 340 340 340 335 340 339 341 341 341 1 341 338 342 342 342 343 342 337 343 342 343 338 343 22 344 344 344 340 344 341 345 345 345 1 345 343 346 346 346 347 346 342 347 346 347 343 347 345 348 348 348 1 348 22 349 349 349 344 349 347 350 350 350 351 350 346 351 350 351 347 351 22 352 352 352 349 352 351 353 353 353 354 353 350 354 353 354 351 354 22 355 355 355 352 355 354 356 356 356 357 356 353 357 356 357 354 357 22 358 358 358 355 358 356 359 359 359 357 359 357 360 359 360 360 360 360 361 361 361 362 361 359 362 361 362 360 362 362 363 363 363 364 363 361 364 363 364 362 364 364 365 365 365 366 365 363 366 365 366 364 366 365 367 367 367 366 367 366 368 367 368 368 368 368 369 369 369 370 369 367 370 369 370 368 370 369 371 371 371 370 371 370 372 371 372 372 372 372 373 373 373 374 373 371 374 373 374 372 374 374 375 375 375 376 375 373 376 375 376 374 376 376 377 377 377 378 377 375 378 377 378 376 378 377 379 379 379 378 379 380 380 5 380 381 380 382 381 5 381 380 381 383 382 5 382 382 382 384 383 5 383 383 383 385 384 5 384 384 384 386 385 5 385 385 385 387 386 5 386 386 386 388 387 5 387 387 387 389 388 5 388 388 388 390 389 5 389 389 389 391 390 5 390 390 390 392 391 5 391 391 391 393 392 5 392 392 392 394 393 5 393 393 393 378 394 5 394 394 394 395 395 5 395 379 395 396 396 5 396 395 396 397 397 5 397 396 397 398 398 5 398 397 398 399 399 5 399 398 399 400 400 5 400 399 400 401 401 5 401 400 401 402 402 5 402 401 402 403 403 5 403 402 403 404 404 5 404 403 404 405 405 5 405 404 405 406 406 5 406 405 406 379 407 5 407 378 407 407 408 5 408 406 408 408 409 5 409 407 409 409 410 5 410 408 410 410 411 5 411 409 411 411 412 5 412 410 412 412 413 5 413 411 413 413 414 5 414 412 414 414 415 5 415 413 415 415 416 5 416 414 416 416 417 5 417 415 417 417 418 5 418 416 418 418 419 5 419 417 419 419 420 5 420 418 420 420 421 5 421 419 421 421 422 5 422 420 422 422 423 5 423 421 423 423 424 5 424 422 424 424 425 5 425 423 425 425 426 5 426 424 426 348 427 5 427 1 427 426 428 5 428 348 428 427 429 5 429 426 429 428 430 5 430 427 430 429 431 5 431 428 431 381 432 5 432 429 432 22 433 5 433 425 433 22 434 425 434 430 434 22 435 430 435 431 435 22 436 431 436 432 436 22 437 432 437 433 437 22 438 433 438 434 438 22 439 434 439 435 439 22 440 435 440 436 440 22 441 436 441 437 441 22 442 437 442 438 442 22 443 438 443 439 443 22 444 439 444 358 444 440 445 441 445 442 445 442 446 443 446 440 446 440 447 444 447 441 447 443 448 445 448 440 448 440 449 446 449 444 449 445 450 447 450 440 450 440 451 448 451 446 451 447 452 449 452 440 452 440 453 450 453 448 453 449 454 451 454 440 454 440 455 452 455 450 455 451 456 453 456 440 456 440 457 454 457 452 457 453 458 455 458 440 458 440 459 456 459 454 459 455 460 457 460 440 460 440 461 458 461 456 461 457 462 459 462 440 462 440 463 460 463 458 463 459 464 461 464 440 464 440 465 462 465 460 465 461 466 463 466 440 466 440 467 464 467 462 467 463 468 465 468 440 468 440 469 466 469 464 469 465 470 467 470 440 470 440 471 468 471 466 471 467 472 469 472 440 472 440 473 470 473 468 473 469 474 471 474 440 474 440 475 472 475 470 475 471 476 473 476 440 476 473 477 474 477 440 477 474 478 475 478 440 478 475 479 476 479 440 479 476 480 477 480 440 480 440 481 61 481 472 481 478 482 61 482 479 482 480 483 61 483 478 483 481 484 61 484 480 484 482 485 61 485 481 485 483 486 61 486 482 486 484 487 61 487 483 487 485 488 61 488 484 488 486 489 61 489 485 489 487 490 61 490 486 490 488 491 61 491 487 491 489 492 61 492 488 492 490 493 61 493 489 493 491 494 61 494 490 494 492 495 61 495 491 495 472 496 61 496 492 496 61 497 493 497 479 497 61 498 494 498 493 498 61 499 495 499 494 499 61 500 496 500 495 500 61 501 497 501 496 501 61 502 498 502 497 502 61 503 499 503 498 503 61 504 500 504 499 504 61 505 501 505 500 505 61 506 502 506 501 506 61 507 503 507 502 507 61 508 504 508 503 508 61 509 505 509 504 509 61 510 506 510 505 510 61 511 507 511 506 511 61 512 508 512 507 512 61 513 509 513 508 513 61 514 510 514 509 514 61 515 511 515 510 515 61 516 512 516 511 516 61 517 513 517 512 517 514 518 515 518 516 518 517 519 518 519 514 519 514 520 518 520 515 520 516 521 519 521 520 521 515 522 519 522 516 522 521 523 522 523 517 523 517 524 522 524 518 524 520 525 523 525 524 525 519 526 523 526 520 526 521 527 525 527 522 527 526 528 525 528 521 528 523 529 527 529 524 529 528 530 529 530 526 530 526 531 529 531 525 531 530 532 531 532 532 532 524 533 531 533 530 533 527 534 531 534 524 534 528 535 533 535 529 535 534 536 533 536 528 536 532 537 535 537 536 537 531 538 535 538 532 538 537 539 538 539 534 539 534 540 538 540 533 540 536 541 539 541 540 541 535 542 539 542 536 542 541 543 542 543 537 543 537 544 542 544 538 544 540 545 543 545 544 545 539 546 543 546 540 546 545 547 546 547 541 547 541 548 546 548 542 548 544 549 547 549 548 549 543 550 547 550 544 550 549 551 550 551 545 551 545 552 550 552 546 552 547 553 551 553 548 553 552 554 553 554 549 554 549 555 553 555 550 555 554 556 555 556 477 556 548 557 555 557 554 557 551 558 555 558 548 558 552 559 556 559 553 559 557 560 556 560 552 560 477 561 558 561 440 561 555 562 558 562 477 562 559 563 560 563 557 563 557 564 560 564 556 564 558 565 561 565 440 565 562 566 563 566 559 566 559 567 563 567 560 567 561 568 564 568 440 568 562 569 565 569 563 569 566 570 565 570 562 570 564 571 567 571 440 571 568 572 569 572 566 572 566 573 569 573 565 573 567 574 570 574 440 574 568 575 571 575 569 575 572 576 571 576 568 576 570 577 573 577 440 577 574 578 575 578 572 578 572 579 575 579 571 579 573 580 576 580 440 580 577 581 578 581 574 581 579 582 578 582 577 582 574 583 578 583 575 583 579 584 580 584 578 584 581 585 582 585 579 585 579 586 582 586 580 586 583 587 584 587 581 587 585 588 584 588 583 588 581 589 584 589 582 589 585 590 586 590 584 590 587 591 588 591 585 591 585 592 588 592 586 592 589 593 590 593 587 593 587 594 590 594 588 594 591 595 592 595 589 595 589 596 592 596 590 596 591 597 593 597 592 597 594 598 593 598 591 598 595 599 596 599 594 599 594 600 596 600 593 600 595 601 597 601 596 601 598 602 597 602 595 602 599 603 600 603 598 603 598 604 600 604 597 604 599 605 601 605 600 605 602 606 601 606 599 606 603 607 604 607 602 607 602 608 604 608 601 608 605 609 606 609 603 609 603 610 606 610 604 610 607 611 608 611 605 611 609 612 608 612 607 612 605 613 608 613 606 613 609 614 610 614 608 614 611 615 612 615 609 615 609 616 612 616 610 616 613 617 614 617 611 617 615 618 614 618 613 618 611 619 614 619 612 619 616 620 617 620 615 620 615 621 617 621 614 621 616 622 618 622 617 622 619 623 620 623 616 623 616 624 620 624 618 624 621 625 622 625 619 625 619 626 622 626 620 626 623 627 624 627 621 627 621 628 624 628 622 628 625 629 626 629 623 629 513 630 626 630 625 630 623 631 626 631 624 631 513 632 627 632 626 632 61 633 627 633 513 633 61 634 628 634 627 634 629 635 4 635 576 635 630 636 4 636 629 636 631 637 4 637 630 637 632 638 4 638 631 638 633 639 4 639 632 639 634 640 4 640 633 640 635 641 4 641 634 641 636 642 4 642 635 642 637 643 4 643 636 643 638 644 4 644 637 644 639 645 4 645 638 645 640 646 4 646 639 646 641 647 4 647 640 647 642 648 4 648 641 648 643 649 4 649 642 649 644 650 4 650 643 650 645 651 4 651 644 651 646 652 4 652 645 652 647 653 4 653 646 653 648 654 4 654 647 654 649 655 4 655 648 655 650 656 4 656 649 656 651 657 4 657 650 657 652 658 4 658 651 658 653 659 4 659 652 659 654 660 4 660 653 660 655 661 4 661 654 661 656 662 4 662 655 662 657 663 4 663 656 663 658 664 4 664 657 664 576 665 4 665 440 665 659 666 1 666 658 666 660 667 1 667 659 667 661 668 1 668 660 668 662 669 1 669 661 669 663 670 1 670 662 670 664 671 1 671 663 671 665 672 1 672 664 672 666 673 1 673 665 673 667 674 1 674 666 674 668 675 1 675 667 675 669 676 1 676 668 676 670 677 1 677 669 677 671 678 1 678 670 678 672 679 1 679 671 679 673 680 1 680 672 680 674 681 1 681 673 681 675 682 1 682 674 682 676 683 1 683 675 683 677 684 1 684 676 684 678 685 1 685 677 685 679 686 1 686 678 686 680 687 1 687 679 687 681 688 1 688 680 688 658 689 1 689 4 689 61 690 1 690 682 690 61 691 682 691 683 691 61 692 683 692 684 692 61 693 684 693 628 693 682 694 1 694 685 694 685 695 1 695 686 695 686 696 1 696 687 696 687 697 1 697 688 697 688 698 1 698 689 698 689 699 1 699 690 699 690 700 1 700 691 700 691 701 1 701 692 701 692 702 1 702 681 702 7 703 440 703 693 703 25 704 440 704 7 704 0 705 693 705 440 705 4 706 0 706 440 706 694 707 695 707 696 707 697 708 698 708 699 708 697 709 699 709 695 709 697 710 695 710 694 710 700 711 696 711 701 711 700 712 694 712 696 712 702 713 698 713 697 713 702 714 703 714 698 714 704 715 701 715 705 715 704 716 700 716 701 716 706 717 707 717 703 717 706 718 703 718 702 718 708 719 704 719 705 719 709 720 707 720 706 720 709 721 710 721 707 721 711 722 708 722 705 722 712 723 710 723 709 723 712 724 713 724 710 724 714 725 711 725 705 725 715 726 713 726 712 726 715 727 716 727 713 727 717 728 714 728 705 728 718 729 716 729 715 729 718 730 719 730 716 730 720 731 717 731 705 731 721 732 719 732 718 732 721 733 722 733 719 733 723 734 720 734 705 734 724 735 722 735 721 735 724 736 725 736 722 736 726 737 723 737 705 737 727 738 725 738 724 738 727 739 728 739 725 739 729 740 726 740 705 740 730 741 728 741 727 741 730 742 731 742 728 742 732 743 729 743 705 743 732 744 705 744 693 744 733 745 731 745 730 745 733 746 734 746 731 746 735 747 732 747 693 747 736 748 734 748 733 748 736 749 737 749 734 749 738 750 735 750 693 750 739 751 737 751 736 751 739 752 740 752 737 752 741 753 738 753 693 753 742 754 740 754 739 754 742 755 743 755 740 755 744 756 741 756 693 756 745 757 746 757 743 757 745 758 743 758 742 758 747 759 744 759 693 759 748 760 749 760 746 760 748 761 746 761 745 761 750 762 747 762 693 762 751 763 752 763 749 763 751 764 749 764 748 764 753 765 750 765 693 765 754 766 755 766 752 766 754 767 752 767 751 767 756 768 693 768 757 768 758 769 757 769 693 769 759 770 693 770 756 770 760 771 758 771 693 771 761 772 693 772 759 772 762 773 760 773 693 773 763 774 693 774 761 774 764 775 762 775 693 775 765 776 693 776 763 776 766 777 764 777 693 777 767 778 753 778 693 778 768 779 693 779 765 779 769 780 766 780 693 780 770 781 693 781 768 781 771 782 769 782 693 782 772 783 693 783 770 783 773 784 771 784 693 784 774 785 693 785 772 785 775 786 773 786 693 786 776 787 693 787 774 787 777 788 775 788 693 788 778 789 693 789 776 789 779 790 777 790 693 790 780 791 693 791 778 791 781 792 779 792 693 792 782 793 693 793 780 793 783 794 781 794 693 794 784 795 785 795 755 795 784 796 755 796 754 796 786 797 693 797 782 797 787 798 783 798 693 798 788 799 693 799 786 799 789 800 787 800 693 800 790 801 693 801 788 801 791 802 789 802 693 802 792 803 693 803 790 803 793 804 791 804 693 804 794 805 693 805 792 805 795 806 767 806 693 806 796 807 693 807 794 807 797 808 693 808 796 808 798 809 693 809 797 809 799 810 693 810 798 810 800 811 693 811 799 811 801 812 802 812 785 812 801 813 785 813 784 813 803 814 693 814 800 814 804 815 693 815 803 815 805 816 693 816 804 816 806 817 795 817 693 817 807 818 802 818 801 818 807 819 808 819 802 819 809 820 806 820 693 820 809 821 693 821 805 821 810 822 811 822 808 822 810 823 808 823 807 823 812 824 813 824 814 824 812 825 805 825 813 825 812 826 809 826 805 826 815 827 816 827 811 827 815 828 811 828 810 828 817 829 818 829 819 829 817 830 820 830 818 830 817 831 814 831 820 831 817 832 812 832 814 832 821 833 822 833 823 833 824 834 822 834 821 834 825 835 821 835 823 835 825 836 826 836 827 836 825 837 823 837 826 837 828 838 822 838 824 838 828 839 829 839 822 839 828 840 830 840 829 840 831 841 825 841 827 841 832 842 830 842 828 842 832 843 833 843 830 843 834 844 831 844 827 844 834 845 827 845 835 845 836 846 833 846 832 846 837 847 834 847 835 847 837 848 838 848 839 848 837 849 835 849 838 849 840 850 841 850 816 850 840 851 816 851 815 851 842 852 833 852 836 852 842 853 843 853 833 853 844 854 837 854 839 854 845 855 843 855 842 855 845 856 846 856 843 856 847 857 839 857 848 857 847 858 844 858 839 858 849 859 846 859 845 859 849 860 850 860 846 860 851 861 852 861 853 861 851 862 848 862 852 862 851 863 847 863 848 863 854 864 850 864 849 864 854 865 855 865 850 865 856 866 851 866 853 866 857 867 855 867 854 867 857 868 858 868 855 868 859 869 856 869 853 869 859 870 853 870 860 870 861 871 862 871 858 871 861 872 858 872 857 872 863 873 859 873 860 873 863 874 860 874 864 874 865 875 866 875 862 875 865 876 867 876 866 876 865 877 862 877 861 877 868 878 863 878 864 878 868 879 869 879 870 879 868 880 864 880 869 880 871 881 867 881 865 881 872 882 868 882 870 882 872 883 870 883 873 883 874 884 875 884 867 884 874 885 867 885 871 885 876 886 872 886 873 886 877 887 878 887 875 887 877 888 875 888 874 888 879 889 880 889 881 889 879 890 819 890 880 890 879 891 817 891 819 891 882 892 793 892 693 892 882 893 873 893 793 893 882 894 876 894 873 894 883 895 884 895 878 895 883 896 885 896 884 896 883 897 878 897 877 897 886 898 882 898 693 898 887 899 885 899 883 899 888 900 886 900 693 900 889 901 885 901 887 901 889 902 890 902 885 902 891 903 890 903 889 903 891 904 892 904 890 904 893 905 892 905 891 905 893 906 894 906 892 906 895 907 841 907 840 907 895 908 896 908 841 908 897 909 894 909 893 909 897 910 898 910 894 910 899 911 898 911 897 911 899 912 900 912 898 912 899 913 901 913 900 913 902 914 901 914 899 914 902 915 903 915 901 915 904 916 903 916 902 916 904 917 905 917 903 917 906 918 905 918 904 918 907 919 879 919 881 919 907 920 908 920 909 920 907 921 910 921 908 921 907 922 881 922 910 922 911 923 905 923 906 923 911 924 912 924 905 924 913 925 912 925 911 925 913 926 914 926 912 926 915 927 914 927 913 927 915 928 916 928 914 928 917 929 916 929 915 929 917 930 918 930 916 930 919 931 896 931 895 931 920 932 918 932 917 932 920 933 921 933 918 933 922 934 896 934 919 934 923 935 921 935 920 935 923 936 924 936 921 936 925 937 924 937 923 937 925 938 926 938 924 938 927 939 926 939 925 939 927 940 928 940 926 940 929 941 928 941 927 941 929 942 930 942 928 942 931 943 932 943 933 943 931 944 909 944 932 944 931 945 907 945 909 945 934 946 935 946 936 946 934 947 930 947 929 947 934 948 936 948 930 948 937 949 938 949 935 949 937 950 935 950 934 950 939 951 938 951 937 951 940 952 941 952 938 952 940 953 938 953 939 953 942 954 922 954 919 954 943 955 944 955 941 955 943 956 945 956 944 956 943 957 941 957 940 957 946 958 945 958 943 958 947 959 922 959 942 959 948 960 949 960 945 960 948 961 945 961 946 961 950 962 951 962 952 962 950 963 953 963 951 963 950 964 933 964 953 964 950 965 931 965 933 965 954 966 947 966 942 966 955 967 947 967 954 967 956 968 957 968 958 968 956 969 952 969 957 969 956 970 950 970 952 970 959 971 955 971 954 971 960 972 961 972 962 972 960 973 963 973 961 973 960 974 958 974 963 974 960 975 956 975 958 975 964 976 955 976 959 976 965 977 964 977 959 977 966 978 960 978 962 978 967 979 964 979 965 979 968 980 967 980 965 980 969 981 967 981 968 981 970 982 969 982 968 982 971 983 969 983 970 983 972 984 971 984 970 984 973 985 972 985 974 985 973 986 971 986 972 986 975 987 974 987 976 987 975 988 973 988 974 988 0 989 977 989 888 989 0 990 978 990 977 990 0 991 979 991 978 991 0 992 980 992 979 992 0 993 981 993 980 993 0 994 982 994 981 994 0 995 983 995 982 995 0 996 984 996 985 996 0 997 986 997 983 997 0 998 987 998 984 998 0 999 988 999 986 999 0 1000 989 1000 987 1000 0 1001 990 1001 988 1001 0 1002 991 1002 989 1002 0 1003 992 1003 990 1003 0 1004 993 1004 991 1004 0 1005 994 1005 992 1005 0 1006 995 1006 993 1006 0 1007 996 1007 994 1007 0 1008 997 1008 996 1008 0 1009 998 1009 997 1009 0 1010 999 1010 998 1010 0 1011 1000 1011 999 1011 0 1012 1001 1012 1000 1012 0 1013 1002 1013 1001 1013 0 1014 1003 1014 1002 1014 0 1015 1004 1015 1003 1015 0 1016 1005 1016 1004 1016 0 1017 1006 1017 1005 1017 0 1018 1007 1018 1006 1018 0 1019 1008 1019 1007 1019 0 1020 1009 1020 1008 1020 0 1021 1010 1021 1009 1021 0 1022 1011 1022 1010 1022 0 1023 1012 1023 1011 1023 0 1024 1013 1024 1012 1024 0 1025 985 1025 1013 1025 0 1026 888 1026 693 1026 1014 1027 966 1027 962 1027 1014 1028 1015 1028 949 1028 1014 1029 1016 1029 1015 1029 1014 1030 1017 1030 1016 1030 1014 1031 1018 1031 1017 1031 1014 1032 1019 1032 1018 1032 1014 1033 1020 1033 1019 1033 1014 1034 1021 1034 1020 1034 1014 1035 1022 1035 1021 1035 1014 1036 962 1036 1022 1036 1014 1037 1023 1037 1024 1037 1014 1038 1025 1038 1023 1038 1014 1039 1026 1039 1025 1039 1014 1040 1027 1040 1026 1040 1014 1041 1028 1041 1027 1041 1014 1042 1029 1042 1028 1042 1014 1043 1030 1043 1029 1043 1014 1044 1031 1044 1030 1044 1014 1045 1032 1045 1031 1045 1014 1046 1033 1046 1032 1046 1014 1047 1034 1047 1033 1047 1014 1048 1035 1048 1034 1048 1014 1049 1036 1049 1035 1049 1014 1050 1037 1050 1036 1050 1014 1051 1038 1051 1037 1051 1014 1052 1039 1052 1038 1052 1014 1053 1040 1053 1039 1053 1014 1054 1041 1054 1040 1054 1014 1055 1042 1055 1041 1055 1014 1056 949 1056 948 1056 1014 1057 1043 1057 1042 1057 1014 1058 1044 1058 1043 1058 1014 1059 1045 1059 1044 1059 1014 1060 1046 1060 1045 1060 1014 1061 1047 1061 1046 1061 1014 1062 1048 1062 1047 1062 1014 1063 1049 1063 1048 1063 1014 1064 1050 1064 1051 1064 1014 1065 1052 1065 1049 1065 1014 1066 1051 1066 1053 1066 1014 1067 948 1067 1052 1067 1014 1068 1053 1068 1054 1068 1014 1069 1054 1069 1055 1069 1014 1070 1055 1070 966 1070 1056 1071 976 1071 1057 1071 1056 1072 975 1072 976 1072 1058 1073 1050 1073 1014 1073 1059 1074 1058 1074 1014 1074 1060 1075 1057 1075 1061 1075 1060 1076 1056 1076 1057 1076 1062 1077 1059 1077 1014 1077 1063 1078 1060 1078 1061 1078 1063 1079 1061 1079 1064 1079 1065 1080 1062 1080 1014 1080 1066 1081 1063 1081 1064 1081 1066 1082 1064 1082 1067 1082 1068 1083 1065 1083 1014 1083 1069 1084 1066 1084 1067 1084 1069 1085 1067 1085 1070 1085 1071 1086 1068 1086 1014 1086 1072 1087 1070 1087 1073 1087 1072 1088 1069 1088 1070 1088 1074 1089 1071 1089 1014 1089 1075 1090 1074 1090 1014 1090 1076 1091 1073 1091 1077 1091 1076 1092 1072 1092 1073 1092 1078 1093 1077 1093 1079 1093 1078 1094 1076 1094 1077 1094 1080 1095 1079 1095 1081 1095 1080 1096 1078 1096 1079 1096 1082 1097 1081 1097 1083 1097 1082 1098 1080 1098 1081 1098 1084 1099 1083 1099 1085 1099 1084 1100 1082 1100 1083 1100 2 1101 1086 1101 995 1101 2 1102 1087 1102 1086 1102 2 1103 1088 1103 1087 1103 2 1104 1089 1104 1088 1104 2 1105 1024 1105 1089 1105 2 1106 1014 1106 1024 1106 2 1107 995 1107 0 1107 1090 1108 1084 1108 1085 1108 1090 1109 1085 1109 1091 1109 1092 1110 1091 1110 1093 1110 1092 1111 1090 1111 1091 1111 1094 1112 1093 1112 1095 1112 1094 1113 1092 1113 1093 1113 1096 1114 1095 1114 1097 1114 1096 1115 1094 1115 1095 1115 1098 1116 1097 1116 1099 1116 1098 1117 1096 1117 1097 1117 1100 1118 1099 1118 1101 1118 1100 1119 1098 1119 1099 1119 1102 1120 1103 1120 1104 1120 1102 1121 1105 1121 1106 1121 1102 1122 1106 1122 1107 1122 1102 1123 1107 1123 1108 1123 1102 1124 1108 1124 1109 1124 1102 1125 1109 1125 1110 1125 1102 1126 1110 1126 1103 1126 1111 1127 1100 1127 1101 1127 1111 1128 1101 1128 1112 1128 1113 1129 1114 1129 1105 1129 1113 1130 1105 1130 1102 1130 1115 1131 1111 1131 1112 1131 1115 1132 1112 1132 1116 1132 1117 1133 1114 1133 1113 1133 1117 1134 1118 1134 1114 1134 1119 1135 1115 1135 1116 1135 1119 1136 1116 1136 1120 1136 1121 1137 1118 1137 1117 1137 1121 1138 1122 1138 1118 1138 1123 1139 1119 1139 1120 1139 1123 1140 1120 1140 1124 1140 1125 1141 1122 1141 1121 1141 1125 1142 1126 1142 1122 1142 1127 1143 1124 1143 1128 1143 1127 1144 1123 1144 1124 1144 1129 1145 1126 1145 1125 1145 1129 1146 1130 1146 1126 1146 1131 1147 1127 1147 1128 1147 1131 1148 1128 1148 1132 1148 1133 1149 1130 1149 1129 1149 1133 1150 1134 1150 1130 1150 1135 1151 1132 1151 1136 1151 1135 1152 1131 1152 1132 1152 1137 1153 1134 1153 1133 1153 1137 1154 1138 1154 1134 1154 1139 1155 1136 1155 1140 1155 1139 1156 1135 1156 1136 1156 1141 1157 1142 1157 1138 1157 1141 1158 1138 1158 1137 1158 1143 1159 1140 1159 1144 1159 1143 1160 1139 1160 1140 1160 1145 1161 1142 1161 1141 1161 1145 1162 1146 1162 1142 1162 1147 1163 1144 1163 1148 1163 1147 1164 1143 1164 1144 1164 1149 1165 1147 1165 1148 1165 1149 1166 1148 1166 1146 1166 1149 1167 1146 1167 1145 1167 1014 1168 1102 1168 1104 1168 1014 1169 1104 1169 1150 1169 1014 1170 1150 1170 1075 1170 1151 1171 1014 1171 1152 1171 1153 1172 1152 1172 1014 1172 1154 1173 1014 1173 1151 1173 1155 1174 1153 1174 1014 1174 1156 1175 1014 1175 1154 1175 1157 1176 1155 1176 1014 1176 1158 1177 1014 1177 1156 1177 1159 1178 1157 1178 1014 1178 1160 1179 1014 1179 1158 1179 1161 1180 1159 1180 1014 1180 1162 1181 1014 1181 1160 1181 1163 1182 1161 1182 1014 1182 1164 1183 1014 1183 1162 1183 1165 1184 1163 1184 1014 1184 1166 1185 1014 1185 1164 1185 1167 1186 1165 1186 1014 1186 1168 1187 1014 1187 1166 1187 1169 1188 1167 1188 1014 1188 1170 1189 1014 1189 1168 1189 1171 1190 1169 1190 1014 1190 1172 1191 1014 1191 1170 1191 1173 1192 1171 1192 1014 1192 1174 1193 1014 1193 1172 1193 1175 1194 1173 1194 1014 1194 1176 1195 1014 1195 1174 1195 1177 1196 1175 1196 1014 1196 1178 1197 1014 1197 1176 1197 1179 1198 1177 1198 1014 1198 1180 1199 1014 1199 1178 1199 1181 1200 1179 1200 1014 1200 1182 1201 1014 1201 1180 1201 1183 1202 1181 1202 1014 1202 1184 1203 1014 1203 1182 1203 1185 1204 1183 1204 1014 1204 1186 1205 1185 1205 1014 1205 1187 1206 1186 1206 1014 1206 1188 1207 1187 1207 1014 1207 1189 1208 1188 1208 1014 1208 1190 1209 1189 1209 1014 1209 1191 1210 1190 1210 1014 1210 1192 1211 1193 1211 1194 1211 1192 1212 1194 1212 1195 1212 1196 1213 1194 1213 1197 1213 1196 1214 1195 1214 1194 1214 1198 1215 1193 1215 1192 1215 1198 1216 1199 1216 1193 1216 1198 1217 1200 1217 1199 1217 1201 1218 1196 1218 1197 1218 1201 1219 1197 1219 1202 1219 1203 1220 1200 1220 1198 1220 1204 1221 1201 1221 1202 1221 1204 1222 1202 1222 1205 1222 1206 1223 1207 1223 1200 1223 1206 1224 1200 1224 1203 1224 1208 1225 1205 1225 1209 1225 1208 1226 1204 1226 1205 1226 1210 1227 1207 1227 1206 1227 1210 1228 1211 1228 1207 1228 1212 1229 1208 1229 1209 1229 1212 1230 1213 1230 1214 1230 1212 1231 1209 1231 1213 1231 1215 1232 1211 1232 1210 1232 1215 1233 1216 1233 1211 1233 1217 1234 1212 1234 1214 1234 1217 1235 1214 1235 1218 1235 1219 1236 1220 1236 1216 1236 1219 1237 1216 1237 1215 1237 1221 1238 1217 1238 1218 1238 1222 1239 1223 1239 1220 1239 1222 1240 1224 1240 1223 1240 1222 1241 1220 1241 1219 1241 1225 1242 1014 1242 2 1242 1225 1243 1218 1243 1191 1243 1225 1244 1191 1244 1014 1244 1225 1245 1221 1245 1218 1245 1226 1246 1224 1246 1222 1246 1227 1247 1225 1247 2 1247 1228 1248 1229 1248 1224 1248 1228 1249 1224 1249 1226 1249 1230 1250 1227 1250 2 1250 1231 1251 1232 1251 1229 1251 1231 1252 1229 1252 1228 1252 1233 1253 1230 1253 2 1253 1234 1254 1235 1254 1232 1254 1234 1255 1232 1255 1231 1255 1236 1256 1233 1256 2 1256 1237 1257 1238 1257 1235 1257 1237 1258 1235 1258 1234 1258 1239 1259 1236 1259 2 1259 1240 1260 1241 1260 1238 1260 1240 1261 1242 1261 1241 1261 1240 1262 1238 1262 1237 1262 1243 1263 1239 1263 2 1263 1244 1264 1242 1264 1240 1264 1245 1265 1243 1265 2 1265 1246 1266 1247 1266 1242 1266 1246 1267 1242 1267 1244 1267 1248 1268 1245 1268 2 1268 1249 1269 1250 1269 1247 1269 1249 1270 1247 1270 1246 1270 1251 1271 1248 1271 2 1271 1252 1272 1250 1272 1249 1272 1252 1273 1253 1273 1250 1273 1254 1274 1251 1274 2 1274 1255 1275 1253 1275 1252 1275 1255 1276 1256 1276 1253 1276 1257 1277 1254 1277 2 1277 1258 1278 1259 1278 1256 1278 1258 1279 1256 1279 1255 1279 1260 1280 1257 1280 2 1280 1261 1281 1259 1281 1258 1281 1261 1282 1262 1282 1259 1282 1263 1283 1260 1283 2 1283 1264 1284 1262 1284 1261 1284 1264 1285 1265 1285 1262 1285 1266 1286 1263 1286 2 1286 1267 1287 1265 1287 1264 1287 1267 1288 1268 1288 1265 1288 1269 1289 1266 1289 2 1289 1270 1290 1271 1290 1268 1290 1270 1291 1268 1291 1267 1291 1272 1292 1269 1292 2 1292 35 1293 1273 1293 1274 1293 35 1294 1275 1294 1273 1294 35 1295 1276 1295 1275 1295 35 1296 1277 1296 1276 1296 35 1297 1278 1297 1277 1297 35 1298 1279 1298 1278 1298 35 1299 1280 1299 1279 1299 35 1300 1281 1300 1280 1300 35 1301 1282 1301 1281 1301 35 1302 1283 1302 1282 1302 35 1303 1284 1303 1283 1303 35 1304 1285 1304 1284 1304 35 1305 1286 1305 1285 1305 35 1306 1287 1306 1286 1306 35 1307 1288 1307 1287 1307 35 1308 1289 1308 1288 1308 35 1309 1290 1309 1289 1309 35 1310 1291 1310 1290 1310 35 1311 1292 1311 1291 1311 35 1312 1293 1312 1292 1312 35 1313 1294 1313 1293 1313 35 1314 1184 1314 1294 1314 35 1315 1014 1315 1184 1315 1295 1316 1271 1316 1270 1316 1295 1317 1296 1317 1271 1317 1297 1318 1272 1318 2 1318 1298 1319 1299 1319 1300 1319 1301 1320 1299 1320 1298 1320 1301 1321 1302 1321 1299 1321 1303 1322 1298 1322 1300 1322 1303 1323 1300 1323 1304 1323 1305 1324 1302 1324 1301 1324 1305 1325 1306 1325 1302 1325 1307 1326 1303 1326 1304 1326 1307 1327 1304 1327 1308 1327 1309 1328 1306 1328 1305 1328 1309 1329 1310 1329 1306 1329 1311 1330 1307 1330 1308 1330 1311 1331 1308 1331 1312 1331 1313 1332 1314 1332 1310 1332 1313 1333 1310 1333 1309 1333 1315 1334 1311 1334 1312 1334 1315 1335 1312 1335 1316 1335 1317 1336 1314 1336 1313 1336 1317 1337 1318 1337 1314 1337 1319 1338 1315 1338 1316 1338 1319 1339 1316 1339 1320 1339 1321 1340 1297 1340 2 1340 1322 1341 1318 1341 1317 1341 1322 1342 1323 1342 1318 1342 1324 1343 1319 1343 1320 1343 1324 1344 1320 1344 1325 1344 1326 1345 1323 1345 1322 1345 1326 1346 1327 1346 1323 1346 1328 1347 1324 1347 1325 1347 1328 1348 1325 1348 1329 1348 1330 1349 1327 1349 1326 1349 1330 1350 1331 1350 1327 1350 1332 1351 1321 1351 2 1351 1333 1352 1328 1352 1329 1352 1333 1353 1329 1353 1334 1353 1335 1354 1336 1354 1331 1354 1335 1355 1331 1355 1330 1355 1337 1356 1334 1356 1338 1356 1337 1357 1333 1357 1334 1357 1339 1358 1340 1358 1336 1358 1339 1359 1336 1359 1335 1359 1341 1360 1338 1360 1342 1360 1341 1361 1337 1361 1338 1361 1343 1362 1332 1362 2 1362 1344 1363 1345 1363 1340 1363 1344 1364 1340 1364 1339 1364 1346 1365 1342 1365 1347 1365 1346 1366 1341 1366 1342 1366 1348 1367 1349 1367 1345 1367 1348 1368 1345 1368 1344 1368 1350 1369 1347 1369 1351 1369 1350 1370 1346 1370 1347 1370 1352 1371 1343 1371 2 1371 1353 1372 1354 1372 1349 1372 1353 1373 1349 1373 1348 1373 1355 1374 1350 1374 1351 1374 1355 1375 1351 1375 1356 1375 1357 1376 1354 1376 1353 1376 1357 1377 1358 1377 1354 1377 1359 1378 1352 1378 2 1378 1360 1379 1355 1379 1356 1379 1360 1380 1356 1380 1361 1380 1362 1381 1274 1381 1358 1381 1362 1382 1358 1382 1357 1382 1363 1383 1361 1383 1296 1383 1363 1384 1360 1384 1361 1384 1364 1385 1359 1385 2 1385 1365 1386 1274 1386 1362 1386 1365 1387 35 1387 1274 1387 1366 1388 1363 1388 1296 1388 1366 1389 1296 1389 1295 1389 1366 1390 1295 1390 1367 1390 1368 1391 35 1391 1365 1391 1369 1392 1364 1392 2 1392 1370 1393 1366 1393 1367 1393 1370 1394 1367 1394 1371 1394 1372 1395 35 1395 1368 1395 1373 1396 1369 1396 2 1396 1374 1397 1370 1397 1371 1397 1374 1398 1371 1398 1375 1398 1376 1399 35 1399 1372 1399 1377 1400 1374 1400 1375 1400 1377 1401 1375 1401 1378 1401 1379 1402 1373 1402 2 1402 1380 1403 35 1403 1376 1403 1381 1404 1377 1404 1378 1404 1381 1405 1378 1405 1382 1405 1383 1406 1379 1406 2 1406 1384 1407 35 1407 1380 1407 1385 1408 1382 1408 1386 1408 1385 1409 1381 1409 1382 1409 1387 1410 1383 1410 2 1410 1388 1411 35 1411 1384 1411 1389 1412 1386 1412 1390 1412 1389 1413 1385 1413 1386 1413 1391 1414 1387 1414 2 1414 1392 1415 35 1415 1388 1415 1393 1416 1390 1416 1394 1416 1393 1417 1389 1417 1390 1417 1395 1418 35 1418 1392 1418 1396 1419 1391 1419 2 1419 1397 1420 1393 1420 1394 1420 1397 1421 1394 1421 1398 1421 1399 1422 35 1422 1395 1422 1400 1423 1396 1423 2 1423 1401 1424 1398 1424 1402 1424 1401 1425 1397 1425 1398 1425 1403 1426 1400 1426 2 1426 1404 1427 35 1427 1399 1427 1405 1428 1401 1428 1402 1428 1405 1429 1402 1429 1406 1429 1407 1430 1403 1430 2 1430 1408 1431 35 1431 1404 1431 1409 1432 1406 1432 1410 1432 1409 1433 1405 1433 1406 1433 1411 1434 1407 1434 2 1434 1412 1435 35 1435 1408 1435 1413 1436 1410 1436 1414 1436 1413 1437 1409 1437 1410 1437 1415 1438 1411 1438 2 1438 1416 1439 35 1439 1412 1439 1417 1440 1415 1440 2 1440 1418 1441 1414 1441 1419 1441 1418 1442 1413 1442 1414 1442 1420 1443 35 1443 1416 1443 1421 1444 1417 1444 2 1444 1422 1445 1418 1445 1419 1445 1422 1446 1419 1446 1423 1446 1424 1447 35 1447 1420 1447 1425 1448 1421 1448 2 1448 1426 1449 1422 1449 1423 1449 1426 1450 1423 1450 1427 1450 1428 1451 1425 1451 2 1451 1429 1452 35 1452 1424 1452 1430 1453 1428 1453 2 1453 1431 1454 1426 1454 1427 1454 1431 1455 1427 1455 1432 1455 1433 1456 35 1456 1429 1456 1434 1457 1432 1457 1435 1457 1434 1458 1431 1458 1432 1458 1436 1459 35 1459 1433 1459 1437 1460 1435 1460 1438 1460 1437 1461 1434 1461 1435 1461 1439 1462 35 1462 1436 1462 1440 1463 1438 1463 1441 1463 1440 1464 1437 1464 1438 1464 1442 1465 35 1465 1439 1465 1443 1466 1441 1466 1444 1466 1443 1467 1440 1467 1441 1467 1445 1468 35 1468 1442 1468 1446 1469 1444 1469 1447 1469 1446 1470 1443 1470 1444 1470 1448 1471 35 1471 1445 1471 1449 1472 1446 1472 1447 1472 1449 1473 1447 1473 1450 1473 1451 1474 35 1474 1448 1474 1452 1475 1450 1475 1453 1475 1452 1476 1449 1476 1450 1476 1454 1477 35 1477 1451 1477 1455 1478 1453 1478 1456 1478 1455 1479 1452 1479 1453 1479 1457 1480 35 1480 1454 1480 1458 1481 1456 1481 1459 1481 1458 1482 1455 1482 1456 1482 1460 1483 35 1483 1457 1483 1461 1484 1458 1484 1459 1484 1461 1485 1459 1485 1462 1485 1463 1486 35 1486 1460 1486 1464 1487 1461 1487 1462 1487 1464 1488 1462 1488 1465 1488 1466 1489 35 1489 1463 1489 1467 1490 1464 1490 1465 1490 1467 1491 1465 1491 1468 1491 1469 1492 35 1492 1466 1492 1470 1493 1468 1493 1471 1493 1470 1494 1467 1494 1468 1494 1472 1495 1471 1495 1473 1495 1472 1496 1470 1496 1471 1496 1474 1497 1472 1497 1473 1497 3 1498 1475 1498 1476 1498 3 1499 1477 1499 1475 1499 3 1500 1478 1500 1477 1500 3 1501 1479 1501 1478 1501 3 1502 1480 1502 1479 1502 3 1503 1481 1503 1480 1503 3 1504 1474 1504 1473 1504 3 1505 1482 1505 1481 1505 3 1506 1483 1506 1482 1506 3 1507 1484 1507 1483 1507 3 1508 1485 1508 1484 1508 3 1509 1486 1509 1485 1509 3 1510 1487 1510 1486 1510 3 1511 1488 1511 1487 1511 3 1512 1489 1512 1488 1512 3 1513 1473 1513 1489 1513 3 1514 1490 1514 1474 1514 3 1515 1491 1515 1490 1515 3 1516 1492 1516 1491 1516 3 1517 1493 1517 1492 1517 3 1518 1494 1518 1493 1518 3 1519 1495 1519 1494 1519 3 1520 1496 1520 1495 1520 3 1521 1497 1521 1496 1521 3 1522 1498 1522 1497 1522 3 1523 1499 1523 1498 1523 3 1524 1500 1524 1499 1524 3 1525 1501 1525 1500 1525 3 1526 1502 1526 1501 1526 3 1527 1503 1527 1502 1527 3 1528 1504 1528 1503 1528 3 1529 1505 1529 1504 1529 3 1530 1506 1530 1505 1530 3 1531 1507 1531 1506 1531 3 1532 1508 1532 1507 1532 3 1533 1509 1533 1508 1533 3 1534 1510 1534 1509 1534 3 1535 1511 1535 1510 1535 3 1536 1512 1536 1511 1536 3 1537 1513 1537 1512 1537 3 1538 1514 1538 1513 1538 3 1539 1515 1539 1514 1539 3 1540 1516 1540 1515 1540 3 1541 1517 1541 1516 1541 3 1542 1518 1542 1517 1542 3 1543 1430 1543 2 1543 3 1544 1519 1544 1430 1544 3 1545 1520 1545 1519 1545 3 1546 1521 1546 1520 1546 3 1547 1522 1547 1521 1547 3 1548 1523 1548 1522 1548 3 1549 1524 1549 1523 1549 3 1550 1476 1550 1524 1550 3 1551 35 1551 1525 1551 1525 1552 35 1552 1526 1552 1526 1553 35 1553 1527 1553 1527 1554 35 1554 1469 1554 3 1555 1525 1555 1528 1555 3 1556 1528 1556 1518 1556 25 1557 22 1557 440 1557 440 1558 22 1558 61 1558 57 1559 7 1559 693 1559 57 1560 693 1560 705 1560 1529 1561 53 1561 1530 1561 1530 1562 54 1562 1531 1562 53 1563 54 1563 1530 1563 1531 1564 55 1564 1532 1564 54 1565 55 1565 1531 1565 1532 1566 56 1566 1533 1566 55 1567 56 1567 1532 1567 1533 1568 46 1568 1534 1568 56 1569 46 1569 1533 1569 1534 1570 45 1570 1535 1570 46 1571 45 1571 1534 1571 1535 1572 44 1572 1536 1572 45 1573 44 1573 1535 1573 1536 1574 43 1574 1537 1574 44 1575 43 1575 1536 1575 1537 1576 42 1576 1538 1576 43 1577 42 1577 1537 1577 1538 1578 41 1578 1539 1578 42 1579 41 1579 1538 1579 1539 1580 40 1580 1540 1580 41 1581 40 1581 1539 1581 40 1582 34 1582 1540 1582 1540 1583 34 1583 1541 1583 34 1584 36 1584 1541 1584 1541 1585 36 1585 1542 1585 36 1586 37 1586 1542 1586 1542 1587 37 1587 1543 1587 37 1588 38 1588 1543 1588 1543 1589 38 1589 1544 1589 38 1590 39 1590 1544 1590 1544 1591 39 1591 1545 1591 39 1592 33 1592 1545 1592 1545 1593 33 1593 1546 1593 33 1594 32 1594 1546 1594 1546 1595 32 1595 1547 1595 32 1596 31 1596 1547 1596 1547 1597 31 1597 1548 1597 31 1598 30 1598 1548 1598 1548 1599 30 1599 1549 1599 30 1600 29 1600 1549 1600 1549 1601 29 1601 1550 1601 29 1602 28 1602 1550 1602 1550 1603 28 1603 1551 1603 28 1604 27 1604 1551 1604 1551 1605 27 1605 1552 1605 27 1606 26 1606 1552 1606 1552 1607 26 1607 1553 1607 26 1608 23 1608 1553 1608 1553 1609 23 1609 1554 1609 23 1610 24 1610 1554 1610 1554 1611 24 1611 1555 1611 24 1612 21 1612 1555 1612 1555 1613 21 1613 1556 1613 21 1614 20 1614 1556 1614 1556 1615 20 1615 1557 1615 20 1616 19 1616 1557 1616 1557 1617 19 1617 1558 1617 1558 1618 18 1618 1559 1618 19 1619 18 1619 1558 1619 1559 1620 17 1620 1560 1620 18 1621 17 1621 1559 1621 1560 1622 16 1622 1561 1622 17 1623 16 1623 1560 1623 1561 1624 15 1624 1562 1624 16 1625 15 1625 1561 1625 1562 1626 6 1626 1563 1626 15 1627 6 1627 1562 1627 1563 1628 8 1628 1564 1628 6 1629 8 1629 1563 1629 1564 1630 9 1630 1565 1630 8 1631 9 1631 1564 1631 9 1632 10 1632 1565 1632 1565 1633 10 1633 1566 1633 10 1634 11 1634 1566 1634 1566 1635 11 1635 1567 1635 11 1636 12 1636 1567 1636 1567 1637 12 1637 1568 1637 12 1638 13 1638 1568 1638 1568 1639 13 1639 1569 1639 13 1640 14 1640 1569 1640 1569 1641 14 1641 1570 1641 14 1642 60 1642 1570 1642 1570 1643 60 1643 1571 1643 60 1644 59 1644 1571 1644 1571 1645 59 1645 1572 1645 59 1646 58 1646 1572 1646 1572 1647 58 1647 1573 1647 58 1648 57 1648 1573 1648 1573 1649 57 1649 1574 1649 705 1650 701 1650 57 1650 57 1651 701 1651 1574 1651 1574 1652 701 1652 1575 1652 701 1653 696 1653 1575 1653 1575 1654 696 1654 1576 1654 696 1655 695 1655 1576 1655 1576 1656 695 1656 1577 1656 695 1657 699 1657 1577 1657 699 1658 698 1658 1577 1658 1577 1659 698 1659 1578 1659 698 1660 703 1660 1578 1660 1578 1661 703 1661 1579 1661 703 1662 707 1662 1579 1662 1579 1663 707 1663 1580 1663 707 1664 710 1664 1580 1664 1580 1665 710 1665 1581 1665 710 1666 713 1666 1581 1666 1581 1667 713 1667 1582 1667 713 1668 716 1668 1582 1668 1582 1669 716 1669 1583 1669 1583 1670 719 1670 1584 1670 716 1671 719 1671 1583 1671 1584 1672 722 1672 1585 1672 719 1673 722 1673 1584 1673 1585 1674 725 1674 1586 1674 722 1675 725 1675 1585 1675 1586 1676 728 1676 1587 1676 725 1677 728 1677 1586 1677 1587 1678 731 1678 1588 1678 728 1679 731 1679 1587 1679 1588 1680 734 1680 1589 1680 731 1681 734 1681 1588 1681 734 1682 737 1682 1589 1682 1589 1683 737 1683 1590 1683 1590 1684 740 1684 1591 1684 737 1685 740 1685 1590 1685 740 1686 743 1686 1591 1686 1591 1687 743 1687 1592 1687 1592 1688 746 1688 1593 1688 743 1689 746 1689 1592 1689 1593 1690 749 1690 1594 1690 746 1691 749 1691 1593 1691 1594 1692 752 1692 1595 1692 749 1693 752 1693 1594 1693 1595 1694 755 1694 1596 1694 752 1695 755 1695 1595 1695 1596 1696 785 1696 1597 1696 755 1697 785 1697 1596 1697 1597 1698 802 1698 1598 1698 785 1699 802 1699 1597 1699 1598 1700 808 1700 1599 1700 802 1701 808 1701 1598 1701 1599 1702 811 1702 1600 1702 808 1703 811 1703 1599 1703 1600 1704 816 1704 1601 1704 811 1705 816 1705 1600 1705 1601 1706 841 1706 1602 1706 816 1707 841 1707 1601 1707 1602 1708 896 1708 1603 1708 841 1709 896 1709 1602 1709 1603 1710 922 1710 1604 1710 896 1711 922 1711 1603 1711 1604 1712 947 1712 1605 1712 922 1713 947 1713 1604 1713 1605 1714 955 1714 1606 1714 947 1715 955 1715 1605 1715 1606 1716 964 1716 1607 1716 955 1717 964 1717 1606 1717 1607 1718 967 1718 1608 1718 964 1719 967 1719 1607 1719 1608 1720 969 1720 1609 1720 967 1721 969 1721 1608 1721 1609 1722 971 1722 1610 1722 969 1723 971 1723 1609 1723 1610 1724 973 1724 1611 1724 971 1725 973 1725 1610 1725 1611 1726 975 1726 1612 1726 973 1727 975 1727 1611 1727 1612 1728 1056 1728 1613 1728 975 1729 1056 1729 1612 1729 1613 1730 1060 1730 1614 1730 1056 1731 1060 1731 1613 1731 1060 1732 1063 1732 1614 1732 1614 1733 1063 1733 1615 1733 1063 1734 1066 1734 1615 1734 1615 1735 1066 1735 1616 1735 1066 1736 1069 1736 1616 1736 1616 1737 1069 1737 1617 1737 1069 1738 1072 1738 1617 1738 1617 1739 1072 1739 1618 1739 1072 1740 1076 1740 1618 1740 1618 1741 1076 1741 1619 1741 1076 1742 1078 1742 1619 1742 1619 1743 1078 1743 1620 1743 1078 1744 1080 1744 1620 1744 1620 1745 1080 1745 1621 1745 1080 1746 1082 1746 1621 1746 1621 1747 1082 1747 1622 1747 1082 1748 1084 1748 1622 1748 1622 1749 1084 1749 1623 1749 1084 1750 1090 1750 1623 1750 1623 1751 1090 1751 1624 1751 1090 1752 1092 1752 1624 1752 1624 1753 1092 1753 1625 1753 1625 1754 1094 1754 1626 1754 1092 1755 1094 1755 1625 1755 1626 1756 1096 1756 1627 1756 1094 1757 1096 1757 1626 1757 1627 1758 1098 1758 1628 1758 1096 1759 1098 1759 1627 1759 1628 1760 1100 1760 1629 1760 1098 1761 1100 1761 1628 1761 1629 1762 1111 1762 1630 1762 1100 1763 1111 1763 1629 1763 1630 1764 1115 1764 1631 1764 1111 1765 1115 1765 1630 1765 1631 1766 1119 1766 1632 1766 1115 1767 1119 1767 1631 1767 1632 1768 1123 1768 1633 1768 1119 1769 1123 1769 1632 1769 1633 1770 1127 1770 1634 1770 1123 1771 1127 1771 1633 1771 1634 1772 1131 1772 1635 1772 1127 1773 1131 1773 1634 1773 1635 1774 1135 1774 1636 1774 1131 1775 1135 1775 1635 1775 1636 1776 1139 1776 1637 1776 1135 1777 1139 1777 1636 1777 1637 1778 1143 1778 1638 1778 1139 1779 1143 1779 1637 1779 1638 1780 1147 1780 1639 1780 1143 1781 1147 1781 1638 1781 1147 1782 1149 1782 1639 1782 1639 1783 1149 1783 1640 1783 1149 1784 1145 1784 1640 1784 1640 1785 1145 1785 1641 1785 1145 1786 1141 1786 1641 1786 1641 1787 1141 1787 1642 1787 1141 1788 1137 1788 1642 1788 1642 1789 1137 1789 1643 1789 1137 1790 1133 1790 1643 1790 1643 1791 1133 1791 1644 1791 1133 1792 1129 1792 1644 1792 1644 1793 1129 1793 1645 1793 1129 1794 1125 1794 1645 1794 1645 1795 1125 1795 1646 1795 1125 1796 1121 1796 1646 1796 1646 1797 1121 1797 1647 1797 1121 1798 1117 1798 1647 1798 1647 1799 1117 1799 1648 1799 1117 1800 1113 1800 1648 1800 1113 1801 47 1801 1648 1801 1648 1802 47 1802 1649 1802 1649 1803 47 1803 1650 1803 1113 1804 1102 1804 47 1804 1650 1805 48 1805 1651 1805 47 1806 48 1806 1650 1806 48 1807 49 1807 1651 1807 1651 1808 49 1808 1652 1808 49 1809 50 1809 1652 1809 1652 1810 50 1810 1653 1810 50 1811 51 1811 1653 1811 1653 1812 51 1812 1654 1812 51 1813 52 1813 1654 1813 1654 1814 52 1814 1529 1814 52 1815 53 1815 1529 1815 35 1816 1102 1816 1014 1816 35 1817 47 1817 1102 1817 1182 1818 1180 1818 93 1818 93 1819 1180 1819 91 1819 91 1820 1178 1820 89 1820 89 1821 1178 1821 87 1821 1180 1822 1178 1822 91 1822 1178 1823 1176 1823 87 1823 87 1824 1174 1824 85 1824 85 1825 1174 1825 83 1825 1176 1826 1174 1826 87 1826 1174 1827 1172 1827 83 1827 83 1828 1170 1828 81 1828 1172 1829 1170 1829 83 1829 81 1830 1168 1830 79 1830 79 1831 1168 1831 77 1831 1170 1832 1168 1832 81 1832 1168 1833 1166 1833 77 1833 77 1834 1164 1834 75 1834 1166 1835 1164 1835 77 1835 75 1836 1162 1836 73 1836 1164 1837 1162 1837 75 1837 1162 1838 1160 1838 73 1838 73 1839 1160 1839 71 1839 71 1840 1160 1840 69 1840 1160 1841 1158 1841 69 1841 1158 1842 1156 1842 69 1842 69 1843 1156 1843 67 1843 1156 1844 1154 1844 67 1844 67 1845 1154 1845 65 1845 65 1846 1151 1846 62 1846 62 1847 1151 1847 63 1847 1154 1848 1151 1848 65 1848 1151 1849 1152 1849 63 1849 63 1850 1153 1850 64 1850 1152 1851 1153 1851 63 1851 64 1852 1155 1852 66 1852 66 1853 1155 1853 68 1853 1153 1854 1155 1854 64 1854 1155 1855 1157 1855 68 1855 68 1856 1159 1856 70 1856 1157 1857 1159 1857 68 1857 70 1858 1161 1858 72 1858 1159 1859 1161 1859 70 1859 72 1860 1163 1860 74 1860 1161 1861 1163 1861 72 1861 74 1862 1165 1862 76 1862 1163 1863 1165 1863 74 1863 76 1864 1167 1864 78 1864 1165 1865 1167 1865 76 1865 78 1866 1169 1866 80 1866 1167 1867 1169 1867 78 1867 80 1868 1171 1868 82 1868 1169 1869 1171 1869 80 1869 82 1870 1173 1870 84 1870 1171 1871 1173 1871 82 1871 84 1872 1175 1872 86 1872 86 1873 1175 1873 88 1873 1173 1874 1175 1874 84 1874 1175 1875 1177 1875 88 1875 88 1876 1179 1876 90 1876 1177 1877 1179 1877 88 1877 90 1878 1181 1878 92 1878 1179 1879 1181 1879 90 1879 92 1880 1183 1880 234 1880 1181 1881 1183 1881 92 1881 234 1882 1185 1882 235 1882 1183 1883 1185 1883 234 1883 235 1884 1186 1884 236 1884 1185 1885 1186 1885 235 1885 236 1886 1187 1886 237 1886 1186 1887 1187 1887 236 1887 237 1888 1188 1888 156 1888 1187 1889 1188 1889 237 1889 156 1890 1189 1890 152 1890 152 1891 1189 1891 148 1891 1188 1892 1189 1892 156 1892 1189 1893 1190 1893 148 1893 148 1894 1190 1894 141 1894 1190 1895 1191 1895 141 1895 1191 1896 1218 1896 141 1896 141 1897 1218 1897 137 1897 1218 1898 1214 1898 137 1898 137 1899 1214 1899 136 1899 1214 1900 1213 1900 136 1900 136 1901 1213 1901 132 1901 1213 1902 1209 1902 132 1902 132 1903 1209 1903 125 1903 1209 1904 1205 1904 125 1904 125 1905 1205 1905 123 1905 1205 1906 1202 1906 123 1906 123 1907 1202 1907 117 1907 1202 1908 1197 1908 117 1908 117 1909 1197 1909 116 1909 116 1910 1197 1910 111 1910 1197 1911 1194 1911 111 1911 111 1912 1193 1912 114 1912 1194 1913 1193 1913 111 1913 114 1914 1199 1914 119 1914 1193 1915 1199 1915 114 1915 119 1916 1200 1916 122 1916 122 1917 1200 1917 126 1917 1199 1918 1200 1918 119 1918 1200 1919 1207 1919 126 1919 126 1920 1211 1920 130 1920 130 1921 1211 1921 133 1921 1207 1922 1211 1922 126 1922 1211 1923 1216 1923 133 1923 133 1924 1220 1924 139 1924 139 1925 1220 1925 142 1925 1216 1926 1220 1926 133 1926 1220 1927 1223 1927 142 1927 142 1928 1224 1928 145 1928 1223 1929 1224 1929 142 1929 145 1930 1229 1930 149 1930 149 1931 1229 1931 154 1931 1224 1932 1229 1932 145 1932 1229 1933 1232 1933 154 1933 154 1934 1235 1934 157 1934 1232 1935 1235 1935 154 1935 157 1936 1238 1936 159 1936 1235 1937 1238 1937 157 1937 159 1938 1241 1938 161 1938 1238 1939 1241 1939 159 1939 1241 1940 1242 1940 161 1940 161 1941 1242 1941 163 1941 163 1942 1242 1942 165 1942 1242 1943 1247 1943 165 1943 165 1944 1247 1944 167 1944 1247 1945 1250 1945 167 1945 1250 1946 1253 1946 167 1946 167 1947 1253 1947 170 1947 170 1948 1253 1948 171 1948 1253 1949 1256 1949 171 1949 171 1950 1256 1950 174 1950 1256 1951 1259 1951 174 1951 174 1952 1259 1952 176 1952 1259 1953 1262 1953 176 1953 1262 1954 1265 1954 176 1954 176 1955 1265 1955 177 1955 177 1956 1265 1956 180 1956 1265 1957 1268 1957 180 1957 1268 1958 1271 1958 180 1958 180 1959 1271 1959 182 1959 1271 1960 1296 1960 182 1960 182 1961 1296 1961 184 1961 184 1962 1296 1962 266 1962 1296 1963 1361 1963 266 1963 1361 1964 1356 1964 266 1964 266 1965 1356 1965 261 1965 1356 1966 1351 1966 261 1966 261 1967 1351 1967 256 1967 1351 1968 1347 1968 256 1968 256 1969 1347 1969 231 1969 231 1970 1347 1970 227 1970 1347 1971 1342 1971 227 1971 1342 1972 1338 1972 227 1972 227 1973 1338 1973 223 1973 1338 1974 1334 1974 223 1974 223 1975 1334 1975 219 1975 219 1976 1334 1976 215 1976 1334 1977 1329 1977 215 1977 1329 1978 1325 1978 215 1978 215 1979 1325 1979 211 1979 1325 1980 1320 1980 211 1980 211 1981 1320 1981 207 1981 207 1982 1316 1982 203 1982 1320 1983 1316 1983 207 1983 203 1984 1316 1984 199 1984 1316 1985 1312 1985 199 1985 199 1986 1308 1986 195 1986 1312 1987 1308 1987 199 1987 195 1988 1304 1988 191 1988 1308 1989 1304 1989 195 1989 191 1990 1300 1990 187 1990 1304 1991 1300 1991 191 1991 1300 1992 1299 1992 187 1992 187 1993 1299 1993 185 1993 1299 1994 1302 1994 185 1994 185 1995 1302 1995 189 1995 1302 1996 1306 1996 189 1996 189 1997 1306 1997 193 1997 1306 1998 1310 1998 193 1998 193 1999 1310 1999 197 1999 197 2000 1310 2000 201 2000 1310 2001 1314 2001 201 2001 1314 2002 1318 2002 201 2002 201 2003 1318 2003 205 2003 1318 2004 1323 2004 205 2004 205 2005 1323 2005 209 2005 1323 2006 1327 2006 209 2006 209 2007 1327 2007 213 2007 1327 2008 1331 2008 213 2008 213 2009 1331 2009 217 2009 1331 2010 1336 2010 217 2010 217 2011 1336 2011 220 2011 1336 2012 1340 2012 220 2012 220 2013 1340 2013 224 2013 1340 2014 1345 2014 224 2014 224 2015 1345 2015 228 2015 228 2016 1349 2016 232 2016 1345 2017 1349 2017 228 2017 232 2018 1354 2018 258 2018 1349 2019 1354 2019 232 2019 258 2020 1358 2020 263 2020 1354 2021 1358 2021 258 2021 263 2022 1274 2022 267 2022 1358 2023 1274 2023 263 2023 267 2024 1273 2024 271 2024 271 2025 1273 2025 275 2025 1274 2026 1273 2026 267 2026 1273 2027 1275 2027 275 2027 275 2028 1276 2028 280 2028 1275 2029 1276 2029 275 2029 280 2030 1277 2030 285 2030 1276 2031 1277 2031 280 2031 285 2032 1278 2032 290 2032 1277 2033 1278 2033 285 2033 290 2034 1279 2034 110 2034 1278 2035 1279 2035 290 2035 110 2036 1280 2036 109 2036 1279 2037 1280 2037 110 2037 109 2038 1281 2038 108 2038 1280 2039 1281 2039 109 2039 1281 2040 1282 2040 108 2040 108 2041 1282 2041 107 2041 1282 2042 1283 2042 107 2042 107 2043 1283 2043 106 2043 1283 2044 1284 2044 106 2044 106 2045 1284 2045 105 2045 1284 2046 1285 2046 105 2046 105 2047 1285 2047 104 2047 1285 2048 1286 2048 104 2048 104 2049 1286 2049 103 2049 103 2050 1287 2050 102 2050 1286 2051 1287 2051 103 2051 102 2052 1288 2052 101 2052 1287 2053 1288 2053 102 2053 101 2054 1289 2054 100 2054 100 2055 1289 2055 99 2055 1288 2056 1289 2056 101 2056 1289 2057 1290 2057 99 2057 99 2058 1291 2058 98 2058 1290 2059 1291 2059 99 2059 98 2060 1292 2060 97 2060 1291 2061 1292 2061 98 2061 97 2062 1293 2062 96 2062 1292 2063 1293 2063 97 2063 96 2064 1294 2064 95 2064 1293 2065 1294 2065 96 2065 95 2066 1184 2066 94 2066 94 2067 1184 2067 93 2067 1294 2068 1184 2068 95 2068 1184 2069 1182 2069 93 2069 1246 2070 1244 2070 166 2070 166 2071 1244 2071 164 2071 164 2072 1240 2072 162 2072 162 2073 1240 2073 160 2073 1244 2074 1240 2074 164 2074 1240 2075 1237 2075 160 2075 160 2076 1234 2076 158 2076 158 2077 1234 2077 153 2077 1237 2078 1234 2078 160 2078 1234 2079 1231 2079 153 2079 153 2080 1228 2080 150 2080 1231 2081 1228 2081 153 2081 150 2082 1226 2082 146 2082 146 2083 1226 2083 143 2083 1228 2084 1226 2084 150 2084 1226 2085 1222 2085 143 2085 143 2086 1219 2086 138 2086 1222 2087 1219 2087 143 2087 138 2088 1215 2088 134 2088 1219 2089 1215 2089 138 2089 1215 2090 1210 2090 134 2090 134 2091 1210 2091 129 2091 129 2092 1210 2092 127 2092 1210 2093 1206 2093 127 2093 1206 2094 1203 2094 127 2094 127 2095 1203 2095 121 2095 1203 2096 1198 2096 121 2096 121 2097 1198 2097 118 2097 118 2098 1192 2098 112 2098 112 2099 1192 2099 113 2099 1198 2100 1192 2100 118 2100 1192 2101 1195 2101 113 2101 113 2102 1196 2102 115 2102 1195 2103 1196 2103 113 2103 115 2104 1201 2104 120 2104 120 2105 1201 2105 124 2105 1196 2106 1201 2106 115 2106 1201 2107 1204 2107 124 2107 124 2108 1208 2108 128 2108 1204 2109 1208 2109 124 2109 128 2110 1212 2110 131 2110 1208 2111 1212 2111 128 2111 131 2112 1217 2112 135 2112 1212 2113 1217 2113 131 2113 135 2114 1221 2114 140 2114 1217 2115 1221 2115 135 2115 140 2116 1225 2116 144 2116 1221 2117 1225 2117 140 2117 144 2118 1227 2118 147 2118 1225 2119 1227 2119 144 2119 147 2120 1230 2120 151 2120 1227 2121 1230 2121 147 2121 151 2122 1233 2122 155 2122 1230 2123 1233 2123 151 2123 155 2124 1236 2124 238 2124 238 2125 1236 2125 239 2125 1233 2126 1236 2126 155 2126 1236 2127 1239 2127 239 2127 239 2128 1243 2128 240 2128 1239 2129 1243 2129 239 2129 240 2130 1245 2130 241 2130 1243 2131 1245 2131 240 2131 241 2132 1248 2132 242 2132 1245 2133 1248 2133 241 2133 242 2134 1251 2134 243 2134 1248 2135 1251 2135 242 2135 243 2136 1254 2136 244 2136 1251 2137 1254 2137 243 2137 244 2138 1257 2138 245 2138 1254 2139 1257 2139 244 2139 245 2140 1260 2140 246 2140 1257 2141 1260 2141 245 2141 246 2142 1263 2142 247 2142 247 2143 1263 2143 248 2143 1260 2144 1263 2144 246 2144 1263 2145 1266 2145 248 2145 248 2146 1266 2146 249 2146 1266 2147 1269 2147 249 2147 1269 2148 1272 2148 249 2148 249 2149 1272 2149 250 2149 1272 2150 1297 2150 250 2150 250 2151 1297 2151 251 2151 1297 2152 1321 2152 251 2152 251 2153 1321 2153 252 2153 1321 2154 1332 2154 252 2154 252 2155 1332 2155 253 2155 1332 2156 1343 2156 253 2156 253 2157 1343 2157 254 2157 1343 2158 1352 2158 254 2158 254 2159 1352 2159 257 2159 1352 2160 1359 2160 257 2160 257 2161 1359 2161 264 2161 264 2162 1359 2162 270 2162 1359 2163 1364 2163 270 2163 270 2164 1369 2164 277 2164 1364 2165 1369 2165 270 2165 277 2166 1373 2166 282 2166 1369 2167 1373 2167 277 2167 282 2168 1379 2168 289 2168 289 2169 1379 2169 294 2169 1373 2170 1379 2170 282 2170 1379 2171 1383 2171 294 2171 294 2172 1387 2172 298 2172 298 2173 1387 2173 302 2173 1383 2174 1387 2174 294 2174 1387 2175 1391 2175 302 2175 302 2176 1396 2176 307 2176 307 2177 1396 2177 311 2177 1391 2178 1396 2178 302 2178 1396 2179 1400 2179 311 2179 311 2180 1403 2180 314 2180 1400 2181 1403 2181 311 2181 314 2182 1407 2182 318 2182 318 2183 1407 2183 322 2183 1403 2184 1407 2184 314 2184 1407 2185 1411 2185 322 2185 322 2186 1415 2186 326 2186 1411 2187 1415 2187 322 2187 326 2188 1417 2188 328 2188 1415 2189 1417 2189 326 2189 328 2190 1421 2190 332 2190 1417 2191 1421 2191 328 2191 1421 2192 1425 2192 332 2192 332 2193 1425 2193 336 2193 336 2194 1425 2194 339 2194 1425 2195 1428 2195 339 2195 339 2196 1428 2196 341 2196 1428 2197 1430 2197 341 2197 1430 2198 1519 2198 341 2198 341 2199 1519 2199 345 2199 345 2200 1519 2200 348 2200 1519 2201 1520 2201 348 2201 348 2202 1520 2202 426 2202 1520 2203 1521 2203 426 2203 426 2204 1521 2204 427 2204 1521 2205 1522 2205 427 2205 1522 2206 1523 2206 427 2206 427 2207 1523 2207 428 2207 428 2208 1523 2208 429 2208 1523 2209 1524 2209 429 2209 1524 2210 1476 2210 429 2210 429 2211 1476 2211 381 2211 1476 2212 1475 2212 381 2212 381 2213 1475 2213 380 2213 380 2214 1475 2214 382 2214 1475 2215 1477 2215 382 2215 1477 2216 1478 2216 382 2216 382 2217 1478 2217 383 2217 1478 2218 1479 2218 383 2218 383 2219 1479 2219 384 2219 1479 2220 1480 2220 384 2220 384 2221 1480 2221 385 2221 385 2222 1480 2222 386 2222 1480 2223 1481 2223 386 2223 1481 2224 1482 2224 386 2224 386 2225 1482 2225 387 2225 1482 2226 1483 2226 387 2226 387 2227 1483 2227 388 2227 388 2228 1483 2228 389 2228 1483 2229 1484 2229 389 2229 1484 2230 1485 2230 389 2230 389 2231 1485 2231 390 2231 1485 2232 1486 2232 390 2232 390 2233 1486 2233 391 2233 391 2234 1487 2234 392 2234 1486 2235 1487 2235 391 2235 392 2236 1487 2236 393 2236 1487 2237 1488 2237 393 2237 393 2238 1489 2238 394 2238 1488 2239 1489 2239 393 2239 394 2240 1473 2240 378 2240 1489 2241 1473 2241 394 2241 378 2242 1471 2242 376 2242 1473 2243 1471 2243 378 2243 1471 2244 1468 2244 376 2244 376 2245 1468 2245 374 2245 1468 2246 1465 2246 374 2246 374 2247 1465 2247 372 2247 1465 2248 1462 2248 372 2248 372 2249 1462 2249 370 2249 1462 2250 1459 2250 370 2250 370 2251 1459 2251 368 2251 368 2252 1459 2252 366 2252 1459 2253 1456 2253 366 2253 1456 2254 1453 2254 366 2254 366 2255 1453 2255 364 2255 1453 2256 1450 2256 364 2256 364 2257 1450 2257 362 2257 1450 2258 1447 2258 362 2258 362 2259 1447 2259 360 2259 1447 2260 1444 2260 360 2260 360 2261 1444 2261 357 2261 1444 2262 1441 2262 357 2262 357 2263 1441 2263 354 2263 1441 2264 1438 2264 354 2264 354 2265 1438 2265 351 2265 1438 2266 1435 2266 351 2266 351 2267 1435 2267 347 2267 347 2268 1432 2268 343 2268 1435 2269 1432 2269 347 2269 343 2270 1427 2270 338 2270 1432 2271 1427 2271 343 2271 338 2272 1423 2272 334 2272 1427 2273 1423 2273 338 2273 334 2274 1419 2274 330 2274 1423 2275 1419 2275 334 2275 330 2276 1414 2276 325 2276 325 2277 1414 2277 321 2277 1419 2278 1414 2278 330 2278 1414 2279 1410 2279 321 2279 321 2280 1406 2280 317 2280 1410 2281 1406 2281 321 2281 317 2282 1402 2282 313 2282 1406 2283 1402 2283 317 2283 313 2284 1398 2284 309 2284 1402 2285 1398 2285 313 2285 309 2286 1394 2286 305 2286 1398 2287 1394 2287 309 2287 305 2288 1390 2288 301 2288 1394 2289 1390 2289 305 2289 301 2290 1386 2290 297 2290 1390 2291 1386 2291 301 2291 1386 2292 1382 2292 297 2292 297 2293 1382 2293 293 2293 1382 2294 1378 2294 293 2294 293 2295 1378 2295 288 2295 1378 2296 1375 2296 288 2296 288 2297 1375 2297 284 2297 1375 2298 1371 2298 284 2298 284 2299 1371 2299 279 2299 1371 2300 1367 2300 279 2300 279 2301 1367 2301 274 2301 274 2302 1295 2302 183 2302 1367 2303 1295 2303 274 2303 183 2304 1270 2304 181 2304 1295 2305 1270 2305 183 2305 181 2306 1267 2306 179 2306 179 2307 1267 2307 178 2307 1270 2308 1267 2308 181 2308 1267 2309 1264 2309 178 2309 178 2310 1261 2310 175 2310 1264 2311 1261 2311 178 2311 175 2312 1258 2312 173 2312 1261 2313 1258 2313 175 2313 173 2314 1255 2314 172 2314 1258 2315 1255 2315 173 2315 172 2316 1252 2316 169 2316 1255 2317 1252 2317 172 2317 169 2318 1249 2318 168 2318 168 2319 1249 2319 166 2319 1252 2320 1249 2320 169 2320 1249 2321 1246 2321 166 2321 1365 2322 1362 2322 272 2322 272 2323 1362 2323 268 2323 268 2324 1357 2324 262 2324 262 2325 1357 2325 259 2325 1362 2326 1357 2326 268 2326 1357 2327 1353 2327 259 2327 259 2328 1348 2328 233 2328 233 2329 1348 2329 229 2329 1353 2330 1348 2330 259 2330 1348 2331 1344 2331 229 2331 229 2332 1339 2332 225 2332 1344 2333 1339 2333 229 2333 225 2334 1335 2334 221 2334 221 2335 1335 2335 216 2335 1339 2336 1335 2336 225 2336 1335 2337 1330 2337 216 2337 216 2338 1326 2338 212 2338 1330 2339 1326 2339 216 2339 212 2340 1322 2340 208 2340 1326 2341 1322 2341 212 2341 1322 2342 1317 2342 208 2342 208 2343 1317 2343 204 2343 204 2344 1317 2344 200 2344 1317 2345 1313 2345 200 2345 1313 2346 1309 2346 200 2346 200 2347 1309 2347 196 2347 1309 2348 1305 2348 196 2348 196 2349 1305 2349 192 2349 192 2350 1301 2350 188 2350 188 2351 1301 2351 186 2351 1305 2352 1301 2352 192 2352 1301 2353 1298 2353 186 2353 186 2354 1303 2354 190 2354 1298 2355 1303 2355 186 2355 190 2356 1307 2356 194 2356 194 2357 1307 2357 198 2357 1303 2358 1307 2358 190 2358 1307 2359 1311 2359 198 2359 198 2360 1315 2360 202 2360 1311 2361 1315 2361 198 2361 202 2362 1319 2362 206 2362 1315 2363 1319 2363 202 2363 206 2364 1324 2364 210 2364 1319 2365 1324 2365 206 2365 210 2366 1328 2366 214 2366 1324 2367 1328 2367 210 2367 214 2368 1333 2368 218 2368 1328 2369 1333 2369 214 2369 218 2370 1337 2370 222 2370 1333 2371 1337 2371 218 2371 222 2372 1341 2372 226 2372 1337 2373 1341 2373 222 2373 226 2374 1346 2374 230 2374 1341 2375 1346 2375 226 2375 230 2376 1350 2376 255 2376 255 2377 1350 2377 260 2377 1346 2378 1350 2378 230 2378 1350 2379 1355 2379 260 2379 260 2380 1360 2380 265 2380 1355 2381 1360 2381 260 2381 265 2382 1363 2382 269 2382 1360 2383 1363 2383 265 2383 269 2384 1366 2384 273 2384 1363 2385 1366 2385 269 2385 273 2386 1370 2386 278 2386 1366 2387 1370 2387 273 2387 278 2388 1374 2388 283 2388 1370 2389 1374 2389 278 2389 283 2390 1377 2390 287 2390 1374 2391 1377 2391 283 2391 287 2392 1381 2392 292 2392 1377 2393 1381 2393 287 2393 292 2394 1385 2394 296 2394 296 2395 1385 2395 300 2395 1381 2396 1385 2396 292 2396 1385 2397 1389 2397 300 2397 300 2398 1389 2398 304 2398 1389 2399 1393 2399 304 2399 1393 2400 1397 2400 304 2400 304 2401 1397 2401 308 2401 1397 2402 1401 2402 308 2402 308 2403 1401 2403 312 2403 1401 2404 1405 2404 312 2404 312 2405 1405 2405 316 2405 1405 2406 1409 2406 316 2406 316 2407 1409 2407 320 2407 1409 2408 1413 2408 320 2408 320 2409 1413 2409 324 2409 1413 2410 1418 2410 324 2410 324 2411 1418 2411 329 2411 1418 2412 1422 2412 329 2412 329 2413 1422 2413 333 2413 333 2414 1422 2414 337 2414 1422 2415 1426 2415 337 2415 337 2416 1431 2416 342 2416 1426 2417 1431 2417 337 2417 342 2418 1434 2418 346 2418 1431 2419 1434 2419 342 2419 346 2420 1437 2420 350 2420 350 2421 1437 2421 353 2421 1434 2422 1437 2422 346 2422 1437 2423 1440 2423 353 2423 353 2424 1443 2424 356 2424 356 2425 1443 2425 359 2425 1440 2426 1443 2426 353 2426 1443 2427 1446 2427 359 2427 359 2428 1449 2428 361 2428 361 2429 1449 2429 363 2429 1446 2430 1449 2430 359 2430 1449 2431 1452 2431 363 2431 363 2432 1455 2432 365 2432 1452 2433 1455 2433 363 2433 365 2434 1458 2434 367 2434 367 2435 1458 2435 369 2435 1455 2436 1458 2436 365 2436 1458 2437 1461 2437 369 2437 369 2438 1464 2438 371 2438 1461 2439 1464 2439 369 2439 371 2440 1467 2440 373 2440 1464 2441 1467 2441 371 2441 373 2442 1470 2442 375 2442 1467 2443 1470 2443 373 2443 1470 2444 1472 2444 375 2444 375 2445 1472 2445 377 2445 377 2446 1472 2446 379 2446 1472 2447 1474 2447 379 2447 379 2448 1474 2448 395 2448 1474 2449 1490 2449 395 2449 1490 2450 1491 2450 395 2450 395 2451 1491 2451 396 2451 396 2452 1491 2452 397 2452 1491 2453 1492 2453 397 2453 397 2454 1492 2454 398 2454 1492 2455 1493 2455 398 2455 398 2456 1493 2456 399 2456 1493 2457 1494 2457 399 2457 1494 2458 1495 2458 399 2458 399 2459 1495 2459 400 2459 400 2460 1495 2460 401 2460 1495 2461 1496 2461 401 2461 1496 2462 1497 2462 401 2462 401 2463 1497 2463 402 2463 1497 2464 1498 2464 402 2464 402 2465 1498 2465 403 2465 403 2466 1498 2466 404 2466 1498 2467 1499 2467 404 2467 1499 2468 1500 2468 404 2468 404 2469 1500 2469 405 2469 1500 2470 1501 2470 405 2470 405 2471 1501 2471 406 2471 1501 2472 1502 2472 406 2472 406 2473 1502 2473 407 2473 407 2474 1502 2474 408 2474 1502 2475 1503 2475 408 2475 1503 2476 1504 2476 408 2476 408 2477 1504 2477 409 2477 1504 2478 1505 2478 409 2478 409 2479 1505 2479 410 2479 410 2480 1505 2480 411 2480 1505 2481 1506 2481 411 2481 1506 2482 1507 2482 411 2482 411 2483 1507 2483 412 2483 1507 2484 1508 2484 412 2484 412 2485 1508 2485 413 2485 413 2486 1509 2486 414 2486 1508 2487 1509 2487 413 2487 414 2488 1509 2488 415 2488 1509 2489 1510 2489 415 2489 415 2490 1511 2490 416 2490 1510 2491 1511 2491 415 2491 416 2492 1512 2492 417 2492 1511 2493 1512 2493 416 2493 417 2494 1513 2494 418 2494 1512 2495 1513 2495 417 2495 1513 2496 1514 2496 418 2496 418 2497 1514 2497 419 2497 1514 2498 1515 2498 419 2498 419 2499 1515 2499 420 2499 1515 2500 1516 2500 420 2500 420 2501 1516 2501 421 2501 1516 2502 1517 2502 421 2502 421 2503 1517 2503 422 2503 422 2504 1517 2504 423 2504 1517 2505 1518 2505 423 2505 1518 2506 1528 2506 423 2506 423 2507 1528 2507 424 2507 1528 2508 1525 2508 424 2508 424 2509 1525 2509 425 2509 1525 2510 1526 2510 425 2510 425 2511 1526 2511 430 2511 1526 2512 1527 2512 430 2512 430 2513 1527 2513 431 2513 1527 2514 1469 2514 431 2514 431 2515 1469 2515 432 2515 1469 2516 1466 2516 432 2516 432 2517 1466 2517 433 2517 1466 2518 1463 2518 433 2518 433 2519 1463 2519 434 2519 434 2520 1460 2520 435 2520 1463 2521 1460 2521 434 2521 435 2522 1457 2522 436 2522 1460 2523 1457 2523 435 2523 436 2524 1454 2524 437 2524 1457 2525 1454 2525 436 2525 437 2526 1451 2526 438 2526 1454 2527 1451 2527 437 2527 438 2528 1448 2528 439 2528 439 2529 1448 2529 358 2529 1451 2530 1448 2530 438 2530 1448 2531 1445 2531 358 2531 358 2532 1442 2532 355 2532 1445 2533 1442 2533 358 2533 355 2534 1439 2534 352 2534 1442 2535 1439 2535 355 2535 352 2536 1436 2536 349 2536 1439 2537 1436 2537 352 2537 349 2538 1433 2538 344 2538 1436 2539 1433 2539 349 2539 344 2540 1429 2540 340 2540 1433 2541 1429 2541 344 2541 340 2542 1424 2542 335 2542 1429 2543 1424 2543 340 2543 1424 2544 1420 2544 335 2544 335 2545 1420 2545 331 2545 1420 2546 1416 2546 331 2546 331 2547 1416 2547 327 2547 1416 2548 1412 2548 327 2548 327 2549 1412 2549 323 2549 1412 2550 1408 2550 323 2550 323 2551 1408 2551 319 2551 1408 2552 1404 2552 319 2552 319 2553 1404 2553 315 2553 315 2554 1399 2554 310 2554 1404 2555 1399 2555 315 2555 310 2556 1395 2556 306 2556 1399 2557 1395 2557 310 2557 306 2558 1392 2558 303 2558 303 2559 1392 2559 299 2559 1395 2560 1392 2560 306 2560 1392 2561 1388 2561 299 2561 299 2562 1384 2562 295 2562 1388 2563 1384 2563 299 2563 295 2564 1380 2564 291 2564 1384 2565 1380 2565 295 2565 291 2566 1376 2566 286 2566 1380 2567 1376 2567 291 2567 286 2568 1372 2568 281 2568 1376 2569 1372 2569 286 2569 281 2570 1368 2570 276 2570 276 2571 1368 2571 272 2571 1372 2572 1368 2572 281 2572 1368 2573 1365 2573 272 2573 885 2574 890 2574 572 2574 572 2575 890 2575 574 2575 574 2576 892 2576 577 2576 890 2577 892 2577 574 2577 577 2578 894 2578 579 2578 892 2579 894 2579 577 2579 579 2580 898 2580 581 2580 894 2581 898 2581 579 2581 581 2582 900 2582 583 2582 898 2583 900 2583 581 2583 583 2584 901 2584 585 2584 585 2585 901 2585 587 2585 900 2586 901 2586 583 2586 901 2587 903 2587 587 2587 587 2588 905 2588 589 2588 903 2589 905 2589 587 2589 589 2590 912 2590 591 2590 905 2591 912 2591 589 2591 591 2592 914 2592 594 2592 912 2593 914 2593 591 2593 914 2594 916 2594 594 2594 594 2595 916 2595 595 2595 916 2596 918 2596 595 2596 595 2597 918 2597 598 2597 918 2598 921 2598 598 2598 598 2599 921 2599 599 2599 921 2600 924 2600 599 2600 599 2601 924 2601 602 2601 602 2602 926 2602 603 2602 924 2603 926 2603 602 2603 603 2604 928 2604 605 2604 926 2605 928 2605 603 2605 605 2606 930 2606 607 2606 928 2607 930 2607 605 2607 607 2608 936 2608 609 2608 930 2609 936 2609 607 2609 609 2610 935 2610 611 2610 611 2611 935 2611 613 2611 936 2612 935 2612 609 2612 613 2613 938 2613 615 2613 935 2614 938 2614 613 2614 938 2615 941 2615 615 2615 615 2616 944 2616 616 2616 941 2617 944 2617 615 2617 616 2618 945 2618 619 2618 944 2619 945 2619 616 2619 619 2620 949 2620 621 2620 945 2621 949 2621 619 2621 621 2622 1015 2622 623 2622 949 2623 1015 2623 621 2623 623 2624 1016 2624 625 2624 1015 2625 1016 2625 623 2625 625 2626 1017 2626 513 2626 1016 2627 1017 2627 625 2627 513 2628 1018 2628 512 2628 1017 2629 1018 2629 513 2629 512 2630 1019 2630 511 2630 1018 2631 1019 2631 512 2631 511 2632 1020 2632 510 2632 1019 2633 1020 2633 511 2633 510 2634 1021 2634 509 2634 1020 2635 1021 2635 510 2635 509 2636 1022 2636 508 2636 508 2637 1022 2637 507 2637 1021 2638 1022 2638 509 2638 1022 2639 962 2639 507 2639 507 2640 961 2640 506 2640 962 2641 961 2641 507 2641 506 2642 963 2642 505 2642 961 2643 963 2643 506 2643 505 2644 958 2644 504 2644 963 2645 958 2645 505 2645 504 2646 957 2646 503 2646 958 2647 957 2647 504 2647 957 2648 952 2648 503 2648 503 2649 952 2649 502 2649 952 2650 951 2650 502 2650 502 2651 951 2651 501 2651 951 2652 953 2652 501 2652 501 2653 953 2653 500 2653 953 2654 933 2654 500 2654 500 2655 933 2655 499 2655 499 2656 933 2656 498 2656 933 2657 932 2657 498 2657 932 2658 909 2658 498 2658 498 2659 909 2659 497 2659 909 2660 908 2660 497 2660 497 2661 908 2661 496 2661 908 2662 910 2662 496 2662 496 2663 910 2663 495 2663 910 2664 881 2664 495 2664 495 2665 881 2665 494 2665 881 2666 880 2666 494 2666 494 2667 880 2667 493 2667 493 2668 819 2668 479 2668 880 2669 819 2669 493 2669 479 2670 818 2670 478 2670 819 2671 818 2671 479 2671 478 2672 820 2672 480 2672 818 2673 820 2673 478 2673 480 2674 814 2674 481 2674 820 2675 814 2675 480 2675 481 2676 813 2676 482 2676 814 2677 813 2677 481 2677 482 2678 805 2678 483 2678 813 2679 805 2679 482 2679 483 2680 804 2680 484 2680 805 2681 804 2681 483 2681 484 2682 803 2682 485 2682 804 2683 803 2683 484 2683 485 2684 800 2684 486 2684 803 2685 800 2685 485 2685 486 2686 799 2686 487 2686 800 2687 799 2687 486 2687 487 2688 798 2688 488 2688 799 2689 798 2689 487 2689 488 2690 797 2690 489 2690 798 2691 797 2691 488 2691 489 2692 796 2692 490 2692 797 2693 796 2693 489 2693 490 2694 794 2694 491 2694 796 2695 794 2695 490 2695 794 2696 792 2696 491 2696 491 2697 792 2697 492 2697 792 2698 790 2698 492 2698 492 2699 790 2699 472 2699 790 2700 788 2700 472 2700 472 2701 788 2701 470 2701 788 2702 786 2702 470 2702 470 2703 786 2703 468 2703 786 2704 782 2704 468 2704 468 2705 782 2705 466 2705 782 2706 780 2706 466 2706 466 2707 780 2707 464 2707 780 2708 778 2708 464 2708 464 2709 778 2709 462 2709 778 2710 776 2710 462 2710 462 2711 776 2711 460 2711 776 2712 774 2712 460 2712 460 2713 774 2713 458 2713 774 2714 772 2714 458 2714 458 2715 772 2715 456 2715 772 2716 770 2716 456 2716 456 2717 770 2717 454 2717 770 2718 768 2718 454 2718 454 2719 768 2719 452 2719 452 2720 768 2720 450 2720 768 2721 765 2721 450 2721 765 2722 763 2722 450 2722 450 2723 763 2723 448 2723 763 2724 761 2724 448 2724 448 2725 761 2725 446 2725 761 2726 759 2726 446 2726 446 2727 759 2727 444 2727 759 2728 756 2728 444 2728 444 2729 756 2729 441 2729 756 2730 757 2730 441 2730 441 2731 757 2731 442 2731 757 2732 758 2732 442 2732 442 2733 758 2733 443 2733 758 2734 760 2734 443 2734 443 2735 760 2735 445 2735 760 2736 762 2736 445 2736 445 2737 762 2737 447 2737 447 2738 764 2738 449 2738 762 2739 764 2739 447 2739 449 2740 766 2740 451 2740 764 2741 766 2741 449 2741 451 2742 769 2742 453 2742 766 2743 769 2743 451 2743 453 2744 771 2744 455 2744 769 2745 771 2745 453 2745 455 2746 773 2746 457 2746 771 2747 773 2747 455 2747 773 2748 775 2748 457 2748 457 2749 775 2749 459 2749 775 2750 777 2750 459 2750 459 2751 777 2751 461 2751 777 2752 779 2752 461 2752 461 2753 779 2753 463 2753 779 2754 781 2754 463 2754 463 2755 781 2755 465 2755 781 2756 783 2756 465 2756 465 2757 783 2757 467 2757 783 2758 787 2758 467 2758 467 2759 787 2759 469 2759 787 2760 789 2760 469 2760 469 2761 789 2761 471 2761 789 2762 791 2762 471 2762 471 2763 791 2763 473 2763 791 2764 793 2764 473 2764 473 2765 793 2765 474 2765 793 2766 873 2766 474 2766 474 2767 873 2767 475 2767 873 2768 870 2768 475 2768 475 2769 870 2769 476 2769 870 2770 869 2770 476 2770 476 2771 869 2771 477 2771 477 2772 864 2772 554 2772 869 2773 864 2773 477 2773 554 2774 860 2774 548 2774 864 2775 860 2775 554 2775 548 2776 853 2776 544 2776 860 2777 853 2777 548 2777 544 2778 852 2778 540 2778 853 2779 852 2779 544 2779 540 2780 848 2780 536 2780 852 2781 848 2781 540 2781 536 2782 839 2782 532 2782 848 2783 839 2783 536 2783 532 2784 838 2784 530 2784 839 2785 838 2785 532 2785 530 2786 835 2786 524 2786 838 2787 835 2787 530 2787 524 2788 827 2788 520 2788 835 2789 827 2789 524 2789 520 2790 826 2790 516 2790 827 2791 826 2791 520 2791 516 2792 823 2792 514 2792 826 2793 823 2793 516 2793 514 2794 822 2794 517 2794 823 2795 822 2795 514 2795 517 2796 829 2796 521 2796 822 2797 829 2797 517 2797 829 2798 830 2798 521 2798 521 2799 830 2799 526 2799 830 2800 833 2800 526 2800 526 2801 833 2801 528 2801 833 2802 843 2802 528 2802 528 2803 843 2803 534 2803 843 2804 846 2804 534 2804 534 2805 846 2805 537 2805 537 2806 850 2806 541 2806 846 2807 850 2807 537 2807 541 2808 855 2808 545 2808 850 2809 855 2809 541 2809 545 2810 858 2810 549 2810 855 2811 858 2811 545 2811 549 2812 862 2812 552 2812 858 2813 862 2813 549 2813 552 2814 866 2814 557 2814 862 2815 866 2815 552 2815 557 2816 867 2816 559 2816 866 2817 867 2817 557 2817 559 2818 875 2818 562 2818 867 2819 875 2819 559 2819 562 2820 878 2820 566 2820 875 2821 878 2821 562 2821 566 2822 884 2822 568 2822 878 2823 884 2823 566 2823 568 2824 885 2824 572 2824 884 2825 885 2825 568 2825 985 2826 984 2826 658 2826 658 2827 984 2827 659 2827 659 2828 987 2828 660 2828 984 2829 987 2829 659 2829 660 2830 989 2830 661 2830 987 2831 989 2831 660 2831 661 2832 991 2832 662 2832 989 2833 991 2833 661 2833 662 2834 993 2834 663 2834 991 2835 993 2835 662 2835 663 2836 995 2836 664 2836 664 2837 995 2837 665 2837 993 2838 995 2838 663 2838 995 2839 1086 2839 665 2839 665 2840 1087 2840 666 2840 1086 2841 1087 2841 665 2841 666 2842 1088 2842 667 2842 1087 2843 1088 2843 666 2843 667 2844 1089 2844 668 2844 1088 2845 1089 2845 667 2845 1089 2846 1024 2846 668 2846 668 2847 1024 2847 669 2847 1024 2848 1023 2848 669 2848 669 2849 1023 2849 670 2849 1023 2850 1025 2850 670 2850 670 2851 1025 2851 671 2851 1025 2852 1026 2852 671 2852 671 2853 1026 2853 672 2853 672 2854 1027 2854 673 2854 1026 2855 1027 2855 672 2855 673 2856 1028 2856 674 2856 1027 2857 1028 2857 673 2857 674 2858 1029 2858 675 2858 1028 2859 1029 2859 674 2859 675 2860 1030 2860 676 2860 1029 2861 1030 2861 675 2861 676 2862 1031 2862 677 2862 677 2863 1031 2863 678 2863 1030 2864 1031 2864 676 2864 678 2865 1032 2865 679 2865 1031 2866 1032 2866 678 2866 1032 2867 1033 2867 679 2867 679 2868 1034 2868 680 2868 1033 2869 1034 2869 679 2869 680 2870 1035 2870 681 2870 1034 2871 1035 2871 680 2871 681 2872 1036 2872 692 2872 1035 2873 1036 2873 681 2873 692 2874 1037 2874 691 2874 1036 2875 1037 2875 692 2875 691 2876 1038 2876 690 2876 1037 2877 1038 2877 691 2877 690 2878 1039 2878 689 2878 1038 2879 1039 2879 690 2879 689 2880 1040 2880 688 2880 1039 2881 1040 2881 689 2881 688 2882 1041 2882 687 2882 1040 2883 1041 2883 688 2883 687 2884 1042 2884 686 2884 1041 2885 1042 2885 687 2885 686 2886 1043 2886 685 2886 1042 2887 1043 2887 686 2887 685 2888 1044 2888 682 2888 682 2889 1044 2889 683 2889 1043 2890 1044 2890 685 2890 1044 2891 1045 2891 683 2891 683 2892 1046 2892 684 2892 1045 2893 1046 2893 683 2893 684 2894 1047 2894 628 2894 1046 2895 1047 2895 684 2895 628 2896 1048 2896 627 2896 1047 2897 1048 2897 628 2897 627 2898 1049 2898 626 2898 1048 2899 1049 2899 627 2899 1049 2900 1052 2900 626 2900 626 2901 1052 2901 624 2901 1052 2902 948 2902 624 2902 624 2903 948 2903 622 2903 948 2904 946 2904 622 2904 622 2905 946 2905 620 2905 946 2906 943 2906 620 2906 620 2907 943 2907 618 2907 618 2908 943 2908 617 2908 943 2909 940 2909 617 2909 940 2910 939 2910 617 2910 617 2911 939 2911 614 2911 939 2912 937 2912 614 2912 614 2913 937 2913 612 2913 937 2914 934 2914 612 2914 612 2915 934 2915 610 2915 934 2916 929 2916 610 2916 610 2917 929 2917 608 2917 929 2918 927 2918 608 2918 608 2919 927 2919 606 2919 606 2920 925 2920 604 2920 927 2921 925 2921 606 2921 604 2922 923 2922 601 2922 925 2923 923 2923 604 2923 601 2924 920 2924 600 2924 923 2925 920 2925 601 2925 600 2926 917 2926 597 2926 920 2927 917 2927 600 2927 597 2928 915 2928 596 2928 917 2929 915 2929 597 2929 596 2930 913 2930 593 2930 915 2931 913 2931 596 2931 593 2932 911 2932 592 2932 913 2933 911 2933 593 2933 592 2934 906 2934 590 2934 911 2935 906 2935 592 2935 590 2936 904 2936 588 2936 906 2937 904 2937 590 2937 588 2938 902 2938 586 2938 904 2939 902 2939 588 2939 586 2940 899 2940 584 2940 902 2941 899 2941 586 2941 584 2942 897 2942 582 2942 899 2943 897 2943 584 2943 582 2944 893 2944 580 2944 897 2945 893 2945 582 2945 580 2946 891 2946 578 2946 893 2947 891 2947 580 2947 891 2948 889 2948 578 2948 578 2949 889 2949 575 2949 889 2950 887 2950 575 2950 575 2951 887 2951 571 2951 887 2952 883 2952 571 2952 571 2953 883 2953 569 2953 883 2954 877 2954 569 2954 569 2955 877 2955 565 2955 877 2956 874 2956 565 2956 565 2957 874 2957 563 2957 874 2958 871 2958 563 2958 563 2959 871 2959 560 2959 871 2960 865 2960 560 2960 560 2961 865 2961 556 2961 865 2962 861 2962 556 2962 556 2963 861 2963 553 2963 861 2964 857 2964 553 2964 553 2965 857 2965 550 2965 857 2966 854 2966 550 2966 550 2967 854 2967 546 2967 854 2968 849 2968 546 2968 546 2969 849 2969 542 2969 849 2970 845 2970 542 2970 542 2971 845 2971 538 2971 538 2972 845 2972 533 2972 845 2973 842 2973 533 2973 842 2974 836 2974 533 2974 533 2975 836 2975 529 2975 836 2976 832 2976 529 2976 529 2977 832 2977 525 2977 832 2978 828 2978 525 2978 525 2979 828 2979 522 2979 828 2980 824 2980 522 2980 522 2981 824 2981 518 2981 824 2982 821 2982 518 2982 518 2983 821 2983 515 2983 821 2984 825 2984 515 2984 515 2985 825 2985 519 2985 825 2986 831 2986 519 2986 519 2987 831 2987 523 2987 831 2988 834 2988 523 2988 523 2989 834 2989 527 2989 527 2990 837 2990 531 2990 834 2991 837 2991 527 2991 531 2992 844 2992 535 2992 837 2993 844 2993 531 2993 535 2994 847 2994 539 2994 844 2995 847 2995 535 2995 539 2996 851 2996 543 2996 847 2997 851 2997 539 2997 543 2998 856 2998 547 2998 851 2999 856 2999 543 2999 856 3000 859 3000 547 3000 547 3001 859 3001 551 3001 859 3002 863 3002 551 3002 551 3003 863 3003 555 3003 863 3004 868 3004 555 3004 555 3005 868 3005 558 3005 868 3006 872 3006 558 3006 558 3007 872 3007 561 3007 872 3008 876 3008 561 3008 561 3009 876 3009 564 3009 876 3010 882 3010 564 3010 564 3011 882 3011 567 3011 882 3012 886 3012 567 3012 567 3013 886 3013 570 3013 886 3014 888 3014 570 3014 570 3015 888 3015 573 3015 888 3016 977 3016 573 3016 573 3017 977 3017 576 3017 977 3018 978 3018 576 3018 576 3019 978 3019 629 3019 978 3020 979 3020 629 3020 629 3021 979 3021 630 3021 979 3022 980 3022 630 3022 630 3023 980 3023 631 3023 631 3024 981 3024 632 3024 980 3025 981 3025 631 3025 632 3026 982 3026 633 3026 981 3027 982 3027 632 3027 633 3028 983 3028 634 3028 982 3029 983 3029 633 3029 634 3030 986 3030 635 3030 983 3031 986 3031 634 3031 635 3032 988 3032 636 3032 986 3033 988 3033 635 3033 636 3034 990 3034 637 3034 988 3035 990 3035 636 3035 637 3036 992 3036 638 3036 990 3037 992 3037 637 3037 638 3038 994 3038 639 3038 992 3039 994 3039 638 3039 639 3040 996 3040 640 3040 994 3041 996 3041 639 3041 640 3042 997 3042 641 3042 996 3043 997 3043 640 3043 641 3044 998 3044 642 3044 997 3045 998 3045 641 3045 642 3046 999 3046 643 3046 998 3047 999 3047 642 3047 643 3048 1000 3048 644 3048 999 3049 1000 3049 643 3049 1000 3050 1001 3050 644 3050 644 3051 1001 3051 645 3051 1001 3052 1002 3052 645 3052 645 3053 1002 3053 646 3053 1002 3054 1003 3054 646 3054 646 3055 1003 3055 647 3055 1003 3056 1004 3056 647 3056 647 3057 1004 3057 648 3057 648 3058 1005 3058 649 3058 1004 3059 1005 3059 648 3059 649 3060 1006 3060 650 3060 1005 3061 1006 3061 649 3061 650 3062 1007 3062 651 3062 1006 3063 1007 3063 650 3063 651 3064 1008 3064 652 3064 1007 3065 1008 3065 651 3065 652 3066 1009 3066 653 3066 1008 3067 1009 3067 652 3067 653 3068 1010 3068 654 3068 1009 3069 1010 3069 653 3069 654 3070 1011 3070 655 3070 1010 3071 1011 3071 654 3071 655 3072 1012 3072 656 3072 1011 3073 1012 3073 655 3073 656 3074 1013 3074 657 3074 1012 3075 1013 3075 656 3075 657 3076 985 3076 658 3076 1013 3077 985 3077 657 3077 1655 3078 1656 3078 1103 3078 1103 3079 1656 3079 1104 3079 1104 3080 1657 3080 1150 3080 1656 3081 1657 3081 1104 3081 1150 3082 1658 3082 1075 3082 1657 3083 1658 3083 1150 3083 1075 3084 1659 3084 1074 3084 1658 3085 1659 3085 1075 3085 1074 3086 1660 3086 1071 3086 1071 3087 1660 3087 1068 3087 1659 3088 1660 3088 1074 3088 1660 3089 1661 3089 1068 3089 1068 3090 1662 3090 1065 3090 1661 3091 1662 3091 1068 3091 1065 3092 1663 3092 1062 3092 1662 3093 1663 3093 1065 3093 1062 3094 1664 3094 1059 3094 1663 3095 1664 3095 1062 3095 1059 3096 1665 3096 1058 3096 1664 3097 1665 3097 1059 3097 1665 3098 1666 3098 1058 3098 1058 3099 1666 3099 1050 3099 1666 3100 1667 3100 1050 3100 1050 3101 1667 3101 1051 3101 1667 3102 1668 3102 1051 3102 1051 3103 1668 3103 1053 3103 1668 3104 1669 3104 1053 3104 1053 3105 1669 3105 1054 3105 1054 3106 1670 3106 1055 3106 1669 3107 1670 3107 1054 3107 1055 3108 1671 3108 966 3108 1670 3109 1671 3109 1055 3109 966 3110 1672 3110 960 3110 1671 3111 1672 3111 966 3111 960 3112 1673 3112 956 3112 956 3113 1673 3113 950 3113 1672 3114 1673 3114 960 3114 1673 3115 1674 3115 950 3115 950 3116 1675 3116 931 3116 1674 3117 1675 3117 950 3117 931 3118 1676 3118 907 3118 1675 3119 1676 3119 931 3119 907 3120 1677 3120 879 3120 879 3121 1677 3121 817 3121 1676 3122 1677 3122 907 3122 817 3123 1678 3123 812 3123 1677 3124 1678 3124 817 3124 812 3125 1679 3125 809 3125 1678 3126 1679 3126 812 3126 809 3127 1680 3127 806 3127 1679 3128 1680 3128 809 3128 1680 3129 1681 3129 806 3129 806 3130 1682 3130 795 3130 1681 3131 1682 3131 806 3131 795 3132 1683 3132 767 3132 767 3133 1683 3133 753 3133 1682 3134 1683 3134 795 3134 1683 3135 1684 3135 753 3135 753 3136 1685 3136 750 3136 750 3137 1685 3137 747 3137 1684 3138 1685 3138 753 3138 1685 3139 1686 3139 747 3139 747 3140 1687 3140 744 3140 744 3141 1687 3141 741 3141 1686 3142 1687 3142 747 3142 1687 3143 1688 3143 741 3143 741 3144 1689 3144 738 3144 1688 3145 1689 3145 741 3145 738 3146 1690 3146 735 3146 735 3147 1690 3147 732 3147 1689 3148 1690 3148 738 3148 732 3149 1691 3149 729 3149 1690 3150 1691 3150 732 3150 1691 3151 1692 3151 729 3151 1692 3152 1693 3152 729 3152 729 3153 1693 3153 726 3153 726 3154 1693 3154 723 3154 1693 3155 1694 3155 723 3155 723 3156 1694 3156 720 3156 1694 3157 1695 3157 720 3157 1695 3158 1696 3158 720 3158 720 3159 1696 3159 717 3159 1696 3160 1697 3160 717 3160 717 3161 1697 3161 714 3161 714 3162 1697 3162 711 3162 1697 3163 1698 3163 711 3163 711 3164 1698 3164 708 3164 1698 3165 1699 3165 708 3165 1699 3166 1700 3166 708 3166 708 3167 1700 3167 704 3167 1700 3168 1701 3168 704 3168 704 3169 1701 3169 700 3169 1701 3170 1702 3170 700 3170 700 3171 1702 3171 694 3171 694 3172 1703 3172 697 3172 1702 3173 1703 3173 694 3173 697 3174 1704 3174 702 3174 1703 3175 1704 3175 697 3175 702 3176 1705 3176 706 3176 706 3177 1705 3177 709 3177 1704 3178 1705 3178 702 3178 1705 3179 1706 3179 709 3179 709 3180 1707 3180 712 3180 712 3181 1707 3181 715 3181 1706 3182 1707 3182 709 3182 715 3183 1708 3183 718 3183 1707 3184 1708 3184 715 3184 718 3185 1709 3185 721 3185 1708 3186 1709 3186 718 3186 721 3187 1710 3187 724 3187 1709 3188 1710 3188 721 3188 724 3189 1711 3189 727 3189 1710 3190 1711 3190 724 3190 1711 3191 1712 3191 727 3191 727 3192 1713 3192 730 3192 1712 3193 1713 3193 727 3193 730 3194 1714 3194 733 3194 1713 3195 1714 3195 730 3195 733 3196 1715 3196 736 3196 736 3197 1715 3197 739 3197 1714 3198 1715 3198 733 3198 739 3199 1716 3199 742 3199 1715 3200 1716 3200 739 3200 1716 3201 1717 3201 742 3201 1717 3202 1718 3202 742 3202 742 3203 1718 3203 745 3203 745 3204 1718 3204 748 3204 1718 3205 1719 3205 748 3205 1719 3206 1720 3206 748 3206 748 3207 1720 3207 751 3207 751 3208 1720 3208 754 3208 1720 3209 1721 3209 754 3209 754 3210 1721 3210 784 3210 1721 3211 1722 3211 784 3211 784 3212 1722 3212 801 3212 1722 3213 1723 3213 801 3213 801 3214 1723 3214 807 3214 1723 3215 1724 3215 807 3215 1724 3216 1725 3216 807 3216 807 3217 1725 3217 810 3217 1725 3218 1726 3218 810 3218 810 3219 1726 3219 815 3219 815 3220 1726 3220 840 3220 1726 3221 1727 3221 840 3221 840 3222 1727 3222 895 3222 1727 3223 1728 3223 895 3223 1728 3224 1729 3224 895 3224 895 3225 1729 3225 919 3225 1729 3226 1730 3226 919 3226 919 3227 1730 3227 942 3227 1730 3228 1731 3228 942 3228 942 3229 1731 3229 954 3229 1731 3230 1732 3230 954 3230 954 3231 1732 3231 959 3231 959 3232 1732 3232 965 3232 1732 3233 1733 3233 965 3233 1733 3234 1734 3234 965 3234 965 3235 1734 3235 968 3235 968 3236 1734 3236 970 3236 1734 3237 1735 3237 970 3237 970 3238 1735 3238 972 3238 1735 3239 1736 3239 972 3239 1736 3240 1737 3240 972 3240 972 3241 1737 3241 974 3241 974 3242 1737 3242 976 3242 1737 3243 1738 3243 976 3243 976 3244 1739 3244 1057 3244 1057 3245 1739 3245 1061 3245 1738 3246 1739 3246 976 3246 1739 3247 1740 3247 1061 3247 1061 3248 1741 3248 1064 3248 1740 3249 1741 3249 1061 3249 1064 3250 1742 3250 1067 3250 1067 3251 1742 3251 1070 3251 1741 3252 1742 3252 1064 3252 1742 3253 1743 3253 1070 3253 1743 3254 1744 3254 1070 3254 1070 3255 1744 3255 1073 3255 1073 3256 1744 3256 1077 3256 1744 3257 1745 3257 1077 3257 1745 3258 1746 3258 1077 3258 1077 3259 1746 3259 1079 3259 1079 3260 1746 3260 1081 3260 1746 3261 1747 3261 1081 3261 1081 3262 1747 3262 1083 3262 1747 3263 1748 3263 1083 3263 1748 3264 1749 3264 1083 3264 1083 3265 1749 3265 1085 3265 1085 3266 1749 3266 1091 3266 1749 3267 1750 3267 1091 3267 1750 3268 1751 3268 1091 3268 1091 3269 1751 3269 1093 3269 1093 3270 1751 3270 1095 3270 1751 3271 1752 3271 1095 3271 1095 3272 1752 3272 1097 3272 1752 3273 1753 3273 1097 3273 1097 3274 1753 3274 1099 3274 1753 3275 1754 3275 1099 3275 1099 3276 1755 3276 1101 3276 1101 3277 1755 3277 1112 3277 1754 3278 1755 3278 1099 3278 1755 3279 1756 3279 1112 3279 1112 3280 1757 3280 1116 3280 1756 3281 1757 3281 1112 3281 1116 3282 1758 3282 1120 3282 1757 3283 1758 3283 1116 3283 1120 3284 1759 3284 1124 3284 1124 3285 1759 3285 1128 3285 1758 3286 1759 3286 1120 3286 1759 3287 1760 3287 1128 3287 1128 3288 1761 3288 1132 3288 1132 3289 1761 3289 1136 3289 1760 3290 1761 3290 1128 3290 1761 3291 1762 3291 1136 3291 1136 3292 1763 3292 1140 3292 1762 3293 1763 3293 1136 3293 1140 3294 1764 3294 1144 3294 1144 3295 1764 3295 1148 3295 1763 3296 1764 3296 1140 3296 1764 3297 1765 3297 1148 3297 1148 3298 1766 3298 1146 3298 1146 3299 1766 3299 1142 3299 1765 3300 1766 3300 1148 3300 1766 3301 1767 3301 1142 3301 1767 3302 1768 3302 1142 3302 1142 3303 1768 3303 1138 3303 1768 3304 1769 3304 1138 3304 1138 3305 1769 3305 1134 3305 1134 3306 1769 3306 1130 3306 1769 3307 1770 3307 1130 3307 1770 3308 1771 3308 1130 3308 1130 3309 1771 3309 1126 3309 1126 3310 1771 3310 1122 3310 1771 3311 1772 3311 1122 3311 1122 3312 1773 3312 1118 3312 1772 3313 1773 3313 1122 3313 1118 3314 1774 3314 1114 3314 1773 3315 1774 3315 1118 3315 1114 3316 1775 3316 1105 3316 1774 3317 1775 3317 1114 3317 1105 3318 1776 3318 1106 3318 1106 3319 1776 3319 1107 3319 1775 3320 1776 3320 1105 3320 1776 3321 1777 3321 1107 3321 1107 3322 1778 3322 1108 3322 1108 3323 1778 3323 1109 3323 1777 3324 1778 3324 1107 3324 1778 3325 1779 3325 1109 3325 1109 3326 1780 3326 1110 3326 1779 3327 1780 3327 1109 3327 1110 3328 1655 3328 1103 3328 1780 3329 1655 3329 1110 3329 1576 3330 1781 3330 1575 3330 1577 3331 1781 3331 1576 3331 1577 3332 1782 3332 1781 3332 1781 3333 1783 3333 1575 3333 1578 3334 1784 3334 1577 3334 1577 3335 1784 3335 1782 3335 1783 3336 1785 3336 1575 3336 1574 3337 1785 3337 1573 3337 1575 3338 1785 3338 1574 3338 1578 3339 1786 3339 1784 3339 1579 3340 1786 3340 1578 3340 1580 3341 1786 3341 1579 3341 1785 3342 1787 3342 1573 3342 1580 3343 1788 3343 1786 3343 1573 3344 1789 3344 1572 3344 1787 3345 1789 3345 1573 3345 1581 3346 1790 3346 1580 3346 1582 3347 1790 3347 1581 3347 1580 3348 1790 3348 1788 3348 1571 3349 1791 3349 1570 3349 1572 3350 1791 3350 1571 3350 1789 3351 1791 3351 1572 3351 1582 3352 1792 3352 1790 3352 1791 3353 1793 3353 1570 3353 1582 3354 1794 3354 1792 3354 1583 3355 1794 3355 1582 3355 1570 3356 1795 3356 1569 3356 1793 3357 1795 3357 1570 3357 1584 3358 1796 3358 1583 3358 1583 3359 1796 3359 1794 3359 1795 3360 1797 3360 1569 3360 1568 3361 1797 3361 1567 3361 1569 3362 1797 3362 1568 3362 1585 3363 1798 3363 1584 3363 1586 3364 1798 3364 1585 3364 1584 3365 1798 3365 1796 3365 1797 3366 1799 3366 1567 3366 1567 3367 1799 3367 1566 3367 1586 3368 1800 3368 1798 3368 1799 3369 1801 3369 1566 3369 1586 3370 1802 3370 1800 3370 1587 3371 1802 3371 1586 3371 1565 3372 1803 3372 1564 3372 1566 3373 1803 3373 1565 3373 1801 3374 1803 3374 1566 3374 1588 3375 1804 3375 1587 3375 1589 3376 1804 3376 1588 3376 1587 3377 1804 3377 1802 3377 1564 3378 1805 3378 1563 3378 1803 3379 1805 3379 1564 3379 1589 3380 1806 3380 1804 3380 1805 3381 1807 3381 1563 3381 1590 3382 1808 3382 1589 3382 1591 3383 1808 3383 1590 3383 1589 3384 1808 3384 1806 3384 1563 3385 1809 3385 1562 3385 1807 3386 1809 3386 1563 3386 1591 3387 1810 3387 1808 3387 1562 3388 1811 3388 1561 3388 1809 3389 1811 3389 1562 3389 1591 3390 1812 3390 1810 3390 1592 3391 1812 3391 1591 3391 1561 3392 1813 3392 1560 3392 1811 3393 1813 3393 1561 3393 1593 3394 1814 3394 1592 3394 1592 3395 1814 3395 1812 3395 1560 3396 1815 3396 1559 3396 1813 3397 1815 3397 1560 3397 1594 3398 1816 3398 1593 3398 1593 3399 1816 3399 1814 3399 1559 3400 1817 3400 1558 3400 1815 3401 1817 3401 1559 3401 1594 3402 1818 3402 1816 3402 1595 3403 1818 3403 1594 3403 1558 3404 1819 3404 1557 3404 1817 3405 1819 3405 1558 3405 1595 3406 1820 3406 1818 3406 1596 3407 1820 3407 1595 3407 1597 3408 1820 3408 1596 3408 1556 3409 1821 3409 1555 3409 1557 3410 1821 3410 1556 3410 1819 3411 1821 3411 1557 3411 1597 3412 1822 3412 1820 3412 1821 3413 1823 3413 1555 3413 1597 3414 1824 3414 1822 3414 1598 3415 1824 3415 1597 3415 1823 3416 1825 3416 1555 3416 1555 3417 1825 3417 1554 3417 1598 3418 1826 3418 1824 3418 1599 3419 1826 3419 1598 3419 1600 3420 1826 3420 1599 3420 1554 3421 1827 3421 1553 3421 1825 3422 1827 3422 1554 3422 1600 3423 1828 3423 1826 3423 1553 3424 1829 3424 1552 3424 1827 3425 1829 3425 1553 3425 1600 3426 1830 3426 1828 3426 1601 3427 1830 3427 1600 3427 1552 3428 1831 3428 1551 3428 1829 3429 1831 3429 1552 3429 1831 3430 1550 3430 1551 3430 1601 3431 1832 3431 1830 3431 1602 3432 1832 3432 1601 3432 1602 3433 1603 3433 1832 3433 1831 3434 1833 3434 1550 3434 1603 3435 1834 3435 1832 3435 1550 3436 1835 3436 1549 3436 1833 3437 1835 3437 1550 3437 1603 3438 1836 3438 1834 3438 1604 3439 1836 3439 1603 3439 1549 3440 1837 3440 1548 3440 1835 3441 1837 3441 1549 3441 1604 3442 1605 3442 1836 3442 1605 3443 1838 3443 1836 3443 1837 3444 1547 3444 1548 3444 1837 3445 1839 3445 1547 3445 1605 3446 1606 3446 1838 3446 1606 3447 1840 3447 1838 3447 1839 3448 1546 3448 1547 3448 1839 3449 1841 3449 1546 3449 1607 3450 1842 3450 1606 3450 1606 3451 1842 3451 1840 3451 1546 3452 1843 3452 1545 3452 1841 3453 1843 3453 1546 3453 1607 3454 1844 3454 1842 3454 1607 3455 1608 3455 1844 3455 1843 3456 1845 3456 1545 3456 1845 3457 1544 3457 1545 3457 1608 3458 1846 3458 1844 3458 1608 3459 1609 3459 1846 3459 1845 3460 1543 3460 1544 3460 1847 3461 1543 3461 1845 3461 1846 3462 1610 3462 1848 3462 1609 3463 1610 3463 1846 3463 1847 3464 1542 3464 1543 3464 1849 3465 1542 3465 1847 3465 1610 3466 1850 3466 1848 3466 1610 3467 1611 3467 1850 3467 1611 3468 1851 3468 1850 3468 1849 3469 1541 3469 1542 3469 1852 3470 1541 3470 1849 3470 1852 3471 1853 3471 1541 3471 1611 3472 1612 3472 1851 3472 1853 3473 1540 3473 1541 3473 1851 3474 1613 3474 1854 3474 1612 3475 1613 3475 1851 3475 1855 3476 1539 3476 1853 3476 1853 3477 1539 3477 1540 3477 1854 3478 1614 3478 1856 3478 1613 3479 1614 3479 1854 3479 1857 3480 1538 3480 1858 3480 1858 3481 1538 3481 1855 3481 1855 3482 1538 3482 1539 3482 1856 3483 1615 3483 1859 3483 1614 3484 1615 3484 1856 3484 1860 3485 1537 3485 1857 3485 1857 3486 1537 3486 1538 3486 1859 3487 1616 3487 1861 3487 1615 3488 1616 3488 1859 3488 1860 3489 1536 3489 1537 3489 1861 3490 1617 3490 1862 3490 1616 3491 1617 3491 1861 3491 1863 3492 1535 3492 1860 3492 1860 3493 1535 3493 1536 3493 1862 3494 1618 3494 1864 3494 1617 3495 1618 3495 1862 3495 1865 3496 1534 3496 1863 3496 1863 3497 1534 3497 1535 3497 1864 3498 1619 3498 1866 3498 1866 3499 1619 3499 1867 3499 1618 3500 1619 3500 1864 3500 1868 3501 1533 3501 1865 3501 1865 3502 1533 3502 1534 3502 1619 3503 1620 3503 1867 3503 1867 3504 1620 3504 1869 3504 1870 3505 1532 3505 1868 3505 1868 3506 1532 3506 1533 3506 1620 3507 1621 3507 1869 3507 1870 3508 1531 3508 1532 3508 1871 3509 1531 3509 1872 3509 1872 3510 1531 3510 1870 3510 1621 3511 1622 3511 1869 3511 1869 3512 1622 3512 1873 3512 1871 3513 1530 3513 1531 3513 1873 3514 1623 3514 1874 3514 1622 3515 1623 3515 1873 3515 1871 3516 1529 3516 1530 3516 1875 3517 1529 3517 1871 3517 1876 3518 1529 3518 1875 3518 1874 3519 1624 3519 1877 3519 1623 3520 1624 3520 1874 3520 1876 3521 1654 3521 1529 3521 1877 3522 1625 3522 1878 3522 1878 3523 1625 3523 1879 3523 1624 3524 1625 3524 1877 3524 1876 3525 1653 3525 1654 3525 1880 3526 1653 3526 1881 3526 1881 3527 1653 3527 1876 3527 1625 3528 1626 3528 1879 3528 1880 3529 1652 3529 1653 3529 1882 3530 1652 3530 1880 3530 1879 3531 1627 3531 1883 3531 1883 3532 1627 3532 1884 3532 1626 3533 1627 3533 1879 3533 1882 3534 1651 3534 1652 3534 1627 3535 1628 3535 1884 3535 1885 3536 1650 3536 1886 3536 1886 3537 1650 3537 1882 3537 1882 3538 1650 3538 1651 3538 1884 3539 1629 3539 1887 3539 1887 3540 1629 3540 1888 3540 1628 3541 1629 3541 1884 3541 1885 3542 1649 3542 1650 3542 1629 3543 1630 3543 1888 3543 1885 3544 1648 3544 1649 3544 1889 3545 1648 3545 1885 3545 1630 3546 1631 3546 1888 3546 1888 3547 1631 3547 1890 3547 1890 3548 1631 3548 1891 3548 1889 3549 1647 3549 1648 3549 1892 3550 1647 3550 1889 3550 1631 3551 1632 3551 1891 3551 1892 3552 1646 3552 1647 3552 1893 3553 1646 3553 1892 3553 1891 3554 1633 3554 1894 3554 1894 3555 1633 3555 1895 3555 1632 3556 1633 3556 1891 3556 1893 3557 1645 3557 1646 3557 1896 3558 1645 3558 1893 3558 1633 3559 1634 3559 1895 3559 1896 3560 1644 3560 1645 3560 1897 3561 1644 3561 1898 3561 1898 3562 1644 3562 1896 3562 1634 3563 1635 3563 1895 3563 1895 3564 1635 3564 1899 3564 1897 3565 1643 3565 1644 3565 1635 3566 1636 3566 1899 3566 1899 3567 1636 3567 1900 3567 1897 3568 1642 3568 1643 3568 1901 3569 1642 3569 1902 3569 1902 3570 1642 3570 1897 3570 1900 3571 1637 3571 1903 3571 1636 3572 1637 3572 1900 3572 1901 3573 1641 3573 1642 3573 1903 3574 1638 3574 1904 3574 1637 3575 1638 3575 1903 3575 1901 3576 1640 3576 1641 3576 1905 3577 1640 3577 1901 3577 1638 3578 1639 3578 1904 3578 1904 3579 1639 3579 1906 3579 1906 3580 1639 3580 1905 3580 1905 3581 1639 3581 1640 3581 1907 3582 1703 3582 1702 3582 1907 3583 1704 3583 1703 3583 1907 3584 1702 3584 1908 3584 1909 3585 1702 3585 1701 3585 1909 3586 1908 3586 1702 3586 1910 3587 1704 3587 1907 3587 1911 3588 1701 3588 1700 3588 1911 3589 1909 3589 1701 3589 1912 3590 1705 3590 1704 3590 1912 3591 1706 3591 1705 3591 1912 3592 1704 3592 1910 3592 1913 3593 1699 3593 1698 3593 1913 3594 1700 3594 1699 3594 1913 3595 1911 3595 1700 3595 1914 3596 1706 3596 1912 3596 1915 3597 1913 3597 1698 3597 1916 3598 1707 3598 1706 3598 1916 3599 1706 3599 1914 3599 1917 3600 1915 3600 1698 3600 1917 3601 1698 3601 1697 3601 1918 3602 1708 3602 1707 3602 1918 3603 1707 3603 1916 3603 1919 3604 1917 3604 1697 3604 1919 3605 1696 3605 1695 3605 1919 3606 1697 3606 1696 3606 1920 3607 1708 3607 1918 3607 1920 3608 1709 3608 1708 3608 1921 3609 1919 3609 1695 3609 1922 3610 1709 3610 1920 3610 1922 3611 1710 3611 1709 3611 1922 3612 1711 3612 1710 3612 1923 3613 1921 3613 1695 3613 1923 3614 1695 3614 1694 3614 1924 3615 1711 3615 1922 3615 1925 3616 1923 3616 1694 3616 1925 3617 1693 3617 1692 3617 1925 3618 1694 3618 1693 3618 1926 3619 1711 3619 1924 3619 1926 3620 1712 3620 1711 3620 1927 3621 1692 3621 1691 3621 1927 3622 1925 3622 1692 3622 1928 3623 1713 3623 1712 3623 1928 3624 1714 3624 1713 3624 1928 3625 1712 3625 1926 3625 1929 3626 1927 3626 1691 3626 1930 3627 1714 3627 1928 3627 1931 3628 1690 3628 1689 3628 1931 3629 1691 3629 1690 3629 1931 3630 1929 3630 1691 3630 1932 3631 1714 3631 1930 3631 1932 3632 1715 3632 1714 3632 1932 3633 1716 3633 1715 3633 1933 3634 1931 3634 1689 3634 1933 3635 1689 3635 1688 3635 1934 3636 1716 3636 1932 3636 1935 3637 1688 3637 1687 3637 1935 3638 1933 3638 1688 3638 1936 3639 1717 3639 1716 3639 1936 3640 1718 3640 1717 3640 1936 3641 1716 3641 1934 3641 1937 3642 1935 3642 1687 3642 1938 3643 1718 3643 1936 3643 1939 3644 1687 3644 1686 3644 1939 3645 1937 3645 1687 3645 1940 3646 1719 3646 1718 3646 1940 3647 1718 3647 1938 3647 1941 3648 1686 3648 1685 3648 1941 3649 1939 3649 1686 3649 1942 3650 1720 3650 1719 3650 1942 3651 1719 3651 1940 3651 1943 3652 1685 3652 1684 3652 1943 3653 1941 3653 1685 3653 1944 3654 1721 3654 1720 3654 1944 3655 1720 3655 1942 3655 1945 3656 1943 3656 1684 3656 1945 3657 1684 3657 1683 3657 1946 3658 1721 3658 1944 3658 1946 3659 1722 3659 1721 3659 1946 3660 1723 3660 1722 3660 1947 3661 1945 3661 1683 3661 1947 3662 1683 3662 1682 3662 1948 3663 1723 3663 1946 3663 1949 3664 1947 3664 1682 3664 1949 3665 1682 3665 1681 3665 1950 3666 1723 3666 1948 3666 1950 3667 1724 3667 1723 3667 1950 3668 1725 3668 1724 3668 1951 3669 1949 3669 1681 3669 1951 3670 1681 3670 1680 3670 1952 3671 1725 3671 1950 3671 1953 3672 1680 3672 1679 3672 1953 3673 1951 3673 1680 3673 1678 3674 1953 3674 1679 3674 1954 3675 1726 3675 1725 3675 1954 3676 1725 3676 1952 3676 1955 3677 1953 3677 1678 3677 1956 3678 1726 3678 1954 3678 1956 3679 1727 3679 1726 3679 1957 3680 1678 3680 1677 3680 1957 3681 1955 3681 1678 3681 1958 3682 1727 3682 1956 3682 1958 3683 1728 3683 1727 3683 1729 3684 1728 3684 1958 3684 1959 3685 1677 3685 1676 3685 1959 3686 1957 3686 1677 3686 1960 3687 1729 3687 1958 3687 1961 3688 1676 3688 1675 3688 1961 3689 1959 3689 1676 3689 1962 3690 1729 3690 1960 3690 1962 3691 1730 3691 1729 3691 1963 3692 1675 3692 1674 3692 1963 3693 1961 3693 1675 3693 1964 3694 1731 3694 1730 3694 1964 3695 1730 3695 1962 3695 1965 3696 1674 3696 1673 3696 1965 3697 1963 3697 1674 3697 1966 3698 1731 3698 1964 3698 1966 3699 1732 3699 1731 3699 1967 3700 1673 3700 1672 3700 1967 3701 1965 3701 1673 3701 1968 3702 1733 3702 1732 3702 1968 3703 1732 3703 1966 3703 1969 3704 1672 3704 1671 3704 1969 3705 1967 3705 1672 3705 1734 3706 1968 3706 1970 3706 1734 3707 1733 3707 1968 3707 1670 3708 1971 3708 1969 3708 1670 3709 1969 3709 1671 3709 1972 3710 1734 3710 1970 3710 1735 3711 1734 3711 1972 3711 1669 3712 1973 3712 1971 3712 1669 3713 1971 3713 1670 3713 1736 3714 1972 3714 1974 3714 1736 3715 1735 3715 1972 3715 1668 3716 1973 3716 1669 3716 1668 3717 1975 3717 1973 3717 1976 3718 1736 3718 1974 3718 1737 3719 1736 3719 1976 3719 1977 3720 1975 3720 1668 3720 1667 3721 1977 3721 1668 3721 1738 3722 1976 3722 1978 3722 1738 3723 1737 3723 1976 3723 1666 3724 1977 3724 1667 3724 1666 3725 1979 3725 1977 3725 1739 3726 1978 3726 1980 3726 1739 3727 1738 3727 1978 3727 1665 3728 1981 3728 1979 3728 1665 3729 1979 3729 1666 3729 1740 3730 1980 3730 1982 3730 1740 3731 1739 3731 1980 3731 1983 3732 1740 3732 1982 3732 1664 3733 1984 3733 1981 3733 1664 3734 1981 3734 1665 3734 1741 3735 1740 3735 1983 3735 1663 3736 1985 3736 1984 3736 1663 3737 1984 3737 1664 3737 1742 3738 1983 3738 1986 3738 1742 3739 1741 3739 1983 3739 1662 3740 1987 3740 1985 3740 1662 3741 1985 3741 1663 3741 1743 3742 1986 3742 1988 3742 1743 3743 1742 3743 1986 3743 1661 3744 1989 3744 1990 3744 1661 3745 1990 3745 1987 3745 1661 3746 1987 3746 1662 3746 1744 3747 1988 3747 1991 3747 1744 3748 1743 3748 1988 3748 1660 3749 1989 3749 1661 3749 1745 3750 1991 3750 1992 3750 1745 3751 1744 3751 1991 3751 1659 3752 1993 3752 1989 3752 1659 3753 1989 3753 1660 3753 1746 3754 1992 3754 1994 3754 1746 3755 1745 3755 1992 3755 1658 3756 1995 3756 1993 3756 1658 3757 1993 3757 1659 3757 1747 3758 1746 3758 1994 3758 1747 3759 1994 3759 1996 3759 1657 3760 1997 3760 1998 3760 1657 3761 1998 3761 1995 3761 1657 3762 1995 3762 1658 3762 1748 3763 1747 3763 1996 3763 1748 3764 1996 3764 1999 3764 1656 3765 1997 3765 1657 3765 1749 3766 1999 3766 2000 3766 1749 3767 1748 3767 1999 3767 1655 3768 2001 3768 1997 3768 1655 3769 1997 3769 1656 3769 1750 3770 2000 3770 2002 3770 1750 3771 2002 3771 2003 3771 1750 3772 1749 3772 2000 3772 1780 3773 2001 3773 1655 3773 1780 3774 2004 3774 2001 3774 1751 3775 2003 3775 2005 3775 1751 3776 1750 3776 2003 3776 1779 3777 2006 3777 2007 3777 1779 3778 2007 3778 2004 3778 1779 3779 2004 3779 1780 3779 1752 3780 1751 3780 2005 3780 1778 3781 2006 3781 1779 3781 1753 3782 2005 3782 2008 3782 1753 3783 2008 3783 2009 3783 1753 3784 1752 3784 2005 3784 1777 3785 2010 3785 2011 3785 1777 3786 2011 3786 2006 3786 1777 3787 2006 3787 1778 3787 1754 3788 1753 3788 2009 3788 1776 3789 2010 3789 1777 3789 1776 3790 2012 3790 2010 3790 1755 3791 2009 3791 2013 3791 1755 3792 2013 3792 2014 3792 1755 3793 1754 3793 2009 3793 1775 3794 2015 3794 2012 3794 1775 3795 2012 3795 1776 3795 1756 3796 1755 3796 2014 3796 1774 3797 2015 3797 1775 3797 1757 3798 2014 3798 2016 3798 1757 3799 1756 3799 2014 3799 1773 3800 2015 3800 1774 3800 1773 3801 2017 3801 2015 3801 1758 3802 2016 3802 2018 3802 1758 3803 1757 3803 2016 3803 1772 3804 2017 3804 1773 3804 1772 3805 2019 3805 2020 3805 1772 3806 2020 3806 2017 3806 1759 3807 1758 3807 2018 3807 1759 3808 2018 3808 2021 3808 1759 3809 2021 3809 2022 3809 1771 3810 2019 3810 1772 3810 1771 3811 2023 3811 2019 3811 1760 3812 1759 3812 2022 3812 1770 3813 2023 3813 1771 3813 1761 3814 1760 3814 2022 3814 1761 3815 2022 3815 2024 3815 1769 3816 2023 3816 1770 3816 1769 3817 2025 3817 2023 3817 1762 3818 2024 3818 2026 3818 1762 3819 1761 3819 2024 3819 1768 3820 2025 3820 1769 3820 1768 3821 2027 3821 2025 3821 1763 3822 2026 3822 2028 3822 1763 3823 1762 3823 2026 3823 1767 3824 2027 3824 1768 3824 1767 3825 2029 3825 2027 3825 1764 3826 2028 3826 2030 3826 1764 3827 1763 3827 2028 3827 1766 3828 2029 3828 1767 3828 1766 3829 2031 3829 2029 3829 1765 3830 2031 3830 1766 3830 1765 3831 2030 3831 2032 3831 1765 3832 2032 3832 2031 3832 1765 3833 1764 3833 2030 3833 1875 3834 1871 3834 2033 3834 2033 3835 1871 3835 2034 3835 2034 3836 1872 3836 2035 3836 1871 3837 1872 3837 2034 3837 2035 3838 1870 3838 2036 3838 1872 3839 1870 3839 2035 3839 2036 3840 1868 3840 2037 3840 1870 3841 1868 3841 2036 3841 2037 3842 1865 3842 2038 3842 2038 3843 1865 3843 2039 3843 1868 3844 1865 3844 2037 3844 1865 3845 1863 3845 2039 3845 2039 3846 1860 3846 2040 3846 1863 3847 1860 3847 2039 3847 2040 3848 1857 3848 2041 3848 1860 3849 1857 3849 2040 3849 2041 3850 1858 3850 2042 3850 1857 3851 1858 3851 2041 3851 2042 3852 1855 3852 2043 3852 1858 3853 1855 3853 2042 3853 1855 3854 1853 3854 2043 3854 2043 3855 1853 3855 2044 3855 1853 3856 1852 3856 2044 3856 2044 3857 1852 3857 2045 3857 1852 3858 1849 3858 2045 3858 2045 3859 1849 3859 2046 3859 1849 3860 1847 3860 2046 3860 2046 3861 1847 3861 2047 3861 2047 3862 1845 3862 2048 3862 1847 3863 1845 3863 2047 3863 2048 3864 1843 3864 2049 3864 1845 3865 1843 3865 2048 3865 2049 3866 1841 3866 2050 3866 1843 3867 1841 3867 2049 3867 2050 3868 1839 3868 2051 3868 2051 3869 1839 3869 2052 3869 1841 3870 1839 3870 2050 3870 1839 3871 1837 3871 2052 3871 2052 3872 1835 3872 2053 3872 1837 3873 1835 3873 2052 3873 2053 3874 1833 3874 2054 3874 1835 3875 1833 3875 2053 3875 2054 3876 1831 3876 2055 3876 2055 3877 1831 3877 2056 3877 1833 3878 1831 3878 2054 3878 2056 3879 1829 3879 2057 3879 1831 3880 1829 3880 2056 3880 2057 3881 1827 3881 2058 3881 1829 3882 1827 3882 2057 3882 2058 3883 1825 3883 2059 3883 1827 3884 1825 3884 2058 3884 1825 3885 1823 3885 2059 3885 2059 3886 1821 3886 2060 3886 1823 3887 1821 3887 2059 3887 2060 3888 1819 3888 2061 3888 2061 3889 1819 3889 2062 3889 1821 3890 1819 3890 2060 3890 1819 3891 1817 3891 2062 3891 2062 3892 1815 3892 2063 3892 2063 3893 1815 3893 2064 3893 1817 3894 1815 3894 2062 3894 1815 3895 1813 3895 2064 3895 2064 3896 1811 3896 2065 3896 2065 3897 1811 3897 2066 3897 1813 3898 1811 3898 2064 3898 1811 3899 1809 3899 2066 3899 2066 3900 1807 3900 2067 3900 1809 3901 1807 3901 2066 3901 2067 3902 1805 3902 2068 3902 2068 3903 1805 3903 2069 3903 1807 3904 1805 3904 2067 3904 2069 3905 1803 3905 2070 3905 1805 3906 1803 3906 2069 3906 1803 3907 1801 3907 2070 3907 1801 3908 1799 3908 2070 3908 2070 3909 1799 3909 2071 3909 2071 3910 1799 3910 2072 3910 1799 3911 1797 3911 2072 3911 2072 3912 1797 3912 2073 3912 1797 3913 1795 3913 2073 3913 1795 3914 1793 3914 2073 3914 2073 3915 1793 3915 2074 3915 1793 3916 1791 3916 2074 3916 2074 3917 1791 3917 2075 3917 2075 3918 1791 3918 2076 3918 1791 3919 1789 3919 2076 3919 2076 3920 1789 3920 2077 3920 1789 3921 1787 3921 2077 3921 1787 3922 1785 3922 2077 3922 2077 3923 1785 3923 2078 3923 1785 3924 1783 3924 2078 3924 2078 3925 1783 3925 2079 3925 1783 3926 1781 3926 2079 3926 2079 3927 1781 3927 2080 3927 2080 3928 1782 3928 2081 3928 1781 3929 1782 3929 2080 3929 2081 3930 1784 3930 2082 3930 1782 3931 1784 3931 2081 3931 2082 3932 1786 3932 2083 3932 2083 3933 1786 3933 2084 3933 1784 3934 1786 3934 2082 3934 1786 3935 1788 3935 2084 3935 2084 3936 1790 3936 2085 3936 2085 3937 1790 3937 2086 3937 1788 3938 1790 3938 2084 3938 2086 3939 1792 3939 2087 3939 1790 3940 1792 3940 2086 3940 2087 3941 1794 3941 2088 3941 1792 3942 1794 3942 2087 3942 2088 3943 1796 3943 2089 3943 1794 3944 1796 3944 2088 3944 2089 3945 1798 3945 2090 3945 1796 3946 1798 3946 2089 3946 1798 3947 1800 3947 2090 3947 2090 3948 1802 3948 2091 3948 1800 3949 1802 3949 2090 3949 2091 3950 1804 3950 2092 3950 1802 3951 1804 3951 2091 3951 2092 3952 1806 3952 2093 3952 2093 3953 1806 3953 2094 3953 1804 3954 1806 3954 2092 3954 2094 3955 1808 3955 2095 3955 1806 3956 1808 3956 2094 3956 1808 3957 1810 3957 2095 3957 1810 3958 1812 3958 2095 3958 2095 3959 1812 3959 2096 3959 2096 3960 1812 3960 2097 3960 1812 3961 1814 3961 2097 3961 1814 3962 1816 3962 2097 3962 2097 3963 1816 3963 2098 3963 2098 3964 1816 3964 2099 3964 1816 3965 1818 3965 2099 3965 2099 3966 1818 3966 2100 3966 1818 3967 1820 3967 2100 3967 2100 3968 1820 3968 2101 3968 1820 3969 1822 3969 2101 3969 2101 3970 1822 3970 2102 3970 1822 3971 1824 3971 2102 3971 1824 3972 1826 3972 2102 3972 2102 3973 1826 3973 2103 3973 1826 3974 1828 3974 2103 3974 2103 3975 1828 3975 2104 3975 2104 3976 1828 3976 2105 3976 1828 3977 1830 3977 2105 3977 2105 3978 1830 3978 2106 3978 1830 3979 1832 3979 2106 3979 1832 3980 1834 3980 2106 3980 2106 3981 1834 3981 2107 3981 1834 3982 1836 3982 2107 3982 2107 3983 1836 3983 2108 3983 1836 3984 1838 3984 2108 3984 2108 3985 1838 3985 2109 3985 1838 3986 1840 3986 2109 3986 2109 3987 1840 3987 2110 3987 2110 3988 1840 3988 2111 3988 1840 3989 1842 3989 2111 3989 1842 3990 1844 3990 2111 3990 2111 3991 1844 3991 2112 3991 2112 3992 1844 3992 2113 3992 1844 3993 1846 3993 2113 3993 2113 3994 1846 3994 2114 3994 1846 3995 1848 3995 2114 3995 1848 3996 1850 3996 2114 3996 2114 3997 1850 3997 2115 3997 2115 3998 1850 3998 2116 3998 1850 3999 1851 3999 2116 3999 2116 4000 1854 4000 2117 4000 2117 4001 1854 4001 2118 4001 1851 4002 1854 4002 2116 4002 1854 4003 1856 4003 2118 4003 2118 4004 1859 4004 2119 4004 1856 4005 1859 4005 2118 4005 2119 4006 1861 4006 2120 4006 2120 4007 1861 4007 2121 4007 1859 4008 1861 4008 2119 4008 1861 4009 1862 4009 2121 4009 1862 4010 1864 4010 2121 4010 2121 4011 1864 4011 2122 4011 2122 4012 1864 4012 2123 4012 1864 4013 1866 4013 2123 4013 1866 4014 1867 4014 2123 4014 2123 4015 1867 4015 2124 4015 2124 4016 1867 4016 2125 4016 1867 4017 1869 4017 2125 4017 2125 4018 1869 4018 2126 4018 1869 4019 1873 4019 2126 4019 1873 4020 1874 4020 2126 4020 2126 4021 1874 4021 2127 4021 2127 4022 1874 4022 2128 4022 1874 4023 1877 4023 2128 4023 1877 4024 1878 4024 2128 4024 2128 4025 1878 4025 2129 4025 2129 4026 1878 4026 2130 4026 1878 4027 1879 4027 2130 4027 2130 4028 1879 4028 2131 4028 1879 4029 1883 4029 2131 4029 2131 4030 1883 4030 2132 4030 1883 4031 1884 4031 2132 4031 2132 4032 1887 4032 2133 4032 2133 4033 1887 4033 2134 4033 1884 4034 1887 4034 2132 4034 1887 4035 1888 4035 2134 4035 2134 4036 1890 4036 2135 4036 1888 4037 1890 4037 2134 4037 2135 4038 1891 4038 2136 4038 1890 4039 1891 4039 2135 4039 2136 4040 1894 4040 2137 4040 2137 4041 1894 4041 2138 4041 1891 4042 1894 4042 2136 4042 1894 4043 1895 4043 2138 4043 2138 4044 1899 4044 2139 4044 2139 4045 1899 4045 2140 4045 1895 4046 1899 4046 2138 4046 1899 4047 1900 4047 2140 4047 2140 4048 1903 4048 2141 4048 1900 4049 1903 4049 2140 4049 2141 4050 1904 4050 2142 4050 2142 4051 1904 4051 2143 4051 1903 4052 1904 4052 2141 4052 1904 4053 1906 4053 2143 4053 2143 4054 1905 4054 2144 4054 2144 4055 1905 4055 2145 4055 1906 4056 1905 4056 2143 4056 1905 4057 1901 4057 2145 4057 1901 4058 1902 4058 2145 4058 2145 4059 1902 4059 2146 4059 1902 4060 1897 4060 2146 4060 2146 4061 1897 4061 2147 4061 2147 4062 1897 4062 2148 4062 1897 4063 1898 4063 2148 4063 1898 4064 1896 4064 2148 4064 2148 4065 1896 4065 2149 4065 2149 4066 1896 4066 2150 4066 1896 4067 1893 4067 2150 4067 2150 4068 1892 4068 2151 4068 1893 4069 1892 4069 2150 4069 2151 4070 1889 4070 2152 4070 1892 4071 1889 4071 2151 4071 2152 4072 1885 4072 2153 4072 1889 4073 1885 4073 2152 4073 2153 4074 1886 4074 2154 4074 2154 4075 1886 4075 2155 4075 1885 4076 1886 4076 2153 4076 1886 4077 1882 4077 2155 4077 2155 4078 1880 4078 2156 4078 2156 4079 1880 4079 2157 4079 1882 4080 1880 4080 2155 4080 1880 4081 1881 4081 2157 4081 2157 4082 1876 4082 2158 4082 1881 4083 1876 4083 2157 4083 2158 4084 1875 4084 2033 4084 1876 4085 1875 4085 2158 4085 2159 4086 2160 4086 2001 4086 2001 4087 2160 4087 1997 4087 1997 4088 2161 4088 1998 4088 1998 4089 2161 4089 1995 4089 2160 4090 2161 4090 1997 4090 2161 4091 2162 4091 1995 4091 1995 4092 2163 4092 1993 4092 1993 4093 2163 4093 1989 4093 2162 4094 2163 4094 1995 4094 2163 4095 2164 4095 1989 4095 1989 4096 2165 4096 1990 4096 2164 4097 2165 4097 1989 4097 1990 4098 2166 4098 1987 4098 1987 4099 2166 4099 1985 4099 2165 4100 2166 4100 1990 4100 2166 4101 2167 4101 1985 4101 1985 4102 2168 4102 1984 4102 2167 4103 2168 4103 1985 4103 1984 4104 2169 4104 1981 4104 2168 4105 2169 4105 1984 4105 2169 4106 2170 4106 1981 4106 1981 4107 2170 4107 1979 4107 1979 4108 2170 4108 1977 4108 2170 4109 2171 4109 1977 4109 2171 4110 2172 4110 1977 4110 1977 4111 2172 4111 1975 4111 2172 4112 2173 4112 1975 4112 1975 4113 2173 4113 1973 4113 1973 4114 2174 4114 1971 4114 1971 4115 2174 4115 1969 4115 2173 4116 2174 4116 1973 4116 2174 4117 2175 4117 1969 4117 1969 4118 2176 4118 1967 4118 2175 4119 2176 4119 1969 4119 1967 4120 2177 4120 1965 4120 1965 4121 2177 4121 1963 4121 2176 4122 2177 4122 1967 4122 2177 4123 2178 4123 1963 4123 1963 4124 2179 4124 1961 4124 2178 4125 2179 4125 1963 4125 1961 4126 2180 4126 1959 4126 2179 4127 2180 4127 1961 4127 1959 4128 2181 4128 1957 4128 2180 4129 2181 4129 1959 4129 1957 4130 2182 4130 1955 4130 2181 4131 2182 4131 1957 4131 1955 4132 2183 4132 1953 4132 2182 4133 2183 4133 1955 4133 1953 4134 2184 4134 1951 4134 2183 4135 2184 4135 1953 4135 1951 4136 2185 4136 1949 4136 2184 4137 2185 4137 1951 4137 1949 4138 2186 4138 1947 4138 2185 4139 2186 4139 1949 4139 1947 4140 2187 4140 1945 4140 1945 4141 2187 4141 1943 4141 2186 4142 2187 4142 1947 4142 2187 4143 2188 4143 1943 4143 1943 4144 2189 4144 1941 4144 2188 4145 2189 4145 1943 4145 1941 4146 2190 4146 1939 4146 2189 4147 2190 4147 1941 4147 1939 4148 2191 4148 1937 4148 2190 4149 2191 4149 1939 4149 1937 4150 2192 4150 1935 4150 2191 4151 2192 4151 1937 4151 1935 4152 2193 4152 1933 4152 2192 4153 2193 4153 1935 4153 1933 4154 2194 4154 1931 4154 2193 4155 2194 4155 1933 4155 1931 4156 2195 4156 1929 4156 2194 4157 2195 4157 1931 4157 1929 4158 2196 4158 1927 4158 1927 4159 2196 4159 1925 4159 2195 4160 2196 4160 1929 4160 2196 4161 2197 4161 1925 4161 1925 4162 2197 4162 1923 4162 2197 4163 2198 4163 1923 4163 2198 4164 2199 4164 1923 4164 1923 4165 2199 4165 1921 4165 2199 4166 2200 4166 1921 4166 1921 4167 2200 4167 1919 4167 2200 4168 2201 4168 1919 4168 1919 4169 2201 4169 1917 4169 2201 4170 2202 4170 1917 4170 1917 4171 2202 4171 1915 4171 2202 4172 2203 4172 1915 4172 1915 4173 2203 4173 1913 4173 2203 4174 2204 4174 1913 4174 1913 4175 2204 4175 1911 4175 2204 4176 2205 4176 1911 4176 1911 4177 2205 4177 1909 4177 1909 4178 2205 4178 1908 4178 2205 4179 2206 4179 1908 4179 1908 4180 2207 4180 1907 4180 2206 4181 2207 4181 1908 4181 1907 4182 2208 4182 1910 4182 2207 4183 2208 4183 1907 4183 1910 4184 2209 4184 1912 4184 1912 4185 2209 4185 1914 4185 2208 4186 2209 4186 1910 4186 2209 4187 2210 4187 1914 4187 1914 4188 2211 4188 1916 4188 1916 4189 2211 4189 1918 4189 2210 4190 2211 4190 1914 4190 2211 4191 2212 4191 1918 4191 1918 4192 2213 4192 1920 4192 1920 4193 2213 4193 1922 4193 2212 4194 2213 4194 1918 4194 2213 4195 2214 4195 1922 4195 1922 4196 2215 4196 1924 4196 2214 4197 2215 4197 1922 4197 1924 4198 2216 4198 1926 4198 1926 4199 2216 4199 1928 4199 2215 4200 2216 4200 1924 4200 2216 4201 2217 4201 1928 4201 1928 4202 2218 4202 1930 4202 2217 4203 2218 4203 1928 4203 1930 4204 2219 4204 1932 4204 2218 4205 2219 4205 1930 4205 1932 4206 2220 4206 1934 4206 2219 4207 2220 4207 1932 4207 2220 4208 2221 4208 1934 4208 1934 4209 2221 4209 1936 4209 1936 4210 2221 4210 1938 4210 2221 4211 2222 4211 1938 4211 1938 4212 2222 4212 1940 4212 2222 4213 2223 4213 1940 4213 2223 4214 2224 4214 1940 4214 1940 4215 2224 4215 1942 4215 1942 4216 2224 4216 1944 4216 2224 4217 2225 4217 1944 4217 1944 4218 2225 4218 1946 4218 2225 4219 2226 4219 1946 4219 1946 4220 2226 4220 1948 4220 2226 4221 2227 4221 1948 4221 2227 4222 2228 4222 1948 4222 1948 4223 2228 4223 1950 4223 1950 4224 2228 4224 1952 4224 2228 4225 2229 4225 1952 4225 2229 4226 2230 4226 1952 4226 1952 4227 2230 4227 1954 4227 2230 4228 2231 4228 1954 4228 1954 4229 2231 4229 1956 4229 1956 4230 2231 4230 1958 4230 2231 4231 2232 4231 1958 4231 2232 4232 2233 4232 1958 4232 1958 4233 2233 4233 1960 4233 2233 4234 2234 4234 1960 4234 1960 4235 2234 4235 1962 4235 2234 4236 2235 4236 1962 4236 1962 4237 2235 4237 1964 4237 1964 4238 2235 4238 1966 4238 2235 4239 2236 4239 1966 4239 2236 4240 2237 4240 1966 4240 1966 4241 2237 4241 1968 4241 2237 4242 2238 4242 1968 4242 1968 4243 2238 4243 1970 4243 1970 4244 2238 4244 1972 4244 2238 4245 2239 4245 1972 4245 2239 4246 2240 4246 1972 4246 1972 4247 2240 4247 1974 4247 2240 4248 2241 4248 1974 4248 1974 4249 2241 4249 1976 4249 1976 4250 2242 4250 1978 4250 2241 4251 2242 4251 1976 4251 1978 4252 2242 4252 1980 4252 2242 4253 2243 4253 1980 4253 1980 4254 2244 4254 1982 4254 2243 4255 2244 4255 1980 4255 1982 4256 2245 4256 1983 4256 2244 4257 2245 4257 1982 4257 1983 4258 2246 4258 1986 4258 2245 4259 2246 4259 1983 4259 2246 4260 2247 4260 1986 4260 1986 4261 2247 4261 1988 4261 2247 4262 2248 4262 1988 4262 1988 4263 2248 4263 1991 4263 2248 4264 2249 4264 1991 4264 1991 4265 2249 4265 1992 4265 2249 4266 2250 4266 1992 4266 1992 4267 2250 4267 1994 4267 1994 4268 2250 4268 1996 4268 2250 4269 2251 4269 1996 4269 2251 4270 2252 4270 1996 4270 1996 4271 2252 4271 1999 4271 2252 4272 2253 4272 1999 4272 1999 4273 2253 4273 2000 4273 2253 4274 2254 4274 2000 4274 2000 4275 2254 4275 2002 4275 2254 4276 2255 4276 2002 4276 2002 4277 2255 4277 2003 4277 2255 4278 2256 4278 2003 4278 2003 4279 2256 4279 2005 4279 2256 4280 2257 4280 2005 4280 2005 4281 2257 4281 2008 4281 2257 4282 2258 4282 2008 4282 2008 4283 2258 4283 2009 4283 2009 4284 2259 4284 2013 4284 2258 4285 2259 4285 2009 4285 2013 4286 2260 4286 2014 4286 2259 4287 2260 4287 2013 4287 2014 4288 2261 4288 2016 4288 2260 4289 2261 4289 2014 4289 2016 4290 2262 4290 2018 4290 2261 4291 2262 4291 2016 4291 2018 4292 2263 4292 2021 4292 2021 4293 2263 4293 2022 4293 2262 4294 2263 4294 2018 4294 2263 4295 2264 4295 2022 4295 2022 4296 2265 4296 2024 4296 2264 4297 2265 4297 2022 4297 2024 4298 2266 4298 2026 4298 2265 4299 2266 4299 2024 4299 2026 4300 2267 4300 2028 4300 2266 4301 2267 4301 2026 4301 2028 4302 2268 4302 2030 4302 2267 4303 2268 4303 2028 4303 2030 4304 2269 4304 2032 4304 2268 4305 2269 4305 2030 4305 2032 4306 2270 4306 2031 4306 2269 4307 2270 4307 2032 4307 2270 4308 2271 4308 2031 4308 2031 4309 2271 4309 2029 4309 2271 4310 2272 4310 2029 4310 2029 4311 2272 4311 2027 4311 2272 4312 2273 4312 2027 4312 2027 4313 2273 4313 2025 4313 2273 4314 2274 4314 2025 4314 2025 4315 2274 4315 2023 4315 2274 4316 2275 4316 2023 4316 2023 4317 2275 4317 2019 4317 2019 4318 2276 4318 2020 4318 2275 4319 2276 4319 2019 4319 2020 4320 2277 4320 2017 4320 2276 4321 2277 4321 2020 4321 2017 4322 2278 4322 2015 4322 2015 4323 2278 4323 2012 4323 2277 4324 2278 4324 2017 4324 2278 4325 2279 4325 2012 4325 2012 4326 2280 4326 2010 4326 2279 4327 2280 4327 2012 4327 2010 4328 2281 4328 2011 4328 2280 4329 2281 4329 2010 4329 2011 4330 2282 4330 2006 4330 2281 4331 2282 4331 2011 4331 2006 4332 2283 4332 2007 4332 2282 4333 2283 4333 2006 4333 2007 4334 2284 4334 2004 4334 2004 4335 2284 4335 2001 4335 2283 4336 2284 4336 2007 4336 2284 4337 2159 4337 2001 4337 2081 4338 2207 4338 2080 4338 2082 4339 2207 4339 2081 4339 2080 4340 2207 4340 2206 4340 2080 4341 2205 4341 2079 4341 2206 4342 2205 4342 2080 4342 2082 4343 2208 4343 2207 4343 2079 4344 2204 4344 2078 4344 2205 4345 2204 4345 2079 4345 2083 4346 2209 4346 2082 4346 2084 4347 2209 4347 2083 4347 2082 4348 2209 4348 2208 4348 2077 4349 2203 4349 2076 4349 2078 4350 2203 4350 2077 4350 2204 4351 2203 4351 2078 4351 2084 4352 2210 4352 2209 4352 2203 4353 2202 4353 2076 4353 2085 4354 2211 4354 2084 4354 2084 4355 2211 4355 2210 4355 2202 4356 2201 4356 2076 4356 2076 4357 2201 4357 2075 4357 2086 4358 2212 4358 2085 4358 2085 4359 2212 4359 2211 4359 2201 4360 2200 4360 2075 4360 2074 4361 2200 4361 2073 4361 2075 4362 2200 4362 2074 4362 2086 4363 2213 4363 2212 4363 2087 4364 2213 4364 2086 4364 2200 4365 2199 4365 2073 4365 2087 4366 2214 4366 2213 4366 2088 4367 2214 4367 2087 4367 2089 4368 2214 4368 2088 4368 2199 4369 2198 4369 2073 4369 2073 4370 2198 4370 2072 4370 2089 4371 2215 4371 2214 4371 2198 4372 2197 4372 2072 4372 2071 4373 2197 4373 2070 4373 2072 4374 2197 4374 2071 4374 2089 4375 2216 4375 2215 4375 2090 4376 2216 4376 2089 4376 2070 4377 2196 4377 2069 4377 2197 4378 2196 4378 2070 4378 2091 4379 2217 4379 2090 4379 2092 4380 2217 4380 2091 4380 2090 4381 2217 4381 2216 4381 2196 4382 2195 4382 2069 4382 2092 4383 2218 4383 2217 4383 2068 4384 2194 4384 2067 4384 2069 4385 2194 4385 2068 4385 2195 4386 2194 4386 2069 4386 2092 4387 2219 4387 2218 4387 2093 4388 2219 4388 2092 4388 2094 4389 2219 4389 2093 4389 2194 4390 2193 4390 2067 4390 2067 4391 2193 4391 2066 4391 2094 4392 2220 4392 2219 4392 2066 4393 2192 4393 2065 4393 2193 4394 2192 4394 2066 4394 2095 4395 2221 4395 2094 4395 2096 4396 2221 4396 2095 4396 2094 4397 2221 4397 2220 4397 2192 4398 2191 4398 2065 4398 2096 4399 2222 4399 2221 4399 2065 4400 2190 4400 2064 4400 2191 4401 2190 4401 2065 4401 2097 4402 2223 4402 2096 4402 2096 4403 2223 4403 2222 4403 2064 4404 2189 4404 2063 4404 2190 4405 2189 4405 2064 4405 2098 4406 2224 4406 2097 4406 2097 4407 2224 4407 2223 4407 2063 4408 2188 4408 2062 4408 2189 4409 2188 4409 2063 4409 2099 4410 2225 4410 2098 4410 2098 4411 2225 4411 2224 4411 2188 4412 2187 4412 2062 4412 2062 4413 2187 4413 2061 4413 2099 4414 2226 4414 2225 4414 2100 4415 2226 4415 2099 4415 2101 4416 2226 4416 2100 4416 2187 4417 2186 4417 2061 4417 2061 4418 2186 4418 2060 4418 2101 4419 2227 4419 2226 4419 2186 4420 2185 4420 2060 4420 2060 4421 2185 4421 2059 4421 2101 4422 2228 4422 2227 4422 2102 4423 2228 4423 2101 4423 2103 4424 2228 4424 2102 4424 2185 4425 2184 4425 2059 4425 2059 4426 2184 4426 2058 4426 2103 4427 2229 4427 2228 4427 2058 4428 2183 4428 2057 4428 2184 4429 2183 4429 2058 4429 2183 4430 2056 4430 2057 4430 2104 4431 2230 4431 2103 4431 2103 4432 2230 4432 2229 4432 2183 4433 2182 4433 2056 4433 2104 4434 2231 4434 2230 4434 2105 4435 2231 4435 2104 4435 2056 4436 2181 4436 2055 4436 2182 4437 2181 4437 2056 4437 2105 4438 2232 4438 2231 4438 2106 4439 2232 4439 2105 4439 2106 4440 2107 4440 2232 4440 2055 4441 2180 4441 2054 4441 2181 4442 2180 4442 2055 4442 2107 4443 2233 4443 2232 4443 2054 4444 2179 4444 2053 4444 2180 4445 2179 4445 2054 4445 2107 4446 2234 4446 2233 4446 2108 4447 2234 4447 2107 4447 2053 4448 2178 4448 2052 4448 2179 4449 2178 4449 2053 4449 2109 4450 2235 4450 2108 4450 2108 4451 2235 4451 2234 4451 2052 4452 2177 4452 2051 4452 2178 4453 2177 4453 2052 4453 2109 4454 2236 4454 2235 4454 2110 4455 2236 4455 2109 4455 2051 4456 2176 4456 2050 4456 2177 4457 2176 4457 2051 4457 2111 4458 2237 4458 2110 4458 2110 4459 2237 4459 2236 4459 2050 4460 2175 4460 2049 4460 2176 4461 2175 4461 2050 4461 2237 4462 2112 4462 2238 4462 2111 4463 2112 4463 2237 4463 2174 4464 2048 4464 2175 4464 2175 4465 2048 4465 2049 4465 2112 4466 2239 4466 2238 4466 2112 4467 2113 4467 2239 4467 2173 4468 2047 4468 2174 4468 2174 4469 2047 4469 2048 4469 2239 4470 2114 4470 2240 4470 2113 4471 2114 4471 2239 4471 2173 4472 2046 4472 2047 4472 2172 4473 2046 4473 2173 4473 2114 4474 2241 4474 2240 4474 2114 4475 2115 4475 2241 4475 2172 4476 2171 4476 2046 4476 2171 4477 2045 4477 2046 4477 2241 4478 2116 4478 2242 4478 2115 4479 2116 4479 2241 4479 2171 4480 2044 4480 2045 4480 2170 4481 2044 4481 2171 4481 2242 4482 2117 4482 2243 4482 2116 4483 2117 4483 2242 4483 2169 4484 2043 4484 2170 4484 2170 4485 2043 4485 2044 4485 2243 4486 2118 4486 2244 4486 2117 4487 2118 4487 2243 4487 2118 4488 2245 4488 2244 4488 2168 4489 2042 4489 2169 4489 2169 4490 2042 4490 2043 4490 2118 4491 2119 4491 2245 4491 2167 4492 2041 4492 2168 4492 2168 4493 2041 4493 2042 4493 2245 4494 2120 4494 2246 4494 2119 4495 2120 4495 2245 4495 2166 4496 2040 4496 2167 4496 2167 4497 2040 4497 2041 4497 2246 4498 2121 4498 2247 4498 2120 4499 2121 4499 2246 4499 2164 4500 2039 4500 2165 4500 2165 4501 2039 4501 2166 4501 2166 4502 2039 4502 2040 4502 2247 4503 2122 4503 2248 4503 2121 4504 2122 4504 2247 4504 2164 4505 2038 4505 2039 4505 2248 4506 2123 4506 2249 4506 2122 4507 2123 4507 2248 4507 2163 4508 2037 4508 2164 4508 2164 4509 2037 4509 2038 4509 2249 4510 2124 4510 2250 4510 2123 4511 2124 4511 2249 4511 2162 4512 2036 4512 2163 4512 2163 4513 2036 4513 2037 4513 2124 4514 2125 4514 2250 4514 2250 4515 2125 4515 2251 4515 2160 4516 2035 4516 2161 4516 2161 4517 2035 4517 2162 4517 2162 4518 2035 4518 2036 4518 2125 4519 2126 4519 2251 4519 2251 4520 2126 4520 2252 4520 2160 4521 2034 4521 2035 4521 2252 4522 2127 4522 2253 4522 2126 4523 2127 4523 2252 4523 2159 4524 2033 4524 2160 4524 2160 4525 2033 4525 2034 4525 2253 4526 2128 4526 2254 4526 2254 4527 2128 4527 2255 4527 2127 4528 2128 4528 2253 4528 2159 4529 2158 4529 2033 4529 2284 4530 2158 4530 2159 4530 2255 4531 2129 4531 2256 4531 2128 4532 2129 4532 2255 4532 2282 4533 2157 4533 2283 4533 2283 4534 2157 4534 2284 4534 2284 4535 2157 4535 2158 4535 2129 4536 2130 4536 2256 4536 2282 4537 2156 4537 2157 4537 2256 4538 2131 4538 2257 4538 2257 4539 2131 4539 2258 4539 2130 4540 2131 4540 2256 4540 2280 4541 2155 4541 2281 4541 2281 4542 2155 4542 2282 4542 2282 4543 2155 4543 2156 4543 2131 4544 2132 4544 2258 4544 2280 4545 2154 4545 2155 4545 2279 4546 2154 4546 2280 4546 2258 4547 2133 4547 2259 4547 2259 4548 2133 4548 2260 4548 2132 4549 2133 4549 2258 4549 2278 4550 2153 4550 2279 4550 2279 4551 2153 4551 2154 4551 2133 4552 2134 4552 2260 4552 2278 4553 2152 4553 2153 4553 2260 4554 2135 4554 2261 4554 2134 4555 2135 4555 2260 4555 2278 4556 2151 4556 2152 4556 2277 4557 2151 4557 2278 4557 2261 4558 2136 4558 2262 4558 2135 4559 2136 4559 2261 4559 2277 4560 2150 4560 2151 4560 2275 4561 2150 4561 2276 4561 2276 4562 2150 4562 2277 4562 2136 4563 2137 4563 2262 4563 2262 4564 2137 4564 2263 4564 2263 4565 2137 4565 2264 4565 2275 4566 2149 4566 2150 4566 2274 4567 2149 4567 2275 4567 2137 4568 2138 4568 2264 4568 2274 4569 2148 4569 2149 4569 2138 4570 2139 4570 2264 4570 2264 4571 2139 4571 2265 4571 2274 4572 2147 4572 2148 4572 2273 4573 2147 4573 2274 4573 2265 4574 2140 4574 2266 4574 2139 4575 2140 4575 2265 4575 2273 4576 2146 4576 2147 4576 2272 4577 2146 4577 2273 4577 2266 4578 2141 4578 2267 4578 2140 4579 2141 4579 2266 4579 2272 4580 2145 4580 2146 4580 2271 4581 2145 4581 2272 4581 2267 4582 2142 4582 2268 4582 2141 4583 2142 4583 2267 4583 2271 4584 2144 4584 2145 4584 2270 4585 2144 4585 2271 4585 2270 4586 2143 4586 2144 4586 2268 4587 2143 4587 2269 4587 2269 4588 2143 4588 2270 4588 2142 4589 2143 4589 2268 4589</p>
        </triangles>
      </mesh>
    </geometry>
  </library_geometries>
  <library_materials>
    <material id="mat_Body005" name="Body005">
      <instance_effect url="#effect_Body005"/>
    </material>
  </library_materials>
  <library_visual_scenes>
    <visual_scene id="scene">
      <node id="node0" name="node0">
        <instance_geometry url="#geometry0">
          <bind_material>
            <technique_common>
              <instance_material symbol="ref_Body005" target="#mat_Body005"/>
            </technique_common>
          </bind_material>
        </instance_geometry>
      </node>
    </visual_scene>
  </library_visual_scenes>
  <scene>
    <instance_visual_scene url="#scene"/>
  </scene>
</COLLADA>
