<COLLADA xmlns="http://www.collada.org/2005/11/COLLADASchema" version="1.4.1">
  <asset>
    <contributor/>
    <created>2026-10-07T19:14:39.335998</created>
    <modified>2026-10-07T19:14:39.335998</modified>
    <unit name="meter" meter="1.0"/>
    <up_axis>Z_UP</up_axis>
  </asset>
  <library_effects>
    <effect id="effect_Body" name="effect_Body">
      <profile_COMMON>
        <technique sid="common">
          <phong>
            <emission>
              <color>0.0 0.0 0.0 1.0</color>
            </emission>
            <ambient>
              <color>0.0 0.0 0.0 1.0</color>
            </ambient>
            <diffuse>
              <color>0.4470588266849518 0.4745098054409027 0.501960813999176 1.0</color>
            </diffuse>
            <specular>
              <color>1 1 1 1.0</color>
            </specular>
            <shininess>
              <float>0.0</float>
            </shininess>
            <reflective>
              <color>0.0 0.0 0.0 1.0</color>
            </reflective>
            <reflectivity>
              <float>0.0</float>
            </reflectivity>
            <transparent>
              <color>0.0 0.0 0.0 1.0</color>
            </transparent>
            <transparency>
              <float>1.0</float>
            </transparency>
          </phong>
        </technique>
        <extra>
          <technique profile="GOOGLEEARTH">
            <double_sided>0</double_sided>
          </technique>
        </extra>
      </profile_COMMON>
    </effect>
  </library_effects>
  <library_geometries>
    <geometry id="geometry0" name="Base">
      <mesh>
        <source id="cubeverts-array0">
          <float_array count="4230" id="cubeverts-array0-array">-0.073 -0.075 0.094 -0.07328986 -0.07497888 0.09400687 -0.07317431 -0.07499239 0.09400247 -0.0734031 -0.07495895 0.09401334 -0.07351404 -0.07493282 0.09402184 -0.07361878 -0.07490187 0.09403189 -0.07371745 -0.07486689 0.09404326 -0.07381015 -0.07482857 0.09405572 -0.07398194 -0.07474235 0.09408373 -0.07413149 -0.07464916 0.09411402 -0.07426089 -0.07455247 0.09414545 -0.0743723 -0.07445493 0.09417715 -0.07446783 -0.07435848 0.09420849 -0.07454947 -0.07426457 0.09423901 -0.07461904 -0.07417418 0.09426839 -0.0746782 -0.07408796 0.09429641 -0.07477463 -0.07392233 0.09435024 -0.07484257 -0.07377778 0.09439722 -0.07489023 -0.07365348 0.09443761 -0.07492355 -0.07354767 0.09447201 -0.0749659 -0.07336774 0.09453049 -0.07499146 -0.07318465 0.09458999 -0.075 -0.073 0.09465 -0.06970512 -0.06994659 0.09564236 -0.0698364 -0.06982043 0.09568336 -0.06956946 -0.0700656 0.09560368 -0.06997371 -0.06967527 0.09573054 -0.06942232 -0.07018314 0.09556548 -0.07010359 -0.06952343 0.09577988 -0.0692642 -0.07029749 0.09552832 -0.07021957 -0.06937367 0.09582856 -0.06911314 -0.07039627 0.09549621 -0.07032812 -0.06921893 0.09587885 -0.06895596 -0.07048916 0.09546603 -0.07043698 -0.06904626 0.09593497 -0.06879145 -0.07057641 0.09543767 -0.07053572 -0.06887048 0.0959921 -0.06862138 -0.07065665 0.09541158 -0.07062547 -0.06868995 0.09605077 -0.06844796 -0.07072873 0.09538816 -0.07070135 -0.06851656 0.09610712 -0.06827875 -0.07079009 0.09536822 -0.07077077 -0.06833463 0.09616624 -0.0680923 -0.07084797 0.09534941 -0.07083287 -0.06814417 0.09622814 -0.06791666 -0.07089355 0.09533459 -0.07088671 -0.06794524 0.0962928 -0.06773342 -0.07093219 0.09532204 -0.07092738 -0.06775878 0.09635339 -0.06753682 -0.07096381 0.09531176 -0.07095909 -0.0675706 0.09641455 -0.06734177 -0.07098537 0.09530476 -0.0709818 -0.06738113 0.09647614 -0.06717104 -0.07099634 0.09530119 -0.067 -0.071 0.0953 -0.07099545 -0.06719078 0.09653799 -0.071 -0.067 0.0966 -0.075 0.005 0.12 -0.071 0.005 0.12 0.073 -0.075 0.094 0.06719078 -0.07099545 0.09530148 0.067 -0.071 0.0953 0.0673758 -0.07098231 0.09530575 0.06757192 -0.0709589 0.09531335 0.0677667 -0.07092583 0.0953241 0.06795969 -0.07088317 0.09533797 0.06815044 -0.07083099 0.09535493 0.0683385 -0.0707694 0.09537495 0.06852343 -0.07069853 0.09539798 0.06870477 -0.07061853 0.09542398 0.07328986 -0.07497888 0.09400687 0.07317431 -0.07499239 0.09400247 0.0734031 -0.07495895 0.09401334 0.06886457 -0.07053884 0.09544987 0.07351404 -0.07493282 0.09402184 0.07361878 -0.07490187 0.09403189 0.06902079 -0.07045201 0.0954781 0.07371745 -0.07486689 0.09404326 0.07381015 -0.07482857 0.09405572 0.06917313 -0.0703582 0.09550858 0.07398194 -0.07474235 0.09408373 0.06932127 -0.07025757 0.09554129 0.07413149 -0.07464916 0.09411402 0.06947546 -0.07014199 0.09557885 0.07426089 -0.07455247 0.09414545 0.06961653 -0.07002552 0.09561671 0.0743723 -0.07445493 0.09417715 0.06975941 -0.06989581 0.09565887 0.07446783 -0.07435848 0.09420849 0.07454947 -0.07426457 0.09423901 0.07461904 -0.07417418 0.09426839 0.0746782 -0.07408796 0.09429641 0.07477463 -0.07392233 0.09435024 0.07484257 -0.07377778 0.09439722 0.07489023 -0.07365348 0.09443761 0.07492355 -0.07354767 0.09447201 0.0749659 -0.07336774 0.09453049 0.07499146 -0.07318465 0.09458999 0.075 -0.073 0.09465 0.06988836 -0.0697672 0.09570066 0.07001363 -0.06963021 0.09574518 0.07013744 -0.06948122 0.0957936 0.07025797 -0.0693207 0.09584577 0.07037163 -0.06915224 0.09590052 0.07047659 -0.06897821 0.09595708 0.07057372 -0.06879681 0.09601604 0.07065523 -0.0686246 0.09607201 0.07072759 -0.06845088 0.09612846 0.07079559 -0.06826235 0.09618974 0.07085472 -0.06806823 0.09625282 0.0709052 -0.06786566 0.09631866 0.0709445 -0.06766399 0.0963842 0.07097161 -0.06747569 0.0964454 0.07098994 -0.06728347 0.09650787 0.07099748 -0.06714182 0.09655391 0.071 -0.067 0.0966 0.075 0.005 0.12 0.071 0.005 0.12 -0.071 0.0525 0.08 -0.071 0.0595 0.08 -0.071 0.067 0.12 -0.071 0.0455 0.08 -0.071 0.0385 0.08 -0.071 0.0315 0.08 -0.071 0.0245 0.08 -0.071 0.0175 0.08 -0.071 0.0105 0.08 -0.071 0.0035 0.08 -0.071 -0.0035 0.08 -0.071 0.0595 0.01 -0.071 0.067 0.004 -0.071 -0.0105 0.08 -0.071 0.0525 0.01 -0.071 -0.0175 0.08 -0.071 0.0455 0.01 -0.071 0.0385 0.01 -0.071 0.0315 0.01 -0.071 0.0245 0.01 -0.071 0.0175 0.01 -0.071 0.0035 0.01 -0.071 0.0105 0.01 -0.071 -0.0105 0.01 -0.071 -0.0035 0.01 -0.071 -0.067 0.004 -0.071 -0.0175 0.01 -0.07099518 -0.06719627 0.004 -0.07098074 -0.06739207 0.004 -0.0709567 -0.06758692 0.004 -0.07092314 -0.06778036 0.004 -0.07088013 -0.06797192 0.004 -0.07082776 -0.06816114 0.004 -0.07076617 -0.06834756 0.004 -0.07069552 -0.06853073 0.004 -0.07061596 -0.06871022 0.004 -0.07052769 -0.06888559 0.004 -0.07043092 -0.06905641 0.004 -0.07032588 -0.06922228 0.004 -0.07021283 -0.0693828 0.004 -0.07009204 -0.06953757 0.004 -0.06996381 -0.06968623 0.004 -0.06982843 -0.06982843 0.004 -0.06968623 -0.06996381 0.004 -0.06953757 -0.07009204 0.004 -0.0693828 -0.07021283 0.004 -0.06922228 -0.07032588 0.004 -0.06905641 -0.07043092 0.004 -0.06888559 -0.07052769 0.004 -0.06871022 -0.07061596 0.004 -0.06853073 -0.07069552 0.004 -0.06834756 -0.07076617 0.004 -0.06816114 -0.07082776 0.004 -0.06797192 -0.07088013 0.004 -0.06778036 -0.07092314 0.004 -0.06758692 -0.0709567 0.004 -0.06739207 -0.07098074 0.004 -0.06719627 -0.07099518 0.004 -0.067 -0.071 0.004 -0.075 0.073 0.12 -0.07099518 0.06719627 0.12 -0.07098074 0.06739207 0.12 -0.0709567 0.06758692 0.12 -0.07092314 0.06778036 0.12 -0.07088013 0.06797192 0.12 -0.07082776 0.06816114 0.12 -0.07076617 0.06834756 0.12 -0.07069552 0.06853073 0.12 -0.07061596 0.06871022 0.12 -0.07052769 0.06888559 0.12 -0.07496157 0.07339018 0.12 -0.07499759 0.07309814 0.12 -0.07499037 0.07319604 0.12 -0.07497836 0.07329346 0.12 -0.07043092 0.06905641 0.12 -0.07491388 0.07358057 0.12 -0.07494006 0.07348596 0.12 -0.07032588 0.06922228 0.12 -0.07484776 0.07376537 0.12 -0.07488309 0.07367378 0.12 -0.07480798 0.07385511 0.12 -0.07021283 0.0693828 0.12 -0.07471545 0.07402821 0.12 -0.07476384 0.07394279 0.12 -0.07009204 0.06953757 0.12 -0.07466294 0.07411114 0.12 -0.07460641 0.0741914 0.12 -0.06996381 0.06968623 0.12 -0.0744819 0.07434312 0.12 -0.07454602 0.07426878 0.12 -0.06982843 0.06982843 0.12 -0.07441422 0.07441422 0.12 -0.07434312 0.0744819 0.12 -0.07411114 0.07466294 0.12 -0.0741914 0.07460641 0.12 -0.07426878 0.07454602 0.12 -0.07402821 0.07471545 0.12 -0.07376537 0.07484776 0.12 -0.07394279 0.07476384 0.12 -0.07385511 0.07480798 0.12 -0.07367378 0.07488309 0.12 -0.07339018 0.07496157 0.12 -0.07358057 0.07491388 0.12 -0.07348596 0.07494006 0.12 -0.07329346 0.07497836 0.12 -0.07309814 0.07499759 0.12 -0.07319604 0.07499037 0.12 -0.073 0.075 0.12 -0.06968623 0.06996381 0.12 -0.06953757 0.07009204 0.12 -0.0693828 0.07021283 0.12 -0.06922228 0.07032588 0.12 -0.06905641 0.07043092 0.12 -0.06888559 0.07052769 0.12 -0.06871022 0.07061596 0.12 -0.06853073 0.07069552 0.12 -0.06834756 0.07076617 0.12 -0.06816114 0.07082776 0.12 -0.06797192 0.07088013 0.12 -0.06778036 0.07092314 0.12 -0.06758692 0.0709567 0.12 -0.06739207 0.07098074 0.12 -0.06719627 0.07099518 0.12 -0.067 0.071 0.12 0.071 0.067 0.12 0.075 0.073 0.12 0.07099518 0.06719627 0.12 0.07098074 0.06739207 0.12 0.0709567 0.06758692 0.12 0.07092314 0.06778036 0.12 0.07088013 0.06797192 0.12 0.07082776 0.06816114 0.12 0.07076617 0.06834756 0.12 0.07069552 0.06853073 0.12 0.07061596 0.06871022 0.12 0.07052769 0.06888559 0.12 0.07043092 0.06905641 0.12 0.07032588 0.06922228 0.12 0.07021283 0.0693828 0.12 0.07009204 0.06953757 0.12 0.06996381 0.06968623 0.12 0.06982843 0.06982843 0.12 0.073 0.075 0.12 0.06968623 0.06996381 0.12 0.06953757 0.07009204 0.12 0.0693828 0.07021283 0.12 0.06922228 0.07032588 0.12 0.06905641 0.07043092 0.12 0.06888559 0.07052769 0.12 0.06871022 0.07061596 0.12 0.06853073 0.07069552 0.12 0.06834756 0.07076617 0.12 0.06816114 0.07082776 0.12 0.06797192 0.07088013 0.12 0.06778036 0.07092314 0.12 0.06758692 0.0709567 0.12 0.06739207 0.07098074 0.12 0.06719627 0.07099518 0.12 0.067 0.071 0.12 0.07499037 0.07319604 0.12 0.07499759 0.07309814 0.12 0.07329346 0.07497836 0.12 0.07319604 0.07499037 0.12 0.07309814 0.07499759 0.12 0.07496157 0.07339018 0.12 0.07497836 0.07329346 0.12 0.07348596 0.07494006 0.12 0.07339018 0.07496157 0.12 0.07367378 0.07488309 0.12 0.07358057 0.07491388 0.12 0.07376537 0.07484776 0.12 0.07480798 0.07385511 0.12 0.07494006 0.07348596 0.12 0.07491388 0.07358057 0.12 0.07488309 0.07367378 0.12 0.07484776 0.07376537 0.12 0.07394279 0.07476384 0.12 0.07385511 0.07480798 0.12 0.07411114 0.07466294 0.12 0.07402821 0.07471545 0.12 0.07460641 0.0741914 0.12 0.07476384 0.07394279 0.12 0.07471545 0.07402821 0.12 0.07466294 0.07411114 0.12 0.07454602 0.07426878 0.12 0.07426878 0.07454602 0.12 0.0741914 0.07460641 0.12 0.07441422 0.07441422 0.12 0.0744819 0.07434312 0.12 0.07434312 0.0744819 0.12 0.067 -0.071 0.004 -0.075 0.0595 0.08 -0.075 0.0525 0.08 -0.075 0.0455 0.08 -0.075 0.0385 0.08 -0.075 0.0315 0.08 -0.075 0.0245 0.08 -0.075 0.0175 0.08 -0.075 0.0105 0.08 -0.075 0.0035 0.08 -0.075 -0.0035 0.08 -0.075 0.073 0 -0.075 -0.0105 0.08 -0.075 0.0595 0.01 -0.075 -0.0175 0.08 -0.075 0.0525 0.01 -0.075 0.0455 0.01 -0.075 0.0385 0.01 -0.075 0.0315 0.01 -0.075 0.0245 0.01 -0.075 0.0175 0.01 -0.075 0.0105 0.01 -0.075 0.0035 0.01 -0.075 -0.0035 0.01 -0.075 -0.0105 0.01 -0.075 -0.0175 0.01 -0.075 -0.073 0 0.06719627 -0.07099518 0.004 0.06739207 -0.07098074 0.004 0.06758692 -0.0709567 0.004 0.06778036 -0.07092314 0.004 0.06797192 -0.07088013 0.004 0.06816114 -0.07082776 0.004 0.06834756 -0.07076617 0.004 0.06853073 -0.07069552 0.004 0.06871022 -0.07061596 0.004 0.06888559 -0.07052769 0.004 0.06905641 -0.07043092 0.004 0.06922228 -0.07032588 0.004 0.0693828 -0.07021283 0.004 0.06953757 -0.07009204 0.004 0.06968623 -0.06996381 0.004 0.06982843 -0.06982843 0.004 0.06996381 -0.06968623 0.004 0.07009204 -0.06953757 0.004 0.07021283 -0.0693828 0.004 0.07032588 -0.06922228 0.004 0.07043092 -0.06905641 0.004 0.07052769 -0.06888559 0.004 0.07061596 -0.06871022 0.004 0.07069552 -0.06853073 0.004 0.07076617 -0.06834756 0.004 0.07082776 -0.06816114 0.004 0.07088013 -0.06797192 0.004 0.07092314 -0.06778036 0.004 0.0709567 -0.06758692 0.004 0.07098074 -0.06739207 0.004 0.07099518 -0.06719627 0.004 0.071 -0.067 0.004 -0.073 -0.075 0 -0.07309814 -0.07499759 0 -0.07319604 -0.07499037 0 -0.07329346 -0.07497836 0 -0.07339018 -0.07496157 0 -0.07348596 -0.07494006 0 -0.07358057 -0.07491388 0 -0.07367378 -0.07488309 0 -0.07376537 -0.07484776 0 -0.07385511 -0.07480798 0 -0.07394279 -0.07476384 0 -0.07402821 -0.07471545 0 -0.07411114 -0.07466294 0 -0.0741914 -0.07460641 0 -0.07426878 -0.07454602 0 -0.07434312 -0.0744819 0 -0.07441422 -0.07441422 0 -0.0744819 -0.07434312 0 -0.07454602 -0.07426878 0 -0.07460641 -0.0741914 0 -0.07466294 -0.07411114 0 -0.07471545 -0.07402821 0 -0.07476384 -0.07394279 0 -0.07480798 -0.07385511 0 -0.07484776 -0.07376537 0 -0.07488309 -0.07367378 0 -0.07491388 -0.07358057 0 -0.07494006 -0.07348596 0 -0.07496157 -0.07339018 0 -0.07497836 -0.07329346 0 -0.07499037 -0.07319604 0 -0.07499759 -0.07309814 0 0.071 -0.0175 0.08 0.071 -0.0105 0.08 0.071 -0.0035 0.08 0.071 0.0035 0.08 0.071 0.0105 0.08 0.071 0.0175 0.08 0.071 0.0245 0.08 0.071 0.0315 0.08 0.071 0.0385 0.08 0.071 0.0455 0.08 0.071 -0.0175 0.01 0.071 0.0525 0.08 0.071 0.0595 0.08 0.071 -0.0035 0.01 0.071 -0.0105 0.01 0.071 0.0105 0.01 0.071 0.0035 0.01 0.071 0.0245 0.01 0.071 0.0175 0.01 0.071 0.0315 0.01 0.071 0.0385 0.01 0.071 0.0525 0.01 0.071 0.0455 0.01 0.071 0.067 0.004 0.071 0.0595 0.01 0.073 -0.075 0 0.07309814 -0.07499759 0 0.07319604 -0.07499037 0 0.07329346 -0.07497836 0 0.07339018 -0.07496157 0 0.07348596 -0.07494006 0 0.07358057 -0.07491388 0 0.07367378 -0.07488309 0 0.07376537 -0.07484776 0 0.07385511 -0.07480798 0 0.07394279 -0.07476384 0 0.07402821 -0.07471545 0 0.07411114 -0.07466294 0 0.0741914 -0.07460641 0 0.07426878 -0.07454602 0 0.07434312 -0.0744819 0 0.07441422 -0.07441422 0 0.0744819 -0.07434312 0 0.07454602 -0.07426878 0 0.07460641 -0.0741914 0 0.07466294 -0.07411114 0 0.07471545 -0.07402821 0 0.07476384 -0.07394279 0 0.07480798 -0.07385511 0 0.07484776 -0.07376537 0 0.07488309 -0.07367378 0 0.07491388 -0.07358057 0 0.07494006 -0.07348596 0 0.07496157 -0.07339018 0 0.07497836 -0.07329346 0 0.07499037 -0.07319604 0 0.07499759 -0.07309814 0 0.075 -0.073 0 0.075 -0.0175 0.08 0.075 -0.0105 0.08 0.075 -0.0035 0.08 0.075 0.0035 0.08 0.075 0.0105 0.08 0.075 0.0175 0.08 0.075 0.0245 0.08 0.075 0.0315 0.08 0.075 0.0385 0.08 0.075 0.0455 0.08 0.075 0.0525 0.08 0.075 -0.0175 0.01 0.075 0.0595 0.08 0.075 -0.0105 0.01 0.075 -0.0035 0.01 0.075 0.0035 0.01 0.075 0.0105 0.01 0.075 0.0175 0.01 0.075 0.0245 0.01 0.075 0.0315 0.01 0.075 0.0385 0.01 0.075 0.0455 0.01 0.075 0.0525 0.01 0.075 0.073 0 0.075 0.0595 0.01 -0.0709567 0.06758692 0.004 -0.07098074 0.06739207 0.004 -0.07099518 0.06719627 0.004 -0.07092314 0.06778036 0.004 -0.07082776 0.06816114 0.004 -0.07088013 0.06797192 0.004 -0.07069552 0.06853073 0.004 -0.07076617 0.06834756 0.004 -0.07061596 0.06871022 0.004 -0.07052769 0.06888559 0.004 -0.07021283 0.0693828 0.004 -0.07043092 0.06905641 0.004 -0.07032588 0.06922228 0.004 -0.06982843 0.06982843 0.004 -0.07009204 0.06953757 0.004 -0.06996381 0.06968623 0.004 -0.06968623 0.06996381 0.004 -0.0693828 0.07021283 0.004 -0.06953757 0.07009204 0.004 -0.06922228 0.07032588 0.004 -0.06905641 0.07043092 0.004 -0.06888559 0.07052769 0.004 -0.06853073 0.07069552 0.004 -0.06871022 0.07061596 0.004 -0.06816114 0.07082776 0.004 -0.06834756 0.07076617 0.004 -0.06797192 0.07088013 0.004 -0.06758692 0.0709567 0.004 -0.06778036 0.07092314 0.004 -0.06719627 0.07099518 0.004 -0.06739207 0.07098074 0.004 -0.067 0.071 0.004 0.067 0.071 0.004 0.06739207 0.07098074 0.004 0.06719627 0.07099518 0.004 0.07098074 0.06739207 0.004 0.07099518 0.06719627 0.004 0.07092314 0.06778036 0.004 0.0709567 0.06758692 0.004 0.06778036 0.07092314 0.004 0.06758692 0.0709567 0.004 0.06797192 0.07088013 0.004 0.07082776 0.06816114 0.004 0.07088013 0.06797192 0.004 0.07076617 0.06834756 0.004 0.07069552 0.06853073 0.004 0.06853073 0.07069552 0.004 0.06834756 0.07076617 0.004 0.06816114 0.07082776 0.004 0.06905641 0.07043092 0.004 0.06888559 0.07052769 0.004 0.06871022 0.07061596 0.004 0.0693828 0.07021283 0.004 0.06922228 0.07032588 0.004 0.07009204 0.06953757 0.004 0.07061596 0.06871022 0.004 0.07052769 0.06888559 0.004 0.07043092 0.06905641 0.004 0.07032588 0.06922228 0.004 0.07021283 0.0693828 0.004 0.06953757 0.07009204 0.004 0.06996381 0.06968623 0.004 0.06968623 0.06996381 0.004 0.06982843 0.06982843 0.004 0.05399367 0.071 0.08530389 0.05321033 0.071 0.086107 0.05238793 0.071 0.08687008 0.054736 0.071 0.08446272 0.05152852 0.071 0.08759121 0.05543548 0.071 0.0835856 0.05063423 0.071 0.08826861 0.05609037 0.071 0.0826747 0.04970729 0.071 0.08890058 0.05669904 0.071 0.08173229 0.04875 0.071 0.08948557 0.05725999 0.071 0.08076071 0.04776474 0.071 0.09002212 0.0577718 0.071 0.07976238 0.04675396 0.071 0.09050888 0.05823322 0.071 0.07873978 0.04572017 0.071 0.09094466 0.05864309 0.071 0.07769545 0.04466595 0.071 0.09132836 0.05900039 0.071 0.07663199 0.04359391 0.071 0.09165904 0.05930424 0.071 0.07555204 0.04250672 0.071 0.09193587 0.05955388 0.071 0.07445829 0.04140709 0.071 0.09215817 0.0597487 0.071 0.07335345 0.04029773 0.071 0.09232538 0.05988819 0.071 0.07224028 0.03918143 0.071 0.09243709 0.05997203 0.071 0.07112153 0.03806094 0.071 0.092493 0.06 0.071 0.07 0.03693906 0.071 0.092493 0.03581857 0.071 0.09243709 0.03470227 0.071 0.09232538 0.03359291 0.071 0.09215817 0.03249328 0.071 0.09193587 0.03140609 0.071 0.09165904 0.03033405 0.071 0.09132836 0.02927983 0.071 0.09094466 0.03581857 0.071 0.04756292 0.03470227 0.071 0.04767462 0.03359291 0.071 0.04784183 0.03249328 0.071 0.04806412 0.03140609 0.071 0.04834095 0.03033405 0.071 0.04867163 0.02927983 0.071 0.04905534 0.02824604 0.071 0.04949112 0.05997203 0.071 0.06887847 0.05988819 0.071 0.06775972 0.0597487 0.071 0.06664655 0.05955388 0.071 0.06554171 0.05930424 0.071 0.06444796 0.05900039 0.071 0.06336801 0.05864309 0.071 0.06230455 0.05823322 0.071 0.06126022 0.0577718 0.071 0.06023762 0.05725999 0.071 0.05923928 0.05669904 0.071 0.05826771 0.05609037 0.071 0.0573253 0.05543548 0.071 0.0564144 0.054736 0.071 0.05553728 0.05399367 0.071 0.05469611 0.05321033 0.071 0.053893 0.05238793 0.071 0.05312992 0.05152852 0.071 0.05240879 0.05063423 0.071 0.0517314 0.04970729 0.071 0.05109941 0.04875 0.071 0.05051443 0.04776474 0.071 0.04997789 0.04675396 0.071 0.04949112 0.04572017 0.071 0.04905534 0.04466595 0.071 0.04867163 0.04359391 0.071 0.04834095 0.04250672 0.071 0.04806412 0.04140709 0.071 0.04784183 0.04029773 0.071 0.04767462 0.03918143 0.071 0.04756292 0.03806094 0.071 0.04750699 0.03693906 0.071 0.04750699 -0.02178967 0.071 0.086107 0.02100633 0.071 0.08530389 0.02178967 0.071 0.086107 0.02261207 0.071 0.08687008 -0.02100633 0.071 0.08530389 -0.02261207 0.071 0.08687008 -0.020264 0.071 0.08446272 0.020264 0.071 0.08446272 -0.02347148 0.071 0.08759121 0.02347148 0.071 0.08759121 0.02436577 0.071 0.08826861 -0.01956452 0.071 0.0835856 0.01956452 0.071 0.0835856 -0.02436577 0.071 0.08826861 -0.01890963 0.071 0.0826747 0.01830095 0.071 0.08173229 0.01890963 0.071 0.0826747 -0.02529271 0.071 0.08890058 0.02529271 0.071 0.08890058 -0.01830095 0.071 0.08173229 -0.02625 0.071 0.08948557 0.02625 0.071 0.08948557 -0.01774002 0.071 0.08076071 0.01774002 0.071 0.08076071 -0.02723526 0.071 0.09002212 0.02723526 0.071 0.09002212 -0.0172282 0.071 0.07976238 0.01676678 0.071 0.07873978 0.0172282 0.071 0.07976238 -0.02824604 0.071 0.09050888 0.02824604 0.071 0.09050888 -0.01676678 0.071 0.07873978 0.01635692 0.071 0.07769545 -0.02927983 0.071 0.09094466 -0.01635692 0.071 0.07769545 -0.01599961 0.071 0.07663199 0.01599961 0.071 0.07663199 -0.01569576 0.071 0.07555204 0.01544612 0.071 0.07445829 0.01569576 0.071 0.07555204 -0.01544612 0.071 0.07445829 0.01525131 0.071 0.07335345 -0.01525131 0.071 0.07335345 -0.01511181 0.071 0.07224028 0.01511181 0.071 0.07224028 -0.01502797 0.071 0.07112153 0.01502797 0.071 0.07112153 -0.015 0.071 0.07 0.015 0.071 0.07 0.01502797 0.071 0.06887847 -0.01502797 0.071 0.06887847 0.01511181 0.071 0.06775972 -0.03918143 0.071 0.09243709 -0.03806094 0.071 0.092493 -0.03693906 0.071 0.092493 -0.03581857 0.071 0.09243709 -0.03470227 0.071 0.09232538 -0.03359291 0.071 0.09215817 -0.03249328 0.071 0.09193587 -0.03140609 0.071 0.09165904 -0.03033405 0.071 0.09132836 -0.01511181 0.071 0.06775972 0.01525131 0.071 0.06664655 -0.04029773 0.071 0.09232538 -0.01525131 0.071 0.06664655 0.01544612 0.071 0.06554171 -0.04140709 0.071 0.09215817 -0.01544612 0.071 0.06554171 0.01569576 0.071 0.06444796 -0.04250672 0.071 0.09193587 -0.01569576 0.071 0.06444796 0.01599961 0.071 0.06336801 -0.04359391 0.071 0.09165904 -0.01599961 0.071 0.06336801 -0.04466595 0.071 0.09132836 -0.01635692 0.071 0.06230455 0.01676678 0.071 0.06126022 0.01635692 0.071 0.06230455 -0.04572017 0.071 0.09094466 -0.01676678 0.071 0.06126022 0.0172282 0.071 0.06023762 -0.04675396 0.071 0.09050888 -0.0172282 0.071 0.06023762 0.01774002 0.071 0.05923928 -0.04776474 0.071 0.09002212 -0.01774002 0.071 0.05923928 0.01830095 0.071 0.05826771 -0.04875 0.071 0.08948557 -0.01830095 0.071 0.05826771 0.01890963 0.071 0.0573253 -0.04970729 0.071 0.08890058 -0.01890963 0.071 0.0573253 0.01956452 0.071 0.0564144 -0.05063423 0.071 0.08826861 -0.01956452 0.071 0.0564144 0.020264 0.071 0.05553728 -0.05152852 0.071 0.08759121 -0.020264 0.071 0.05553728 -0.05238793 0.071 0.08687008 -0.02100633 0.071 0.05469611 0.02178967 0.071 0.053893 0.02100633 0.071 0.05469611 -0.05321033 0.071 0.086107 -0.02178967 0.071 0.053893 -0.05399367 0.071 0.08530389 -0.02261207 0.071 0.05312992 0.02347148 0.071 0.05240879 0.02261207 0.071 0.05312992 -0.054736 0.071 0.08446272 -0.02347148 0.071 0.05240879 0.02436577 0.071 0.0517314 -0.05543548 0.071 0.0835856 -0.02436577 0.071 0.0517314 0.02529271 0.071 0.05109941 -0.05609037 0.071 0.0826747 -0.02529271 0.071 0.05109941 -0.05669904 0.071 0.08173229 -0.02625 0.071 0.05051443 0.02723526 0.071 0.04997789 0.02625 0.071 0.05051443 -0.05725999 0.071 0.08076071 -0.02723526 0.071 0.04997789 -0.0577718 0.071 0.07976238 -0.02824604 0.071 0.04949112 -0.05823322 0.071 0.07873978 -0.05864309 0.071 0.07769545 -0.05900039 0.071 0.07663199 -0.05930424 0.071 0.07555204 -0.05955388 0.071 0.07445829 -0.0597487 0.071 0.07335345 -0.05988819 0.071 0.07224028 -0.05997203 0.071 0.07112153 -0.06 0.071 0.07 -0.02927983 0.071 0.04905534 -0.03033405 0.071 0.04867163 -0.03140609 0.071 0.04834095 -0.03249328 0.071 0.04806412 -0.03359291 0.071 0.04784183 -0.03470227 0.071 0.04767462 -0.03581857 0.071 0.04756292 -0.03693906 0.071 0.04750699 -0.03806094 0.071 0.04750699 -0.03918143 0.071 0.04756292 -0.04029773 0.071 0.04767462 -0.04140709 0.071 0.04784183 -0.04250672 0.071 0.04806412 -0.04359391 0.071 0.04834095 -0.04466595 0.071 0.04867163 -0.04572017 0.071 0.04905534 -0.04675396 0.071 0.04949112 -0.04776474 0.071 0.04997789 -0.04875 0.071 0.05051443 -0.04970729 0.071 0.05109941 -0.05063423 0.071 0.0517314 -0.05152852 0.071 0.05240879 -0.05238793 0.071 0.05312992 -0.05321033 0.071 0.053893 -0.05399367 0.071 0.05469611 -0.054736 0.071 0.05553728 -0.05543548 0.071 0.0564144 -0.05609037 0.071 0.0573253 -0.05669904 0.071 0.05826771 -0.05725999 0.071 0.05923928 -0.0577718 0.071 0.06023762 -0.05823322 0.071 0.06126022 -0.05864309 0.071 0.06230455 -0.05900039 0.071 0.06336801 -0.05930424 0.071 0.06444796 -0.05955388 0.071 0.06554171 -0.0597487 0.071 0.06664655 -0.05988819 0.071 0.06775972 -0.05997203 0.071 0.06887847 0.07499759 0.07309814 0 0.07499037 0.07319604 0 0.07497836 0.07329346 0 0.07496157 0.07339018 0 0.07494006 0.07348596 0 0.07491388 0.07358057 0 0.07488309 0.07367378 0 0.07484776 0.07376537 0 0.07480798 0.07385511 0 0.07476384 0.07394279 0 0.07471545 0.07402821 0 0.07466294 0.07411114 0 0.07460641 0.0741914 0 0.07454602 0.07426878 0 0.0744819 0.07434312 0 0.07441422 0.07441422 0 0.07434312 0.0744819 0 0.07426878 0.07454602 0 0.0741914 0.07460641 0 0.07411114 0.07466294 0 0.07402821 0.07471545 0 0.07394279 0.07476384 0 0.07385511 0.07480798 0 0.07376537 0.07484776 0 0.07367378 0.07488309 0 0.07358057 0.07491388 0 0.07348596 0.07494006 0 0.07339018 0.07496157 0 0.07329346 0.07497836 0 0.07319604 0.07499037 0 0.07309814 0.07499759 0 0.073 0.075 0.008 0.073 0.075 0 0.05399367 0.075 0.08530389 0.05321033 0.075 0.086107 0.05238793 0.075 0.08687008 0.054736 0.075 0.08446272 0.05152852 0.075 0.08759121 0.05543548 0.075 0.0835856 0.05063423 0.075 0.08826861 0.05609037 0.075 0.0826747 0.04970729 0.075 0.08890058 0.05669904 0.075 0.08173229 0.04875 0.075 0.08948557 0.05725999 0.075 0.08076071 0.04776474 0.075 0.09002212 0.0577718 0.075 0.07976238 0.04675396 0.075 0.09050888 0.05823322 0.075 0.07873978 0.04572017 0.075 0.09094466 0.05864309 0.075 0.07769545 0.04466595 0.075 0.09132836 0.05900039 0.075 0.07663199 0.04359391 0.075 0.09165904 0.05930424 0.075 0.07555204 0.04250672 0.075 0.09193587 0.05955388 0.075 0.07445829 0.04140709 0.075 0.09215817 0.0597487 0.075 0.07335345 0.04029773 0.075 0.09232538 0.05988819 0.075 0.07224028 0.03918143 0.075 0.09243709 0.05997203 0.075 0.07112153 0.03806094 0.075 0.092493 0.06 0.075 0.07 0.03693906 0.075 0.092493 0.05997203 0.075 0.06887847 0.03581857 0.075 0.09243709 0.03470227 0.075 0.09232538 0.03359291 0.075 0.09215817 0.03249328 0.075 0.09193587 0.03140609 0.075 0.09165904 0.03033405 0.075 0.09132836 0.05988819 0.075 0.06775972 0.0597487 0.075 0.06664655 0.05955388 0.075 0.06554171 0.05930424 0.075 0.06444796 0.05900039 0.075 0.06336801 0.05864309 0.075 0.06230455 0.05823322 0.075 0.06126022 0.0577718 0.075 0.06023762 0.05725999 0.075 0.05923928 0.05669904 0.075 0.05826771 0.05609037 0.075 0.0573253 0.05543548 0.075 0.0564144 0.054736 0.075 0.05553728 0.05399367 0.075 0.05469611 0.05321033 0.075 0.053893 0.05238793 0.075 0.05312992 0.05152852 0.075 0.05240879 0.05063423 0.075 0.0517314 0.02178967 0.075 0.086107 -0.02178967 0.075 0.086107 0.02261207 0.075 0.08687008 -0.02100633 0.075 0.08530389 0.02100633 0.075 0.08530389 -0.02261207 0.075 0.08687008 0.020264 0.075 0.08446272 -0.020264 0.075 0.08446272 -0.02347148 0.075 0.08759121 0.02347148 0.075 0.08759121 0.02436577 0.075 0.08826861 -0.01956452 0.075 0.0835856 0.01956452 0.075 0.0835856 -0.02436577 0.075 0.08826861 0.01830095 0.075 0.08173229 -0.01890963 0.075 0.0826747 0.01890963 0.075 0.0826747 -0.02529271 0.075 0.08890058 0.02529271 0.075 0.08890058 -0.01830095 0.075 0.08173229 -0.02625 0.075 0.08948557 0.02625 0.075 0.08948557 0.0172282 0.075 0.07976238 -0.01774002 0.075 0.08076071 0.01774002 0.075 0.08076071 0.04029773 0.075 0.04767462 0.045 0.075 0.018 0.03918143 0.075 0.04756292 0.03806094 0.075 0.04750699 0.03693906 0.075 0.04750699 0.03581857 0.075 0.04756292 0.03470227 0.075 0.04767462 0.03359291 0.075 0.04784183 0.03249328 0.075 0.04806412 0.03140609 0.075 0.04834095 0.03033405 0.075 0.04867163 0.02927983 0.075 0.04905534 0.02824604 0.075 0.04949112 0.02723526 0.075 0.04997789 0.02625 0.075 0.05051443 0.02529271 0.075 0.05109941 0.04970729 0.075 0.05109941 0.04875 0.075 0.05051443 0.04776474 0.075 0.04997789 0.04675396 0.075 0.04949112 0.04572017 0.075 0.04905534 0.04466595 0.075 0.04867163 0.04359391 0.075 0.04834095 0.04250672 0.075 0.04806412 0.04140709 0.075 0.04784183 -0.02723526 0.075 0.09002212 0.02723526 0.075 0.09002212 -0.0172282 0.075 0.07976238 -0.02824604 0.075 0.09050888 0.02824604 0.075 0.09050888 0.02927983 0.075 0.09094466 -0.01676678 0.075 0.07873978 0.01676678 0.075 0.07873978 -0.02927983 0.075 0.09094466 0.01635692 0.075 0.07769545 -0.01635692 0.075 0.07769545 -0.03033405 0.075 0.09132836 0.01569576 0.075 0.07555204 -0.01599961 0.075 0.07663199 0.01599961 0.075 0.07663199 -0.01569576 0.075 0.07555204 0.01544612 0.075 0.07445829 -0.01544612 0.075 0.07445829 0.01511181 0.075 0.07224028 -0.01525131 0.075 0.07335345 0.01525131 0.075 0.07335345 -0.01511181 0.075 0.07224028 0.015 0.075 0.07 -0.01502797 0.075 0.07112153 0.01502797 0.075 0.07112153 0.01502797 0.075 0.06887847 -0.015 0.075 0.07 0.01511181 0.075 0.06775972 -0.01502797 0.075 0.06887847 0.045 0.075 0.008 0.01525131 0.075 0.06664655 -0.01511181 0.075 0.06775972 -0.01525131 0.075 0.06664655 0.01544612 0.075 0.06554171 -0.01544612 0.075 0.06554171 0.01569576 0.075 0.06444796 -0.01569576 0.075 0.06444796 0.01635692 0.075 0.06230455 -0.01599961 0.075 0.06336801 0.01599961 0.075 0.06336801 -0.04359391 0.075 0.09165904 -0.04250672 0.075 0.09193587 -0.04140709 0.075 0.09215817 -0.04029773 0.075 0.09232538 -0.03918143 0.075 0.09243709 -0.03806094 0.075 0.092493 -0.03693906 0.075 0.092493 -0.03581857 0.075 0.09243709 -0.03470227 0.075 0.09232538 -0.03359291 0.075 0.09215817 -0.03249328 0.075 0.09193587 -0.03140609 0.075 0.09165904 -0.04466595 0.075 0.09132836 -0.01635692 0.075 0.06230455 -0.04572017 0.075 0.09094466 -0.01676678 0.075 0.06126022 0.01676678 0.075 0.06126022 -0.04675396 0.075 0.09050888 -0.0172282 0.075 0.06023762 0.01774002 0.075 0.05923928 0.0172282 0.075 0.06023762 -0.04776474 0.075 0.09002212 -0.01774002 0.075 0.05923928 0.01830095 0.075 0.05826771 -0.04875 0.075 0.08948557 0.01890963 0.075 0.0573253 -0.01830095 0.075 0.05826771 -0.04970729 0.075 0.08890058 -0.01890963 0.075 0.0573253 -0.05063423 0.075 0.08826861 0.020264 0.075 0.05553728 -0.01956452 0.075 0.0564144 0.01956452 0.075 0.0564144 -0.05152852 0.075 0.08759121 0.02100633 0.075 0.05469611 -0.020264 0.075 0.05553728 -0.05238793 0.075 0.08687008 -0.02100633 0.075 0.05469611 0.02178967 0.075 0.053893 -0.05321033 0.075 0.086107 -0.02178967 0.075 0.053893 0.02261207 0.075 0.05312992 -0.05399367 0.075 0.08530389 0.02347148 0.075 0.05240879 -0.02261207 0.075 0.05312992 -0.054736 0.075 0.08446272 0.02436577 0.075 0.0517314 -0.02347148 0.075 0.05240879 -0.05543548 0.075 0.0835856 -0.02436577 0.075 0.0517314 -0.05609037 0.075 0.0826747 -0.02529271 0.075 0.05109941 -0.05669904 0.075 0.08173229 -0.05725999 0.075 0.08076071 -0.0577718 0.075 0.07976238 -0.05823322 0.075 0.07873978 -0.05864309 0.075 0.07769545 -0.05900039 0.075 0.07663199 -0.05930424 0.075 0.07555204 -0.05955388 0.075 0.07445829 -0.0597487 0.075 0.07335345 -0.05988819 0.075 0.07224028 -0.05997203 0.075 0.07112153 -0.06 0.075 0.07 -0.05997203 0.075 0.06887847 -0.045 0.075 0.018 -0.02625 0.075 0.05051443 -0.02723526 0.075 0.04997789 -0.02824604 0.075 0.04949112 -0.02927983 0.075 0.04905534 -0.03033405 0.075 0.04867163 -0.03140609 0.075 0.04834095 -0.03249328 0.075 0.04806412 -0.03359291 0.075 0.04784183 -0.03470227 0.075 0.04767462 -0.03581857 0.075 0.04756292 -0.03693906 0.075 0.04750699 -0.03806094 0.075 0.04750699 -0.03918143 0.075 0.04756292 -0.04029773 0.075 0.04767462 -0.04140709 0.075 0.04784183 -0.04250672 0.075 0.04806412 -0.04359391 0.075 0.04834095 -0.04466595 0.075 0.04867163 -0.04572017 0.075 0.04905534 -0.04675396 0.075 0.04949112 -0.04776474 0.075 0.04997789 -0.04875 0.075 0.05051443 -0.04970729 0.075 0.05109941 -0.05063423 0.075 0.0517314 -0.045 0.075 0.008 -0.073 0.075 0.008 -0.05152852 0.075 0.05240879 -0.05238793 0.075 0.05312992 -0.05321033 0.075 0.053893 -0.05399367 0.075 0.05469611 -0.054736 0.075 0.05553728 -0.05543548 0.075 0.0564144 -0.05609037 0.075 0.0573253 -0.05669904 0.075 0.05826771 -0.05725999 0.075 0.05923928 -0.0577718 0.075 0.06023762 -0.05823322 0.075 0.06126022 -0.05864309 0.075 0.06230455 -0.05900039 0.075 0.06336801 -0.05930424 0.075 0.06444796 -0.05955388 0.075 0.06554171 -0.0597487 0.075 0.06664655 -0.05988819 0.075 0.06775972 -0.07499759 0.07309814 0 -0.07499037 0.07319604 0 -0.07497836 0.07329346 0 -0.07496157 0.07339018 0 -0.07494006 0.07348596 0 -0.07491388 0.07358057 0 -0.07488309 0.07367378 0 -0.07484776 0.07376537 0 -0.07480798 0.07385511 0 -0.07476384 0.07394279 0 -0.07471545 0.07402821 0 -0.07466294 0.07411114 0 -0.07460641 0.0741914 0 -0.07454602 0.07426878 0 -0.0744819 0.07434312 0 -0.07441422 0.07441422 0 -0.07434312 0.0744819 0 -0.07426878 0.07454602 0 -0.0741914 0.07460641 0 -0.07411114 0.07466294 0 -0.07402821 0.07471545 0 -0.07394279 0.07476384 0 -0.07385511 0.07480798 0 -0.07376537 0.07484776 0 -0.07367378 0.07488309 0 -0.07358057 0.07491388 0 -0.07348596 0.07494006 0 -0.07339018 0.07496157 0 -0.07329346 0.07497836 0 -0.07319604 0.07499037 0 -0.07309814 0.07499759 0 -0.073 0.075 0 0.06896788 0.2130237 0 0.06896788 0.2130237 0.008 0.06896788 0.2130237 0.018 0.034 0.081 0.018 -0.034 0.081 0.018 -0.06896788 0.2130237 0.018 -0.05669748 0.2154268 0.018 -0.06947849 0.2164712 0.018 -0.05710279 0.218253 0.018 -0.06981686 0.2199398 0.018 -0.0573673 0.2210958 0.018 -0.06998219 0.223421 0.018 -0.05749038 0.2239483 0.018 -0.06997404 0.2269061 0.018 -0.05747171 0.2268033 0.018 -0.06979245 0.2303865 0.018 -0.05731135 0.2296539 0.018 -0.06943785 0.2338535 0.018 -0.05700969 0.232493 0.018 -0.06891114 0.2372986 0.018 -0.05656746 0.2353137 0.018 -0.06821361 0.2407132 0.018 -0.05598577 0.2381089 0.018 -0.067347 0.2440888 0.018 -0.05526605 0.2408718 0.018 -0.06631345 0.2474171 0.018 -0.05441007 0.2435956 0.018 -0.06511552 0.2506899 0.018 -0.05341994 0.2462735 0.018 -0.06375618 0.2538989 0.018 -0.0522981 0.2488989 0.018 -0.06223881 0.2570364 0.018 -0.05104732 0.2514655 0.018 -0.06056717 0.2600944 0.018 -0.04967068 0.2539668 0.018 -0.05874539 0.2630655 0.018 -0.04817158 0.2563966 0.018 -0.056778 0.2659421 0.018 -0.04655371 0.2587491 0.018 -0.05466986 0.2687173 0.018 -0.04482106 0.2610184 0.018 -0.05242622 0.2713842 0.018 -0.04297791 0.2631988 0.018 -0.05005262 0.273936 0.018 -0.04102879 0.2652851 0.018 -0.04755495 0.2763666 0.018 -0.03897852 0.267272 0.018 -0.0449394 0.2786698 0.018 -0.03683214 0.2691548 0.018 -0.04221246 0.28084 0.018 -0.03459496 0.2709286 0.018 -0.03938089 0.2828718 0.018 -0.03227248 0.2725893 0.018 -0.0364517 0.2847601 0.018 -0.02987043 0.2741325 0.018 -0.03343216 0.2865003 0.018 -0.02739474 0.2755547 0.018 -0.03032974 0.2880881 0.018 -0.0248515 0.2768522 0.018 -0.02715214 0.2895195 0.018 -0.02224699 0.2780219 0.018 -0.02390724 0.2907909 0.018 -0.01958764 0.2790609 0.018 -0.02060308 0.2918993 0.018 -0.01687999 0.2799665 0.018 -0.01724785 0.2928418 0.018 -0.01413072 0.2807366 0.018 -0.01384986 0.2936162 0.018 -0.01134661 0.2813694 0.018 0.05669748 0.2154268 0.018 -0.01041755 0.2942205 0.018 -0.008534526 0.2818631 0.018 0.06947849 0.2164712 0.018 0.05710279 0.218253 0.018 -0.006959413 0.2946532 0.018 -0.005701401 0.2822166 0.018 0.06981686 0.2199398 0.018 0.0573673 0.2210958 0.018 -0.003484025 0.2949132 0.018 -0.002854219 0.2824291 0.018 0.06998219 0.223421 0.018 0.05749038 0.2239483 0.018 -5.102387e-16 0.295 0.018 -6.91604e-13 0.2825 0.018 0.002854219 0.2824291 0.018 0.06997404 0.2269061 0.018 0.05747171 0.2268033 0.018 0.003484025 0.2949132 0.018 0.005701401 0.2822166 0.018 0.06979245 0.2303865 0.018 0.05731135 0.2296539 0.018 0.006959413 0.2946532 0.018 0.008534526 0.2818631 0.018 0.06943785 0.2338535 0.018 0.05700969 0.232493 0.018 0.01041755 0.2942205 0.018 0.01134661 0.2813694 0.018 0.06891114 0.2372986 0.018 0.05656746 0.2353137 0.018 0.01384986 0.2936162 0.018 0.01413072 0.2807366 0.018 0.06821361 0.2407132 0.018 0.05598577 0.2381089 0.018 0.01724785 0.2928418 0.018 0.01687999 0.2799665 0.018 0.067347 0.2440888 0.018 0.05526605 0.2408718 0.018 0.02060308 0.2918993 0.018 0.01958764 0.2790609 0.018 0.06631345 0.2474171 0.018 0.05441007 0.2435956 0.018 0.02390724 0.2907909 0.018 0.02224699 0.2780219 0.018 0.06511552 0.2506899 0.018 0.05341994 0.2462735 0.018 0.02715214 0.2895195 0.018 0.0248515 0.2768522 0.018 0.06375618 0.2538989 0.018 0.0522981 0.2488989 0.018 0.03032974 0.2880881 0.018 0.02739474 0.2755547 0.018 0.06223881 0.2570364 0.018 0.05104732 0.2514655 0.018 0.03343216 0.2865003 0.018 0.02987043 0.2741325 0.018 0.06056717 0.2600944 0.018 0.04967068 0.2539668 0.018 0.0364517 0.2847601 0.018 0.03227248 0.2725893 0.018 0.05874539 0.2630655 0.018 0.04817158 0.2563966 0.018 0.03938089 0.2828718 0.018 0.03459496 0.2709286 0.018 0.056778 0.2659421 0.018 0.04655371 0.2587491 0.018 0.04221246 0.28084 0.018 0.03683214 0.2691548 0.018 0.05466986 0.2687173 0.018 0.04482106 0.2610184 0.018 0.0449394 0.2786698 0.018 0.03897852 0.267272 0.018 0.05242622 0.2713842 0.018 0.04297791 0.2631988 0.018 0.04755495 0.2763666 0.018 0.04102879 0.2652851 0.018 0.05005262 0.273936 0.018 -0.06896788 0.2130237 0.008 -0.06896788 0.2130237 0 -0.06947849 0.2164712 0 -0.06981686 0.2199398 0 -0.06998219 0.223421 0 -0.06997404 0.2269061 0 -0.06979245 0.2303865 0 -0.06943785 0.2338535 0 -0.06891114 0.2372986 0 -0.06821361 0.2407132 0 -0.067347 0.2440888 0 -0.06631345 0.2474171 0 -0.06511552 0.2506899 0 -0.06375618 0.2538989 0 -0.06223881 0.2570364 0 -0.06056717 0.2600944 0 -0.05874539 0.2630655 0 -0.056778 0.2659421 0 -0.05466986 0.2687173 0 -0.05242622 0.2713842 0 -0.05005262 0.273936 0 -0.04755495 0.2763666 0 -0.0449394 0.2786698 0 -0.04221246 0.28084 0 -0.03938089 0.2828718 0 -0.0364517 0.2847601 0 -0.03343216 0.2865003 0 -0.03032974 0.2880881 0 -0.02715214 0.2895195 0 -0.02390724 0.2907909 0 -0.02060308 0.2918993 0 -0.01724785 0.2928418 0 -0.01384986 0.2936162 0 -0.01041755 0.2942205 0 -0.006959413 0.2946532 0 -0.003484025 0.2949132 0 -5.102387e-16 0.295 0 0.003484025 0.2949132 0 0.006959413 0.2946532 0 0.01041755 0.2942205 0 0.01384986 0.2936162 0 0.01724785 0.2928418 0 0.02060308 0.2918993 0 0.02390724 0.2907909 0 0.02715214 0.2895195 0 0.03032974 0.2880881 0 0.03343216 0.2865003 0 0.0364517 0.2847601 0 0.03938089 0.2828718 0 0.04221246 0.28084 0 0.0449394 0.2786698 0 0.04755495 0.2763666 0 0.05005262 0.273936 0 0.05242622 0.2713842 0 0.05466986 0.2687173 0 0.056778 0.2659421 0 0.05874539 0.2630655 0 0.06056717 0.2600944 0 0.06223881 0.2570364 0 0.06375618 0.2538989 0 0.06511552 0.2506899 0 0.06631345 0.2474171 0 0.067347 0.2440888 0 0.06821361 0.2407132 0 0.06891114 0.2372986 0 0.06943785 0.2338535 0 0.06979245 0.2303865 0 0.06997404 0.2269061 0 0.06998219 0.223421 0 0.06981686 0.2199398 0 0.06947849 0.2164712 0 -0.05669748 0.2154268 0 -0.05710279 0.218253 0 -0.0573673 0.2210958 0 -0.05749038 0.2239483 0 -0.05747171 0.2268033 0 -0.05731135 0.2296539 0 -0.05700969 0.232493 0 -0.05656746 0.2353137 0 -0.05598577 0.2381089 0 -0.05526605 0.2408718 0 -0.05441007 0.2435956 0 -0.05341994 0.2462735 0 -0.0522981 0.2488989 0 -0.05104732 0.2514655 0 -0.04967068 0.2539668 0 -0.04817158 0.2563966 0 -0.04655371 0.2587491 0 -0.04482106 0.2610184 0 -0.04297791 0.2631988 0 -0.04102879 0.2652851 0 -0.03897852 0.267272 0 -0.03683214 0.2691548 0 -0.03459496 0.2709286 0 -0.03227248 0.2725893 0 -0.02987043 0.2741325 0 -0.02739474 0.2755547 0 -0.0248515 0.2768522 0 -0.02224699 0.2780219 0 -0.01958764 0.2790609 0 -0.01687999 0.2799665 0 -0.01413072 0.2807366 0 -0.01134661 0.2813694 0 -0.008534526 0.2818631 0 -0.005701401 0.2822166 0 -0.002854219 0.2824291 0 -6.91604e-13 0.2825 0 0.002854219 0.2824291 0 0.005701401 0.2822166 0 0.008534526 0.2818631 0 0.01134661 0.2813694 0 0.01413072 0.2807366 0 0.01687999 0.2799665 0 0.01958764 0.2790609 0 0.02224699 0.2780219 0 0.0248515 0.2768522 0 0.02739474 0.2755547 0 0.02987043 0.2741325 0 0.03227248 0.2725893 0 0.03459496 0.2709286 0 0.03683214 0.2691548 0 0.03897852 0.267272 0 0.04102879 0.2652851 0 0.04297791 0.2631988 0 0.04482106 0.2610184 0 0.04655371 0.2587491 0 0.04817158 0.2563966 0 0.04967068 0.2539668 0 0.05104732 0.2514655 0 0.0522981 0.2488989 0 0.05341994 0.2462735 0 0.05441007 0.2435956 0 0.05526605 0.2408718 0 0.05598577 0.2381089 0 0.05656746 0.2353137 0 0.05700969 0.232493 0 0.05731135 0.2296539 0 0.05747171 0.2268033 0 0.05749038 0.2239483 0 0.0573673 0.2210958 0 0.05710279 0.218253 0 0.05669748 0.2154268 0 0.034 0.081 0 -0.034 0.081 0</float_array>
          <technique_common>
            <accessor count="1410" source="#cubeverts-array0-array" stride="3">
              <param type="float" name="X"/>
              <param type="float" name="Y"/>
              <param type="float" name="Z"/>
            </accessor>
          </technique_common>
        </source>
        <source id="cubenormals-array0">
          <float_array count="8628" id="cubenormals-array0-array">-5.136243e-05 -0.3098479 0.9507862 5.783741e-05 -0.3084923 0.9512268 -4.322511e-05 -0.3093901 0.9509352 1.22581e-05 -0.3090062 0.95106 4.294011e-06 -0.3090517 0.9510452 -3.851405e-05 -0.3092602 0.9509775 2.926907e-05 -0.3089705 0.9510716 -2.320829e-05 -0.3091514 0.9510128 6.088079e-07 -0.3090818 0.9510354 3.875789e-06 -0.3090737 0.9510381 1.341627e-05 -0.3090518 0.9510452 -3.631124e-05 -0.3091546 0.9510117 -2.439044e-05 -0.3091317 0.9510192 5.685085e-05 -0.3089878 0.951066 -2.312066e-05 -0.3091208 0.9510227 -9.12225e-06 -0.3091002 0.9510295 4.846332e-05 -0.3090221 0.9510549 -3.909676e-05 -0.309133 0.9510188 -7.369543e-06 -0.309095 0.9510312 1.781365e-06 -0.309085 0.9510344 -2.615273e-07 -0.309087 0.9510338 7.061739e-07 -0.3090861 0.9510341 1.703685e-05 -0.3091117 0.9510257 -2.271052e-05 -0.3090723 0.9510386 -8.996825e-06 -0.3090734 0.9510382 2.271351e-05 -0.3091008 0.9510292 -2.86984e-06 -0.3090818 0.9510354 -2.287857e-05 -0.3090702 0.9510393 1.306798e-05 -0.3091021 0.9510288 2.817441e-05 -0.3091069 0.9510273 -1.534283e-05 -0.3090683 0.9510399 -2.664139e-05 -0.309065 0.9510409 6.595206e-06 -0.3090928 0.9510319 8.749329e-06 -0.3090937 0.9510316 1.307243e-07 -0.309086 0.9510341 1.90979e-05 -0.3091027 0.9510287 -3.685749e-06 -0.3090823 0.9510353 -7.829659e-06 -0.3090781 0.9510368 -7.597715e-06 -0.3090787 0.9510365 9.050944e-07 -0.3090865 0.9510339 1.182185e-05 -0.3090955 0.951031 -1.286347e-05 -0.3090726 0.9510385 -9.0578e-06 -0.3090784 0.9510365 1.417991e-05 -0.3091014 0.9510291 2.08458e-05 -0.3091016 0.951029 -3.830699e-06 -0.3090813 0.9510356 -2.567666e-05 -0.3090674 0.9510401 -3.772815e-06 -0.3090813 0.9510356 -4.31554e-06 -0.3090824 0.9510353 -1.454841e-05 -0.3090681 0.9510399 2.869446e-05 -0.3091046 0.951028 3.795675e-05 -0.309135 0.9510181 -4.111852e-05 -0.309031 0.951052 -2.054595e-05 -0.3090728 0.9510384 3.442248e-06 -0.3090877 0.9510335 3.72093e-07 -0.3090861 0.9510341 0 -0.3090861 0.951034 1.147417e-06 -0.3090855 0.9510342 2.275113e-05 -0.3090563 0.9510437 2.958825e-06 -0.3090823 0.9510353 -1.360548e-05 -0.3091024 0.9510287 1.16795e-05 -0.3090729 0.9510384 -9.516971e-06 -0.3090961 0.9510309 -7.53924e-06 -0.3090942 0.9510315 0 -0.3090867 0.9510339 0 -0.3090867 0.9510338 -1.94223e-06 -0.3090884 0.9510333 -1.195303e-06 -0.3090877 0.9510335 5.136243e-05 -0.3098479 0.9507862 -5.783741e-05 -0.3084923 0.9512268 1.928415e-05 -0.3090696 0.9510394 4.322511e-05 -0.30939 0.9509352 -1.225809e-05 -0.3090061 0.95106 -5.50219e-06 -0.3090904 0.9510326 -4.256995e-06 -0.3090518 0.9510452 3.851404e-05 -0.3092602 0.9509774 6.154505e-06 -0.3090811 0.9510357 -2.926907e-05 -0.3089705 0.9510716 -8.018797e-06 -0.3090917 0.9510322 2.322501e-05 -0.3091515 0.9510128 1.264688e-05 -0.3090772 0.951037 -6.226446e-07 -0.3090819 0.9510354 -1.80142e-05 -0.3090973 0.9510304 -3.851566e-06 -0.3090737 0.9510381 -1.088484e-05 -0.3090929 0.9510319 -1.33942e-05 -0.309052 0.9510452 3.629052e-05 -0.3091548 0.9510117 2.437053e-05 -0.3091321 0.9510191 -5.68899e-05 -0.308988 0.951066 2.302744e-05 -0.309121 0.9510227 9.025618e-06 -0.3091001 0.9510295 -4.844254e-05 -0.3090217 0.951055 3.905107e-05 -0.3091328 0.9510189 7.394439e-06 -0.3090949 0.9510312 -1.759097e-06 -0.309085 0.9510345 2.615273e-07 -0.309087 0.9510338 1.139765e-05 -0.3090693 0.9510395 7.79609e-06 -0.3090748 0.9510377 -2.149873e-06 -0.3090877 0.9510336 -7.529248e-06 -0.3090945 0.9510314 7.079572e-06 -0.3090774 0.9510369 5.249968e-06 -0.3090795 0.9510362 -1.984428e-05 -0.3091054 0.9510278 -2.717195e-08 -0.3090867 0.9510339 -2.757686e-06 -0.3090887 0.9510332 7.539433e-06 -0.3090795 0.9510362 2.033972e-06 -0.3090841 0.9510348 9.125976e-06 -0.3090785 0.9510366 1.744307e-06 -0.309084 0.9510347 -1.081242e-05 -0.3090931 0.9510317 1.335558e-05 -0.3090765 0.9510372 -2.964967e-05 -0.3091048 0.951028 -3.43212e-06 -0.3090882 0.9510334 3.104919e-05 -0.3090669 0.9510403 -3.72093e-07 -0.3090861 0.9510341 0 -0.3090861 0.951034 1 0 0 1 0 0 1 0 -0 1 0 0 1 0 -0 1 0 -0 1 0 -0 1 0 -0 1 0 0 1 0 0 1 -0 0 1 0 0 1 0 -0 1 -0 0 1 0 0 1 0 0 1 -0 0 1 0 -0 1 -0 0 1 0 0 1 0 -0 1 -0 0 1 0 0 1 0 0 1 0 0 1 0 0 1 0 0 1 0 0 1 0 0 1 0 0 1 0 0 1 0 0 1 0 0 1 0 0 1 0 0 1 0 0 1 0 0 1 0 0 1 0 -0 0.9997151 0.02386747 -0 0.9974418 0.07148331 -1.365102e-06 0.9996984 0.02455918 1.426881e-06 0.9928919 0.1190199 -2.612792e-06 0.9972905 0.07356393 2.815767e-06 0.9860927 0.1661958 -3.867404e-06 0.9924797 0.1224084 4.029943e-06 0.9770333 0.2130867 -5.003653e-06 0.985281 0.1709427 5.22383e-06 0.9652723 0.2612458 -6.679972e-06 0.9757037 0.2190942 6.25285e-06 0.9507455 0.3099725 -4.332976e-06 0.9637697 0.2667358 4.343392e-06 0.9342892 0.356516 -3.35764e-06 0.9495271 0.3136851 3.409006e-06 0.9329966 0.3598851 3.733711e-06 0.9161134 0.4009192 -3.651318e-06 0.8954384 0.4451855 -5.490643e-06 0.9142148 0.4052297 5.249011e-06 0.8718659 0.4897448 -4.32173e-06 0.8932271 0.4496057 4.138404e-06 0.8459189 0.5333115 -3.098074e-06 0.8700833 0.4929047 2.959315e-06 0.8448595 0.5349882 1.053246e-06 0.81867 0.5742641 -1.015685e-06 0.7906189 0.6123086 -2.776138e-06 0.8175726 0.5758254 2.828727e-06 0.7599131 0.6500246 -4.541832e-06 0.7883489 0.6152284 4.39964e-06 0.7264787 0.6871891 -3.702929e-06 0.7572065 0.6531757 3.679577e-06 0.6928872 0.721046 -2.688682e-06 0.7242635 0.6895232 2.791486e-06 0.659476 0.7517257 -5.364901e-06 0.6895233 0.7242637 5.986381e-06 0.624155 0.7813004 -8.298999e-06 0.6531757 0.7572065 8.757063e-06 0.5859758 0.8103287 -9.801498e-06 0.6152284 0.7883489 9.950093e-06 0.5473027 0.8369347 -9.018254e-06 0.5758255 0.8175727 1.005099e-05 0.5087799 0.8608967 -1.05526e-05 0.5349883 0.8448594 1.17682e-05 0.4685355 0.8834447 -1.164642e-05 0.4929047 0.8700833 1.273141e-05 0.4267136 0.9043868 -1.210871e-05 0.4496057 0.893227 1.3055e-05 0.3837888 0.9234209 -1.202779e-05 0.4052297 0.914215 1.31472e-05 0.3409148 0.9400942 -1.064775e-05 0.3598851 0.9329966 1.310193e-05 0.296462 0.9550446 -1.211553e-05 0.3136851 0.9495271 1.232828e-05 0.2511817 0.9679399 -9.748458e-06 0.2667358 0.9637697 1.221617e-05 0.2063445 0.9784794 -9.119765e-06 0.2190942 0.9757038 1.080603e-05 0.1588103 0.9873091 -1.025492e-05 0.1709426 0.9852809 9.752333e-06 0.1098679 0.9939462 -1.003048e-05 0.1224084 0.9924798 1.012123e-05 0.06408276 0.9979446 -5.038694e-06 0.07356392 0.9972905 1.013961e-05 0.02140646 0.9997708 -0 0.02455918 0.9996983 5.908935e-06 0 0 1 0 0 1 0 0 1 0 0 1 0 0 1 0 0 1 0 0 1 0 0 1 0 0 1 0 0 1 0 0 1 0 0 1 0 0 1 0 0 1 0 0 1 0 0 1 0 0 1 0 0 1 0 0 1 0 0 1 0 0 1 0 0 1 0 0 1 0 0 1 0 0 1 0 0 1 0 0 1 0 0 1 0 0 1 0 0 1 0 0 1 0 0 1 0 0 1 0 0 1 0 0 1 0 0 1 0 0 1 0 0 1 0 0 1 0 0 1 0 0 1 0 0 1 0 0 1 0 0 1 0 0 1 0 0 1 0 0 1 0 0 1 0 0 1 0 0 1 0 0 1 0 0 1 0 0 1 0 0 1 0 0 1 0 0 1 0 0 1 0 0 1 0 0 1 0 0 1 0 0 1 0 0 1 0 0 1 0 0 1 0 0 1 0 0 1 0 0 1 0 0 1 0 0 1 0 0 1 0 0 1 0 0 1 0 0 1 0 0 1 0 0 1 0 0 1 0 0 1 0 0 1 0 0 1 0 0 1 0 0 1 0 0 1 0 0 1 0 0 1 0 0 1 0 0 1 0 0 1 0 0 1 0 0 1 0 0 1 0 0 1 0 0 1 0 0 1 0 0 1 0 0 1 0 0 1 0 0 1 0 0 1 0 0 1 0 0 1 0 0 1 0 0 1 0 0 1 0 0 1 0 0 1 0 0 1 0 0 1 0 0 1 0 0 1 0 0 1 0 0 1 0 0 1 0 0 1 0 0 1 0 0 1 0 0 1 0 0 1 0 0 1 0 0 1 0 0 1 0 0 1 0 0 1 0 0 1 0 0 1 0 0 1 0 0 1 0 0 1 0 0 1 0 0 1 0 0 1 0 0 1 0 0 1 0 0 1 0 0 1 0 1 0 0 1 -0 -1 0 0 -1 0 0 -1 -0 0 -1 0 0 -1 0 0 -1 0 0 -1 0 0 -1 0 0 -1 0 0 -1 0 0 -1 0 -0 -1 0 0 -1 0 0 -1 0 0 -1 0 0 -1 0 0 -1 -0 0 -1 0 0 -1 0 0 -1 0 0 -1 -0 0 -1 0 0 -1 0 0 -1 -0 0 -1 0 0 -1 0 0 -1 -0 0 -1 0 0 -1 -0 0 -1 -0 0 -1 -0 0 -1 0 0 -1 -0 0 -1 -0 0 -1 -0 0 -1 -0 0 -1 -0 0 -1 -0 0 -1 -0 0 -0.02455918 0.9996983 1.446205e-06 -0.02386747 0.9997151 0 -0.07356391 0.9972904 4.061259e-06 -0.07082902 0.9974884 -1.344088e-06 -0.1224084 0.9924798 3.774791e-06 -0.1185084 0.9929531 -4.020137e-06 -0.1709426 0.9852809 3.479172e-06 -0.1673663 0.9858948 -3.768564e-06 -0.2190942 0.9757037 3.163964e-06 -0.2158592 0.9764245 -3.502584e-06 -0.2667358 0.9637696 2.895843e-06 -0.2638352 0.9645678 -3.201606e-06 -0.3136851 0.9495271 2.446926e-06 -0.3112497 0.9503282 -2.792102e-06 -0.3578479 0.9337799 -2.486203e-06 -0.3598851 0.9329966 2.013724e-06 -0.4036295 0.9149225 -2.076766e-06 -0.4052297 0.9142149 1.565245e-06 -0.4496058 0.8932272 5.609133e-06 -0.4462732 0.8948968 -1.423573e-06 -0.4929047 0.8700833 8.707777e-06 -0.4858198 0.874059 -5.052294e-06 -0.5349882 0.8448594 1.099657e-05 -0.5243627 0.851495 -7.828549e-06 -0.5758255 0.8175727 1.251941e-05 -0.5619134 0.827196 -9.705172e-06 -0.6152284 0.7883489 1.26739e-05 -0.5997827 0.8001629 -1.209254e-05 -0.6531756 0.7572064 1.312672e-05 -0.6366522 0.7711511 -1.123818e-05 -0.6895232 0.7242636 1.313939e-05 -0.6721826 0.7403854 -1.266467e-05 -0.7242636 0.6895232 1.289394e-05 -0.7061618 0.7080505 -1.13078e-05 -0.7572065 0.6531757 1.239454e-05 -0.737945 0.6748607 -1.130813e-05 -0.7883489 0.6152285 1.219888e-05 -0.7691128 0.639113 -1.197995e-05 -0.8175727 0.5758255 1.246978e-05 -0.7996741 0.6004344 -1.296383e-05 -0.8448595 0.5349883 1.278894e-05 -0.8289628 0.5593037 -1.365701e-05 -0.8700833 0.4929047 1.294661e-05 -0.8563128 0.5164576 -1.392204e-05 -0.8932271 0.4496057 1.30363e-05 -0.8815728 0.4720481 -1.444547e-05 -0.9142149 0.4052297 1.309048e-05 -0.9038602 0.427828 -1.233978e-05 -0.9329966 0.3598851 1.289892e-05 -0.9231116 0.3845323 -1.190466e-05 -0.9495271 0.3136851 1.300877e-05 -0.9406912 0.3392638 -1.345089e-05 -0.9637697 0.2667358 1.303808e-05 -0.9565974 0.2914126 -1.391086e-05 -0.9757037 0.2190942 1.28586e-05 -0.9703195 0.2418264 -1.476955e-05 -0.9852809 0.1709426 1.250298e-05 -0.9815362 0.1912766 -1.397639e-05 -0.9924799 0.1224084 1.276826e-05 -0.989796 0.1424918 -1.182854e-05 -0.9972904 0.07356392 1.291697e-05 -0.9954821 0.09494919 -1.236762e-05 -0.9996983 0.02455918 1.043836e-05 -0.998587 0.05314244 -6.405317e-06 -0.9998425 0.01774964 0 -0.02455918 -0.9996983 0 -0.07352243 -0.9972937 -4.374097e-06 -0.04363999 -0.9990473 1.993725e-05 -0.1224084 -0.9924798 -8.687401e-07 -0.1709869 -0.9852733 1.032488e-06 -0.1160724 -0.9932408 5.548104e-06 -0.2190942 -0.9757037 -2.942592e-06 -0.1733233 -0.984865 3.600928e-06 -0.2667458 -0.9637669 -5.359298e-06 -0.2293299 -0.9733487 6.552233e-06 -0.313662 -0.9495347 -6.212215e-06 -0.2833265 -0.9590234 7.328277e-06 -0.359932 -0.9329785 -6.42337e-06 -0.3341648 -0.9425147 7.182406e-06 -0.4052297 -0.9142149 -6.444456e-06 -0.3820263 -0.9241514 6.630918e-06 -0.4496057 -0.8932272 1.697194e-05 -0.4929048 -0.8700833 -6.330765e-06 -0.4485602 -0.8937526 1.874801e-05 -0.5288361 -0.848724 1.744362e-05 -0.5349781 -0.8448659 7.985452e-06 -0.5758072 -0.8175855 -4.83912e-06 -0.598606 -0.8010436 1.718637e-05 -0.6152473 -0.7883342 -2.379409e-06 -0.6531564 -0.7572231 2.930621e-06 -0.6587179 -0.75239 1.14108e-05 -0.6895232 -0.7242636 -6.191689e-06 -0.7242636 -0.6895232 -4.246266e-06 -0.710469 -0.7037284 1.20076e-05 -0.757223 -0.6531564 1.479733e-06 -0.7546798 -0.6560932 5.75088e-06 -0.7883342 -0.6152473 -1.352851e-06 -0.8175856 -0.5758072 -4.330492e-06 -0.7924565 -0.6099284 5.268139e-06 -0.8448659 -0.5349781 -5.216044e-06 -0.8245665 -0.565765 5.636139e-06 -0.8700833 -0.4929047 7.412916e-06 -0.8932272 -0.4496057 -4.623759e-06 -0.8642014 -0.5031462 2.259409e-05 -0.914215 -0.4052297 -3.042341e-06 -0.9329785 -0.359932 3.945423e-06 -0.9050232 -0.4253621 1.681869e-05 -0.9495347 -0.313662 -4.371417e-06 -0.9337122 -0.3580244 6.361919e-06 -0.9637669 -0.2667458 -5.802361e-06 -0.9538125 -0.3004026 6.937292e-06 -0.9757037 -0.2190942 7.294037e-06 -0.9852732 -0.1709869 -4.567419e-06 -0.9733989 -0.229117 2.045908e-05 -0.9924797 -0.1224084 3.36352e-06 -0.9972936 -0.07352243 -2.574607e-06 -0.9904007 -0.1382265 2.184762e-05 -0.9996985 -0.02455918 0 -0.9989306 -0.04623308 2.249192e-05 -1 0 0 -1 0 0 -1 0 0 -1 0 0 -1 0 0 -1 0 0 -1 0 0 -1 0 0 -1 0 0 -1 0 0 -1 0 0 -1 0 0 -1 -0 0 -1 0 0 -1 0 0 -1 0 0 -1 0 0 -1 0 0 -1 0 0 -1 0 0 -1 0 0 -1 0 0 -1 0 0 -1 0 0 -1 0 0 -1 0 0 -1 0 0 -1 0 0 -1 0 0 -1 0 -0 -1 0 0 -1 0 0 -1 0 0 -1 0 0 -1 0 0 -1 0 0 -1 0 0 -1 0 0 -1 0 0 0 -1 0 0 -1 0 0.02455918 -0.9996983 0 0.07352243 -0.9972937 -4.374097e-06 0.04363999 -0.9990473 1.993725e-05 0.1224084 -0.9924797 -8.687399e-07 0.1709869 -0.9852733 1.032488e-06 0.1160724 -0.9932408 5.548104e-06 0.2190942 -0.9757037 -2.942591e-06 0.1733233 -0.984865 3.600917e-06 0.2667458 -0.9637669 -5.359298e-06 0.2293299 -0.9733488 6.552243e-06 0.313662 -0.9495347 -6.212215e-06 0.2833265 -0.9590235 7.328266e-06 0.359932 -0.9329785 -6.423376e-06 0.3341648 -0.9425147 7.182406e-06 0.4052297 -0.9142149 -6.444449e-06 0.3820263 -0.9241514 6.630906e-06 0.4496057 -0.8932272 1.697194e-05 0.4929047 -0.8700833 -6.330777e-06 0.4485602 -0.8937527 1.8748e-05 0.5288361 -0.848724 1.744359e-05 0.5349781 -0.8448659 7.985452e-06 0.5758072 -0.8175855 -4.83912e-06 0.5986059 -0.8010436 1.718637e-05 0.6152473 -0.7883342 -2.379402e-06 0.6531564 -0.757223 2.93062e-06 0.6587179 -0.75239 1.14108e-05 0.6895232 -0.7242637 -6.191689e-06 0.7242636 -0.6895232 -4.246273e-06 0.710469 -0.7037285 1.20076e-05 0.757223 -0.6531563 1.479708e-06 0.7546798 -0.6560932 5.75087e-06 0.7883342 -0.6152473 -1.352851e-06 0.8175856 -0.5758072 -4.330492e-06 0.7924566 -0.6099283 5.268139e-06 0.8448659 -0.5349781 -5.216044e-06 0.8245665 -0.565765 5.636163e-06 0.8700833 -0.4929047 7.412878e-06 0.8932272 -0.4496057 -4.623759e-06 0.8642014 -0.5031462 2.259409e-05 0.914215 -0.4052297 -3.042353e-06 0.9329785 -0.3599319 3.945423e-06 0.9050232 -0.4253621 1.681869e-05 0.9495347 -0.313662 -4.371417e-06 0.9337122 -0.3580244 6.361896e-06 0.9637669 -0.2667458 -5.80236e-06 0.9538125 -0.3004026 6.937292e-06 0.9757037 -0.2190942 7.29405e-06 0.9852732 -0.1709869 -4.567419e-06 0.9733989 -0.229117 2.045908e-05 0.9924797 -0.1224084 3.36352e-06 0.9972936 -0.07352243 -2.574607e-06 0.9904007 -0.1382265 2.184763e-05 0.9996985 -0.02455918 0 0.9989306 -0.04623308 2.249192e-05 1 -0 0 1 0 0 1 0 0 1 0 0 1 0 0 1 0 0 1 0 -0 1 0 -0 1 0 -0 1 -0 0 1 0 -0 1 0 0 1 0 0 1 0 0 1 0 0 1 0 0 1 -0 0 1 0 0 1 -0 0 1 0 0 1 -0 0 1 0 0 1 -0 0 1 0 0 1 -0 0 1 -0 0 1 -0 0 1 -0 0 1 -0 0 1 -0 0 1 -0 0 1 0 0 1 -0 0 1 -0 0 1 -0 0 1 -0 0 1 -0 0 1 -0 0 1 -0 0 0 0 1 0 0 1 0 0 1 0 0 1 0 0 1 0 0 1 0 0 1 0 0 1 0 0 1 0 0 1 0 0 1 0 0 1 0 0 1 0 0 1 0 0 1 0 0 1 0 0 1 0 0 1 0 0 1 0 0 1 0 0 1 0 0 1 0 0 1 0 0 1 0 0 1 0 0 1 0 0 1 0 0 1 0 0 1 0 0 1 0 0 1 0 0 1 0 0 1 0 0 1 0 0 1 0 0 1 0 0 1 0 0 1 0 0 1 0 0 1 0 0 1 0 0 1 0 0 1 0 0 1 0 0 1 0 0 1 0 0 1 0 0 1 0 0 1 0 0 1 0 0 1 0 0 1 0 0 1 0 0 1 0 0 1 0 0 1 0 0 1 0 0 1 0 0 1 0 0 1 0 0 1 0 0 1 0 0 1 0 0 1 0 0 1 0 0 1 0 0 1 0 0 1 0 0 1 0 0 1 0 0 1 0 0 1 0 0 1 0 0 1 0 0 1 0 0 1 0 0 1 0 0 1 0 0 1 0 0 1 0 0 1 0 0 1 0 0 1 0 0 1 0 0 1 0 0 1 0 0 1 0 0 1 0 0 1 0 0 1 0 0 1 0 0 1 0 0 1 0 0 1 0 0 1 0 0 1 0 0 1 0 0 1 0 0 1 0 0 1 0 0 1 0 0 1 0 0 1 0 0 1 0 0 1 0 0 1 0 0 1 0 0 1 0 0 1 0 0 1 0 0 1 0 0 1 0 0 1 0 0 1 0 0 1 0 0 1 0 0 1 0 0 1 0 0 1 0 0 1 0 0 1 0 0 1 0 0 1 0 0 1 0 0 1 0 0 1 0 0 1 0 0 1 0 0 1 0 0 1 0.9996983 -0.02455918 0 0.9996983 -0.02455918 0 0.9972906 -0.07356393 0 0.9972906 -0.07356393 0 0.9924798 -0.1224084 0 0.985281 -0.1709426 0 0.9924798 -0.1224084 0 0.985281 -0.1709426 0 0.9757037 -0.2190942 0 0.9757037 -0.2190942 0 0.9637697 -0.2667358 0 0.9495271 -0.3136851 0 0.9637697 -0.2667358 0 0.9495271 -0.3136851 0 0.9329966 -0.3598851 0 0.9329966 -0.3598851 0 0.9142149 -0.4052297 0 0.9142149 -0.4052297 0 0.8932271 -0.4496057 0 0.8700833 -0.4929047 0 0.8932271 -0.4496057 0 0.8700833 -0.4929047 0 0.8448595 -0.5349883 0 0.8175727 -0.5758255 0 0.8448595 -0.5349883 0 0.7883489 -0.6152285 0 0.8175727 -0.5758255 0 0.7883489 -0.6152285 0 0.7572065 -0.6531756 0 0.7242636 -0.6895232 0 0.7572065 -0.6531756 0 0.7242636 -0.6895232 0 0.6895232 -0.7242636 0 0.6895232 -0.7242636 0 0.6531756 -0.7572065 0 0.6531756 -0.7572065 0 0.6152285 -0.7883489 0 0.6152285 -0.7883489 0 0.5758255 -0.8175727 0 0.5349883 -0.8448595 0 0.5758255 -0.8175727 0 0.5349883 -0.8448595 0 0.4929047 -0.8700833 0 0.4496057 -0.8932271 0 0.4929047 -0.8700833 0 0.4496057 -0.8932271 0 0.4052297 -0.9142149 0 0.4052297 -0.9142149 0 0.3598851 -0.9329966 0 0.3136851 -0.9495271 0 0.3598851 -0.9329966 0 0.3136851 -0.9495271 0 0.2667358 -0.9637697 0 0.2190942 -0.9757037 0 0.2667358 -0.9637697 0 0.2190942 -0.9757037 0 0.1709426 -0.985281 0 0.1224084 -0.9924798 0 0.1709426 -0.985281 0 0.1224084 -0.9924798 0 0.07356393 -0.9972906 0 0.02455918 -0.9996983 0 0.07356393 -0.9972906 0 0.02455918 -0.9996983 0 -0 0 1 0 0 1 0 -1 0 0 -1 -0 0 0 -1 0 0 -1 0 1 0 0 1 -0 -0 0 1 0 0 1 0 -1 0 0 -1 -0 0 0 -1 0 0 -1 0 1 0 0 1 -0 -0 0 1 0 0 1 0 -1 0 0 -1 -0 0 0 -1 0 0 -1 0 1 0 0 1 -0 -0 0 1 0 0 1 0 -1 0 0 -1 -0 0 0 -1 0 0 -1 0 1 0 0 1 -0 -0 0 1 0 0 1 0 1 0 0 1 -0 0 -1 0 0 -1 -0 0 0 -1 0 0 -1 -0 0 1 0 0 1 0 -1 0 0 -1 -0 0 0 -1 0 0 -1 0 1 0 0 1 -0 -0.9996983 -0.02455918 0 -0.9972906 -0.07356393 0 -0.9996983 -0.02455918 -0 -0.9972906 -0.07356393 0 -0.9924798 -0.1224084 0 -0.985281 -0.1709426 0 -0.9924798 -0.1224084 -0 -0.985281 -0.1709426 0 -0.9757037 -0.2190942 0 -0.9637697 -0.2667358 0 -0.9757037 -0.2190942 -0 -0.9495271 -0.3136851 0 -0.9637697 -0.2667358 0 -0.9495271 -0.3136851 0 -0.9329966 -0.3598851 -0 -0.9329966 -0.3598851 0 -0.9142149 -0.4052297 -0 -0.9142149 -0.4052297 0 -0.8932271 -0.4496057 0 -0.8700833 -0.4929047 0 -0.8932271 -0.4496057 0 -0.8700833 -0.4929047 0 -0.8448595 -0.5349883 0 -0.8448595 -0.5349883 -0 -0.8175727 -0.5758255 0 -0.8175727 -0.5758255 -0 -0.7883489 -0.6152285 0 -0.7883489 -0.6152285 -0 -0.7572065 -0.6531756 0 -0.7572065 -0.6531756 -0 -0.7242636 -0.6895232 0 -0.7242636 -0.6895232 -0 -0.6895232 -0.7242636 0 -0.6531756 -0.7572065 0 -0.6895232 -0.7242636 -0 -0.6531756 -0.7572065 0 -0.6152285 -0.7883489 0 -0.6152285 -0.7883489 -0 -0.5758255 -0.8175727 0 -0.5758255 -0.8175727 -0 -0.5349883 -0.8448595 0 -0.5349883 -0.8448595 -0 -0.4929047 -0.8700833 0 -0.4929047 -0.8700833 -0 -0.4496057 -0.8932271 0 -0.4496057 -0.8932271 -0 -0.4052297 -0.9142149 0 -0.4052297 -0.9142149 -0 -0.3598851 -0.9329966 0 -0.3598851 -0.9329966 -0 -0.3136851 -0.9495271 0 -0.2667358 -0.9637697 0 -0.3136851 -0.9495271 -0 -0.2667358 -0.9637697 0 -0.2190942 -0.9757037 0 -0.2190942 -0.9757037 -0 -0.1709426 -0.985281 0 -0.1224084 -0.9924798 0 -0.1709426 -0.985281 -0 -0.1224084 -0.9924798 0 -0.07356393 -0.9972906 0 -0.07356393 -0.9972906 -0 -0.02455918 -0.9996983 0 -0.02455918 -0.9996983 -0 0 -1 0 0 -1 0 0 -1 0 0 -1 0 0 -1 0 0 -1 0 0 -1 0 0 -1 0 0 -1 0 0 -1 0 0 -1 0 0 -1 0 0 -1 0 0 -1 0 0 -1 0 0 -1 0 0 -1 0 0 -1 0 0 -1 0 0 -1 0 0 -1 0 0 -1 0 0 -1 0 0 -1 0 0 -1 0 0 -1 0 0 -1 0 0 -1 0 0 -1 0 0 -1 0 0 -1 0 0 -1 0 0 -1 0 0 -1 0 0 -1 0 0 -1 0 0 -1 0 0 -1 0 0 -1 0 0 -1 0 0 -1 0 0 -1 0 0 -1 0 0 -1 0 0 -1 0 0 -1 0 0 -1 0 0 -1 0 0 -1 0 0 -1 0 0 -1 0 0 -1 0 0 -1 0 0 -1 0 0 -1 0 0 -1 0 0 -1 0 0 -1 0 0 -1 0 0 -1 0 0 -1 0 0 -1 0 0 -1 0 0 -1 0 0 -1 0 0 -1 0 0 -1 0 0 -1 0 0 -1 0 0 -1 0 0 -1 0 0 -1 0 0 -1 0 0 -1 0 0 -1 0 0 -1 0 0 -1 0 0 -1 0 0 -1 0 0 -1 0 0 -1 0 0 -1 0 0 -1 0 0 -1 0 0 -1 0 0 -1 0 0 -1 0 0 -1 0 0 -1 0 0 -1 0 0 -1 0 0 -1 0 0 -1 0 0 -1 0 0 -1 0 0 -1 0 0 -1 0 0 -1 0 0 -1 0 0 -1 0 0 -1 0 0 -1 0 0 -1 0 0 -1 0 0 -1 0 0 -1 0 0 -1 0 0 -1 0 0 -1 0 0 -1 0 0 -1 0 0 -1 0 0 -1 0 0 -1 0 0 -1 0 0 -1 0 0 -1 0 0 -1 0 0 -1 0 0 -1 0 0 -1 0 0 -1 0 0 -1 0 0 -1 0 0 -1 0 0 -1 0 0 -1 0 0 -1 0 0 -1 0 0 -1 0 0 -1 0 0 -1 0 0 -1 0 0 -1 0 0 -1 0 0 -1 0 0 -1 0 0 -1 0 0 -1 0 0 -1 0 0 -1 0 0 -1 0 0 -1 0 0 -1 0 0 -1 0 0 -1 0 0 -1 0 0 -1 0 0 -1 0 0 -1 0 0 -1 0 0 -1 0 0 -1 0 0 -1 0 0 -1 0 0 -1 0 0 -1 0 0 -1 0 0 -1 0 0 -1 0 0 -1 0 0 -1 0 0 -1 0 0 -1 0 0 -1 0 0 -1 0 0 -1 0 0 -1 0 0 -1 0 0 -1 0 0 -1 0 0 -1 0 0 -1 0 0 -1 0 0 -1 0 0 -1 0 0 -1 0 0 -1 0 0 -1 0 0 -1 0 0 -1 0 0 -1 0 0 -1 0 0 -1 0 0 -1 0 0 -1 0 0 -1 0 0 -1 0 0 -1 0 0 -1 0 0 -1 0 0 -1 0 0 -1 0 0 -1 0 0 -1 0 0 -1 0 0 -1 0 0 -1 0 0 -1 0 0 -1 0 0 -1 0 0 -1 0 0 -1 0 0 -1 0 0 -1 0 0 -1 0 0 -1 0 0 -1 0 0 -1 0 0 -1 0 0 -1 0 0 -1 0 0 -1 0 0 -1 0 0 -1 0 0 -1 0 0 -1 0 0 -1 0 0 -1 0 0 -1 0 0 -1 0 0 -1 0 0 -1 0 0 -1 0 0 -1 0 0 -1 0 0 -1 0 0 -1 0 0 -1 0 0 -1 0 0 -1 0 0 -1 0 0 -1 0 0 -1 0 0 -1 0 0 -1 0 0 -1 0 0 -1 0 0 -1 0 0 -1 0 0 -1 0 0 -1 0 0 -1 0 0 -1 0 0 -1 0 0 -1 0 0 -1 0 0 -1 0 0 -1 0 0 -1 0 0 -1 0 0 -1 0 0 -1 0 0 -1 0 0 -1 0 0 -1 -0 0 -1 0 0 -1 0 0.9996983 0.02455918 0 0.9996983 0.02455918 0 0.9972936 0.07352243 0 0.9972936 0.07352243 0 0.9924798 0.1224084 0 0.9852734 0.1709869 0 0.9924798 0.1224084 0 0.9852734 0.1709869 0 0.9757037 0.2190942 0 0.9757037 0.2190942 0 0.9637669 0.2667458 0 0.9495347 0.313662 0 0.9637669 0.2667458 0 0.9495347 0.313662 0 0.9329786 0.359932 0 0.9329786 0.359932 0 0.9142148 0.4052297 0 0.9142148 0.4052297 0 0.8932272 0.4496058 0 0.8932272 0.4496058 0 0.8700833 0.4929047 0 0.8448659 0.5349781 0 0.8700833 0.4929047 0 0.8448659 0.5349781 0 0.8175856 0.5758072 0 0.8175856 0.5758072 0 0.7883342 0.6152473 0 0.7572231 0.6531564 0 0.7883342 0.6152473 0 0.7242636 0.6895232 0 0.7572231 0.6531564 0 0.7242636 0.6895232 0 0.6895232 0.7242636 0 0.6895232 0.7242636 0 0.6531564 0.7572231 0 0.6531564 0.7572231 0 0.6152473 0.7883342 0 0.5758072 0.8175856 0 0.6152473 0.7883342 0 0.5349781 0.8448659 0 0.5758072 0.8175856 0 0.5349781 0.8448659 0 0.4929047 0.8700833 0 0.4929047 0.8700833 0 0.4496058 0.8932272 0 0.4496058 0.8932272 0 0.4052297 0.9142148 0 0.359932 0.9329786 0 0.4052297 0.9142148 0 0.359932 0.9329786 0 0.313662 0.9495347 0 0.313662 0.9495347 0 0.2667458 0.9637669 0 0.2190942 0.9757037 0 0.2667458 0.9637669 0 0.2190942 0.9757037 0 0.1709869 0.9852734 0 0.1709869 0.9852734 0 0.1224084 0.9924798 0 0.07352243 0.9972936 0 0.1224084 0.9924798 0 0.02455918 0.9996984 0 0.02455918 0.9996983 0 0.07352243 0.9972936 0 0.02455918 0.9996983 0 0 1 0 0 1 -0 0 1 0 0 1 -0 0 1 0 0 1 -0 0 1 0 0 1 -0 0 1 0 0 1 -0 0 1 0 0 1 -0 0 1 0 0 1 -0 0 1 0 0 1 -0 0 1 0 0 1 -0 0 1 0 0 1 -0 0 1 0 0 1 -0 0 1 0 0 1 -0 0 1 0 0 1 -0 0 1 0 0 1 -0 0 1 0 0 1 -0 0 1 0 0 1 -0 0 1 0 0 1 -0 0 1 -0 0 1 -0 0 1 -0 0 1 -0 0 1 -0 0 1 0 0 1 0 0 1 0 0 1 0 0 1 0 0 1 0 0 1 0 0 1 0 0 1 0 0 1 0 0 1 0 0 1 0 0 1 0 0 1 0 0 1 0 0 1 0 0 1 0 0 1 0 0 1 0 0 1 -0 0 1 0 0 1 -0 0 1 -0 0 1 -0 0 1 0 0 1 -0 0 1 -0 0 1 -0 0 1 0 0 1 -0 0 1 -0 0 1 -0 0 1 -0 0 1 0 0 1 -0 0 1 -0 0 1 0 0 1 -0 0 1 -0 0 1 -0 0 1 -0 0 1 0 0 1 0 0 1 0 0 1 0 0 1 0 0 1 0 0 1 0 0 1 0 0 1 0 0 1 0 0 1 0 0 1 0 0 1 0 0 1 0 0 1 0 0 1 0 0 1 0 0 1 0 0 1 0 0 1 0 0 1 0 0 1 0 0 1 0 0 1 0 0 1 0 0 1 0 0 1 -0 0 1 -0 0 1 0 0 1 -0 0 1 -0 0 1 -0 0 1 0 0 1 -0 0 1 -0 0 1 -0 0 1 -0 0 1 0 0 1 -0 0 1 -0 0 1 -0 0 1 0 0 1 0 0 1 -0 0 1 0 0 1 -0 0 1 -0 0 1 0 0 1 0 0 1 -0 0 1 -0 0 1 0 0 1 0 0 1 0 0 1 0 0 1 0 0 1 0 0 1 0 0 1 0 0 1 0 0 1 0 0 1 0 0 1 0 0 1 0 0 1 0 0 1 0 0 1 0 0 1 -0 0 1 -0 0 1 -0 0 1 -0 0 1 -0 0 1 -0 0 1 -0 -0 1 -0 -0 1 -0 -0 1 -0 -0 1 -0 -0 1 -0 -0 1 -0 0 1 -0 0 1 0 0 1 0 0 1 0 0 1 0 0 1 0 0 1 0 0 1 0 0 1 0 0 1 0 0 1 0 0 1 0 0 1 0 0 1 0 0 1 0 0 1 0 0 1 0 0 1 0 0 1 0 0 1 0 0 1 0 0 1 0 0 1 0 0 1 0 0 1 0 0 1 0 0 1 0 0 1 0 0 1 0 0 1 0 0 1 0 0 1 0 0 1 0 0 1 0 0 1 0 0 1 0 0 1 0 0 1 0 0 1 0 0 1 0 0 1 0 0 1 0 0 1 0 0 1 0 0 1 0 0 1 0 0 1 0 0 1 0 0 1 0 0 1 0 0 1 0 0 1 0 0 1 0 0 1 0 0 1 0 0 1 0 0 1 0 0 1 0 0 1 0 0 1 0 0 1 0 0 1 0 0 1 0 0 1 0 0 1 0 0 1 0 0 1 0 0 1 0 0 1 0 0 1 0 0 1 0 0 1 0 0 1 0 0 1 0 0 1 0 0 1 0 0 1 0 0 1 0 0 1 0 0 1 0 0 1 0 0 1 -0 0 1 0 0 1 0 0 1 0 0 1 0 0 1 0 0 1 0 0 1 0 0 1 0 0 1 0 0 1 0 0 1 0 0 1 0 0 1 0 0 1 0 0 1 0 0 1 0 0 1 0 0 1 0 0 1 0 0 1 0 -0.9996983 0.02455918 0 -0.9996983 0.02455918 0 -0.9972936 0.07352243 0 -0.9972936 0.07352243 0 -0.9924798 0.1224084 0 -0.9852734 0.1709869 0 -0.9924798 0.1224084 0 -0.9852734 0.1709869 0 -0.9757037 0.2190942 0 -0.9757037 0.2190942 0 -0.9637669 0.2667458 0 -0.9495347 0.313662 0 -0.9637669 0.2667458 0 -0.9495347 0.313662 0 -0.9329786 0.359932 0 -0.9329786 0.359932 0 -0.9142148 0.4052297 0 -0.9142148 0.4052297 0 -0.8932272 0.4496058 0 -0.8932272 0.4496058 0 -0.8700833 0.4929047 0 -0.8448659 0.5349781 0 -0.8700833 0.4929047 0 -0.8448659 0.5349781 0 -0.8175856 0.5758072 0 -0.8175856 0.5758072 0 -0.7883342 0.6152473 0 -0.7572231 0.6531564 0 -0.7883342 0.6152473 0 -0.7242636 0.6895232 0 -0.7572231 0.6531564 0 -0.7242636 0.6895232 0 -0.6895232 0.7242636 0 -0.6895232 0.7242636 0 -0.6531564 0.7572231 0 -0.6531564 0.7572231 0 -0.6152473 0.7883342 0 -0.5758072 0.8175856 0 -0.6152473 0.7883342 0 -0.5349781 0.8448659 0 -0.5758072 0.8175856 0 -0.5349781 0.8448659 0 -0.4929047 0.8700833 0 -0.4929047 0.8700833 0 -0.4496058 0.8932272 0 -0.4496058 0.8932272 0 -0.4052297 0.9142148 0 -0.359932 0.9329786 0 -0.4052297 0.9142148 0 -0.359932 0.9329786 0 -0.313662 0.9495347 0 -0.313662 0.9495347 0 -0.2667458 0.9637669 0 -0.2190942 0.9757037 0 -0.2667458 0.9637669 0 -0.2190942 0.9757037 0 -0.1709869 0.9852734 0 -0.1709869 0.9852734 0 -0.1224084 0.9924798 0 -0.07352243 0.9972936 0 -0.1224084 0.9924798 0 -0.02455918 0.9996984 0 -0.02455918 0.9996983 0 -0.07352243 0.9972936 0 -0.02455918 0.9996983 0 0 0 1 0 -0 1 0 1 0 0 1 0 -0 -0 -1 0 0 -1 0 -1 0 0 -1 0 0 0 1 0 -0 1 0 -1 0 0 -1 0 0 1 0 0 1 0 -0 0 -1 0 -0 -1 0 -0 1 0 0 1 0 1 0 0 1 0 -0 0 -1 0 -0 -1 0 -1 0 0 -1 0 0 -0 1 0 0 1 0 1 0 0 1 0 -0 -0 -1 0 0 -1 0 -1 0 0 -1 0 0 0 1 0 -0 1 0 1 0 0 1 0 -0 0 -1 0 -0 -1 0 -1 0 0 -1 0 0 0 1 0 -0 1 0 1 0 0 1 0 -0 0 -1 0 -0 -1 0 -1 0 0 -1 0 0.9996892 0 -0.02493086 0.9996892 0 -0.02493086 0.9972038 0 -0.07472976 0.9972038 0 -0.07472976 0.9922392 0 -0.1243436 0.9922392 0 -0.1243436 0.9848077 0 -0.1736486 0.9848077 0 -0.1736486 0.974928 0 -0.2225211 0.974928 0 -0.2225211 0.9626241 0 -0.2708411 0.9479272 0 -0.3184871 0.9626241 0 -0.2708411 0.9479272 0 -0.3184871 0.9308746 0 -0.3653389 0.9308746 0 -0.3653389 0.911505 0 -0.4112888 0.911505 0 -0.4112888 0.8898715 0 -0.4562111 0.8898715 0 -0.4562111 0.8660264 0 -0.4999984 0.8660264 0 -0.4999984 0.8400248 0 -0.5425481 0.8400248 0 -0.5425481 0.8119403 0 -0.5837406 0.8119403 0 -0.5837406 0.7818309 0 -0.6234905 0.7818309 0 -0.6234905 0.7497807 0 -0.6616864 0.7497807 0 -0.6616864 0.7158662 0 -0.6982375 0.7158662 0 -0.6982375 0.6801745 0 -0.7330502 0.6801745 0 -0.7330502 0.6427869 0 -0.766045 0.6427869 0 -0.766045 0.6038058 0 -0.7971315 0.5633166 0 -0.8262411 0.6038058 0 -0.7971315 0.5214373 0 -0.8532895 0.5633166 0 -0.8262411 0.5214373 0 -0.8532895 0.4782545 0 -0.8782213 0.4782545 0 -0.8782213 0.4338815 0 -0.90097 0.4338815 0 -0.90097 0.3884333 0 -0.9214768 0.3884333 0 -0.9214768 0.3420193 0 -0.9396929 0.3420193 0 -0.9396929 0.2947558 0 -0.9555726 0.2947558 0 -0.9555726 0.2467577 0 -0.9690772 0.2467577 0 -0.9690772 0.1981474 0 -0.9801722 0.1981474 0 -0.9801722 0.1490404 0 -0.9888311 0.1490404 0 -0.9888311 0.0995734 0 -0.9950302 0.0995734 0 -0.9950302 0.04984112 0 -0.9987571 0.04984112 0 -0.9987571 0 0 -1 -0.04984112 0 -0.9987571 0 0 -1 -0.04984112 0 -0.9987571 -0.0995734 0 -0.9950302 -0.0995734 -0 -0.9950302 -0.1490404 0 -0.9888311 -0.1490404 -0 -0.9888311 -0.1981474 0 -0.9801722 -0.1981474 -0 -0.9801722 -0.2467577 0 -0.9690772 -0.2467577 -0 -0.9690772 -0.2947553 -0 -0.9555728 -0.2947553 0 -0.9555728 -0.3420199 -0 -0.9396927 -0.3420199 0 -0.9396927 -0.3884333 -0 -0.9214768 -0.3884333 0 -0.9214768 -0.4338815 -0 -0.90097 -0.4338815 0 -0.90097 -0.4782545 0 -0.8782213 -0.4782545 0 -0.8782213 -0.5214373 -0 -0.8532895 -0.5214373 0 -0.8532895 -0.5633174 -0 -0.8262405 -0.5633174 0 -0.8262405 -0.6038058 -0 -0.7971315 -0.6038058 0 -0.7971315 -0.6427861 -0 -0.7660457 -0.6427861 0 -0.7660457 -0.6801754 -0 -0.7330495 -0.6801754 0 -0.7330495 -0.7158654 0 -0.6982384 -0.7158654 -0 -0.6982384 -0.7497807 0 -0.6616864 -0.7497807 -0 -0.6616864 -0.7818309 0 -0.6234905 -0.7818309 -0 -0.6234905 -0.8119394 0 -0.5837417 -0.8119394 -0 -0.5837417 -0.8400263 0 -0.5425457 -0.8400263 -0 -0.5425457 -0.8660249 0 -0.5000009 -0.8660249 -0 -0.5000009 -0.8898715 0 -0.4562111 -0.8898715 -0 -0.4562111 -0.9115058 0 -0.4112874 -0.9115058 -0 -0.4112874 -0.930874 0 -0.3653403 -0.930874 -0 -0.3653403 -0.9479274 0 -0.3184863 -0.9479274 -0 -0.3184863 -0.9626247 0 -0.2708387 -0.9626247 -0 -0.2708387 -0.9749271 0 -0.2225243 -0.9749271 -0 -0.2225243 -0.9848077 0 -0.1736486 -0.9848077 -0 -0.1736486 -0.9922395 0 -0.1243411 -0.9922395 -0 -0.1243411 -0.9972037 -0 -0.0747306 -0.9972037 0 -0.0747306 -0.9996892 -0 -0.02493086 -0.9996892 0 -0.02493086 -0.9996892 0 0.02493086 -0.9996892 0 0.02493086 -0.9972037 0 0.0747306 -0.9972037 0 0.0747306 -0.9922395 0 0.1243411 -0.9922395 0 0.1243411 -0.9848077 0 0.1736486 -0.9848077 0 0.1736486 -0.9749271 0 0.2225243 -0.9749271 0 0.2225243 -0.9626249 0 0.2708378 -0.9626249 0 0.2708378 -0.9479274 0 0.3184863 -0.9479274 0 0.3184863 -0.9308736 0 0.3653415 -0.9308736 0 0.3653415 -0.9115058 0 0.4112874 -0.9115058 0 0.4112874 -0.8898723 0 0.4562097 -0.8898723 0 0.4562097 -0.8660241 0 0.5000024 -0.8660241 0 0.5000024 -0.8400273 0 0.5425442 -0.8400273 0 0.5425442 -0.8119372 0 0.5837449 -0.8119372 0 0.5837449 -0.7818322 0 0.6234889 -0.7818322 0 0.6234889 -0.7497807 0 0.6616864 -0.7497807 0 0.6616864 -0.7158654 0 0.6982384 -0.7158654 0 0.6982384 -0.6801735 0 0.7330512 -0.6801735 0 0.7330512 -0.6427881 0 0.766044 -0.6427881 0 0.766044 -0.6038037 0 0.7971331 -0.6038037 0 0.7971331 -0.563322 0 0.8262374 -0.563322 0 0.8262374 -0.5214349 0 0.8532911 -0.5214349 0 0.8532911 -0.4782519 0 0.8782227 -0.4782519 0 0.8782227 -0.4338842 0 0.9009686 -0.4338842 0 0.9009686 -0.3884363 0 0.9214756 -0.3884363 0 0.9214756 -0.3420199 0 0.9396927 -0.3420199 0 0.9396927 -0.2947553 0 0.9555728 -0.2947553 0 0.9555728 -0.2467577 0 0.9690772 -0.2467577 0 0.9690772 -0.1981441 0 0.9801729 -0.1981441 0 0.9801729 -0.1490437 0 0.9888306 -0.1490437 0 0.9888306 -0.09956668 0 0.9950309 -0.09956668 0 0.9950309 -0.0498479 0 0.9987568 -0.0498479 0 0.9987568 0 0 1 0 0 1 0.0498479 0 0.9987568 0.0498479 0 0.9987568 0.09956668 0 0.9950309 0.09956668 0 0.9950309 0.1490437 0 0.9888306 0.1490437 0 0.9888306 0.1981441 0 0.9801729 0.1981441 0 0.9801729 0.2467577 0 0.9690772 0.2467577 0 0.9690772 0.2947558 0 0.9555726 0.2947558 0 0.9555726 0.3420193 0 0.9396929 0.3420193 0 0.9396929 0.3884363 0 0.9214756 0.3884363 0 0.9214756 0.4338842 0 0.9009686 0.4338842 0 0.9009686 0.4782519 0 0.8782227 0.4782519 0 0.8782227 0.5214349 0 0.8532911 0.5214349 0 0.8532911 0.5633212 0 0.8262379 0.5633212 0 0.8262379 0.6038037 0 0.7971331 0.6038037 0 0.7971331 0.6427889 0 0.7660434 0.6427889 0 0.7660434 0.6801727 0 0.733052 0.6801727 0 0.733052 0.7158662 0 0.6982375 0.7158662 0 0.6982375 0.7497807 0 0.6616864 0.7497807 0 0.6616864 0.7818322 0 0.6234889 0.7818322 0 0.6234889 0.8119379 0 0.5837438 0.8119379 0 0.5837438 0.8400257 0 0.5425466 0.8400257 0 0.5425466 0.8660254 0 0.4999998 0.8660254 0 0.4999998 0.8898723 0 0.4562097 0.8898723 0 0.4562097 0.911505 0 0.4112888 0.911505 0 0.4112888 0.9308742 0 0.36534 0.9308742 0 0.36534 0.9479272 0 0.3184871 0.9479272 0 0.3184871 0.9626243 0 0.2708402 0.9626243 0 0.2708402 0.974928 0 0.2225211 0.974928 0 0.2225211 0.9848077 0 0.1736486 0.9848077 0 0.1736486 0.9922392 0 0.1243436 0.9922392 0 0.1243436 0.9972038 0 0.07472976 0.9972038 0 0.07472976 0.9996892 0 0.02493086 0.9996892 0 0.02493086 0.9996892 0 -0.02493086 0.9996892 0 -0.02493086 0.9972037 0 -0.0747306 0.9972037 0 -0.0747306 0.9922395 0 -0.1243411 0.9922395 0 -0.1243411 0.9848077 0 -0.1736486 0.9848077 0 -0.1736486 0.9749271 0 -0.2225243 0.9749271 0 -0.2225243 0.9626247 0 -0.2708387 0.9479274 0 -0.3184863 0.9626247 0 -0.2708387 0.9479274 0 -0.3184863 0.930874 0 -0.3653403 0.930874 0 -0.3653403 0.9115058 0 -0.4112874 0.9115058 0 -0.4112874 0.8898715 0 -0.4562111 0.8898715 0 -0.4562111 0.8660249 0 -0.5000009 0.8660249 0 -0.5000009 0.8400263 0 -0.5425457 0.8400263 0 -0.5425457 0.8119394 0 -0.5837417 0.8119394 0 -0.5837417 0.7818309 0 -0.6234905 0.7818309 0 -0.6234905 0.7497807 0 -0.6616864 0.7497807 0 -0.6616864 0.7158654 0 -0.6982384 0.7158654 0 -0.6982384 0.6801754 0 -0.7330495 0.6801754 0 -0.7330495 0.6427861 0 -0.7660457 0.6427861 0 -0.7660457 0.6038058 0 -0.7971315 0.5633174 0 -0.8262405 0.6038058 0 -0.7971315 0.5214373 0 -0.8532895 0.5633174 0 -0.8262405 0.5214373 0 -0.8532895 0.4782545 0 -0.8782213 0.4782545 0 -0.8782213 0.4338815 0 -0.90097 0.4338815 0 -0.90097 0.3884333 0 -0.9214768 0.3884333 0 -0.9214768 0.3420199 0 -0.9396927 0.3420199 0 -0.9396927 0.2947553 0 -0.9555728 0.2947553 0 -0.9555728 0.2467577 0 -0.9690772 0.2467577 0 -0.9690772 0.1981474 0 -0.9801722 0.1981474 0 -0.9801722 0.1490404 0 -0.9888311 0.1490404 0 -0.9888311 0.0995734 0 -0.9950302 0.0995734 0 -0.9950302 0.04984112 0 -0.9987571 0.04984112 0 -0.9987571 0 0 -1 -0.04984112 0 -0.9987571 0 0 -1 -0.04984112 0 -0.9987571 -0.0995734 0 -0.9950302 -0.0995734 -0 -0.9950302 -0.1490404 0 -0.9888311 -0.1490404 -0 -0.9888311 -0.1981474 0 -0.9801722 -0.1981474 -0 -0.9801722 -0.2467577 0 -0.9690772 -0.2467577 -0 -0.9690772 -0.2947558 -0 -0.9555726 -0.2947558 0 -0.9555726 -0.3420193 -0 -0.9396929 -0.3420193 0 -0.9396929 -0.3884333 -0 -0.9214768 -0.3884333 0 -0.9214768 -0.4338815 -0 -0.90097 -0.4338815 0 -0.90097 -0.4782545 0 -0.8782213 -0.4782545 0 -0.8782213 -0.5214373 -0 -0.8532895 -0.5214373 0 -0.8532895 -0.5633166 -0 -0.8262411 -0.5633166 0 -0.8262411 -0.6038058 -0 -0.7971315 -0.6038058 0 -0.7971315 -0.6427869 -0 -0.766045 -0.6427869 0 -0.766045 -0.6801745 -0 -0.7330502 -0.6801745 0 -0.7330502 -0.7158662 0 -0.6982375 -0.7158662 -0 -0.6982375 -0.7497807 0 -0.6616864 -0.7497807 -0 -0.6616864 -0.7818309 0 -0.6234905 -0.7818309 -0 -0.6234905 -0.8119403 0 -0.5837406 -0.8119403 -0 -0.5837406 -0.8400248 0 -0.5425481 -0.8400248 -0 -0.5425481 -0.8660264 0 -0.4999984 -0.8660264 -0 -0.4999984 -0.8898715 0 -0.4562111 -0.8898715 -0 -0.4562111 -0.911505 0 -0.4112888 -0.911505 -0 -0.4112888 -0.9308746 0 -0.3653389 -0.9308746 -0 -0.3653389 -0.9479272 0 -0.3184871 -0.9479272 -0 -0.3184871 -0.9626241 0 -0.2708411 -0.9626241 -0 -0.2708411 -0.974928 0 -0.2225211 -0.974928 -0 -0.2225211 -0.9848077 0 -0.1736486 -0.9848077 -0 -0.1736486 -0.9922392 0 -0.1243436 -0.9922392 -0 -0.1243436 -0.9972038 -0 -0.07472976 -0.9972038 0 -0.07472976 -0.9996892 -0 -0.02493086 -0.9996892 0 -0.02493086 -0.9996892 0 0.02493086 -0.9996892 0 0.02493086 -0.9972038 0 0.07472976 -0.9972038 0 0.07472976 -0.9922392 0 0.1243436 -0.9922392 0 0.1243436 -0.9848077 0 0.1736486 -0.9848077 0 0.1736486 -0.974928 0 0.2225211 -0.974928 0 0.2225211 -0.9626243 0 0.2708402 -0.9626243 0 0.2708402 -0.9479272 0 0.3184871 -0.9479272 0 0.3184871 -0.9308742 0 0.36534 -0.9308742 0 0.36534 -0.911505 0 0.4112888 -0.911505 0 0.4112888 -0.8898723 0 0.4562097 -0.8898723 0 0.4562097 -0.8660254 0 0.4999998 -0.8660254 0 0.4999998 -0.8400257 0 0.5425466 -0.8400257 0 0.5425466 -0.8119379 0 0.5837438 -0.8119379 0 0.5837438 -0.7818322 0 0.6234889 -0.7818322 0 0.6234889 -0.7497807 0 0.6616864 -0.7497807 0 0.6616864 -0.7158662 0 0.6982375 -0.7158662 0 0.6982375 -0.6801727 0 0.733052 -0.6801727 0 0.733052 -0.6427889 0 0.7660434 -0.6427889 0 0.7660434 -0.6038037 0 0.7971331 -0.6038037 0 0.7971331 -0.5633212 0 0.8262379 -0.5633212 0 0.8262379 -0.5214349 0 0.8532911 -0.5214349 0 0.8532911 -0.4782519 0 0.8782227 -0.4782519 0 0.8782227 -0.4338842 0 0.9009686 -0.4338842 0 0.9009686 -0.3884363 0 0.9214756 -0.3884363 0 0.9214756 -0.3420193 0 0.9396929 -0.3420193 0 0.9396929 -0.2947558 0 0.9555726 -0.2947558 0 0.9555726 -0.2467577 0 0.9690772 -0.2467577 0 0.9690772 -0.1981441 0 0.9801729 -0.1981441 0 0.9801729 -0.1490437 0 0.9888306 -0.1490437 0 0.9888306 -0.09956668 0 0.9950309 -0.09956668 0 0.9950309 -0.0498479 0 0.9987568 -0.0498479 0 0.9987568 0 0 1 0 0 1 0.0498479 0 0.9987568 0.0498479 0 0.9987568 0.09956668 0 0.9950309 0.09956668 0 0.9950309 0.1490437 0 0.9888306 0.1490437 0 0.9888306 0.1981441 0 0.9801729 0.1981441 0 0.9801729 0.2467577 0 0.9690772 0.2467577 0 0.9690772 0.2947553 0 0.9555728 0.2947553 0 0.9555728 0.3420199 0 0.9396927 0.3420199 0 0.9396927 0.3884363 0 0.9214756 0.3884363 0 0.9214756 0.4338842 0 0.9009686 0.4338842 0 0.9009686 0.4782519 0 0.8782227 0.4782519 0 0.8782227 0.5214349 0 0.8532911 0.5214349 0 0.8532911 0.563322 0 0.8262374 0.563322 0 0.8262374 0.6038037 0 0.7971331 0.6038037 0 0.7971331 0.6427881 0 0.766044 0.6427881 0 0.766044 0.6801735 0 0.7330512 0.6801735 0 0.7330512 0.7158654 0 0.6982384 0.7158654 0 0.6982384 0.7497807 0 0.6616864 0.7497807 0 0.6616864 0.7818322 0 0.6234889 0.7818322 0 0.6234889 0.8119372 0 0.5837449 0.8119372 0 0.5837449 0.8400273 0 0.5425442 0.8400273 0 0.5425442 0.8660241 0 0.5000024 0.8660241 0 0.5000024 0.8898723 0 0.4562097 0.8898723 0 0.4562097 0.9115058 0 0.4112874 0.9115058 0 0.4112874 0.9308736 0 0.3653415 0.9308736 0 0.3653415 0.9479274 0 0.3184863 0.9479274 0 0.3184863 0.9626249 0 0.2708378 0.9626249 0 0.2708378 0.9749271 0 0.2225243 0.9749271 0 0.2225243 0.9848077 0 0.1736486 0.9848077 0 0.1736486 0.9922395 0 0.1243411 0.9922395 0 0.1243411 0.9972037 0 0.0747306 0.9972037 0 0.0747306 0.9996892 0 0.02493086 0.9996892 0 0.02493086 0.9995736 0.02920078 -0 0.9995736 0.02920078 0 0 0 1 0.9852554 -0.1710901 0 0.9852554 -0.1710901 0 0 0 1 0 0 1 0 0 1 0 0 1 0 0 1 0 0 1 0 0 1 0 0 1 0 0 1 0 0 1 0 0 1 0 0 1 0 0 1 0 0 1 0 0 1 0 0 1 0 0 1 0 0 1 0 0 1 0 0 1 0 0 1 0 0 1 0 0 1 0 0 1 0 0 1 0 0 1 0 0 1 0 0 1 0 0 1 0 0 1 0 0 1 0 0 1 0 0 1 0 0 1 0 0 1 0 0 1 0 0 1 0 0 1 0 0 1 0 0 1 0 0 1 0 0 1 0 0 1 0 0 1 0 0 1 0 0 1 0 0 1 0 0 1 0 0 1 0 0 1 0 0 1 0 0 1 0 0 1 0 0 1 0 0 1 0 0 1 0 0 1 0 0 1 0 0 1 0 0 1 0 0 1 0 0 1 0 0 1 0 0 1 0 0 1 0 0 1 0 0 1 0 0 1 0 0 1 0 0 1 0 0 1 0 0 1 0 0 1 0 0 1 0 0 1 0 0 1 0 0 1 0 0 1 0 0 1 0 0 1 0 0 1 0 0 1 0 0 1 0 0 1 0 0 1 0 0 1 0 0 1 0 0 1 0 0 1 0 0 1 0 0 1 0 0 1 0 0 1 0 0 1 0 0 1 0 0 1 0 0 1 0 0 1 0 0 1 0 0 1 0 0 1 0 0 1 0 0 1 0 0 1 0 0 1 0 0 1 0 0 1 0 0 1 0 0 1 0 0 1 0 0 1 0 0 1 0 0 1 0 0 1 0 0 1 0 0 1 0 0 1 0 0 1 0 0 1 0 0 1 0 0 1 0 0 1 0 0 1 0 0 1 0 0 1 0 0 1 0 0 1 0 0 1 0 0 1 0 0 1 0 0 1 0 0 1 0 0 1 0 0 1 0 0 1 0 0 1 0 0 1 0 0 1 0 0 1 0 0 1 0 0 1 0 0 1 0 0 1 0 0 1 0 0 1 0 0 1 -0.9852554 -0.1710901 0 -0.9852554 -0.1710901 0 0 0 1 -0.9995736 0.02920078 0 -0.9995736 0.02920078 0 -0.9892091 -0.1465107 0 -0.9892091 -0.1465107 0 -0.9892091 -0.1465107 0 -0.9952753 -0.09709277 0 -0.9988742 -0.0474367 0 -0.9952753 -0.09709277 0 -0.9999973 0.002335808 0 -0.9988742 -0.0474367 0 -0.9999973 0.002335808 0 -0.9986416 0.05210612 0 -0.9948103 0.1017468 0 -0.9986416 0.05210612 0 -0.9885135 0.1511321 0 -0.9948103 0.1017468 0 -0.9885135 0.1511321 0 -0.9797658 0.2001471 0 -0.9797658 0.2001471 0 -0.9685907 0.2486604 0 -0.9550133 0.2965631 0 -0.9685907 0.2486604 0 -0.9550133 0.2965631 0 -0.939069 0.3437287 0 -0.939069 0.3437287 0 -0.9207976 0.3900408 0 -0.9207976 0.3900408 0 -0.9002427 0.4353884 0 -0.8774588 0.479652 0 -0.9002427 0.4353884 0 -0.8774588 0.479652 0 -0.8524967 0.5227327 0 -0.8524967 0.5227327 0 -0.825422 0.5645162 0 -0.825422 0.5645162 0 -0.796304 0.6048966 0 -0.796304 0.6048966 0 -0.7652096 0.6437812 0 -0.7652096 0.6437812 0 -0.7322173 0.6810712 0 -0.7322173 0.6810712 0 -0.6974112 0.7166713 0 -0.6974112 0.7166713 0 -0.660882 0.7504898 0 -0.660882 0.7504898 0 -0.6227062 0.7824557 0 -0.6227062 0.7824557 0 -0.5829879 0.8124807 0 -0.5829879 0.8124807 0 -0.5418301 0.8404881 0 -0.5418301 0.8404881 0 -0.4993263 0.866414 0 -0.4993263 0.866414 0 -0.4555862 0.8901917 0 -0.4555862 0.8901917 0 -0.41071 0.9117661 0 -0.3648249 0.9310761 0 -0.41071 0.9117661 0 -0.3648249 0.9310761 0 -0.3180221 0.9480833 0 -0.3180221 0.9480833 0 -0.270455 0.9627326 0 -0.270455 0.9627326 0 -0.2221896 0.9750035 0 -0.2221896 0.9750035 0 -0.1733975 0.984852 0 -0.1241595 0.9922622 0 -0.1733975 0.984852 0 -0.1241595 0.9922622 0 -0.07461481 0.9972124 0 -0.02489494 0.9996901 0 -0.07461481 0.9972124 0 -0.02489494 0.9996901 0 0.02489494 0.9996901 -0 0.07461481 0.9972124 -0 0.02489494 0.9996901 0 0.07461481 0.9972124 -0 0.1241595 0.9922622 0 0.1241595 0.9922622 -0 0.1733975 0.984852 0 0.1733975 0.984852 -0 0.2221896 0.9750035 0 0.2221896 0.9750035 -0 0.270455 0.9627326 -0 0.270455 0.9627326 -0 0.3180221 0.9480833 0 0.3180221 0.9480833 -0 0.3648249 0.9310761 0 0.3648249 0.9310761 -0 0.41071 0.9117661 0 0.41071 0.9117661 -0 0.4555862 0.8901917 -0 0.4555862 0.8901917 -0 0.4993263 0.866414 0 0.4993263 0.866414 -0 0.5418301 0.8404881 -0 0.5418301 0.8404881 -0 0.5829879 0.8124807 0 0.5829879 0.8124807 -0 0.6227062 0.7824557 0 0.6227062 0.7824557 -0 0.660882 0.7504898 -0 0.660882 0.7504898 -0 0.6974112 0.7166713 0 0.6974112 0.7166713 -0 0.7322173 0.6810712 -0 0.7322173 0.6810712 -0 0.7652096 0.6437812 -0 0.796304 0.6048966 -0 0.7652096 0.6437812 0 0.825422 0.5645162 -0 0.796304 0.6048966 -0 0.825422 0.5645162 -0 0.8524967 0.5227327 -0 0.8524967 0.5227327 0 0.8774588 0.479652 -0 0.9002427 0.4353884 -0 0.8774588 0.479652 0 0.9207976 0.3900408 -0 0.9002427 0.4353884 -0 0.9207976 0.3900408 -0 0.939069 0.3437287 -0 0.939069 0.3437287 0 0.9550133 0.2965631 -0 0.9685907 0.2486604 -0 0.9550133 0.2965631 0 0.9797658 0.2001471 -0 0.9685907 0.2486604 -0 0.9797658 0.2001471 -0 0.9885135 0.1511321 0 0.9885135 0.1511321 -0 0.9948103 0.1017468 0 0.9948103 0.1017468 -0 0.9986416 0.05210612 0 0.9986416 0.05210612 -0 0.9999973 0.002335808 -0 0.9999973 0.002335808 -0 0.9988742 -0.0474367 0 0.9988742 -0.0474367 0 0.9952753 -0.09709277 0 0.9952753 -0.09709277 0 0.9892091 -0.1465107 0 0.9892091 -0.1465107 0 0.9892091 -0.1465107 0 0.9898727 0.1419578 -0 0.9898727 0.1419578 0 0.995699 0.0926465 0 0.995699 0.0926465 -0 0.9990705 0.04310789 0 0.9999787 -0.006537529 0 0.9990705 0.04310789 -0 0.9999787 -0.006537529 0 0.9984214 -0.05616708 0 0.9984214 -0.05616708 0 0.9944024 -0.105659 0 0.9879319 -0.1548885 0 0.9944024 -0.105659 0 0.9790257 -0.2037368 0 0.9879319 -0.1548885 0 0.9790257 -0.2037368 0 0.9677055 -0.2520834 0 0.9539996 -0.299808 0 0.9677055 -0.2520834 0 0.9539996 -0.299808 0 0.9379414 -0.3467938 0 0.9195704 -0.3929253 0 0.9379414 -0.3467938 0 0.9195704 -0.3929253 0 0.8989326 -0.4380868 0 0.8760794 -0.482167 0 0.8989326 -0.4380868 0 0.8760794 -0.482167 0 0.8510639 -0.5250621 0 0.8510639 -0.5250621 0 0.8239539 -0.5666567 0 0.8239539 -0.5666567 0 0.7948083 -0.6068605 0 0.7948083 -0.6068605 0 0.7637042 -0.6455663 0 0.7637042 -0.6455663 0 0.7307184 -0.682679 0 0.7307184 -0.682679 0 0.6959281 -0.7181115 0 0.6959281 -0.7181115 0 0.6594247 -0.7517706 0 0.6594247 -0.7517706 0 0.6212974 -0.7835749 0 0.5816395 -0.8134466 0 0.6212974 -0.7835749 0 0.5816395 -0.8134466 0 0.5405343 -0.841322 0 0.5405343 -0.841322 0 0.4981175 -0.8671095 0 0.4981175 -0.8671095 0 0.4544555 -0.8907694 0 0.4544555 -0.8907694 0 0.409671 -0.9122333 0 0.409671 -0.9122333 0 0.3638991 -0.9314384 0 0.3638991 -0.9314384 0 0.3172014 -0.9483582 0 0.3172014 -0.9483582 0 0.2697425 -0.9629325 0 0.2216108 -0.9751352 0 0.2697425 -0.9629325 0 0.172934 -0.9849334 0 0.2216108 -0.9751352 0 0.172934 -0.9849334 0 0.1238297 -0.9923035 0 0.1238297 -0.9923035 0 0.07441543 -0.9972273 0 0.02483007 -0.9996917 0 0.07441543 -0.9972273 0 0.02483007 -0.9996917 0 -0.02483007 -0.9996917 0 -0.02483007 -0.9996917 0 -0.07441543 -0.9972273 0 -0.1238297 -0.9923035 -0 -0.07441543 -0.9972273 0 -0.172934 -0.9849334 -0 -0.1238297 -0.9923035 0 -0.172934 -0.9849334 0 -0.2216108 -0.9751352 0 -0.2216108 -0.9751352 0 -0.2697425 -0.9629325 0 -0.2697425 -0.9629325 0 -0.3172014 -0.9483582 -0 -0.3172014 -0.9483582 0 -0.3638991 -0.9314384 0 -0.3638991 -0.9314384 0 -0.409671 -0.9122333 -0 -0.409671 -0.9122333 0 -0.4544555 -0.8907694 0 -0.4544555 -0.8907694 0 -0.4981175 -0.8671095 0 -0.4981175 -0.8671095 0 -0.5405343 -0.841322 0 -0.5405343 -0.841322 0 -0.5816395 -0.8134466 -0 -0.5816395 -0.8134466 0 -0.6212974 -0.7835749 -0 -0.6212974 -0.7835749 0 -0.6594247 -0.7517706 0 -0.6594247 -0.7517706 0 -0.6959281 -0.7181115 0 -0.6959281 -0.7181115 0 -0.7307184 -0.682679 -0 -0.7307184 -0.682679 0 -0.7637042 -0.6455663 0 -0.7637042 -0.6455663 0 -0.7948083 -0.6068605 0 -0.8239539 -0.5666567 -0 -0.7948083 -0.6068605 0 -0.8510639 -0.5250621 -0 -0.8239539 -0.5666567 0 -0.8510639 -0.5250621 0 -0.8760794 -0.482167 0 -0.8760794 -0.482167 0 -0.8989326 -0.4380868 0 -0.8989326 -0.4380868 0 -0.9195704 -0.3929253 0 -0.9195704 -0.3929253 0 -0.9379414 -0.3467938 0 -0.9379414 -0.3467938 0 -0.9539996 -0.299808 0 -0.9677055 -0.2520834 -0 -0.9539996 -0.299808 0 -0.9677055 -0.2520834 0 -0.9790257 -0.2037368 0 -0.9790257 -0.2037368 0 -0.9879319 -0.1548885 0 -0.9879319 -0.1548885 0 -0.9944024 -0.105659 0 -0.9944024 -0.105659 0 -0.9984214 -0.05616708 -0 -0.9984214 -0.05616708 0 -0.9999787 -0.006537529 0 -0.9999787 -0.006537529 0 -0.9990705 0.04310789 0 -0.9990705 0.04310789 0 -0.995699 0.0926465 0 -0.995699 0.0926465 0 -0.9898727 0.1419578 0 -0.9898727 0.1419578 0 -0.9860431 0.1664898 0 -0.9860431 0.1664898 0 0 1 0 0 1 -0 0.9860431 0.1664898 -0 0.9860431 0.1664898 0 0 0 -1 0 0 -1 0 0 -1 0 0 -1 0 0 -1 0 0 -1 0 0 -1 0 0 -1 0 0 -1 0 0 -1 0 0 -1 0 0 -1 0 0 -1 0 0 -1 0 0 -1 0 0 -1 0 0 -1 0 0 -1 0 0 -1 0 0 -1 0 0 -1 0 0 -1 0 0 -1 0 0 -1 0 0 -1 0 0 -1 0 0 -1 0 0 -1 0 0 -1 0 0 -1 0 0 -1 0 0 -1 0 0 -1 0 0 -1 0 0 -1 0 0 -1 0 0 -1 0 0 -1 0 0 -1 0 0 -1 0 0 -1 0 0 -1 0 0 -1 0 0 -1 0 0 -1 0 0 -1 0 0 -1 0 0 -1 0 0 -1 0 0 -1 0 0 -1 0 0 -1 0 0 -1 0 0 -1 0 0 -1 0 0 -1 0 0 -1 0 0 -1 0 0 -1 0 0 -1 0 0 -1 0 0 -1 0 0 -1 0 0 -1 0 0 -1 0 0 -1 0 0 -1 0 0 -1 0 0 -1 0 0 -1 0 0 -1 0 0 -1 0 0 -1 0 0 -1 0 0 -1 0 0 -1 0 0 -1 0 0 -1 0 0 -1 0 0 -1 0 0 -1 0 0 -1 0 0 -1 0 0 -1 0 0 -1 0 0 -1 0 0 -1 0 0 -1 0 0 -1 0 0 -1 0 0 -1 0 0 -1 0 0 -1 0 0 -1 0 0 -1 0 0 -1 0 -0 -1 0 0 -1 0 0 -1 0 -0 -1 0 0 -1 0 -0 -1 0 0 -1 0 0 -1 0 -0 -1 0 0 -1 0 -0 -1 0 -0 -1 0 0 -1 0 0 -1 0 0 -1 0 0 -1 0 0 -1 0 0 -1 0 -0 -1 0 -0 -1 0 0 -1 0 0 -1 0 0 -1 0 0 -1 0 -0 -1 0 0 -1 0 0 -1 0 -0 -1 0 0 -1 0 0 -1 0 0 -1 0 0 -1 0 -0 -1 0 0 -1 0 -0 -1 0 0 -1 0 0 -1 0 0 -1 0 -0 -1 0 -0 -1 0 0 -1 0 0 -1 0 -0 -1 0 0 -1 0 -0 -1 0 0 -1 0 0 -1 0 0 -1 0 0 -1 0 0 -1 0 0 -1 0 0 -1 0 0 -1 0 0 -1 0 0 -1 0 0 -1 0 0 -1 0 0 -1 0 0 -1 0 0 -1 0 0 -1 0 0 -1 0 0 -1 0 0 -1 0 0 -1 0 0 -1 0 -0 -1 0 0 -1 0 -0 -1 0 0 -1 0 -0 -1 0 0 -1 0 -0 -1 0 0 -1 0 -0 -1 0 0 -1 0 -0 -1 0 0 -1 0 -0 -1 0 0 -1 0 -0 -1 0 0 -1 0 -0 -1 0 0 -1 0 -0 -1 0 0 -1 0 -0 -1 0 0 -1 0 0 -1 0 -0 -1 0 0 -1 0 -0 -1 0 -0 -1 0 0 -1 0 0 -1 0 -0 -1 0 0 -1 0 -0 -1 0 -0 -1 0 0 -1 0 0 -1 0 -0 -1 0 -0 -1 0 0 -1 0 0 -1 0 0 -1 0 -0 -1 0 0 -1 0 0 -1 0 0 -1 0 0 -1 0 -0 -1 0 0 -1 0 0 -1 0 0 -1 0 0 -1 0 -0 -1 0 0 -1 0 -0 -1 0 0 -1 0 -0 -1 0 0 -1 0 -0 -1 0 0 -1 0 -0 -1 0 0 -1 0 -0 -1 0 -0 -1 0 0 -1 0 0 -1 0 -0 -1 0 -0 -1 0 0 -1 0 0 -1 0 -0 -1 0 0 -1 0 0 -1 0 0 -1 0 -0 -1 0 0 -1 0 0 -1 0 0 -1 0 -0 -1 0 0 -1 0 0 -1 0 0 -1 0 -0 -1 0 0 -1 0 0 -1 0 0 -1 0 -0 -1 0 0 -1 0 0 -1 0 0 -1 0 -0 -1 0 0 -1 0 0 -1 0 0 -1 0 -0 -1 0 0 -1 0 0 -1 0 0 -1 0 -0 -1 0 0 -1 0 0 -1 0 -0 -1 0 0 -1 0 0 -1 0 0 -1 0 -0 -1 0 0 -1 0 0 -1 0 0 -1 0 -0 -1 0 0 -1 0 0 -1 0 0 -1 0 -0 -1 0 0 -1 0 0 -1</float_array>
          <technique_common>
            <accessor count="2876" source="#cubenormals-array0-array" stride="3">
              <param type="float" name="X"/>
              <param type="float" name="Y"/>
              <param type="float" name="Z"/>
            </accessor>
          </technique_common>
        </source>
        <vertices id="cubeverts-array0-vertices">
          <input semantic="POSITION" source="#cubeverts-array0"/>
        </vertices>
        <triangles count="2876" material="ref_Body">
          <input offset="0" semantic="VERTEX" source="#cubeverts-array0-vertices"/>
          <input offset="1" semantic="NORMAL" source="#cubenormals-array0"/>
          <p>0 0 1 0 2 0 0 1 3 1 1 1 0 2 4 2 3 2 0 3 5 3 4 3 0 4 6 4 5 4 0 5 7 5 6 5 0 6 8 6 7 6 0 7 9 7 8 7 0 8 10 8 9 8 0 9 11 9 10 9 0 10 12 10 11 10 0 11 13 11 12 11 0 12 14 12 13 12 0 13 15 13 14 13 0 14 16 14 15 14 0 15 17 15 16 15 0 16 18 16 17 16 0 17 19 17 18 17 0 18 20 18 19 18 0 19 21 19 20 19 22 20 21 20 0 20 23 21 22 21 0 21 24 22 22 22 23 22 25 23 23 23 0 23 26 24 22 24 24 24 27 25 25 25 0 25 28 26 22 26 26 26 29 27 27 27 0 27 30 28 22 28 28 28 31 29 29 29 0 29 32 30 22 30 30 30 33 31 31 31 0 31 34 32 22 32 32 32 35 33 33 33 0 33 36 34 22 34 34 34 37 35 35 35 0 35 38 36 22 36 36 36 39 37 37 37 0 37 40 38 22 38 38 38 41 39 39 39 0 39 42 40 22 40 40 40 43 41 41 41 0 41 44 42 22 42 42 42 45 43 43 43 0 43 46 44 22 44 44 44 47 45 45 45 0 45 48 46 22 46 46 46 49 47 47 47 0 47 50 48 22 48 48 48 51 49 49 49 0 49 52 50 22 50 50 50 53 51 51 51 0 51 54 52 53 52 0 52 55 53 22 53 52 53 56 54 22 54 55 54 57 55 22 55 56 55 58 56 57 56 56 56 59 57 60 57 61 57 59 58 62 58 60 58 59 59 63 59 62 59 59 60 64 60 63 60 59 61 65 61 64 61 59 62 66 62 65 62 59 63 67 63 66 63 59 64 61 64 54 64 59 65 54 65 0 65 68 66 67 66 59 66 69 67 68 67 59 67 70 68 59 68 71 68 72 69 59 69 70 69 73 70 69 70 59 70 74 71 59 71 72 71 75 72 59 72 74 72 76 73 73 73 59 73 77 74 59 74 75 74 78 75 59 75 77 75 79 76 76 76 59 76 80 77 59 77 78 77 81 78 79 78 59 78 82 79 59 79 80 79 83 80 81 80 59 80 84 81 59 81 82 81 85 82 83 82 59 82 86 83 59 83 84 83 87 84 85 84 59 84 88 85 59 85 86 85 89 86 59 86 88 86 90 87 59 87 89 87 91 88 59 88 90 88 92 89 59 89 91 89 93 90 59 90 92 90 94 91 59 91 93 91 95 92 59 92 94 92 96 93 59 93 95 93 97 94 59 94 96 94 98 95 59 95 97 95 98 96 99 96 87 96 98 97 100 97 99 97 98 98 101 98 100 98 98 99 102 99 101 99 98 100 103 100 102 100 98 101 104 101 103 101 98 102 105 102 104 102 98 103 87 103 59 103 106 104 105 104 98 104 107 105 106 105 98 105 108 106 107 106 98 106 109 107 108 107 98 107 110 108 109 108 98 108 111 109 110 109 98 109 112 110 111 110 98 110 113 111 112 111 98 111 114 112 113 112 98 112 115 113 114 113 98 113 116 114 115 114 98 114 116 115 117 115 115 115 118 116 119 116 120 116 121 117 118 117 120 117 122 118 120 118 58 118 122 119 121 119 120 119 123 120 122 120 58 120 124 121 123 121 58 121 125 122 124 122 58 122 126 123 125 123 58 123 127 124 126 124 58 124 128 125 127 125 58 125 129 126 130 126 119 126 131 127 128 127 58 127 132 128 118 128 121 128 132 129 130 129 129 129 133 130 131 130 58 130 134 131 132 131 121 131 134 132 130 132 132 132 135 133 122 133 123 133 135 134 130 134 134 134 136 135 135 135 123 135 137 136 124 136 125 136 56 137 133 137 58 137 138 138 137 138 125 138 139 139 140 139 126 139 139 140 126 140 127 140 141 141 142 141 128 141 141 142 128 142 131 142 143 143 144 143 133 143 143 144 133 144 56 144 143 145 130 145 135 145 143 146 135 146 136 146 143 147 136 147 137 147 143 148 137 148 138 148 143 149 138 149 140 149 143 150 140 150 139 150 143 151 139 151 142 151 143 152 142 152 141 152 143 153 141 153 144 153 130 154 120 154 119 154 143 155 56 155 55 155 145 156 55 156 52 156 145 157 143 157 55 157 146 158 52 158 50 158 146 159 145 159 52 159 147 160 50 160 48 160 147 161 146 161 50 161 148 162 48 162 46 162 148 163 147 163 48 163 149 164 46 164 44 164 149 165 148 165 46 165 150 166 44 166 42 166 150 167 149 167 44 167 151 168 42 168 40 168 151 169 150 169 42 169 152 170 151 170 40 170 152 171 40 171 38 171 153 172 38 172 36 172 153 173 152 173 38 173 154 174 36 174 34 174 154 175 153 175 36 175 155 176 34 176 32 176 155 177 154 177 34 177 156 178 155 178 32 178 156 179 32 179 30 179 157 180 30 180 28 180 157 181 156 181 30 181 158 182 28 182 26 182 158 183 157 183 28 183 159 184 26 184 24 184 159 185 158 185 26 185 160 186 24 186 23 186 160 187 159 187 24 187 161 188 23 188 25 188 161 189 160 189 23 189 162 190 25 190 27 190 162 191 161 191 25 191 163 192 27 192 29 192 163 193 162 193 27 193 164 194 29 194 31 194 164 195 163 195 29 195 165 196 31 196 33 196 165 197 164 197 31 197 166 198 33 198 35 198 166 199 165 199 33 199 167 200 35 200 37 200 167 201 166 201 35 201 168 202 37 202 39 202 168 203 167 203 37 203 169 204 39 204 41 204 169 205 168 205 39 205 170 206 41 206 43 206 170 207 169 207 41 207 171 208 43 208 45 208 171 209 170 209 43 209 172 210 45 210 47 210 172 211 171 211 45 211 173 212 47 212 49 212 173 213 172 213 47 213 174 214 49 214 51 214 174 215 173 215 49 215 175 216 51 216 53 216 175 217 174 217 51 217 176 218 53 218 54 218 176 219 175 219 53 219 120 220 57 220 58 220 177 221 57 221 120 221 177 222 120 222 178 222 177 223 178 223 179 223 177 224 179 224 180 224 177 225 180 225 181 225 177 226 181 226 182 226 177 227 182 227 183 227 177 228 183 228 184 228 177 229 184 229 185 229 186 230 177 230 185 230 187 231 177 231 186 231 188 232 189 232 177 232 188 233 190 233 189 233 188 234 191 234 190 234 192 235 177 235 187 235 193 236 194 236 188 236 193 237 188 237 177 237 195 238 177 238 192 238 196 239 197 239 193 239 196 240 193 240 177 240 198 241 196 241 177 241 199 242 177 242 195 242 200 243 201 243 198 243 202 244 177 244 199 244 203 245 200 245 198 245 203 246 198 246 177 246 204 247 203 247 177 247 205 248 177 248 202 248 206 249 207 249 204 249 208 250 177 250 205 250 209 251 204 251 177 251 209 252 206 252 204 252 210 253 209 253 177 253 211 254 212 254 213 254 214 255 210 255 177 255 214 256 211 256 213 256 214 257 213 257 210 257 215 258 216 258 214 258 215 259 217 259 216 259 218 260 215 260 214 260 218 261 214 261 177 261 219 262 220 262 218 262 219 263 221 263 220 263 222 264 218 264 177 264 222 265 219 265 218 265 223 266 222 266 177 266 223 267 224 267 222 267 225 268 177 268 208 268 225 269 223 269 177 269 225 270 208 270 226 270 225 271 226 271 227 271 225 272 227 272 228 272 225 273 228 273 229 273 225 274 229 274 230 274 225 275 230 275 231 275 225 276 231 276 232 276 233 277 225 277 232 277 234 278 225 278 233 278 235 279 225 279 234 279 236 280 225 280 235 280 237 281 225 281 236 281 238 282 225 282 237 282 239 283 225 283 238 283 240 284 225 284 239 284 241 285 225 285 240 285 242 286 117 286 116 286 243 287 244 287 242 287 243 288 245 288 244 288 243 289 246 289 245 289 243 290 247 290 246 290 243 291 248 291 247 291 243 292 249 292 248 292 243 293 250 293 249 293 243 294 251 294 250 294 243 295 252 295 251 295 243 296 253 296 252 296 243 297 254 297 253 297 243 298 255 298 254 298 243 299 256 299 255 299 243 300 257 300 256 300 243 301 258 301 257 301 243 302 259 302 258 302 243 303 242 303 116 303 260 304 259 304 243 304 260 305 261 305 259 305 260 306 262 306 261 306 260 307 263 307 262 307 260 308 264 308 263 308 260 309 265 309 264 309 260 310 266 310 265 310 260 311 267 311 266 311 260 312 268 312 267 312 260 313 269 313 268 313 260 314 270 314 269 314 260 315 271 315 270 315 260 316 272 316 271 316 260 317 273 317 272 317 260 318 274 318 273 318 260 319 275 319 274 319 260 320 276 320 275 320 277 321 243 321 278 321 279 322 280 322 281 322 282 323 277 323 283 323 282 324 243 324 277 324 284 325 285 325 279 325 284 326 281 326 260 326 284 327 279 327 281 327 286 328 287 328 284 328 288 329 286 329 284 329 289 330 282 330 290 330 289 331 290 331 291 331 289 332 291 332 292 332 289 333 292 333 293 333 289 334 243 334 282 334 294 335 295 335 288 335 294 336 288 336 284 336 296 337 297 337 294 337 296 338 284 338 260 338 296 339 294 339 284 339 296 340 260 340 243 340 298 341 289 341 299 341 298 342 299 342 300 342 298 343 300 343 301 343 302 344 289 344 298 344 303 345 304 345 296 345 305 346 303 346 296 346 305 347 289 347 302 347 305 348 302 348 306 348 305 349 307 349 303 349 305 350 243 350 289 350 305 351 296 351 243 351 260 352 225 352 241 352 260 353 241 353 276 353 61 354 176 354 54 354 308 355 176 355 61 355 309 356 310 356 177 356 310 357 311 357 177 357 177 358 312 358 57 358 311 359 312 359 177 359 312 360 313 360 57 360 313 361 314 361 57 361 314 362 315 362 57 362 315 363 316 363 57 363 316 364 317 364 57 364 317 365 318 365 57 365 177 366 319 366 309 366 318 367 320 367 57 367 319 368 321 368 309 368 320 369 322 369 57 369 319 370 323 370 321 370 323 371 324 371 310 371 310 372 324 372 311 372 319 373 324 373 323 373 319 374 325 374 324 374 325 375 326 375 312 375 312 376 326 376 313 376 319 377 326 377 325 377 327 378 328 378 314 378 314 379 328 379 315 379 322 380 22 380 57 380 329 381 330 381 316 381 316 382 330 382 317 382 331 383 332 383 318 383 318 384 332 384 320 384 333 385 334 385 322 385 322 386 334 386 22 386 319 387 334 387 326 387 326 388 334 388 327 388 327 389 334 389 328 389 328 390 334 390 329 390 329 391 334 391 330 391 330 392 334 392 331 392 331 393 334 393 332 393 332 394 334 394 333 394 308 395 60 395 335 395 61 396 60 396 308 396 335 397 62 397 336 397 60 398 62 398 335 398 336 399 63 399 337 399 62 400 63 400 336 400 337 401 64 401 338 401 63 402 64 402 337 402 338 403 65 403 339 403 64 404 65 404 338 404 339 405 66 405 340 405 65 406 66 406 339 406 340 407 67 407 341 407 66 408 67 408 340 408 67 409 68 409 341 409 341 410 68 410 342 410 68 411 69 411 342 411 342 412 69 412 343 412 343 413 73 413 344 413 69 414 73 414 343 414 344 415 76 415 345 415 73 416 76 416 344 416 345 417 79 417 346 417 76 418 79 418 345 418 346 419 81 419 347 419 79 420 81 420 346 420 347 421 83 421 348 421 81 422 83 422 347 422 348 423 85 423 349 423 83 424 85 424 348 424 349 425 87 425 350 425 85 426 87 426 349 426 350 427 99 427 351 427 87 428 99 428 350 428 351 429 100 429 352 429 99 430 100 430 351 430 352 431 101 431 353 431 100 432 101 432 352 432 353 433 102 433 354 433 101 434 102 434 353 434 354 435 103 435 355 435 102 436 103 436 354 436 355 437 104 437 356 437 103 438 104 438 355 438 356 439 105 439 357 439 104 440 105 440 356 440 357 441 106 441 358 441 105 442 106 442 357 442 358 443 107 443 359 443 106 444 107 444 358 444 359 445 108 445 360 445 107 446 108 446 359 446 360 447 109 447 361 447 108 448 109 448 360 448 361 449 110 449 362 449 109 450 110 450 361 450 362 451 111 451 363 451 110 452 111 452 362 452 363 453 112 453 364 453 111 454 112 454 363 454 364 455 113 455 365 455 112 456 113 456 364 456 365 457 114 457 366 457 113 458 114 458 365 458 114 459 115 459 366 459 367 460 0 460 368 460 368 461 2 461 369 461 0 462 2 462 368 462 369 463 1 463 370 463 370 464 1 464 371 464 2 465 1 465 369 465 371 466 3 466 372 466 1 467 3 467 371 467 372 468 4 468 373 468 3 469 4 469 372 469 373 470 5 470 374 470 4 471 5 471 373 471 374 472 6 472 375 472 5 473 6 473 374 473 375 474 7 474 376 474 6 475 7 475 375 475 376 476 8 476 377 476 377 477 8 477 378 477 7 478 8 478 376 478 8 479 9 479 378 479 378 480 9 480 379 480 379 481 9 481 380 481 9 482 10 482 380 482 380 483 10 483 381 483 381 484 10 484 382 484 10 485 11 485 382 485 382 486 11 486 383 486 383 487 12 487 384 487 11 488 12 488 383 488 384 489 13 489 385 489 12 490 13 490 384 490 385 491 13 491 386 491 386 492 14 492 387 492 13 493 14 493 386 493 387 494 15 494 388 494 14 495 15 495 387 495 388 496 16 496 389 496 389 497 16 497 390 497 15 498 16 498 388 498 390 499 17 499 391 499 391 500 17 500 392 500 16 501 17 501 390 501 392 502 18 502 393 502 17 503 18 503 392 503 393 504 19 504 394 504 18 505 19 505 393 505 394 506 20 506 395 506 395 507 20 507 396 507 19 508 20 508 394 508 396 509 21 509 397 509 397 510 21 510 398 510 20 511 21 511 396 511 398 512 22 512 334 512 21 513 22 513 398 513 399 514 115 514 117 514 400 515 399 515 117 515 401 516 400 516 117 516 402 517 401 517 117 517 366 518 115 518 399 518 403 519 402 519 117 519 404 520 403 520 117 520 405 521 404 521 117 521 406 522 405 522 117 522 407 523 117 523 242 523 407 524 406 524 117 524 408 525 407 525 242 525 409 526 366 526 399 526 410 527 408 527 242 527 411 528 410 528 242 528 412 529 413 529 400 529 412 530 400 530 401 530 414 531 415 531 402 531 414 532 402 532 403 532 416 533 417 533 404 533 416 534 404 534 405 534 418 535 406 535 407 535 419 536 418 536 407 536 420 537 421 537 408 537 420 538 408 538 410 538 422 539 419 539 421 539 422 540 420 540 423 540 422 541 423 541 411 541 422 542 421 542 420 542 242 543 422 543 411 543 422 544 366 544 409 544 422 545 409 545 413 545 422 546 413 546 412 546 422 547 412 547 415 547 422 548 415 548 414 548 422 549 414 549 417 549 422 550 417 550 416 550 422 551 416 551 418 551 422 552 418 552 419 552 0 553 424 553 59 553 367 554 424 554 0 554 59 555 424 555 425 555 71 556 425 556 426 556 71 557 59 557 425 557 70 558 426 558 427 558 70 559 427 559 428 559 70 560 71 560 426 560 72 561 428 561 429 561 72 562 70 562 428 562 74 563 429 563 430 563 74 564 72 564 429 564 75 565 430 565 431 565 75 566 74 566 430 566 77 567 431 567 432 567 77 568 75 568 431 568 78 569 432 569 433 569 78 570 77 570 432 570 80 571 433 571 434 571 80 572 434 572 435 572 80 573 78 573 433 573 82 574 80 574 435 574 82 575 435 575 436 575 82 576 436 576 437 576 84 577 82 577 437 577 84 578 437 578 438 578 84 579 438 579 439 579 86 580 84 580 439 580 86 581 439 581 440 581 88 582 440 582 441 582 88 583 86 583 440 583 89 584 441 584 442 584 89 585 88 585 441 585 89 586 442 586 443 586 90 587 443 587 444 587 90 588 89 588 443 588 91 589 444 589 445 589 91 590 90 590 444 590 92 591 445 591 446 591 92 592 446 592 447 592 92 593 91 593 445 593 93 594 447 594 448 594 93 595 448 595 449 595 93 596 92 596 447 596 94 597 449 597 450 597 94 598 93 598 449 598 95 599 450 599 451 599 95 600 94 600 450 600 96 601 451 601 452 601 96 602 452 602 453 602 96 603 95 603 451 603 97 604 453 604 454 604 97 605 454 605 455 605 97 606 96 606 453 606 98 607 455 607 456 607 98 608 97 608 455 608 98 609 457 609 116 609 457 610 458 610 116 610 458 611 459 611 116 611 459 612 460 612 116 612 98 613 456 613 457 613 460 614 461 614 116 614 461 615 462 615 116 615 462 616 463 616 116 616 463 617 464 617 116 617 116 618 465 618 243 618 464 619 465 619 116 619 465 620 466 620 243 620 466 621 467 621 243 621 456 622 468 622 457 622 467 623 469 623 243 623 470 624 471 624 458 624 458 625 471 625 459 625 472 626 473 626 460 626 460 627 473 627 461 627 474 628 475 628 462 628 462 629 475 629 463 629 476 630 477 630 464 630 464 631 477 631 465 631 478 632 479 632 466 632 466 633 479 633 467 633 477 634 480 634 478 634 479 635 480 635 481 635 481 636 480 636 469 636 476 637 480 637 477 637 478 638 480 638 479 638 469 639 480 639 243 639 456 640 480 640 468 640 468 641 480 641 470 641 470 642 480 642 471 642 471 643 480 643 472 643 472 644 480 644 473 644 473 645 480 645 474 645 474 646 480 646 475 646 475 647 480 647 476 647 158 648 159 648 160 648 163 649 161 649 162 649 156 650 157 650 158 650 156 651 158 651 160 651 154 652 155 652 156 652 154 653 156 653 160 653 166 654 160 654 161 654 166 655 163 655 164 655 166 656 164 656 165 656 166 657 161 657 163 657 167 658 160 658 166 658 152 659 153 659 154 659 169 660 167 660 168 660 172 661 169 661 170 661 172 662 170 662 171 662 172 663 167 663 169 663 148 664 149 664 150 664 148 665 150 665 151 665 148 666 151 666 152 666 148 667 152 667 154 667 148 668 154 668 160 668 148 669 160 669 167 669 148 670 167 670 172 670 174 671 172 671 173 671 146 672 147 672 148 672 143 673 145 673 146 673 143 674 146 674 148 674 176 675 174 675 175 675 176 676 172 676 174 676 176 677 148 677 172 677 176 678 143 678 148 678 336 679 308 679 335 679 482 680 483 680 484 680 338 681 336 681 337 681 485 682 482 682 484 682 485 683 484 683 130 683 339 684 336 684 338 684 486 685 487 685 485 685 341 686 308 686 336 686 341 687 339 687 340 687 341 688 336 688 339 688 488 689 485 689 130 689 488 690 486 690 485 690 488 691 489 691 486 691 342 692 308 692 341 692 490 693 488 693 130 693 491 694 490 694 130 694 344 695 342 695 343 695 345 696 342 696 344 696 492 697 493 697 491 697 492 698 494 698 493 698 347 699 345 699 346 699 349 700 347 700 348 700 349 701 308 701 342 701 349 702 342 702 345 702 349 703 345 703 347 703 495 704 496 704 492 704 495 705 497 705 496 705 498 706 491 706 130 706 498 707 492 707 491 707 498 708 495 708 492 708 351 709 349 709 350 709 351 710 308 710 349 710 499 711 500 711 498 711 501 712 499 712 498 712 354 713 351 713 352 713 354 714 352 714 353 714 354 715 308 715 351 715 502 716 498 716 130 716 502 717 501 717 498 717 355 718 308 718 354 718 503 719 502 719 130 719 357 720 355 720 356 720 504 721 503 721 130 721 504 722 505 722 503 722 358 723 308 723 355 723 358 724 355 724 357 724 506 725 507 725 504 725 506 726 504 726 130 726 360 727 358 727 359 727 508 728 506 728 130 728 361 729 358 729 360 729 362 730 358 730 361 730 509 731 508 731 130 731 509 732 510 732 508 732 364 733 362 733 363 733 511 734 512 734 509 734 365 735 358 735 362 735 365 736 362 736 364 736 365 737 308 737 358 737 366 738 176 738 308 738 366 739 308 739 365 739 513 740 509 740 130 740 513 741 511 741 509 741 513 742 130 742 143 742 422 743 143 743 176 743 422 744 513 744 143 744 422 745 176 745 366 745 422 746 514 746 513 746 515 747 514 747 422 747 515 748 516 748 514 748 517 749 422 749 518 749 517 750 515 750 422 750 519 751 517 751 520 751 521 752 522 752 515 752 523 753 521 753 515 753 524 754 519 754 525 754 524 755 517 755 519 755 526 756 517 756 524 756 527 757 517 757 526 757 528 758 515 758 517 758 528 759 523 759 515 759 528 760 529 760 530 760 528 761 517 761 527 761 528 762 530 762 523 762 531 763 532 763 533 763 531 764 533 764 528 764 534 765 535 765 531 765 534 766 531 766 528 766 536 767 527 767 537 767 536 768 537 768 538 768 536 769 538 769 539 769 536 770 539 770 540 770 536 771 540 771 541 771 542 772 534 772 528 772 543 773 544 773 542 773 543 774 528 774 527 774 543 775 527 775 536 775 543 776 542 776 528 776 545 777 544 777 543 777 120 778 484 778 178 778 130 779 484 779 120 779 178 780 483 780 179 780 484 781 483 781 178 781 179 782 482 782 180 782 180 783 482 783 181 783 483 784 482 784 179 784 482 785 485 785 181 785 181 786 487 786 182 786 485 787 487 787 181 787 182 788 486 788 183 788 183 789 486 789 184 789 487 790 486 790 182 790 486 791 489 791 184 791 489 792 488 792 184 792 184 793 488 793 185 793 488 794 490 794 185 794 185 795 490 795 186 795 186 796 491 796 187 796 187 797 491 797 192 797 490 798 491 798 186 798 491 799 493 799 192 799 192 800 494 800 195 800 195 801 494 801 199 801 493 802 494 802 192 802 199 803 492 803 202 803 494 804 492 804 199 804 492 805 496 805 202 805 202 806 497 806 205 806 205 807 497 807 208 807 496 808 497 808 202 808 497 809 495 809 208 809 208 810 498 810 226 810 495 811 498 811 208 811 226 812 500 812 227 812 498 813 500 813 226 813 227 814 499 814 228 814 500 815 499 815 227 815 228 816 501 816 229 816 229 817 501 817 230 817 499 818 501 818 228 818 501 819 502 819 230 819 230 820 503 820 231 820 231 821 503 821 232 821 502 822 503 822 230 822 503 823 505 823 232 823 505 824 504 824 232 824 232 825 504 825 233 825 233 826 507 826 234 826 234 827 507 827 235 827 504 828 507 828 233 828 507 829 506 829 235 829 235 830 508 830 236 830 236 831 508 831 237 831 506 832 508 832 235 832 508 833 510 833 237 833 237 834 509 834 238 834 238 835 509 835 239 835 510 836 509 836 237 836 509 837 512 837 239 837 239 838 511 838 240 838 240 839 511 839 241 839 512 840 511 840 239 840 511 841 513 841 241 841 321 842 132 842 129 842 321 843 323 843 132 843 309 844 321 844 119 844 119 845 321 845 129 845 310 846 119 846 118 846 310 847 309 847 119 847 323 848 310 848 132 848 132 849 310 849 118 849 324 850 135 850 134 850 324 851 325 851 135 851 311 852 324 852 121 852 121 853 324 853 134 853 312 854 121 854 122 854 312 855 311 855 121 855 325 856 312 856 135 856 135 857 312 857 122 857 326 858 327 858 136 858 136 859 327 859 137 859 313 860 326 860 123 860 123 861 326 861 136 861 314 862 313 862 124 862 124 863 313 863 123 863 327 864 314 864 137 864 137 865 314 865 124 865 328 866 140 866 138 866 328 867 329 867 140 867 315 868 328 868 125 868 125 869 328 869 138 869 316 870 315 870 126 870 126 871 315 871 125 871 329 872 316 872 140 872 140 873 316 873 126 873 330 874 142 874 139 874 330 875 331 875 142 875 331 876 318 876 142 876 142 877 318 877 128 877 317 878 330 878 127 878 127 879 330 879 139 879 318 880 127 880 128 880 318 881 317 881 127 881 332 882 333 882 141 882 141 883 333 883 144 883 320 884 332 884 131 884 131 885 332 885 141 885 322 886 131 886 133 886 322 887 320 887 131 887 333 888 322 888 144 888 144 889 322 889 133 889 422 890 244 890 518 890 518 891 244 891 517 891 242 892 244 892 422 892 244 893 245 893 517 893 517 894 246 894 520 894 520 895 246 895 519 895 245 896 246 896 517 896 246 897 247 897 519 897 519 898 248 898 525 898 525 899 248 899 524 899 247 900 248 900 519 900 524 901 249 901 526 901 248 902 249 902 524 902 249 903 250 903 526 903 250 904 251 904 526 904 526 905 251 905 527 905 251 906 252 906 527 906 527 907 252 907 537 907 537 908 252 908 538 908 538 909 253 909 539 909 252 910 253 910 538 910 253 911 254 911 539 911 539 912 255 912 540 912 254 913 255 913 539 913 540 914 256 914 541 914 255 915 256 915 540 915 541 916 257 916 536 916 256 917 257 917 541 917 536 918 258 918 543 918 257 919 258 919 536 919 543 920 259 920 545 920 258 921 259 921 543 921 545 922 261 922 544 922 544 923 261 923 542 923 259 924 261 924 545 924 261 925 262 925 542 925 542 926 263 926 534 926 262 927 263 927 542 927 534 928 264 928 535 928 263 929 264 929 534 929 535 930 265 930 531 930 264 931 265 931 535 931 531 932 266 932 532 932 265 933 266 933 531 933 532 934 267 934 533 934 266 935 267 935 532 935 533 936 268 936 528 936 267 937 268 937 533 937 528 938 269 938 529 938 268 939 269 939 528 939 529 940 270 940 530 940 530 941 270 941 523 941 269 942 270 942 529 942 270 943 271 943 523 943 523 944 272 944 521 944 271 945 272 945 523 945 521 946 273 946 522 946 522 947 273 947 515 947 272 948 273 948 521 948 273 949 274 949 515 949 515 950 275 950 516 950 274 951 275 951 515 951 516 952 276 952 514 952 275 953 276 953 516 953 546 954 276 954 547 954 548 955 547 955 276 955 549 956 276 956 546 956 550 957 548 957 276 957 551 958 276 958 549 958 552 959 550 959 276 959 553 960 276 960 551 960 554 961 552 961 276 961 555 962 276 962 553 962 556 963 554 963 276 963 557 964 276 964 555 964 558 965 556 965 276 965 559 966 276 966 557 966 560 967 558 967 276 967 561 968 276 968 559 968 562 969 560 969 276 969 563 970 276 970 561 970 564 971 562 971 276 971 565 972 276 972 563 972 566 973 564 973 276 973 567 974 276 974 565 974 568 975 566 975 276 975 569 976 276 976 567 976 570 977 568 977 276 977 571 978 276 978 569 978 572 979 570 979 276 979 573 980 276 980 571 980 574 981 572 981 276 981 575 982 276 982 573 982 576 983 574 983 276 983 577 984 276 984 575 984 578 985 576 985 276 985 579 986 578 986 276 986 580 987 579 987 276 987 581 988 580 988 276 988 582 989 581 989 276 989 583 990 582 990 276 990 584 991 583 991 276 991 585 992 584 992 276 992 514 993 586 993 587 993 514 994 587 994 588 994 514 995 588 995 589 995 514 996 589 996 590 996 514 997 590 997 591 997 514 998 591 998 592 998 514 999 592 999 593 999 514 1000 594 1000 595 1000 514 1001 595 1001 596 1001 514 1002 596 1002 597 1002 514 1003 597 1003 598 1003 514 1004 598 1004 599 1004 514 1005 599 1005 600 1005 514 1006 600 1006 601 1006 514 1007 601 1007 602 1007 514 1008 602 1008 603 1008 514 1009 603 1009 604 1009 514 1010 604 1010 605 1010 514 1011 605 1011 606 1011 514 1012 606 1012 607 1012 514 1013 607 1013 608 1013 514 1014 608 1014 609 1014 514 1015 609 1015 610 1015 514 1016 610 1016 611 1016 514 1017 611 1017 612 1017 514 1018 612 1018 613 1018 514 1019 613 1019 614 1019 514 1020 614 1020 615 1020 514 1021 615 1021 616 1021 514 1022 616 1022 617 1022 514 1023 617 1023 618 1023 514 1024 618 1024 619 1024 514 1025 619 1025 620 1025 514 1026 620 1026 621 1026 514 1027 621 1027 622 1027 514 1028 622 1028 623 1028 514 1029 623 1029 624 1029 514 1030 624 1030 625 1030 514 1031 625 1031 586 1031 626 1032 627 1032 628 1032 626 1033 628 1033 629 1033 630 1034 627 1034 626 1034 631 1035 626 1035 629 1035 632 1036 633 1036 627 1036 632 1037 627 1037 630 1037 634 1038 631 1038 629 1038 634 1039 629 1039 635 1039 634 1040 635 1040 636 1040 637 1041 638 1041 633 1041 637 1042 633 1042 632 1042 639 1043 634 1043 636 1043 640 1044 641 1044 642 1044 640 1045 642 1045 638 1045 640 1046 638 1046 637 1046 643 1047 639 1047 636 1047 643 1048 636 1048 644 1048 645 1049 641 1049 640 1049 646 1050 643 1050 644 1050 646 1051 644 1051 647 1051 648 1052 649 1052 641 1052 648 1053 641 1053 645 1053 650 1054 647 1054 651 1054 650 1055 646 1055 647 1055 652 1056 653 1056 654 1056 652 1057 654 1057 649 1057 652 1058 649 1058 648 1058 655 1059 651 1059 656 1059 655 1060 656 1060 585 1060 655 1061 650 1061 651 1061 657 1062 658 1062 653 1062 657 1063 653 1063 652 1063 659 1064 655 1064 585 1064 660 1065 658 1065 657 1065 661 1066 662 1066 658 1066 661 1067 658 1067 660 1067 663 1068 664 1068 665 1068 663 1069 665 1069 662 1069 663 1070 662 1070 661 1070 666 1071 667 1071 664 1071 666 1072 664 1072 663 1072 668 1073 667 1073 666 1073 669 1074 670 1074 667 1074 669 1075 667 1075 668 1075 671 1076 672 1076 670 1076 671 1077 670 1077 669 1077 673 1078 674 1078 672 1078 673 1079 675 1079 674 1079 673 1080 672 1080 671 1080 676 1081 677 1081 675 1081 676 1082 675 1082 673 1082 241 1083 585 1083 276 1083 241 1084 659 1084 585 1084 241 1085 678 1085 679 1085 241 1086 679 1086 680 1086 241 1087 680 1087 681 1087 241 1088 681 1088 682 1088 241 1089 682 1089 683 1089 241 1090 683 1090 684 1090 241 1091 684 1091 685 1091 241 1092 685 1092 686 1092 241 1093 686 1093 659 1093 687 1094 688 1094 677 1094 687 1095 677 1095 676 1095 689 1096 678 1096 241 1096 690 1097 691 1097 688 1097 690 1098 688 1098 687 1098 692 1099 689 1099 241 1099 693 1100 694 1100 691 1100 693 1101 691 1101 690 1101 695 1102 692 1102 241 1102 696 1103 697 1103 694 1103 696 1104 694 1104 693 1104 698 1105 695 1105 241 1105 699 1106 697 1106 696 1106 700 1107 698 1107 241 1107 701 1108 697 1108 699 1108 701 1109 702 1109 703 1109 701 1110 703 1110 697 1110 704 1111 700 1111 241 1111 705 1112 706 1112 702 1112 705 1113 702 1113 701 1113 707 1114 704 1114 241 1114 708 1115 709 1115 706 1115 708 1116 706 1116 705 1116 710 1117 707 1117 241 1117 711 1118 712 1118 709 1118 711 1119 709 1119 708 1119 713 1120 710 1120 241 1120 714 1121 715 1121 712 1121 714 1122 712 1122 711 1122 716 1123 713 1123 241 1123 717 1124 718 1124 715 1124 717 1125 715 1125 714 1125 719 1126 716 1126 241 1126 720 1127 718 1127 717 1127 720 1128 721 1128 718 1128 722 1129 719 1129 241 1129 723 1130 721 1130 720 1130 724 1131 722 1131 241 1131 725 1132 721 1132 723 1132 725 1133 726 1133 727 1133 725 1134 727 1134 721 1134 728 1135 724 1135 241 1135 729 1136 726 1136 725 1136 730 1137 728 1137 241 1137 731 1138 732 1138 733 1138 731 1139 733 1139 726 1139 731 1140 726 1140 729 1140 734 1141 730 1141 241 1141 735 1142 736 1142 732 1142 735 1143 732 1143 731 1143 737 1144 734 1144 241 1144 738 1145 739 1145 736 1145 738 1146 736 1146 735 1146 740 1147 737 1147 241 1147 741 1148 739 1148 738 1148 742 1149 740 1149 241 1149 743 1150 744 1150 745 1150 743 1151 745 1151 739 1151 743 1152 739 1152 741 1152 746 1153 742 1153 241 1153 747 1154 593 1154 744 1154 747 1155 744 1155 743 1155 748 1156 746 1156 241 1156 749 1157 593 1157 747 1157 749 1158 514 1158 593 1158 750 1159 748 1159 241 1159 751 1160 750 1160 241 1160 752 1161 751 1161 241 1161 753 1162 752 1162 241 1162 754 1163 753 1163 241 1163 755 1164 754 1164 241 1164 756 1165 755 1165 241 1165 757 1166 756 1166 241 1166 758 1167 757 1167 241 1167 513 1168 749 1168 759 1168 513 1169 759 1169 760 1169 513 1170 760 1170 761 1170 513 1171 761 1171 762 1171 513 1172 762 1172 763 1172 513 1173 763 1173 764 1173 513 1174 764 1174 765 1174 513 1175 765 1175 766 1175 513 1176 766 1176 767 1176 513 1177 767 1177 768 1177 513 1178 768 1178 769 1178 513 1179 769 1179 770 1179 513 1180 770 1180 771 1180 513 1181 771 1181 772 1181 513 1182 772 1182 773 1182 513 1183 773 1183 774 1183 513 1184 774 1184 775 1184 513 1185 775 1185 776 1185 513 1186 776 1186 777 1186 513 1187 777 1187 778 1187 513 1188 778 1188 779 1188 513 1189 779 1189 780 1189 513 1190 780 1190 781 1190 513 1191 781 1191 782 1191 513 1192 782 1192 783 1192 513 1193 783 1193 784 1193 513 1194 784 1194 785 1194 513 1195 785 1195 786 1195 513 1196 786 1196 787 1196 513 1197 787 1197 788 1197 513 1198 788 1198 789 1198 513 1199 789 1199 790 1199 513 1200 514 1200 749 1200 513 1201 790 1201 791 1201 513 1202 791 1202 792 1202 513 1203 792 1203 793 1203 513 1204 793 1204 794 1204 513 1205 794 1205 795 1205 513 1206 795 1206 796 1206 513 1207 796 1207 797 1207 241 1208 513 1208 758 1208 758 1209 513 1209 797 1209 514 1210 276 1210 577 1210 514 1211 577 1211 594 1211 243 1212 480 1212 798 1212 278 1213 243 1213 798 1213 277 1214 798 1214 799 1214 277 1215 278 1215 798 1215 283 1216 799 1216 800 1216 283 1217 800 1217 801 1217 283 1218 277 1218 799 1218 282 1219 283 1219 801 1219 290 1220 801 1220 802 1220 290 1221 282 1221 801 1221 291 1222 802 1222 803 1222 291 1223 803 1223 804 1223 291 1224 290 1224 802 1224 292 1225 291 1225 804 1225 293 1226 292 1226 804 1226 293 1227 804 1227 805 1227 293 1228 805 1228 806 1228 289 1229 293 1229 806 1229 299 1230 806 1230 807 1230 299 1231 289 1231 806 1231 300 1232 807 1232 808 1232 300 1233 808 1233 809 1233 300 1234 299 1234 807 1234 301 1235 300 1235 809 1235 298 1236 809 1236 810 1236 298 1237 301 1237 809 1237 302 1238 810 1238 811 1238 302 1239 811 1239 812 1239 302 1240 298 1240 810 1240 306 1241 812 1241 813 1241 306 1242 302 1242 812 1242 305 1243 306 1243 813 1243 307 1244 813 1244 814 1244 307 1245 305 1245 813 1245 303 1246 814 1246 815 1246 303 1247 307 1247 814 1247 304 1248 815 1248 816 1248 304 1249 816 1249 817 1249 304 1250 303 1250 815 1250 296 1251 817 1251 818 1251 296 1252 304 1252 817 1252 297 1253 296 1253 818 1253 294 1254 818 1254 819 1254 294 1255 297 1255 818 1255 295 1256 819 1256 820 1256 295 1257 294 1257 819 1257 288 1258 820 1258 821 1258 288 1259 821 1259 822 1259 288 1260 295 1260 820 1260 286 1261 288 1261 822 1261 287 1262 822 1262 823 1262 287 1263 286 1263 822 1263 284 1264 823 1264 824 1264 284 1265 824 1265 825 1265 284 1266 287 1266 823 1266 285 1267 284 1267 825 1267 279 1268 825 1268 826 1268 279 1269 285 1269 825 1269 280 1270 826 1270 827 1270 280 1271 827 1271 828 1271 280 1272 279 1272 826 1272 829 1273 828 1273 830 1273 281 1274 828 1274 829 1274 281 1275 280 1275 828 1275 260 1276 281 1276 829 1276 260 1277 831 1277 832 1277 832 1278 833 1278 260 1278 260 1279 834 1279 831 1279 833 1280 835 1280 260 1280 260 1281 836 1281 834 1281 835 1282 837 1282 260 1282 260 1283 838 1283 836 1283 837 1284 839 1284 260 1284 260 1285 840 1285 838 1285 839 1286 841 1286 260 1286 260 1287 842 1287 840 1287 841 1288 843 1288 260 1288 260 1289 844 1289 842 1289 843 1290 845 1290 260 1290 260 1291 846 1291 844 1291 845 1292 847 1292 260 1292 260 1293 848 1293 846 1293 847 1294 849 1294 260 1294 260 1295 850 1295 848 1295 849 1296 851 1296 260 1296 260 1297 852 1297 850 1297 851 1298 853 1298 260 1298 260 1299 854 1299 852 1299 853 1300 855 1300 260 1300 260 1301 856 1301 854 1301 855 1302 857 1302 260 1302 260 1303 858 1303 856 1303 857 1304 859 1304 260 1304 260 1305 860 1305 858 1305 859 1306 861 1306 260 1306 260 1307 862 1307 860 1307 861 1308 863 1308 260 1308 260 1309 864 1309 862 1309 863 1310 865 1310 260 1310 865 1311 866 1311 260 1311 866 1312 867 1312 260 1312 867 1313 868 1313 260 1313 868 1314 869 1314 260 1314 869 1315 870 1315 260 1315 260 1316 829 1316 864 1316 864 1317 829 1317 871 1317 871 1318 829 1318 872 1318 872 1319 829 1319 873 1319 873 1320 829 1320 874 1320 874 1321 829 1321 875 1321 875 1322 829 1322 876 1322 876 1323 829 1323 877 1323 877 1324 829 1324 878 1324 878 1325 829 1325 879 1325 879 1326 829 1326 880 1326 880 1327 829 1327 881 1327 881 1328 829 1328 882 1328 882 1329 829 1329 883 1329 883 1330 829 1330 884 1330 884 1331 829 1331 885 1331 885 1332 829 1332 886 1332 886 1333 829 1333 887 1333 887 1334 829 1334 888 1334 889 1335 890 1335 891 1335 889 1336 892 1336 890 1336 893 1337 892 1337 889 1337 890 1338 894 1338 891 1338 895 1339 896 1339 893 1339 893 1340 896 1340 892 1340 894 1341 897 1341 891 1341 891 1342 897 1342 898 1342 898 1343 897 1343 899 1343 895 1344 900 1344 896 1344 901 1345 900 1345 895 1345 897 1346 902 1346 899 1346 903 1347 904 1347 905 1347 905 1348 904 1348 901 1348 901 1349 904 1349 900 1349 902 1350 906 1350 899 1350 899 1351 906 1351 907 1351 903 1352 908 1352 904 1352 907 1353 909 1353 910 1353 906 1354 909 1354 907 1354 911 1355 912 1355 913 1355 913 1356 912 1356 903 1356 903 1357 912 1357 908 1357 914 1358 915 1358 916 1358 916 1359 915 1359 917 1359 917 1360 915 1360 918 1360 918 1361 915 1361 919 1361 919 1362 915 1362 920 1362 920 1363 915 1363 921 1363 921 1364 915 1364 922 1364 922 1365 915 1365 923 1365 923 1366 915 1366 924 1366 924 1367 915 1367 925 1367 925 1368 915 1368 926 1368 926 1369 915 1369 927 1369 927 1370 915 1370 928 1370 928 1371 915 1371 929 1371 829 1372 915 1372 888 1372 888 1373 915 1373 930 1373 930 1374 915 1374 931 1374 931 1375 915 1375 932 1375 932 1376 915 1376 933 1376 933 1377 915 1377 934 1377 934 1378 915 1378 935 1378 935 1379 915 1379 936 1379 936 1380 915 1380 937 1380 937 1381 915 1381 938 1381 938 1382 915 1382 914 1382 910 1383 939 1383 940 1383 909 1384 939 1384 910 1384 911 1385 941 1385 912 1385 940 1386 942 1386 943 1386 939 1387 942 1387 940 1387 943 1388 942 1388 944 1388 911 1389 945 1389 941 1389 946 1390 945 1390 911 1390 944 1391 947 1391 870 1391 942 1392 947 1392 944 1392 948 1393 949 1393 946 1393 946 1394 949 1394 945 1394 947 1395 950 1395 870 1395 951 1396 952 1396 953 1396 953 1397 952 1397 948 1397 948 1398 952 1398 949 1398 951 1399 954 1399 952 1399 955 1400 956 1400 951 1400 951 1401 956 1401 954 1401 957 1402 958 1402 959 1402 959 1403 958 1403 955 1403 955 1404 958 1404 956 1404 957 1405 960 1405 958 1405 961 1406 962 1406 963 1406 963 1407 962 1407 957 1407 957 1408 962 1408 960 1408 964 1409 965 1409 961 1409 961 1410 965 1410 962 1410 966 1411 967 1411 964 1411 964 1412 967 1412 965 1412 829 1413 968 1413 915 1413 969 1414 970 1414 966 1414 966 1415 970 1415 967 1415 969 1416 971 1416 970 1416 972 1417 973 1417 969 1417 969 1418 973 1418 971 1418 974 1419 975 1419 972 1419 972 1420 975 1420 973 1420 976 1421 977 1421 978 1421 978 1422 977 1422 974 1422 974 1423 977 1423 975 1423 870 1424 225 1424 260 1424 979 1425 225 1425 980 1425 980 1426 225 1426 981 1426 981 1427 225 1427 982 1427 982 1428 225 1428 983 1428 983 1429 225 1429 984 1429 984 1430 225 1430 985 1430 985 1431 225 1431 986 1431 986 1432 225 1432 987 1432 987 1433 225 1433 988 1433 988 1434 225 1434 989 1434 989 1435 225 1435 990 1435 990 1436 225 1436 950 1436 950 1437 225 1437 870 1437 979 1438 991 1438 225 1438 976 1439 992 1439 977 1439 991 1440 993 1440 225 1440 976 1441 994 1441 992 1441 995 1442 994 1442 976 1442 993 1443 996 1443 225 1443 995 1444 997 1444 994 1444 998 1445 997 1445 999 1445 999 1446 997 1446 995 1446 996 1447 1000 1447 225 1447 998 1448 1001 1448 997 1448 1002 1449 1001 1449 998 1449 1000 1450 1003 1450 225 1450 1004 1451 1005 1451 1002 1451 1002 1452 1005 1452 1001 1452 1003 1453 1006 1453 225 1453 1004 1454 1007 1454 1005 1454 1006 1455 1008 1455 225 1455 1009 1456 1010 1456 1011 1456 1011 1457 1010 1457 1004 1457 1004 1458 1010 1458 1007 1458 1008 1459 1012 1459 225 1459 1013 1460 1014 1460 1009 1460 1009 1461 1014 1461 1010 1461 1012 1462 1015 1462 225 1462 1013 1463 1016 1463 1014 1463 1017 1464 1016 1464 1013 1464 1015 1465 1018 1465 225 1465 1017 1466 1019 1466 1016 1466 1020 1467 1019 1467 1017 1467 1018 1468 1021 1468 225 1468 1022 1469 1023 1469 1020 1469 1020 1470 1023 1470 1019 1470 1021 1471 1024 1471 225 1471 1025 1472 1026 1472 1022 1472 1022 1473 1026 1473 1023 1473 1024 1474 1027 1474 225 1474 929 1475 1028 1475 1025 1475 1025 1476 1028 1476 1026 1476 1027 1477 1029 1477 225 1477 929 1478 1030 1478 1028 1478 1029 1479 1031 1479 225 1479 1031 1480 1032 1480 225 1480 1032 1481 1033 1481 225 1481 1033 1482 1034 1482 225 1482 1034 1483 1035 1483 225 1483 1035 1484 1036 1484 225 1484 1036 1485 1037 1485 225 1485 1037 1486 1038 1486 225 1486 1038 1487 1039 1487 225 1487 1039 1488 1040 1488 225 1488 1040 1489 1041 1489 225 1489 1041 1490 1042 1490 225 1490 1042 1491 1043 1491 225 1491 1030 1492 1044 1492 1045 1492 1045 1493 1044 1493 1046 1493 1046 1494 1044 1494 1047 1494 1047 1495 1044 1495 1048 1495 1048 1496 1044 1496 1049 1496 1049 1497 1044 1497 1050 1497 1050 1498 1044 1498 1051 1498 1051 1499 1044 1499 1052 1499 1052 1500 1044 1500 1053 1500 1053 1501 1044 1501 1054 1501 1054 1502 1044 1502 1055 1502 1055 1503 1044 1503 1056 1503 1056 1504 1044 1504 1057 1504 1057 1505 1044 1505 1058 1505 1058 1506 1044 1506 1059 1506 1059 1507 1044 1507 1060 1507 1060 1508 1044 1508 1061 1508 1061 1509 1044 1509 1062 1509 1062 1510 1044 1510 1063 1510 1063 1511 1044 1511 1064 1511 1064 1512 1044 1512 1065 1512 1065 1513 1044 1513 1066 1513 1066 1514 1044 1514 1067 1514 1067 1515 1044 1515 1068 1515 929 1516 1044 1516 1030 1516 915 1517 1044 1517 929 1517 1069 1518 1070 1518 1044 1518 1043 1519 1070 1519 225 1519 1068 1520 1070 1520 1071 1520 1071 1521 1070 1521 1072 1521 1072 1522 1070 1522 1073 1522 1073 1523 1070 1523 1074 1523 1074 1524 1070 1524 1075 1524 1075 1525 1070 1525 1076 1525 1076 1526 1070 1526 1077 1526 1077 1527 1070 1527 1078 1527 1078 1528 1070 1528 1079 1528 1079 1529 1070 1529 1080 1529 1080 1530 1070 1530 1081 1530 1081 1531 1070 1531 1082 1531 1082 1532 1070 1532 1083 1532 1083 1533 1070 1533 1084 1533 1084 1534 1070 1534 1085 1534 1085 1535 1070 1535 1086 1535 1086 1536 1070 1536 1087 1536 1087 1537 1070 1537 1043 1537 1044 1538 1070 1538 1068 1538 319 1539 177 1539 1088 1539 177 1540 189 1540 1088 1540 1088 1541 190 1541 1089 1541 189 1542 190 1542 1088 1542 1089 1543 191 1543 1090 1543 1090 1544 191 1544 1091 1544 190 1545 191 1545 1089 1545 191 1546 188 1546 1091 1546 1091 1547 194 1547 1092 1547 188 1548 194 1548 1091 1548 1092 1549 193 1549 1093 1549 1093 1550 193 1550 1094 1550 194 1551 193 1551 1092 1551 193 1552 197 1552 1094 1552 197 1553 196 1553 1094 1553 1094 1554 196 1554 1095 1554 1095 1555 196 1555 1096 1555 196 1556 198 1556 1096 1556 1096 1557 201 1557 1097 1557 198 1558 201 1558 1096 1558 1097 1559 200 1559 1098 1559 1098 1560 200 1560 1099 1560 201 1561 200 1561 1097 1561 200 1562 203 1562 1099 1562 1099 1563 204 1563 1100 1563 203 1564 204 1564 1099 1564 1100 1565 207 1565 1101 1565 1101 1566 207 1566 1102 1566 204 1567 207 1567 1100 1567 1102 1568 206 1568 1103 1568 207 1569 206 1569 1102 1569 206 1570 209 1570 1103 1570 1103 1571 210 1571 1104 1571 209 1572 210 1572 1103 1572 1104 1573 213 1573 1105 1573 210 1574 213 1574 1104 1574 1105 1575 212 1575 1106 1575 1106 1576 212 1576 1107 1576 213 1577 212 1577 1105 1577 1107 1578 211 1578 1108 1578 212 1579 211 1579 1107 1579 211 1580 214 1580 1108 1580 1108 1581 216 1581 1109 1581 214 1582 216 1582 1108 1582 1109 1583 217 1583 1110 1583 216 1584 217 1584 1109 1584 1110 1585 215 1585 1111 1585 1111 1586 215 1586 1112 1586 217 1587 215 1587 1110 1587 215 1588 218 1588 1112 1588 1112 1589 220 1589 1113 1589 218 1590 220 1590 1112 1590 1113 1591 221 1591 1114 1591 1114 1592 221 1592 1115 1592 220 1593 221 1593 1113 1593 221 1594 219 1594 1115 1594 1115 1595 222 1595 1116 1595 219 1596 222 1596 1115 1596 1116 1597 224 1597 1117 1597 1117 1598 224 1598 1118 1598 222 1599 224 1599 1116 1599 1118 1600 1070 1600 1119 1600 1118 1601 223 1601 1070 1601 224 1602 223 1602 1118 1602 223 1603 225 1603 1070 1603 468 1604 413 1604 409 1604 468 1605 470 1605 413 1605 457 1606 468 1606 399 1606 399 1607 468 1607 409 1607 458 1608 457 1608 400 1608 400 1609 457 1609 399 1609 470 1610 458 1610 413 1610 413 1611 458 1611 400 1611 471 1612 415 1612 412 1612 471 1613 472 1613 415 1613 472 1614 460 1614 415 1614 415 1615 460 1615 402 1615 459 1616 471 1616 401 1616 401 1617 471 1617 412 1617 460 1618 401 1618 402 1618 460 1619 459 1619 401 1619 473 1620 474 1620 414 1620 414 1621 474 1621 417 1621 461 1622 473 1622 403 1622 403 1623 473 1623 414 1623 462 1624 403 1624 404 1624 462 1625 461 1625 403 1625 474 1626 462 1626 417 1626 417 1627 462 1627 404 1627 475 1628 476 1628 416 1628 416 1629 476 1629 418 1629 463 1630 475 1630 405 1630 405 1631 475 1631 416 1631 464 1632 463 1632 406 1632 406 1633 463 1633 405 1633 476 1634 464 1634 418 1634 418 1635 464 1635 406 1635 477 1636 421 1636 419 1636 477 1637 478 1637 421 1637 465 1638 477 1638 407 1638 407 1639 477 1639 419 1639 466 1640 407 1640 408 1640 466 1641 465 1641 407 1641 478 1642 466 1642 421 1642 421 1643 466 1643 408 1643 479 1644 423 1644 420 1644 479 1645 481 1645 423 1645 467 1646 479 1646 410 1646 410 1647 479 1647 420 1647 469 1648 410 1648 411 1648 469 1649 467 1649 410 1649 481 1650 469 1650 423 1650 423 1651 469 1651 411 1651 961 1652 963 1652 674 1652 674 1653 963 1653 672 1653 672 1654 957 1654 670 1654 963 1655 957 1655 672 1655 670 1656 959 1656 667 1656 957 1657 959 1657 670 1657 667 1658 955 1658 664 1658 959 1659 955 1659 667 1659 664 1660 951 1660 665 1660 955 1661 951 1661 664 1661 665 1662 953 1662 662 1662 662 1663 953 1663 658 1663 951 1664 953 1664 665 1664 953 1665 948 1665 658 1665 658 1666 946 1666 653 1666 948 1667 946 1667 658 1667 653 1668 911 1668 654 1668 946 1669 911 1669 653 1669 654 1670 913 1670 649 1670 911 1671 913 1671 654 1671 913 1672 903 1672 649 1672 649 1673 903 1673 641 1673 903 1674 905 1674 641 1674 641 1675 905 1675 642 1675 905 1676 901 1676 642 1676 642 1677 901 1677 638 1677 901 1678 895 1678 638 1678 638 1679 895 1679 633 1679 633 1680 893 1680 627 1680 895 1681 893 1681 633 1681 627 1682 889 1682 628 1682 893 1683 889 1683 627 1683 628 1684 891 1684 629 1684 889 1685 891 1685 628 1685 629 1686 898 1686 635 1686 891 1687 898 1687 629 1687 635 1688 899 1688 636 1688 636 1689 899 1689 644 1689 898 1690 899 1690 635 1690 644 1691 907 1691 647 1691 899 1692 907 1692 644 1692 907 1693 910 1693 647 1693 647 1694 940 1694 651 1694 910 1695 940 1695 647 1695 651 1696 943 1696 656 1696 940 1697 943 1697 651 1697 656 1698 944 1698 585 1698 943 1699 944 1699 656 1699 585 1700 870 1700 584 1700 944 1701 870 1701 585 1701 584 1702 869 1702 583 1702 870 1703 869 1703 584 1703 583 1704 868 1704 582 1704 869 1705 868 1705 583 1705 582 1706 867 1706 581 1706 868 1707 867 1707 582 1707 581 1708 866 1708 580 1708 867 1709 866 1709 581 1709 580 1710 865 1710 579 1710 866 1711 865 1711 580 1711 579 1712 863 1712 578 1712 865 1713 863 1713 579 1713 578 1714 861 1714 576 1714 576 1715 861 1715 574 1715 863 1716 861 1716 578 1716 861 1717 859 1717 574 1717 574 1718 857 1718 572 1718 859 1719 857 1719 574 1719 572 1720 855 1720 570 1720 857 1721 855 1721 572 1721 570 1722 853 1722 568 1722 855 1723 853 1723 570 1723 568 1724 851 1724 566 1724 853 1725 851 1725 568 1725 851 1726 849 1726 566 1726 566 1727 849 1727 564 1727 849 1728 847 1728 564 1728 564 1729 847 1729 562 1729 847 1730 845 1730 562 1730 562 1731 845 1731 560 1731 845 1732 843 1732 560 1732 560 1733 843 1733 558 1733 558 1734 843 1734 556 1734 843 1735 841 1735 556 1735 841 1736 839 1736 556 1736 556 1737 839 1737 554 1737 839 1738 837 1738 554 1738 554 1739 837 1739 552 1739 837 1740 835 1740 552 1740 552 1741 835 1741 550 1741 835 1742 833 1742 550 1742 550 1743 833 1743 548 1743 833 1744 832 1744 548 1744 548 1745 832 1745 547 1745 547 1746 831 1746 546 1746 832 1747 831 1747 547 1747 546 1748 834 1748 549 1748 831 1749 834 1749 546 1749 549 1750 836 1750 551 1750 834 1751 836 1751 549 1751 551 1752 838 1752 553 1752 836 1753 838 1753 551 1753 553 1754 840 1754 555 1754 838 1755 840 1755 553 1755 555 1756 842 1756 557 1756 840 1757 842 1757 555 1757 557 1758 844 1758 559 1758 842 1759 844 1759 557 1759 559 1760 846 1760 561 1760 844 1761 846 1761 559 1761 561 1762 848 1762 563 1762 846 1763 848 1763 561 1763 563 1764 850 1764 565 1764 848 1765 850 1765 563 1765 565 1766 852 1766 567 1766 850 1767 852 1767 565 1767 567 1768 854 1768 569 1768 852 1769 854 1769 567 1769 569 1770 856 1770 571 1770 854 1771 856 1771 569 1771 571 1772 858 1772 573 1772 856 1773 858 1773 571 1773 858 1774 860 1774 573 1774 573 1775 860 1775 575 1775 860 1776 862 1776 575 1776 575 1777 862 1777 577 1777 862 1778 864 1778 577 1778 577 1779 864 1779 594 1779 864 1780 871 1780 594 1780 594 1781 871 1781 595 1781 871 1782 872 1782 595 1782 595 1783 872 1783 596 1783 872 1784 873 1784 596 1784 596 1785 873 1785 597 1785 873 1786 874 1786 597 1786 597 1787 874 1787 598 1787 874 1788 875 1788 598 1788 598 1789 875 1789 599 1789 875 1790 876 1790 599 1790 599 1791 876 1791 600 1791 876 1792 877 1792 600 1792 600 1793 877 1793 601 1793 877 1794 878 1794 601 1794 601 1795 878 1795 602 1795 878 1796 879 1796 602 1796 602 1797 879 1797 603 1797 603 1798 879 1798 604 1798 879 1799 880 1799 604 1799 880 1800 881 1800 604 1800 604 1801 881 1801 605 1801 881 1802 882 1802 605 1802 605 1803 882 1803 606 1803 882 1804 883 1804 606 1804 606 1805 883 1805 607 1805 883 1806 884 1806 607 1806 607 1807 884 1807 608 1807 884 1808 885 1808 608 1808 608 1809 885 1809 609 1809 885 1810 886 1810 609 1810 609 1811 886 1811 610 1811 886 1812 887 1812 610 1812 610 1813 887 1813 611 1813 887 1814 888 1814 611 1814 611 1815 888 1815 612 1815 612 1816 930 1816 613 1816 888 1817 930 1817 612 1817 613 1818 931 1818 614 1818 930 1819 931 1819 613 1819 614 1820 932 1820 615 1820 931 1821 932 1821 614 1821 615 1822 933 1822 616 1822 932 1823 933 1823 615 1823 616 1824 934 1824 617 1824 933 1825 934 1825 616 1825 934 1826 935 1826 617 1826 617 1827 935 1827 618 1827 935 1828 936 1828 618 1828 618 1829 936 1829 619 1829 936 1830 937 1830 619 1830 619 1831 937 1831 620 1831 937 1832 938 1832 620 1832 620 1833 938 1833 621 1833 938 1834 914 1834 621 1834 621 1835 914 1835 622 1835 914 1836 916 1836 622 1836 622 1837 916 1837 623 1837 916 1838 917 1838 623 1838 623 1839 917 1839 624 1839 917 1840 918 1840 624 1840 624 1841 918 1841 625 1841 918 1842 919 1842 625 1842 625 1843 919 1843 586 1843 919 1844 920 1844 586 1844 586 1845 920 1845 587 1845 920 1846 921 1846 587 1846 587 1847 921 1847 588 1847 921 1848 922 1848 588 1848 588 1849 922 1849 589 1849 589 1850 923 1850 590 1850 922 1851 923 1851 589 1851 590 1852 924 1852 591 1852 923 1853 924 1853 590 1853 591 1854 925 1854 592 1854 924 1855 925 1855 591 1855 592 1856 926 1856 593 1856 925 1857 926 1857 592 1857 593 1858 927 1858 744 1858 926 1859 927 1859 593 1859 744 1860 928 1860 745 1860 927 1861 928 1861 744 1861 745 1862 929 1862 739 1862 928 1863 929 1863 745 1863 739 1864 1025 1864 736 1864 929 1865 1025 1865 739 1865 736 1866 1022 1866 732 1866 1025 1867 1022 1867 736 1867 732 1868 1020 1868 733 1868 1022 1869 1020 1869 732 1869 733 1870 1017 1870 726 1870 1020 1871 1017 1871 733 1871 726 1872 1013 1872 727 1872 1017 1873 1013 1873 726 1873 727 1874 1009 1874 721 1874 1013 1875 1009 1875 727 1875 1009 1876 1011 1876 721 1876 721 1877 1011 1877 718 1877 1011 1878 1004 1878 718 1878 718 1879 1004 1879 715 1879 1004 1880 1002 1880 715 1880 715 1881 1002 1881 712 1881 1002 1882 998 1882 712 1882 712 1883 998 1883 709 1883 709 1884 999 1884 706 1884 998 1885 999 1885 709 1885 706 1886 995 1886 702 1886 999 1887 995 1887 706 1887 702 1888 976 1888 703 1888 995 1889 976 1889 702 1889 703 1890 978 1890 697 1890 976 1891 978 1891 703 1891 697 1892 974 1892 694 1892 978 1893 974 1893 697 1893 694 1894 972 1894 691 1894 974 1895 972 1895 694 1895 691 1896 969 1896 688 1896 972 1897 969 1897 691 1897 688 1898 966 1898 677 1898 969 1899 966 1899 688 1899 677 1900 964 1900 675 1900 966 1901 964 1901 677 1901 675 1902 961 1902 674 1902 964 1903 961 1903 675 1903 1042 1904 1041 1904 758 1904 758 1905 1041 1905 757 1905 757 1906 1040 1906 756 1906 1041 1907 1040 1907 757 1907 756 1908 1039 1908 755 1908 1040 1909 1039 1909 756 1909 755 1910 1038 1910 754 1910 1039 1911 1038 1911 755 1911 754 1912 1037 1912 753 1912 1038 1913 1037 1913 754 1913 753 1914 1036 1914 752 1914 752 1915 1036 1915 751 1915 1037 1916 1036 1916 753 1916 1036 1917 1035 1917 751 1917 751 1918 1034 1918 750 1918 1035 1919 1034 1919 751 1919 750 1920 1033 1920 748 1920 1034 1921 1033 1921 750 1921 748 1922 1032 1922 746 1922 1033 1923 1032 1923 748 1923 1032 1924 1031 1924 746 1924 746 1925 1031 1925 742 1925 1031 1926 1029 1926 742 1926 742 1927 1029 1927 740 1927 1029 1928 1027 1928 740 1928 740 1929 1027 1929 737 1929 1027 1930 1024 1930 737 1930 737 1931 1024 1931 734 1931 734 1932 1021 1932 730 1932 1024 1933 1021 1933 734 1933 730 1934 1018 1934 728 1934 1021 1935 1018 1935 730 1935 728 1936 1015 1936 724 1936 1018 1937 1015 1937 728 1937 724 1938 1012 1938 722 1938 1015 1939 1012 1939 724 1939 722 1940 1008 1940 719 1940 719 1941 1008 1941 716 1941 1012 1942 1008 1942 722 1942 716 1943 1006 1943 713 1943 1008 1944 1006 1944 716 1944 1006 1945 1003 1945 713 1945 713 1946 1000 1946 710 1946 1003 1947 1000 1947 713 1947 710 1948 996 1948 707 1948 1000 1949 996 1949 710 1949 707 1950 993 1950 704 1950 996 1951 993 1951 707 1951 704 1952 991 1952 700 1952 993 1953 991 1953 704 1953 700 1954 979 1954 698 1954 991 1955 979 1955 700 1955 698 1956 980 1956 695 1956 979 1957 980 1957 698 1957 695 1958 981 1958 692 1958 980 1959 981 1959 695 1959 692 1960 982 1960 689 1960 981 1961 982 1961 692 1961 689 1962 983 1962 678 1962 982 1963 983 1963 689 1963 678 1964 984 1964 679 1964 983 1965 984 1965 678 1965 679 1966 985 1966 680 1966 680 1967 985 1967 681 1967 984 1968 985 1968 679 1968 985 1969 986 1969 681 1969 681 1970 987 1970 682 1970 986 1971 987 1971 681 1971 682 1972 988 1972 683 1972 987 1973 988 1973 682 1973 683 1974 989 1974 684 1974 988 1975 989 1975 683 1975 684 1976 990 1976 685 1976 989 1977 990 1977 684 1977 990 1978 950 1978 685 1978 685 1979 950 1979 686 1979 950 1980 947 1980 686 1980 686 1981 947 1981 659 1981 947 1982 942 1982 659 1982 659 1983 942 1983 655 1983 942 1984 939 1984 655 1984 655 1985 939 1985 650 1985 650 1986 939 1986 646 1986 939 1987 909 1987 646 1987 909 1988 906 1988 646 1988 646 1989 906 1989 643 1989 906 1990 902 1990 643 1990 643 1991 902 1991 639 1991 902 1992 897 1992 639 1992 639 1993 897 1993 634 1993 897 1994 894 1994 634 1994 634 1995 894 1995 631 1995 894 1996 890 1996 631 1996 631 1997 890 1997 626 1997 626 1998 892 1998 630 1998 890 1999 892 1999 626 1999 630 2000 896 2000 632 2000 892 2001 896 2001 630 2001 632 2002 900 2002 637 2002 896 2003 900 2003 632 2003 637 2004 904 2004 640 2004 900 2005 904 2005 637 2005 640 2006 908 2006 645 2006 904 2007 908 2007 640 2007 645 2008 912 2008 648 2008 908 2009 912 2009 645 2009 648 2010 941 2010 652 2010 912 2011 941 2011 648 2011 652 2012 945 2012 657 2012 941 2013 945 2013 652 2013 657 2014 949 2014 660 2014 945 2015 949 2015 657 2015 660 2016 952 2016 661 2016 949 2017 952 2017 660 2017 661 2018 954 2018 663 2018 952 2019 954 2019 661 2019 663 2020 956 2020 666 2020 954 2021 956 2021 663 2021 666 2022 958 2022 668 2022 956 2023 958 2023 666 2023 668 2024 960 2024 669 2024 958 2025 960 2025 668 2025 960 2026 962 2026 669 2026 669 2027 962 2027 671 2027 962 2028 965 2028 671 2028 671 2029 965 2029 673 2029 965 2030 967 2030 673 2030 673 2031 967 2031 676 2031 967 2032 970 2032 676 2032 676 2033 970 2033 687 2033 970 2034 971 2034 687 2034 687 2035 971 2035 690 2035 971 2036 973 2036 690 2036 690 2037 973 2037 693 2037 973 2038 975 2038 693 2038 693 2039 975 2039 696 2039 975 2040 977 2040 696 2040 696 2041 977 2041 699 2041 977 2042 992 2042 699 2042 699 2043 992 2043 701 2043 992 2044 994 2044 701 2044 701 2045 994 2045 705 2045 994 2046 997 2046 705 2046 705 2047 997 2047 708 2047 997 2048 1001 2048 708 2048 708 2049 1001 2049 711 2049 711 2050 1001 2050 714 2050 1001 2051 1005 2051 714 2051 1005 2052 1007 2052 714 2052 714 2053 1007 2053 717 2053 1007 2054 1010 2054 717 2054 717 2055 1010 2055 720 2055 1010 2056 1014 2056 720 2056 720 2057 1014 2057 723 2057 1014 2058 1016 2058 723 2058 723 2059 1016 2059 725 2059 1016 2060 1019 2060 725 2060 725 2061 1019 2061 729 2061 1019 2062 1023 2062 729 2062 729 2063 1023 2063 731 2063 1023 2064 1026 2064 731 2064 731 2065 1026 2065 735 2065 1026 2066 1028 2066 735 2066 735 2067 1028 2067 738 2067 738 2068 1030 2068 741 2068 1028 2069 1030 2069 738 2069 741 2070 1045 2070 743 2070 1030 2071 1045 2071 741 2071 743 2072 1046 2072 747 2072 1045 2073 1046 2073 743 2073 747 2074 1047 2074 749 2074 1046 2075 1047 2075 747 2075 749 2076 1048 2076 759 2076 1047 2077 1048 2077 749 2077 1048 2078 1049 2078 759 2078 759 2079 1049 2079 760 2079 1049 2080 1050 2080 760 2080 760 2081 1050 2081 761 2081 1050 2082 1051 2082 761 2082 761 2083 1051 2083 762 2083 1051 2084 1052 2084 762 2084 762 2085 1052 2085 763 2085 1052 2086 1053 2086 763 2086 763 2087 1053 2087 764 2087 1053 2088 1054 2088 764 2088 764 2089 1054 2089 765 2089 1054 2090 1055 2090 765 2090 765 2091 1055 2091 766 2091 1055 2092 1056 2092 766 2092 766 2093 1056 2093 767 2093 1056 2094 1057 2094 767 2094 767 2095 1057 2095 768 2095 1057 2096 1058 2096 768 2096 768 2097 1058 2097 769 2097 1058 2098 1059 2098 769 2098 769 2099 1059 2099 770 2099 1059 2100 1060 2100 770 2100 770 2101 1060 2101 771 2101 771 2102 1061 2102 772 2102 1060 2103 1061 2103 771 2103 772 2104 1062 2104 773 2104 1061 2105 1062 2105 772 2105 773 2106 1063 2106 774 2106 1062 2107 1063 2107 773 2107 774 2108 1064 2108 775 2108 1063 2109 1064 2109 774 2109 775 2110 1065 2110 776 2110 1064 2111 1065 2111 775 2111 776 2112 1066 2112 777 2112 1065 2113 1066 2113 776 2113 777 2114 1067 2114 778 2114 1066 2115 1067 2115 777 2115 778 2116 1068 2116 779 2116 1067 2117 1068 2117 778 2117 779 2118 1071 2118 780 2118 1068 2119 1071 2119 779 2119 780 2120 1072 2120 781 2120 1071 2121 1072 2121 780 2121 781 2122 1073 2122 782 2122 1072 2123 1073 2123 781 2123 782 2124 1074 2124 783 2124 1073 2125 1074 2125 782 2125 783 2126 1075 2126 784 2126 1074 2127 1075 2127 783 2127 1075 2128 1076 2128 784 2128 784 2129 1076 2129 785 2129 1076 2130 1077 2130 785 2130 785 2131 1077 2131 786 2131 1077 2132 1078 2132 786 2132 786 2133 1078 2133 787 2133 1078 2134 1079 2134 787 2134 787 2135 1079 2135 788 2135 788 2136 1080 2136 789 2136 1079 2137 1080 2137 788 2137 789 2138 1081 2138 790 2138 1080 2139 1081 2139 789 2139 790 2140 1082 2140 791 2140 1081 2141 1082 2141 790 2141 791 2142 1083 2142 792 2142 1082 2143 1083 2143 791 2143 792 2144 1084 2144 793 2144 1083 2145 1084 2145 792 2145 793 2146 1085 2146 794 2146 1084 2147 1085 2147 793 2147 794 2148 1086 2148 795 2148 1085 2149 1086 2149 794 2149 795 2150 1087 2150 796 2150 1086 2151 1087 2151 795 2151 796 2152 1043 2152 797 2152 1087 2153 1043 2153 796 2153 797 2154 1042 2154 758 2154 1043 2155 1042 2155 797 2155 830 2156 1120 2156 829 2156 829 2157 1120 2157 1121 2157 1121 2158 968 2158 829 2158 968 2159 1121 2159 915 2159 915 2160 1121 2160 1122 2160 915 2161 1123 2161 1124 2161 915 2162 1124 2162 1044 2162 1125 2163 1044 2163 1124 2163 1126 2164 1127 2164 1125 2164 1126 2165 1125 2165 1124 2165 1128 2166 1129 2166 1127 2166 1128 2167 1127 2167 1126 2167 1130 2168 1131 2168 1129 2168 1130 2169 1129 2169 1128 2169 1132 2170 1133 2170 1131 2170 1132 2171 1131 2171 1130 2171 1134 2172 1135 2172 1133 2172 1134 2173 1133 2173 1132 2173 1136 2174 1137 2174 1135 2174 1136 2175 1135 2175 1134 2175 1138 2176 1139 2176 1137 2176 1138 2177 1137 2177 1136 2177 1140 2178 1141 2178 1139 2178 1140 2179 1139 2179 1138 2179 1142 2180 1143 2180 1141 2180 1142 2181 1141 2181 1140 2181 1144 2182 1145 2182 1143 2182 1144 2183 1143 2183 1142 2183 1146 2184 1147 2184 1145 2184 1146 2185 1145 2185 1144 2185 1148 2186 1149 2186 1147 2186 1148 2187 1147 2187 1146 2187 1150 2188 1151 2188 1149 2188 1150 2189 1149 2189 1148 2189 1152 2190 1151 2190 1150 2190 1152 2191 1153 2191 1151 2191 1154 2192 1153 2192 1152 2192 1155 2193 1153 2193 1154 2193 1156 2194 1155 2194 1154 2194 1157 2195 1155 2195 1156 2195 1158 2196 1157 2196 1156 2196 1159 2197 1157 2197 1158 2197 1160 2198 1159 2198 1158 2198 1161 2199 1159 2199 1160 2199 1162 2200 1161 2200 1160 2200 1163 2201 1161 2201 1162 2201 1164 2202 1163 2202 1162 2202 1165 2203 1163 2203 1164 2203 1165 2204 1164 2204 1166 2204 1167 2205 1165 2205 1166 2205 1167 2206 1166 2206 1168 2206 1169 2207 1167 2207 1168 2207 1169 2208 1168 2208 1170 2208 1171 2209 1169 2209 1170 2209 1171 2210 1170 2210 1172 2210 1173 2211 1171 2211 1172 2211 1173 2212 1172 2212 1174 2212 1175 2213 1173 2213 1174 2213 1175 2214 1174 2214 1176 2214 1177 2215 1175 2215 1176 2215 1177 2216 1176 2216 1178 2216 1179 2217 1178 2217 1180 2217 1179 2218 1177 2218 1178 2218 1181 2219 1180 2219 1182 2219 1181 2220 1179 2220 1180 2220 1183 2221 1182 2221 1184 2221 1183 2222 1181 2222 1182 2222 1185 2223 1184 2223 1186 2223 1185 2224 1183 2224 1184 2224 1187 2225 1186 2225 1188 2225 1187 2226 1185 2226 1186 2226 1122 2227 1189 2227 1123 2227 1122 2228 1123 2228 915 2228 1190 2229 1188 2229 1191 2229 1190 2230 1187 2230 1188 2230 1192 2231 1193 2231 1189 2231 1192 2232 1189 2232 1122 2232 1194 2233 1191 2233 1195 2233 1194 2234 1190 2234 1191 2234 1196 2235 1197 2235 1193 2235 1196 2236 1193 2236 1192 2236 1198 2237 1194 2237 1195 2237 1198 2238 1195 2238 1199 2238 1200 2239 1197 2239 1196 2239 1200 2240 1201 2240 1197 2240 1202 2241 1199 2241 1203 2241 1202 2242 1203 2242 1204 2242 1202 2243 1198 2243 1199 2243 1205 2244 1201 2244 1200 2244 1205 2245 1206 2245 1201 2245 1207 2246 1202 2246 1204 2246 1207 2247 1204 2247 1208 2247 1209 2248 1210 2248 1206 2248 1209 2249 1206 2249 1205 2249 1211 2250 1208 2250 1212 2250 1211 2251 1207 2251 1208 2251 1213 2252 1214 2252 1210 2252 1213 2253 1210 2253 1209 2253 1215 2254 1212 2254 1216 2254 1215 2255 1211 2255 1212 2255 1217 2256 1218 2256 1214 2256 1217 2257 1214 2257 1213 2257 1219 2258 1216 2258 1220 2258 1219 2259 1215 2259 1216 2259 1221 2260 1218 2260 1217 2260 1221 2261 1222 2261 1218 2261 1223 2262 1220 2262 1224 2262 1223 2263 1219 2263 1220 2263 1225 2264 1226 2264 1222 2264 1225 2265 1222 2265 1221 2265 1227 2266 1224 2266 1228 2266 1227 2267 1223 2267 1224 2267 1229 2268 1230 2268 1226 2268 1229 2269 1226 2269 1225 2269 1231 2270 1228 2270 1232 2270 1231 2271 1227 2271 1228 2271 1233 2272 1230 2272 1229 2272 1233 2273 1234 2273 1230 2273 1235 2274 1232 2274 1236 2274 1235 2275 1231 2275 1232 2275 1237 2276 1238 2276 1234 2276 1237 2277 1234 2277 1233 2277 1239 2278 1236 2278 1240 2278 1239 2279 1235 2279 1236 2279 1241 2280 1238 2280 1237 2280 1241 2281 1242 2281 1238 2281 1243 2282 1239 2282 1240 2282 1243 2283 1240 2283 1244 2283 1245 2284 1242 2284 1241 2284 1245 2285 1246 2285 1242 2285 1247 2286 1244 2286 1248 2286 1247 2287 1243 2287 1244 2287 1249 2288 1246 2288 1245 2288 1249 2289 1250 2289 1246 2289 1251 2290 1247 2290 1248 2290 1251 2291 1248 2291 1252 2291 1253 2292 1250 2292 1249 2292 1253 2293 1254 2293 1250 2293 1255 2294 1251 2294 1252 2294 1255 2295 1252 2295 1256 2295 1257 2296 1254 2296 1253 2296 1257 2297 1258 2297 1254 2297 1259 2298 1256 2298 1260 2298 1259 2299 1255 2299 1256 2299 1261 2300 1258 2300 1257 2300 1261 2301 1262 2301 1258 2301 1263 2302 1260 2302 1264 2302 1263 2303 1259 2303 1260 2303 1265 2304 1263 2304 1264 2304 1265 2305 1264 2305 1262 2305 1265 2306 1262 2306 1261 2306 1266 2307 1069 2307 1044 2307 1266 2308 1044 2308 1125 2308 1266 2309 1070 2309 1069 2309 1267 2310 1119 2310 1070 2310 1267 2311 1070 2311 1266 2311 1266 2312 1125 2312 1127 2312 1268 2313 1267 2313 1266 2313 1268 2314 1266 2314 1127 2314 1269 2315 1127 2315 1129 2315 1269 2316 1129 2316 1131 2316 1269 2317 1268 2317 1127 2317 1270 2318 1131 2318 1133 2318 1270 2319 1269 2319 1131 2319 1271 2320 1270 2320 1133 2320 1272 2321 1133 2321 1135 2321 1272 2322 1135 2322 1137 2322 1272 2323 1271 2323 1133 2323 1273 2324 1137 2324 1139 2324 1273 2325 1272 2325 1137 2325 1274 2326 1273 2326 1139 2326 1275 2327 1139 2327 1141 2327 1275 2328 1274 2328 1139 2328 1276 2329 1141 2329 1143 2329 1276 2330 1143 2330 1145 2330 1276 2331 1275 2331 1141 2331 1277 2332 1276 2332 1145 2332 1278 2333 1145 2333 1147 2333 1278 2334 1277 2334 1145 2334 1279 2335 1147 2335 1149 2335 1279 2336 1278 2336 1147 2336 1280 2337 1149 2337 1151 2337 1280 2338 1151 2338 1153 2338 1280 2339 1279 2339 1149 2339 1281 2340 1280 2340 1153 2340 1282 2341 1281 2341 1153 2341 1282 2342 1153 2342 1155 2342 1283 2343 1282 2343 1155 2343 1283 2344 1155 2344 1157 2344 1284 2345 1157 2345 1159 2345 1284 2346 1283 2346 1157 2346 1284 2347 1159 2347 1161 2347 1285 2348 1284 2348 1161 2348 1286 2349 1285 2349 1161 2349 1286 2350 1161 2350 1163 2350 1287 2351 1163 2351 1165 2351 1287 2352 1286 2352 1163 2352 1288 2353 1165 2353 1167 2353 1288 2354 1287 2354 1165 2354 1289 2355 1167 2355 1169 2355 1289 2356 1288 2356 1167 2356 1290 2357 1169 2357 1171 2357 1290 2358 1289 2358 1169 2358 1291 2359 1171 2359 1173 2359 1291 2360 1290 2360 1171 2360 1292 2361 1173 2361 1175 2361 1292 2362 1291 2362 1173 2362 1293 2363 1175 2363 1177 2363 1293 2364 1292 2364 1175 2364 1294 2365 1177 2365 1179 2365 1294 2366 1179 2366 1181 2366 1294 2367 1293 2367 1177 2367 1295 2368 1294 2368 1181 2368 1296 2369 1181 2369 1183 2369 1296 2370 1295 2370 1181 2370 1297 2371 1183 2371 1185 2371 1297 2372 1296 2372 1183 2372 1298 2373 1185 2373 1187 2373 1298 2374 1297 2374 1185 2374 1299 2375 1187 2375 1190 2375 1299 2376 1190 2376 1194 2376 1299 2377 1298 2377 1187 2377 1300 2378 1299 2378 1194 2378 1301 2379 1194 2379 1198 2379 1301 2380 1198 2380 1202 2380 1301 2381 1300 2381 1194 2381 1302 2382 1301 2382 1202 2382 1303 2383 1202 2383 1207 2383 1303 2384 1207 2384 1211 2384 1303 2385 1302 2385 1202 2385 1304 2386 1303 2386 1211 2386 1305 2387 1304 2387 1211 2387 1305 2388 1211 2388 1215 2388 1306 2389 1305 2389 1215 2389 1306 2390 1215 2390 1219 2390 1307 2391 1306 2391 1219 2391 1307 2392 1219 2392 1223 2392 1307 2393 1223 2393 1227 2393 1308 2394 1307 2394 1227 2394 1309 2395 1308 2395 1227 2395 1309 2396 1227 2396 1231 2396 1310 2397 1309 2397 1231 2397 1310 2398 1231 2398 1235 2398 1311 2399 1310 2399 1235 2399 1311 2400 1235 2400 1239 2400 1311 2401 1239 2401 1243 2401 1312 2402 1311 2402 1243 2402 1313 2403 1312 2403 1243 2403 1313 2404 1243 2404 1247 2404 1313 2405 1247 2405 1251 2405 1314 2406 1313 2406 1251 2406 1315 2407 1314 2407 1251 2407 1315 2408 1251 2408 1255 2408 1316 2409 1315 2409 1255 2409 1316 2410 1255 2410 1259 2410 1316 2411 1259 2411 1263 2411 1317 2412 1316 2412 1263 2412 1318 2413 1317 2413 1263 2413 1318 2414 1263 2414 1265 2414 1318 2415 1265 2415 1261 2415 1319 2416 1318 2416 1261 2416 1320 2417 1261 2417 1257 2417 1320 2418 1257 2418 1253 2418 1320 2419 1319 2419 1261 2419 1321 2420 1253 2420 1249 2420 1321 2421 1320 2421 1253 2421 1322 2422 1321 2422 1249 2422 1323 2423 1249 2423 1245 2423 1323 2424 1322 2424 1249 2424 1324 2425 1245 2425 1241 2425 1324 2426 1241 2426 1237 2426 1324 2427 1323 2427 1245 2427 1325 2428 1237 2428 1233 2428 1325 2429 1324 2429 1237 2429 1326 2430 1325 2430 1233 2430 1327 2431 1233 2431 1229 2431 1327 2432 1326 2432 1233 2432 1328 2433 1229 2433 1225 2433 1328 2434 1225 2434 1221 2434 1328 2435 1327 2435 1229 2435 1329 2436 1221 2436 1217 2436 1329 2437 1328 2437 1221 2437 1330 2438 1329 2438 1217 2438 1331 2439 1330 2439 1217 2439 1331 2440 1217 2440 1213 2440 1332 2441 1331 2441 1213 2441 1332 2442 1213 2442 1209 2442 1333 2443 1332 2443 1209 2443 1333 2444 1209 2444 1205 2444 1333 2445 1205 2445 1200 2445 1334 2446 1333 2446 1200 2446 1335 2447 1334 2447 1200 2447 1335 2448 1200 2448 1196 2448 1335 2449 1196 2449 1192 2449 1336 2450 1335 2450 1192 2450 1121 2451 1336 2451 1192 2451 1121 2452 1192 2452 1122 2452 1120 2453 1336 2453 1121 2453 1337 2454 1338 2454 1126 2454 1126 2455 1338 2455 1128 2455 1128 2456 1339 2456 1130 2456 1338 2457 1339 2457 1128 2457 1130 2458 1340 2458 1132 2458 1132 2459 1340 2459 1134 2459 1339 2460 1340 2460 1130 2460 1340 2461 1341 2461 1134 2461 1134 2462 1342 2462 1136 2462 1341 2463 1342 2463 1134 2463 1136 2464 1343 2464 1138 2464 1138 2465 1343 2465 1140 2465 1342 2466 1343 2466 1136 2466 1140 2467 1344 2467 1142 2467 1343 2468 1344 2468 1140 2468 1344 2469 1345 2469 1142 2469 1142 2470 1346 2470 1144 2470 1144 2471 1346 2471 1146 2471 1345 2472 1346 2472 1142 2472 1346 2473 1347 2473 1146 2473 1146 2474 1348 2474 1148 2474 1148 2475 1348 2475 1150 2475 1347 2476 1348 2476 1146 2476 1348 2477 1349 2477 1150 2477 1150 2478 1350 2478 1152 2478 1152 2479 1350 2479 1154 2479 1349 2480 1350 2480 1150 2480 1350 2481 1351 2481 1154 2481 1351 2482 1352 2482 1154 2482 1154 2483 1352 2483 1156 2483 1156 2484 1352 2484 1158 2484 1352 2485 1353 2485 1158 2485 1353 2486 1354 2486 1158 2486 1158 2487 1354 2487 1160 2487 1160 2488 1355 2488 1162 2488 1354 2489 1355 2489 1160 2489 1162 2490 1356 2490 1164 2490 1355 2491 1356 2491 1162 2491 1164 2492 1357 2492 1166 2492 1356 2493 1357 2493 1164 2493 1166 2494 1358 2494 1168 2494 1357 2495 1358 2495 1166 2495 1168 2496 1359 2496 1170 2496 1170 2497 1359 2497 1172 2497 1358 2498 1359 2498 1168 2498 1359 2499 1360 2499 1172 2499 1172 2500 1361 2500 1174 2500 1360 2501 1361 2501 1172 2501 1174 2502 1362 2502 1176 2502 1361 2503 1362 2503 1174 2503 1176 2504 1363 2504 1178 2504 1362 2505 1363 2505 1176 2505 1178 2506 1364 2506 1180 2506 1363 2507 1364 2507 1178 2507 1180 2508 1365 2508 1182 2508 1364 2509 1365 2509 1180 2509 1182 2510 1366 2510 1184 2510 1365 2511 1366 2511 1182 2511 1184 2512 1367 2512 1186 2512 1186 2513 1367 2513 1188 2513 1366 2514 1367 2514 1184 2514 1188 2515 1368 2515 1191 2515 1367 2516 1368 2516 1188 2516 1368 2517 1369 2517 1191 2517 1191 2518 1370 2518 1195 2518 1369 2519 1370 2519 1191 2519 1195 2520 1371 2520 1199 2520 1199 2521 1371 2521 1203 2521 1370 2522 1371 2522 1195 2522 1371 2523 1372 2523 1203 2523 1203 2524 1373 2524 1204 2524 1372 2525 1373 2525 1203 2525 1204 2526 1374 2526 1208 2526 1208 2527 1374 2527 1212 2527 1373 2528 1374 2528 1204 2528 1212 2529 1375 2529 1216 2529 1374 2530 1375 2530 1212 2530 1375 2531 1376 2531 1216 2531 1376 2532 1377 2532 1216 2532 1216 2533 1377 2533 1220 2533 1377 2534 1378 2534 1220 2534 1220 2535 1378 2535 1224 2535 1224 2536 1378 2536 1228 2536 1378 2537 1379 2537 1228 2537 1379 2538 1380 2538 1228 2538 1228 2539 1380 2539 1232 2539 1232 2540 1380 2540 1236 2540 1380 2541 1381 2541 1236 2541 1381 2542 1382 2542 1236 2542 1236 2543 1382 2543 1240 2543 1382 2544 1383 2544 1240 2544 1240 2545 1383 2545 1244 2545 1383 2546 1384 2546 1244 2546 1244 2547 1384 2547 1248 2547 1248 2548 1384 2548 1252 2548 1384 2549 1385 2549 1252 2549 1252 2550 1385 2550 1256 2550 1385 2551 1386 2551 1256 2551 1386 2552 1387 2552 1256 2552 1256 2553 1387 2553 1260 2553 1387 2554 1388 2554 1260 2554 1260 2555 1388 2555 1264 2555 1264 2556 1388 2556 1262 2556 1388 2557 1389 2557 1262 2557 1262 2558 1390 2558 1258 2558 1389 2559 1390 2559 1262 2559 1258 2560 1391 2560 1254 2560 1254 2561 1391 2561 1250 2561 1390 2562 1391 2562 1258 2562 1250 2563 1392 2563 1246 2563 1391 2564 1392 2564 1250 2564 1392 2565 1393 2565 1246 2565 1246 2566 1394 2566 1242 2566 1393 2567 1394 2567 1246 2567 1242 2568 1395 2568 1238 2568 1394 2569 1395 2569 1242 2569 1238 2570 1396 2570 1234 2570 1395 2571 1396 2571 1238 2571 1234 2572 1397 2572 1230 2572 1396 2573 1397 2573 1234 2573 1230 2574 1398 2574 1226 2574 1226 2575 1398 2575 1222 2575 1397 2576 1398 2576 1230 2576 1398 2577 1399 2577 1222 2577 1222 2578 1400 2578 1218 2578 1399 2579 1400 2579 1222 2579 1218 2580 1401 2580 1214 2580 1400 2581 1401 2581 1218 2581 1401 2582 1402 2582 1214 2582 1214 2583 1402 2583 1210 2583 1210 2584 1402 2584 1206 2584 1402 2585 1403 2585 1206 2585 1403 2586 1404 2586 1206 2586 1206 2587 1404 2587 1201 2587 1404 2588 1405 2588 1201 2588 1201 2589 1405 2589 1197 2589 1197 2590 1405 2590 1193 2590 1405 2591 1406 2591 1193 2591 1406 2592 1407 2592 1193 2592 1193 2593 1407 2593 1189 2593 1407 2594 1408 2594 1123 2594 1407 2595 1123 2595 1189 2595 1408 2596 1409 2596 1124 2596 1408 2597 1124 2597 1123 2597 1409 2598 1337 2598 1124 2598 1124 2599 1337 2599 1126 2599 439 2600 441 2600 440 2600 443 2601 441 2601 439 2601 443 2602 442 2602 441 2602 436 2603 438 2603 437 2603 436 2604 439 2604 438 2604 436 2605 443 2605 439 2605 445 2606 444 2606 443 2606 446 2607 445 2607 443 2607 434 2608 436 2608 435 2608 434 2609 443 2609 436 2609 448 2610 446 2610 443 2610 448 2611 447 2611 446 2611 431 2612 433 2612 432 2612 431 2613 434 2613 433 2613 450 2614 449 2614 448 2614 451 2615 448 2615 443 2615 451 2616 450 2616 448 2616 451 2617 443 2617 434 2617 428 2618 434 2618 431 2618 428 2619 430 2619 429 2619 428 2620 431 2620 430 2620 453 2621 452 2621 451 2621 426 2622 451 2622 434 2622 426 2623 434 2623 428 2623 426 2624 428 2624 427 2624 455 2625 454 2625 453 2625 456 2626 453 2626 451 2626 456 2627 451 2627 426 2627 456 2628 455 2628 453 2628 424 2629 456 2629 426 2629 424 2630 426 2630 425 2630 370 2631 367 2631 368 2631 370 2632 368 2632 369 2632 800 2633 798 2633 480 2633 800 2634 799 2634 798 2634 371 2635 367 2635 370 2635 802 2636 801 2636 800 2636 372 2637 367 2637 371 2637 803 2638 800 2638 480 2638 803 2639 802 2639 800 2639 804 2640 803 2640 480 2640 374 2641 372 2641 373 2641 375 2642 367 2642 372 2642 375 2643 372 2643 374 2643 805 2644 804 2644 480 2644 376 2645 367 2645 375 2645 807 2646 806 2646 805 2646 377 2647 367 2647 376 2647 378 2648 367 2648 377 2648 809 2649 808 2649 807 2649 809 2650 805 2650 480 2650 809 2651 807 2651 805 2651 380 2652 378 2652 379 2652 381 2653 378 2653 380 2653 811 2654 810 2654 809 2654 382 2655 378 2655 381 2655 813 2656 812 2656 811 2656 813 2657 811 2657 809 2657 814 2658 813 2658 809 2658 384 2659 378 2659 382 2659 384 2660 382 2660 383 2660 384 2661 367 2661 378 2661 815 2662 814 2662 809 2662 386 2663 367 2663 384 2663 386 2664 384 2664 385 2664 817 2665 815 2665 809 2665 817 2666 816 2666 815 2666 387 2667 367 2667 386 2667 818 2668 817 2668 809 2668 819 2669 818 2669 809 2669 819 2670 809 2670 480 2670 389 2671 387 2671 388 2671 389 2672 367 2672 387 2672 820 2673 819 2673 480 2673 821 2674 820 2674 480 2674 822 2675 821 2675 480 2675 392 2676 389 2676 390 2676 392 2677 390 2677 391 2677 392 2678 367 2678 389 2678 393 2679 367 2679 392 2679 824 2680 822 2680 480 2680 824 2681 823 2681 822 2681 395 2682 393 2682 394 2682 395 2683 367 2683 393 2683 826 2684 825 2684 824 2684 827 2685 826 2685 824 2685 398 2686 396 2686 397 2686 334 2687 395 2687 396 2687 334 2688 367 2688 395 2688 334 2689 396 2689 398 2689 830 2690 824 2690 480 2690 830 2691 827 2691 824 2691 830 2692 828 2692 827 2692 1408 2693 456 2693 424 2693 1408 2694 830 2694 480 2694 1408 2695 480 2695 456 2695 1409 2696 424 2696 367 2696 1409 2697 367 2697 334 2697 1409 2698 1408 2698 424 2698 1120 2699 830 2699 1408 2699 319 2700 1409 2700 334 2700 1119 2701 1409 2701 319 2701 1089 2702 319 2702 1088 2702 1117 2703 1118 2703 1119 2703 1117 2704 1119 2704 319 2704 1117 2705 319 2705 1089 2705 1116 2706 1117 2706 1089 2706 1090 2707 1116 2707 1089 2707 1114 2708 1115 2708 1116 2708 1113 2709 1114 2709 1116 2709 1093 2710 1090 2710 1091 2710 1093 2711 1091 2711 1092 2711 1112 2712 1090 2712 1093 2712 1112 2713 1113 2713 1116 2713 1112 2714 1116 2714 1090 2714 1096 2715 1112 2715 1093 2715 1096 2716 1093 2716 1094 2716 1096 2717 1094 2717 1095 2717 1096 2718 1110 2718 1111 2718 1096 2719 1111 2719 1112 2719 1097 2720 1110 2720 1096 2720 1097 2721 1109 2721 1110 2721 1099 2722 1097 2722 1098 2722 1106 2723 1109 2723 1097 2723 1106 2724 1097 2724 1099 2724 1106 2725 1099 2725 1100 2725 1106 2726 1107 2726 1108 2726 1106 2727 1108 2727 1109 2727 1105 2728 1106 2728 1100 2728 1105 2729 1100 2729 1101 2729 1103 2730 1105 2730 1101 2730 1103 2731 1101 2731 1102 2731 1103 2732 1104 2732 1105 2732 1407 2733 1336 2733 1120 2733 1407 2734 1120 2734 1408 2734 1406 2735 1336 2735 1407 2735 1406 2736 1335 2736 1336 2736 1405 2737 1334 2737 1335 2737 1405 2738 1335 2738 1406 2738 1404 2739 1333 2739 1334 2739 1404 2740 1334 2740 1405 2740 1403 2741 1332 2741 1333 2741 1403 2742 1333 2742 1404 2742 1402 2743 1331 2743 1332 2743 1402 2744 1332 2744 1403 2744 1401 2745 1330 2745 1331 2745 1401 2746 1331 2746 1402 2746 1400 2747 1329 2747 1330 2747 1400 2748 1330 2748 1401 2748 1399 2749 1328 2749 1329 2749 1399 2750 1329 2750 1400 2750 1398 2751 1327 2751 1328 2751 1398 2752 1328 2752 1399 2752 1397 2753 1326 2753 1327 2753 1397 2754 1327 2754 1398 2754 1396 2755 1325 2755 1326 2755 1396 2756 1326 2756 1397 2756 1395 2757 1324 2757 1325 2757 1395 2758 1325 2758 1396 2758 1394 2759 1324 2759 1395 2759 1394 2760 1323 2760 1324 2760 1393 2761 1323 2761 1394 2761 1322 2762 1323 2762 1393 2762 1392 2763 1322 2763 1393 2763 1321 2764 1322 2764 1392 2764 1391 2765 1321 2765 1392 2765 1320 2766 1321 2766 1391 2766 1390 2767 1320 2767 1391 2767 1319 2768 1320 2768 1390 2768 1389 2769 1319 2769 1390 2769 1318 2770 1319 2770 1389 2770 1388 2771 1318 2771 1389 2771 1317 2772 1318 2772 1388 2772 1317 2773 1388 2773 1387 2773 1316 2774 1317 2774 1387 2774 1316 2775 1387 2775 1386 2775 1315 2776 1316 2776 1386 2776 1315 2777 1386 2777 1385 2777 1314 2778 1315 2778 1385 2778 1314 2779 1385 2779 1384 2779 1313 2780 1314 2780 1384 2780 1313 2781 1384 2781 1383 2781 1312 2782 1313 2782 1383 2782 1312 2783 1383 2783 1382 2783 1311 2784 1382 2784 1381 2784 1311 2785 1312 2785 1382 2785 1310 2786 1381 2786 1380 2786 1310 2787 1311 2787 1381 2787 1309 2788 1310 2788 1380 2788 1309 2789 1380 2789 1379 2789 1308 2790 1379 2790 1378 2790 1308 2791 1309 2791 1379 2791 1307 2792 1378 2792 1377 2792 1307 2793 1308 2793 1378 2793 1306 2794 1377 2794 1376 2794 1306 2795 1307 2795 1377 2795 1267 2796 1337 2796 1409 2796 1267 2797 1409 2797 1119 2797 1305 2798 1376 2798 1375 2798 1305 2799 1306 2799 1376 2799 1268 2800 1337 2800 1267 2800 1268 2801 1338 2801 1337 2801 1304 2802 1375 2802 1374 2802 1304 2803 1305 2803 1375 2803 1269 2804 1339 2804 1338 2804 1269 2805 1338 2805 1268 2805 1303 2806 1304 2806 1374 2806 1303 2807 1374 2807 1373 2807 1270 2808 1340 2808 1339 2808 1270 2809 1339 2809 1269 2809 1302 2810 1303 2810 1373 2810 1302 2811 1372 2811 1371 2811 1302 2812 1373 2812 1372 2812 1271 2813 1341 2813 1340 2813 1271 2814 1340 2814 1270 2814 1301 2815 1302 2815 1371 2815 1301 2816 1371 2816 1370 2816 1272 2817 1342 2817 1341 2817 1272 2818 1341 2818 1271 2818 1300 2819 1301 2819 1370 2819 1300 2820 1370 2820 1369 2820 1273 2821 1343 2821 1342 2821 1273 2822 1342 2822 1272 2822 1299 2823 1369 2823 1368 2823 1299 2824 1300 2824 1369 2824 1274 2825 1344 2825 1343 2825 1274 2826 1343 2826 1273 2826 1298 2827 1368 2827 1367 2827 1298 2828 1299 2828 1368 2828 1275 2829 1345 2829 1344 2829 1275 2830 1344 2830 1274 2830 1297 2831 1298 2831 1367 2831 1297 2832 1367 2832 1366 2832 1276 2833 1346 2833 1345 2833 1276 2834 1345 2834 1275 2834 1296 2835 1366 2835 1365 2835 1296 2836 1297 2836 1366 2836 1277 2837 1347 2837 1346 2837 1277 2838 1346 2838 1276 2838 1295 2839 1365 2839 1364 2839 1295 2840 1296 2840 1365 2840 1278 2841 1348 2841 1347 2841 1278 2842 1347 2842 1277 2842 1294 2843 1364 2843 1363 2843 1294 2844 1295 2844 1364 2844 1279 2845 1349 2845 1348 2845 1279 2846 1348 2846 1278 2846 1293 2847 1363 2847 1362 2847 1293 2848 1294 2848 1363 2848 1280 2849 1350 2849 1349 2849 1280 2850 1349 2850 1279 2850 1292 2851 1362 2851 1361 2851 1292 2852 1293 2852 1362 2852 1281 2853 1351 2853 1350 2853 1281 2854 1350 2854 1280 2854 1291 2855 1292 2855 1361 2855 1291 2856 1361 2856 1360 2856 1282 2857 1352 2857 1351 2857 1282 2858 1351 2858 1281 2858 1290 2859 1291 2859 1360 2859 1290 2860 1360 2860 1359 2860 1283 2861 1352 2861 1282 2861 1283 2862 1353 2862 1352 2862 1289 2863 1290 2863 1359 2863 1289 2864 1359 2864 1358 2864 1284 2865 1353 2865 1283 2865 1284 2866 1354 2866 1353 2866 1288 2867 1289 2867 1358 2867 1288 2868 1358 2868 1357 2868 1285 2869 1354 2869 1284 2869 1285 2870 1355 2870 1354 2870 1287 2871 1288 2871 1357 2871 1287 2872 1357 2872 1356 2872 1286 2873 1355 2873 1285 2873 1286 2874 1356 2874 1355 2874 1286 2875 1287 2875 1356 2875</p>
        </triangles>
      </mesh>
    </geometry>
  </library_geometries>
  <library_materials>
    <material id="mat_Body" name="Body">
      <instance_effect url="#effect_Body"/>
    </material>
  </library_materials>
  <library_visual_scenes>
    <visual_scene id="scene">
      <node id="node0" name="node0">
        <instance_geometry url="#geometry0">
          <bind_material>
            <technique_common>
              <instance_material symbol="ref_Body" target="#mat_Body"/>
            </technique_common>
          </bind_material>
        </instance_geometry>
      </node>
    </visual_scene>
  </library_visual_scenes>
  <scene>
    <instance_visual_scene url="#scene"/>
  </scene>
</COLLADA>
