<COLLADA xmlns="http://www.collada.org/2005/11/COLLADASchema" version="1.4.1">
  <asset>
    <contributor/>
    <created>2026-10-07T19:18:00.956969</created>
    <modified>2026-10-07T19:18:00.956969</modified>
    <unit name="meter" meter="1.0"/>
    <up_axis>Z_UP</up_axis>
  </asset>
  <library_effects>
    <effect id="effect_Body017" name="effect_Body017">
      <profile_COMMON>
        <technique sid="common">
          <phong>
            <emission>
              <color>0.0 0.0 0.0 1.0</color>
            </emission>
            <ambient>
              <color>0.0 0.0 0.0 1.0</color>
            </ambient>
            <diffuse>
              <color>0.4470588266849518 0.4745098054409027 0.501960813999176 1.0</color>
            </diffuse>
            <specular>
              <color>1 1 1 1.0</color>
            </specular>
            <shininess>
              <float>0.0</float>
            </shininess>
            <reflective>
              <color>0.0 0.0 0.0 1.0</color>
            </reflective>
            <reflectivity>
              <float>0.0</float>
            </reflectivity>
            <transparent>
              <color>0.0 0.0 0.0 1.0</color>
            </transparent>
            <transparency>
              <float>1.0</float>
            </transparency>
          </phong>
        </technique>
        <extra>
          <technique profile="GOOGLEEARTH">
            <double_sided>0</double_sided>
          </technique>
        </extra>
      </profile_COMMON>
    </effect>
  </library_effects>
  <library_geometries>
    <geometry id="geometry0" name="J6_Arm">
      <mesh>
        <source id="cubeverts-array0">
          <float_array count="3456" id="cubeverts-array0-array">-0.222081 0.220513 0.357854 -0.222081 0.2196158 0.3578316 -0.212081 0.220513 0.357854 -0.212081 0.2196158 0.3578316 -0.222081 0.2187208 0.3577646 -0.212081 0.2187208 0.3577646 -0.222081 0.2178302 0.357653 -0.212081 0.2178302 0.357653 -0.222081 0.2169464 0.3574971 -0.212081 0.2169464 0.3574971 -0.222081 0.2160714 0.3572974 -0.212081 0.2160714 0.3572974 -0.222081 0.2152074 0.3570543 -0.212081 0.2152074 0.3570543 -0.222081 0.2143566 0.3567685 -0.212081 0.2143566 0.3567685 -0.222081 0.2135212 0.3564406 -0.212081 0.2135212 0.3564406 -0.222081 0.2127031 0.3560714 -0.212081 0.2127031 0.3560714 -0.212081 0.2119044 0.355662 -0.222081 0.2119044 0.355662 -0.212081 0.2111272 0.3552132 -0.222081 0.2111272 0.3552132 -0.212081 0.2103732 0.3547263 -0.222081 0.2103732 0.3547263 -0.222081 0.2096445 0.3542024 -0.212081 0.2096445 0.3542024 -0.222081 0.2089428 0.3536428 -0.212081 0.2089428 0.3536428 -0.222081 0.2082699 0.3530489 -0.212081 0.2082699 0.3530489 -0.222081 0.2076274 0.3524223 -0.212081 0.2076274 0.3524223 -0.222081 0.2070169 0.3517643 -0.212081 0.2070169 0.3517643 -0.212081 0.20644 0.3510768 -0.222081 0.20644 0.3510768 -0.222081 0.2058981 0.3503614 -0.212081 0.2058981 0.3503614 -0.222081 0.2053925 0.3496198 -0.212081 0.2053925 0.3496198 -0.222081 0.2049245 0.348854 -0.212081 0.2049245 0.348854 -0.212081 0.2044953 0.3480658 -0.222081 0.2044953 0.3480658 -0.222081 0.2041059 0.3472572 -0.212081 0.2041059 0.3472572 -0.222081 0.2037573 0.3464301 -0.212081 0.2037573 0.3464301 -0.222081 0.2034503 0.3455868 -0.212081 0.2034503 0.3455868 -0.222081 0.2031858 0.3447291 -0.212081 0.2031858 0.3447291 -0.222081 0.2029643 0.3438594 -0.212081 0.2029643 0.3438594 -0.222081 0.2027865 0.3429797 -0.212081 0.2027865 0.3429797 -0.222081 0.2026527 0.3420922 -0.212081 0.2026527 0.3420922 -0.222081 0.2025633 0.3411991 -0.212081 0.2025633 0.3411991 -0.222081 0.2025186 0.3403028 -0.212081 0.2025186 0.3403028 -0.222081 0.2025186 0.3394052 -0.212081 0.2025186 0.3394052 -0.222081 0.2025633 0.3385089 -0.212081 0.2025633 0.3385089 -0.212081 0.2026527 0.3376158 -0.222081 0.2026527 0.3376158 -0.222081 0.2027865 0.3367283 -0.212081 0.2027865 0.3367283 -0.222081 0.2029643 0.3358486 -0.212081 0.2029643 0.3358486 -0.222081 0.2031858 0.3349789 -0.212081 0.2031858 0.3349789 -0.222081 0.2034503 0.3341212 -0.212081 0.2034503 0.3341212 -0.222081 0.2037573 0.3332779 -0.212081 0.2037573 0.3332779 -0.212081 0.2041059 0.3324508 -0.222081 0.2041059 0.3324508 -0.212081 0.2044953 0.3316422 -0.222081 0.2044953 0.3316422 -0.222081 0.2049245 0.330854 -0.212081 0.2049245 0.330854 -0.222081 0.2053925 0.3300882 -0.212081 0.2053925 0.3300882 -0.212081 0.2058981 0.3293466 -0.222081 0.2058981 0.3293466 -0.222081 0.20644 0.3286312 -0.212081 0.20644 0.3286312 -0.212081 0.2070169 0.3279437 -0.222081 0.2070169 0.3279437 -0.222081 0.2076274 0.3272857 -0.212081 0.2076274 0.3272857 -0.212081 0.2082699 0.3266591 -0.222081 0.2082699 0.3266591 -0.212081 0.2089428 0.3260652 -0.222081 0.2089428 0.3260652 -0.222081 0.2096445 0.3255056 -0.212081 0.2096445 0.3255056 -0.212081 0.2103732 0.3249817 -0.222081 0.2103732 0.3249817 -0.222081 0.2111272 0.3244948 -0.212081 0.2111272 0.3244948 -0.222081 0.2119044 0.324046 -0.212081 0.2119044 0.324046 -0.222081 0.2127031 0.3236366 -0.212081 0.2127031 0.3236366 -0.212081 0.2135212 0.3232674 -0.222081 0.2135212 0.3232674 -0.222081 0.2143566 0.3229395 -0.212081 0.2143566 0.3229395 -0.212081 0.2152074 0.3226537 -0.222081 0.2152074 0.3226537 -0.212081 0.2160714 0.3224106 -0.222081 0.2160714 0.3224106 -0.212081 0.2169464 0.3222109 -0.222081 0.2169464 0.3222109 -0.212081 0.2178302 0.3220551 -0.222081 0.2178302 0.3220551 -0.222081 0.2187208 0.3219435 -0.212081 0.2187208 0.3219435 -0.222081 0.2196158 0.3218764 -0.212081 0.2196158 0.3218764 -0.222081 0.220513 0.321854 -0.212081 0.220513 0.321854 -0.222081 0.248513 0.354854 -0.212081 0.248513 0.354854 -0.222081 0.248513 0.324854 -0.212081 0.248513 0.324854 -0.222081 0.328513 0.324854 -0.222081 0.328513 0.354854 -0.212081 0.323513 0.324854 -0.212081 0.323513 0.354854 -0.180081 0.328513 0.354854 -0.180081 0.323513 0.354854 -0.180081 0.328513 0.324854 -0.180081 0.323513 0.324854 -0.2049628 0.328513 0.3486481 -0.2048932 0.328513 0.3487188 -0.2048191 0.328513 0.3487848 -0.2050275 0.328513 0.3485729 -0.2047409 0.328513 0.3488457 -0.2050871 0.328513 0.3484937 -0.2046587 0.328513 0.3489013 -0.2051414 0.328513 0.3484106 -0.2045731 0.328513 0.3489514 -0.20519 0.328513 0.3483242 -0.2044843 0.328513 0.3489957 -0.2052328 0.328513 0.3482347 -0.2043929 0.328513 0.349034 -0.2052697 0.328513 0.3481426 -0.2042991 0.328513 0.3490662 -0.2053003 0.328513 0.3480483 -0.2042033 0.328513 0.3490922 -0.2053247 0.328513 0.3479521 -0.2041061 0.328513 0.3491117 -0.2053426 0.328513 0.3478546 -0.2040077 0.328513 0.3491248 -0.205354 0.328513 0.347756 -0.2039088 0.328513 0.3491313 -0.205359 0.328513 0.347657 -0.2038096 0.328513 0.3491313 -0.2053573 0.328513 0.3475578 -0.2053491 0.328513 0.347459 -0.2053344 0.328513 0.3473608 -0.2053133 0.328513 0.3472639 -0.2052858 0.328513 0.3471686 -0.205252 0.328513 0.3470754 -0.2021659 0.328513 0.345789 -0.2030181 0.328513 0.3463902 -0.2029379 0.328513 0.3464485 -0.2028616 0.328513 0.3465119 -0.2027898 0.328513 0.3465803 -0.2027226 0.328513 0.3466533 -0.2018625 0.328513 0.3460849 -0.2026604 0.328513 0.3467306 -0.2026034 0.328513 0.3468118 -0.2025519 0.328513 0.3468965 -0.2024541 0.328513 0.3454783 -0.2032794 0.328513 0.3462487 -0.2031893 0.328513 0.3462901 -0.203102 0.328513 0.3463373 -0.2015447 0.328513 0.3463654 -0.2025062 0.328513 0.3469846 -0.2024663 0.328513 0.3470754 -0.2024326 0.328513 0.3471686 -0.2027266 0.328513 0.3451537 -0.2035635 0.328513 0.3461616 -0.2034669 0.328513 0.3461844 -0.2033721 0.328513 0.3462134 -0.2012133 0.328513 0.3466296 -0.2024051 0.328513 0.3472639 -0.2023839 0.328513 0.3473608 -0.2023692 0.328513 0.347459 -0.2029825 0.328513 0.3448158 -0.2038592 0.328513 0.3461322 -0.20376 0.328513 0.3461355 -0.2036613 0.328513 0.3461453 -0.2008692 0.328513 0.346877 -0.202361 0.328513 0.3475578 -0.2023594 0.328513 0.347657 -0.2023643 0.328513 0.347756 -0.2032212 0.328513 0.3444656 -0.2041548 0.328513 0.3461616 -0.204057 0.328513 0.3461453 -0.2039583 0.328513 0.3461355 -0.2005132 0.328513 0.347107 -0.2023757 0.328513 0.3478546 -0.2023937 0.328513 0.3479521 -0.202418 0.328513 0.3480483 -0.2034422 0.328513 0.344104 -0.2043462 0.328513 0.3462134 -0.2042514 0.328513 0.3461844 -0.2001462 0.328513 0.3473189 -0.2024487 0.328513 0.3481426 -0.2024855 0.328513 0.3482347 -0.2036449 0.328513 0.3437318 -0.2046163 0.328513 0.3463373 -0.2045291 0.328513 0.3462901 -0.2044389 0.328513 0.3462487 -0.199769 0.328513 0.3475122 -0.2025283 0.328513 0.3483242 -0.202577 0.328513 0.3484106 -0.2026312 0.328513 0.3484937 -0.2038288 0.328513 0.3433499 -0.2047805 0.328513 0.3464485 -0.2047002 0.328513 0.3463902 -0.1993827 0.328513 0.3476866 -0.2026909 0.328513 0.3485729 -0.2027556 0.328513 0.3486481 -0.2039934 0.328513 0.3429594 -0.2049286 0.328513 0.3465803 -0.2048567 0.328513 0.3465119 -0.1989882 0.328513 0.3478414 -0.2028251 0.328513 0.3487188 -0.2041384 0.328513 0.3425611 -0.205058 0.328513 0.3467306 -0.2049957 0.328513 0.3466533 -0.1985864 0.328513 0.3479764 -0.2028992 0.328513 0.3487848 -0.2029775 0.328513 0.3488457 -0.2042633 0.328513 0.3421562 -0.2051149 0.328513 0.3468118 -0.1981784 0.328513 0.3480912 -0.2030596 0.328513 0.3489013 -0.2043679 0.328513 0.3417454 -0.2051664 0.328513 0.3468965 -0.1977652 0.328513 0.3481855 -0.2031452 0.328513 0.3489514 -0.203234 0.328513 0.3489957 -0.2044519 0.328513 0.34133 -0.2052122 0.328513 0.3469846 -0.1973479 0.328513 0.3482591 -0.2033255 0.328513 0.349034 -0.204515 0.328513 0.3409109 -0.1969273 0.328513 0.3483118 -0.2034193 0.328513 0.3490662 -0.2045572 0.328513 0.3404892 -0.1965047 0.328513 0.3483434 -0.203515 0.328513 0.3490922 -0.2045784 0.328513 0.3400659 -0.2045784 0.328513 0.3396421 -0.2045572 0.328513 0.3392188 -0.204515 0.328513 0.3387971 -0.2048932 0.328513 0.3331625 -0.2041384 0.328513 0.3371469 -0.2039934 0.328513 0.3367486 -0.1893369 0.328513 0.3487188 -0.1931738 0.328513 0.3478414 -0.1935756 0.328513 0.3479764 -0.2049628 0.328513 0.3330917 -0.1894064 0.328513 0.3486481 -0.1927793 0.328513 0.3476866 -0.2048191 0.328513 0.3332284 -0.1892628 0.328513 0.3487848 -0.2050275 0.328513 0.3330166 -0.2042633 0.328513 0.3375518 -0.1894711 0.328513 0.3485729 -0.2047409 0.328513 0.3332893 -0.2038288 0.328513 0.3363581 -0.1891845 0.328513 0.3488457 -0.1939836 0.328513 0.3480912 -0.2050871 0.328513 0.3329373 -0.1895308 0.328513 0.3484937 -0.192393 0.328513 0.3475122 -0.2046587 0.328513 0.333345 -0.1891024 0.328513 0.3489013 -0.1943968 0.328513 0.3481855 -0.2051414 0.328513 0.3328543 -0.2043679 0.328513 0.3379626 -0.189585 0.328513 0.3484106 -0.2045731 0.328513 0.3333951 -0.2036449 0.328513 0.3359762 -0.1890167 0.328513 0.3489514 -0.20519 0.328513 0.3327678 -0.2044519 0.328513 0.338378 -0.1896337 0.328513 0.3483242 -0.188928 0.328513 0.3489957 -0.1948141 0.328513 0.3482591 -0.2044843 0.328513 0.3334393 -0.2052328 0.328513 0.3326784 -0.1896765 0.328513 0.3482347 -0.1920158 0.328513 0.3473189 -0.2043929 0.328513 0.3334777 -0.2034422 0.328513 0.335604 -0.1888365 0.328513 0.349034 -0.1952347 0.328513 0.3483118 -0.2052697 0.328513 0.3325863 -0.1897133 0.328513 0.3481426 -0.2042991 0.328513 0.3335099 -0.1887427 0.328513 0.3490662 -0.2053003 0.328513 0.3324919 -0.189744 0.328513 0.3480483 -0.1916488 0.328513 0.347107 -0.2042033 0.328513 0.3335358 -0.2053247 0.328513 0.3323958 -0.1897683 0.328513 0.3479521 -0.2041061 0.328513 0.3335554 -0.2032212 0.328513 0.3352424 -0.2053426 0.328513 0.3322982 -0.1897862 0.328513 0.3478546 -0.2040077 0.328513 0.3335685 -0.205354 0.328513 0.3321997 -0.1897977 0.328513 0.347756 -0.1912928 0.328513 0.346877 -0.2039088 0.328513 0.333575 -0.2029825 0.328513 0.3348922 -0.205359 0.328513 0.3321006 -0.1898026 0.328513 0.347657 -0.2038096 0.328513 0.333575 -0.2053573 0.328513 0.3320015 -0.189801 0.328513 0.3475578 -0.2037106 0.328513 0.3335685 -0.2053491 0.328513 0.3319026 -0.1897928 0.328513 0.347459 -0.1909487 0.328513 0.3466296 -0.2036123 0.328513 0.3335554 -0.2027266 0.328513 0.3345544 -0.2053344 0.328513 0.3318045 -0.1897781 0.328513 0.3473608 -0.203515 0.328513 0.3335358 -0.2053133 0.328513 0.3317076 -0.1897569 0.328513 0.3472639 -0.2034193 0.328513 0.3335099 -0.2052858 0.328513 0.3316123 -0.1897294 0.328513 0.3471686 -0.1906173 0.328513 0.3463654 -0.2033255 0.328513 0.3334777 -0.205252 0.328513 0.331519 -0.1896957 0.328513 0.3470754 -0.203234 0.328513 0.3334393 -0.2024541 0.328513 0.3342297 -0.2052122 0.328513 0.3314282 -0.1896558 0.328513 0.3469846 -0.2031452 0.328513 0.3333951 -0.2051664 0.328513 0.3313402 -0.18961 0.328513 0.3468965 -0.2030596 0.328513 0.333345 -0.1902995 0.328513 0.3460849 -0.2051149 0.328513 0.3312554 -0.1895586 0.328513 0.3468118 -0.2029775 0.328513 0.3332893 -0.205058 0.328513 0.3311742 -0.1895016 0.328513 0.3467306 -0.2049957 0.328513 0.331097 -0.1894394 0.328513 0.3466533 -0.2021659 0.328513 0.333919 -0.2028992 0.328513 0.3332284 -0.2028251 0.328513 0.3331625 -0.2049286 0.328513 0.331024 -0.2027556 0.328513 0.3330917 -0.2048567 0.328513 0.3309556 -0.1899961 0.328513 0.345789 -0.1893722 0.328513 0.3465803 -0.1893004 0.328513 0.3465119 -0.2047805 0.328513 0.3308921 -0.1892242 0.328513 0.3464485 -0.2047002 0.328513 0.3308338 -0.1891439 0.328513 0.3463902 -0.2018625 0.328513 0.333623 -0.2026312 0.328513 0.3329373 -0.2026909 0.328513 0.3330166 -0.202577 0.328513 0.3328543 -0.2046163 0.328513 0.3307809 -0.2025283 0.328513 0.3327678 -0.2045291 0.328513 0.3307337 -0.1897079 0.328513 0.3454783 -0.18906 0.328513 0.3463373 -0.1889727 0.328513 0.3462901 -0.2044389 0.328513 0.3306924 -0.1888826 0.328513 0.3462487 -0.2043462 0.328513 0.3306571 -0.1868923 0.328513 0.3481426 -0.1869292 0.328513 0.3482347 -0.186972 0.328513 0.3483242 -0.1870206 0.328513 0.3484106 -0.1870749 0.328513 0.3484937 -0.1871345 0.328513 0.3485729 -0.1871992 0.328513 0.3486481 -0.1872688 0.328513 0.3487188 -0.1873429 0.328513 0.3487848 -0.1874211 0.328513 0.3488457 -0.1875033 0.328513 0.3489013 -0.1875889 0.328513 0.3489514 -0.1876777 0.328513 0.3489957 -0.1877691 0.328513 0.349034 -0.1878629 0.328513 0.3490662 -0.1879587 0.328513 0.3490922 -0.1880559 0.328513 0.3491117 -0.1881543 0.328513 0.3491248 -0.1882532 0.328513 0.3491313 -0.1883524 0.328513 0.3491313 -0.1884514 0.328513 0.3491248 -0.1956573 0.328513 0.3483434 -0.1885497 0.328513 0.3491117 -0.196081 0.328513 0.348354 -0.188647 0.328513 0.3490922 -0.2036123 0.328513 0.3491117 -0.2037106 0.328513 0.3491248 -0.1868617 0.328513 0.3480483 -0.2015447 0.328513 0.3333426 -0.202418 0.328513 0.3324919 -0.2024487 0.328513 0.3325863 -0.2024855 0.328513 0.3326784 -0.2042514 0.328513 0.330628 -0.1868373 0.328513 0.3479521 -0.2041548 0.328513 0.3306053 -0.1868194 0.328513 0.3478546 -0.204057 0.328513 0.3305889 -0.1894354 0.328513 0.3451537 -0.1887899 0.328513 0.3462134 -0.188695 0.328513 0.3461844 -0.1885985 0.328513 0.3461616 -0.186808 0.328513 0.347756 -0.2039583 0.328513 0.3305791 -0.186803 0.328513 0.347657 -0.1868047 0.328513 0.3475578 -0.2012133 0.328513 0.3330784 -0.2023643 0.328513 0.3321997 -0.2023757 0.328513 0.3322982 -0.2023937 0.328513 0.3323958 -0.1868129 0.328513 0.347459 -0.1868276 0.328513 0.3473608 -0.1868487 0.328513 0.3472639 -0.1868762 0.328513 0.3471686 -0.1891795 0.328513 0.3448158 -0.1885007 0.328513 0.3461453 -0.188402 0.328513 0.3461355 -0.1883028 0.328513 0.3461322 -0.2008692 0.328513 0.332831 -0.2023692 0.328513 0.3319026 -0.202361 0.328513 0.3320015 -0.2023594 0.328513 0.3321006 -0.1889408 0.328513 0.3444656 -0.1882037 0.328513 0.3461355 -0.188105 0.328513 0.3461453 -0.1880072 0.328513 0.3461616 -0.2005132 0.328513 0.332601 -0.2024051 0.328513 0.3317076 -0.2023839 0.328513 0.3318045 -0.1887198 0.328513 0.344104 -0.1879106 0.328513 0.3461844 -0.1878158 0.328513 0.3462134 -0.2001462 0.328513 0.3323891 -0.2025062 0.328513 0.3314282 -0.2024663 0.328513 0.331519 -0.2024326 0.328513 0.3316123 -0.1885171 0.328513 0.3437318 -0.1877231 0.328513 0.3462487 -0.1876329 0.328513 0.3462901 -0.1875457 0.328513 0.3463373 -0.199769 0.328513 0.3321958 -0.2026034 0.328513 0.3312554 -0.2025519 0.328513 0.3313402 -0.1883332 0.328513 0.3433499 -0.1874617 0.328513 0.3463902 -0.1873815 0.328513 0.3464485 -0.1993827 0.328513 0.3320215 -0.2027226 0.328513 0.331097 -0.2026604 0.328513 0.3311742 -0.1881686 0.328513 0.3429594 -0.1873053 0.328513 0.3465119 -0.1872334 0.328513 0.3465803 -0.1989882 0.328513 0.3318666 -0.2028616 0.328513 0.3309556 -0.2027898 0.328513 0.331024 -0.1880236 0.328513 0.3425611 -0.1871663 0.328513 0.3466533 -0.187104 0.328513 0.3467306 -0.1985864 0.328513 0.3317316 -0.2030181 0.328513 0.3308338 -0.2029379 0.328513 0.3308921 -0.1878987 0.328513 0.3421562 -0.1870471 0.328513 0.3468118 -0.1981784 0.328513 0.3316169 -0.203102 0.328513 0.3307809 -0.1877941 0.328513 0.3417454 -0.1869956 0.328513 0.3468965 -0.1977652 0.328513 0.3315225 -0.2031893 0.328513 0.3307337 -0.1877101 0.328513 0.34133 -0.1869498 0.328513 0.3469846 -0.18691 0.328513 0.3470754 -0.1973479 0.328513 0.3314489 -0.2032794 0.328513 0.3306924 -0.187647 0.328513 0.3409109 -0.1969273 0.328513 0.3313962 -0.2034669 0.328513 0.330628 -0.2033721 0.328513 0.3306571 -0.1876048 0.328513 0.3404892 -0.1965047 0.328513 0.3313646 -0.1875836 0.328513 0.3400659 -0.1894064 0.328513 0.3330917 -0.1902995 0.328513 0.333623 -0.1899961 0.328513 0.333919 -0.1893369 0.328513 0.3331625 -0.1892628 0.328513 0.3332284 -0.1894711 0.328513 0.3330166 -0.1891845 0.328513 0.3332893 -0.1897079 0.328513 0.3342297 -0.1895308 0.328513 0.3329373 -0.1891024 0.328513 0.333345 -0.189585 0.328513 0.3328543 -0.1890167 0.328513 0.3333951 -0.1896337 0.328513 0.3327678 -0.1906173 0.328513 0.3333426 -0.188928 0.328513 0.3334393 -0.1894354 0.328513 0.3345544 -0.1896765 0.328513 0.3326784 -0.1888365 0.328513 0.3334777 -0.1897133 0.328513 0.3325863 -0.1887427 0.328513 0.3335099 -0.189744 0.328513 0.3324919 -0.1909487 0.328513 0.3330784 -0.188647 0.328513 0.3335358 -0.1897683 0.328513 0.3323958 -0.1885497 0.328513 0.3335554 -0.1891795 0.328513 0.3348922 -0.1897862 0.328513 0.3322982 -0.1884514 0.328513 0.3335685 -0.1897977 0.328513 0.3321997 -0.1912928 0.328513 0.332831 -0.1883524 0.328513 0.333575 -0.1898026 0.328513 0.3321006 -0.1882532 0.328513 0.333575 -0.1889408 0.328513 0.3352424 -0.189801 0.328513 0.3320015 -0.1881543 0.328513 0.3335685 -0.1897928 0.328513 0.3319026 -0.1916488 0.328513 0.332601 -0.1880559 0.328513 0.3335554 -0.1887198 0.328513 0.335604 -0.1897781 0.328513 0.3318045 -0.1879587 0.328513 0.3335358 -0.1897569 0.328513 0.3317076 -0.1920158 0.328513 0.3323891 -0.1878629 0.328513 0.3335099 -0.1897294 0.328513 0.3316123 -0.1877691 0.328513 0.3334777 -0.1885171 0.328513 0.3359762 -0.1896957 0.328513 0.331519 -0.1876777 0.328513 0.3334393 -0.1896558 0.328513 0.3314282 -0.192393 0.328513 0.3321958 -0.1875889 0.328513 0.3333951 -0.1883332 0.328513 0.3363581 -0.18961 0.328513 0.3313402 -0.1875033 0.328513 0.333345 -0.1895586 0.328513 0.3312554 -0.1927793 0.328513 0.3320215 -0.1874211 0.328513 0.3332893 -0.1881686 0.328513 0.3367486 -0.1895016 0.328513 0.3311742 -0.1873429 0.328513 0.3332284 -0.1894394 0.328513 0.331097 -0.1931738 0.328513 0.3318666 -0.1872688 0.328513 0.3331625 -0.1880236 0.328513 0.3371469 -0.1893722 0.328513 0.331024 -0.1871992 0.328513 0.3330917 -0.1893004 0.328513 0.3309556 -0.1935756 0.328513 0.3317316 -0.1871345 0.328513 0.3330166 -0.1878987 0.328513 0.3375518 -0.1892242 0.328513 0.3308921 -0.1870749 0.328513 0.3329373 -0.1891439 0.328513 0.3308338 -0.1939836 0.328513 0.3316169 -0.1870206 0.328513 0.3328543 -0.1877941 0.328513 0.3379626 -0.18906 0.328513 0.3307809 -0.1943968 0.328513 0.3315225 -0.186972 0.328513 0.3327678 -0.1877101 0.328513 0.338378 -0.1889727 0.328513 0.3307337 -0.1948141 0.328513 0.3314489 -0.1869292 0.328513 0.3326784 -0.187647 0.328513 0.3387971 -0.1888826 0.328513 0.3306924 -0.1952347 0.328513 0.3313962 -0.1868923 0.328513 0.3325863 -0.1887899 0.328513 0.3306571 -0.188695 0.328513 0.330628 -0.1885985 0.328513 0.3306053 -0.1885007 0.328513 0.3305889 -0.188402 0.328513 0.3305791 -0.1883028 0.328513 0.3305758 -0.1882037 0.328513 0.3305791 -0.188105 0.328513 0.3305889 -0.1880072 0.328513 0.3306053 -0.1879106 0.328513 0.330628 -0.1876048 0.328513 0.3392188 -0.1878158 0.328513 0.3306571 -0.1875836 0.328513 0.3396421 -0.1877231 0.328513 0.3306924 -0.1876329 0.328513 0.3307337 -0.1875457 0.328513 0.3307809 -0.1874617 0.328513 0.3308338 -0.1873815 0.328513 0.3308921 -0.1873053 0.328513 0.3309556 -0.1872334 0.328513 0.331024 -0.1871663 0.328513 0.331097 -0.187104 0.328513 0.3311742 -0.1870471 0.328513 0.3312554 -0.1869956 0.328513 0.3313402 -0.1869498 0.328513 0.3314282 -0.18691 0.328513 0.331519 -0.1868762 0.328513 0.3316123 -0.1868487 0.328513 0.3317076 -0.1868276 0.328513 0.3318045 -0.1868129 0.328513 0.3319026 -0.1868047 0.328513 0.3320015 -0.186803 0.328513 0.3321006 -0.186808 0.328513 0.3321997 -0.1868194 0.328513 0.3322982 -0.1868373 0.328513 0.3323958 -0.1868617 0.328513 0.3324919 -0.196081 0.328513 0.331354 -0.1956573 0.328513 0.3313646 -0.2038592 0.328513 0.3305758 -0.20376 0.328513 0.3305791 -0.2036613 0.328513 0.3305889 -0.2035635 0.328513 0.3306053 -0.1872688 0.323513 0.3487188 -0.1871992 0.323513 0.3486481 -0.1873429 0.323513 0.3487848 -0.1871345 0.323513 0.3485729 -0.1874211 0.323513 0.3488457 -0.1870749 0.323513 0.3484937 -0.1875033 0.323513 0.3489013 -0.1870206 0.323513 0.3484106 -0.1875889 0.323513 0.3489514 -0.186972 0.323513 0.3483242 -0.1876777 0.323513 0.3489957 -0.1869292 0.323513 0.3482347 -0.1877691 0.323513 0.349034 -0.1868923 0.323513 0.3481426 -0.1878629 0.323513 0.3490662 -0.1868617 0.323513 0.3480483 -0.1879587 0.323513 0.3490922 -0.1868373 0.323513 0.3479521 -0.1880559 0.323513 0.3491117 -0.1868194 0.323513 0.3478546 -0.1881543 0.323513 0.3491248 -0.186808 0.323513 0.347756 -0.1882532 0.323513 0.3491313 -0.186803 0.323513 0.347657 -0.1883524 0.323513 0.3491313 -0.1868047 0.323513 0.3475578 -0.1884514 0.323513 0.3491248 -0.1868129 0.323513 0.347459 -0.1885497 0.323513 0.3491117 -0.1868276 0.323513 0.3473608 -0.188647 0.323513 0.3490922 -0.1868487 0.323513 0.3472639 -0.1887427 0.323513 0.3490662 -0.1868762 0.323513 0.3471686 -0.1894394 0.323513 0.3466533 -0.1899961 0.323513 0.345789 -0.1893722 0.323513 0.3465803 -0.1893004 0.323513 0.3465119 -0.1892242 0.323513 0.3464485 -0.1891439 0.323513 0.3463902 -0.1902995 0.323513 0.3460849 -0.18961 0.323513 0.3468965 -0.1895586 0.323513 0.3468118 -0.1895016 0.323513 0.3467306 -0.1897079 0.323513 0.3454783 -0.18906 0.323513 0.3463373 -0.1889727 0.323513 0.3462901 -0.1888826 0.323513 0.3462487 -0.1906173 0.323513 0.3463654 -0.1897294 0.323513 0.3471686 -0.1896957 0.323513 0.3470754 -0.1896558 0.323513 0.3469846 -0.1894354 0.323513 0.3451537 -0.1887899 0.323513 0.3462134 -0.188695 0.323513 0.3461844 -0.1885985 0.323513 0.3461616 -0.1909487 0.323513 0.3466296 -0.1897928 0.323513 0.347459 -0.1897781 0.323513 0.3473608 -0.1897569 0.323513 0.3472639 -0.1891795 0.323513 0.3448158 -0.1885007 0.323513 0.3461453 -0.188402 0.323513 0.3461355 -0.1883028 0.323513 0.3461322 -0.1912928 0.323513 0.346877 -0.1897977 0.323513 0.347756 -0.1898026 0.323513 0.347657 -0.189801 0.323513 0.3475578 -0.1889408 0.323513 0.3444656 -0.1882037 0.323513 0.3461355 -0.188105 0.323513 0.3461453 -0.1880072 0.323513 0.3461616 -0.1916488 0.323513 0.347107 -0.189744 0.323513 0.3480483 -0.1897683 0.323513 0.3479521 -0.1897862 0.323513 0.3478546 -0.1887198 0.323513 0.344104 -0.1879106 0.323513 0.3461844 -0.1878158 0.323513 0.3462134 -0.1920158 0.323513 0.3473189 -0.1896765 0.323513 0.3482347 -0.1897133 0.323513 0.3481426 -0.1885171 0.323513 0.3437318 -0.1877231 0.323513 0.3462487 -0.1876329 0.323513 0.3462901 -0.1875457 0.323513 0.3463373 -0.192393 0.323513 0.3475122 -0.1895308 0.323513 0.3484937 -0.189585 0.323513 0.3484106 -0.1896337 0.323513 0.3483242 -0.1883332 0.323513 0.3433499 -0.1874617 0.323513 0.3463902 -0.1873815 0.323513 0.3464485 -0.1894064 0.323513 0.3486481 -0.1927793 0.323513 0.3476866 -0.1894711 0.323513 0.3485729 -0.1881686 0.323513 0.3429594 -0.1873053 0.323513 0.3465119 -0.1872334 0.323513 0.3465803 -0.1893369 0.323513 0.3487188 -0.1931738 0.323513 0.3478414 -0.1880236 0.323513 0.3425611 -0.1871663 0.323513 0.3466533 -0.187104 0.323513 0.3467306 -0.1935756 0.323513 0.3479764 -0.1891845 0.323513 0.3488457 -0.1892628 0.323513 0.3487848 -0.1878987 0.323513 0.3421562 -0.1870471 0.323513 0.3468118 -0.1939836 0.323513 0.3480912 -0.1891024 0.323513 0.3489013 -0.1877941 0.323513 0.3417454 -0.1869956 0.323513 0.3468965 -0.1943968 0.323513 0.3481855 -0.188928 0.323513 0.3489957 -0.1890167 0.323513 0.3489514 -0.1877101 0.323513 0.34133 -0.1869498 0.323513 0.3469846 -0.18691 0.323513 0.3470754 -0.1948141 0.323513 0.3482591 -0.1888365 0.323513 0.349034 -0.187647 0.323513 0.3409109 -0.1952347 0.323513 0.3483118 -0.1876048 0.323513 0.3404892 -0.1956573 0.323513 0.3483434 -0.1875836 0.323513 0.3400659 -0.196081 0.323513 0.348354 -0.1875836 0.323513 0.3396421 -0.1881686 0.323513 0.3367486 -0.1872688 0.323513 0.3331625 -0.1880236 0.323513 0.3371469 -0.1985864 0.323513 0.3479764 -0.2028251 0.323513 0.3487188 -0.1989882 0.323513 0.3478414 -0.1871992 0.323513 0.3330917 -0.2027556 0.323513 0.3486481 -0.1993827 0.323513 0.3476866 -0.1873429 0.323513 0.3332284 -0.2028992 0.323513 0.3487848 -0.1871345 0.323513 0.3330166 -0.1878987 0.323513 0.3375518 -0.2026909 0.323513 0.3485729 -0.1874211 0.323513 0.3332893 -0.1883332 0.323513 0.3363581 -0.1981784 0.323513 0.3480912 -0.2029775 0.323513 0.3488457 -0.1870749 0.323513 0.3329373 -0.2026312 0.323513 0.3484937 -0.199769 0.323513 0.3475122 -0.1875033 0.323513 0.333345 -0.2030596 0.323513 0.3489013 -0.1977652 0.323513 0.3481855 -0.1870206 0.323513 0.3328543 -0.1877941 0.323513 0.3379626 -0.202577 0.323513 0.3484106 -0.1885171 0.323513 0.3359762 -0.1875889 0.323513 0.3333951 -0.2031452 0.323513 0.3489514 -0.186972 0.323513 0.3327678 -0.1877101 0.323513 0.338378 -0.2025283 0.323513 0.3483242 -0.1876777 0.323513 0.3334393 -0.203234 0.323513 0.3489957 -0.1973479 0.323513 0.3482591 -0.1869292 0.323513 0.3326784 -0.187647 0.323513 0.3387971 -0.2024855 0.323513 0.3482347 -0.2001462 0.323513 0.3473189 -0.1887198 0.323513 0.335604 -0.1877691 0.323513 0.3334777 -0.2033255 0.323513 0.349034 -0.1969273 0.323513 0.3483118 -0.1868923 0.323513 0.3325863 -0.2024487 0.323513 0.3481426 -0.1878629 0.323513 0.3335099 -0.2034193 0.323513 0.3490662 -0.202418 0.323513 0.3480483 -0.2005132 0.323513 0.347107 -0.1879587 0.323513 0.3335358 -0.2023937 0.323513 0.3479521 -0.1889408 0.323513 0.3352424 -0.1880559 0.323513 0.3335554 -0.2023757 0.323513 0.3478546 -0.1881543 0.323513 0.3335685 -0.2023643 0.323513 0.347756 -0.2008692 0.323513 0.346877 -0.1891795 0.323513 0.3348922 -0.1882532 0.323513 0.333575 -0.2023594 0.323513 0.347657 -0.1883524 0.323513 0.333575 -0.202361 0.323513 0.3475578 -0.1884514 0.323513 0.3335685 -0.2023692 0.323513 0.347459 -0.2012133 0.323513 0.3466296 -0.1894354 0.323513 0.3345544 -0.1885497 0.323513 0.3335554 -0.2023839 0.323513 0.3473608 -0.188647 0.323513 0.3335358 -0.2024051 0.323513 0.3472639 -0.1876048 0.323513 0.3392188 -0.1868487 0.323513 0.3317076 -0.1868276 0.323513 0.3318045 -0.1868129 0.323513 0.3319026 -0.1868047 0.323513 0.3320015 -0.186803 0.323513 0.3321006 -0.186808 0.323513 0.3321997 -0.1868194 0.323513 0.3322982 -0.1868373 0.323513 0.3323958 -0.1868617 0.323513 0.3324919 -0.1887427 0.323513 0.3335099 -0.1868762 0.323513 0.3316123 -0.2024326 0.323513 0.3471686 -0.2015447 0.323513 0.3463654 -0.1888365 0.323513 0.3334777 -0.18691 0.323513 0.331519 -0.2024663 0.323513 0.3470754 -0.188928 0.323513 0.3334393 -0.1897079 0.323513 0.3342297 -0.1869498 0.323513 0.3314282 -0.2025062 0.323513 0.3469846 -0.1890167 0.323513 0.3333951 -0.1869956 0.323513 0.3313402 -0.2025519 0.323513 0.3468965 -0.1891024 0.323513 0.333345 -0.2018625 0.323513 0.3460849 -0.1870471 0.323513 0.3312554 -0.2026034 0.323513 0.3468118 -0.1891845 0.323513 0.3332893 -0.187104 0.323513 0.3311742 -0.2026604 0.323513 0.3467306 -0.1871663 0.323513 0.331097 -0.2027226 0.323513 0.3466533 -0.1899961 0.323513 0.333919 -0.1892628 0.323513 0.3332284 -0.1893369 0.323513 0.3331625 -0.1872334 0.323513 0.331024 -0.1894064 0.323513 0.3330917 -0.1873053 0.323513 0.3309556 -0.2021659 0.323513 0.345789 -0.2028616 0.323513 0.3465119 -0.2027898 0.323513 0.3465803 -0.1873815 0.323513 0.3308921 -0.2029379 0.323513 0.3464485 -0.1874617 0.323513 0.3308338 -0.2030181 0.323513 0.3463902 -0.1902995 0.323513 0.333623 -0.1894711 0.323513 0.3330166 -0.1895308 0.323513 0.3329373 -0.189585 0.323513 0.3328543 -0.1875457 0.323513 0.3307809 -0.1896337 0.323513 0.3327678 -0.1876329 0.323513 0.3307337 -0.2031893 0.323513 0.3462901 -0.2024541 0.323513 0.3454783 -0.203102 0.323513 0.3463373 -0.1877231 0.323513 0.3306924 -0.2032794 0.323513 0.3462487 -0.1878158 0.323513 0.3306571 -0.203515 0.323513 0.3490922 -0.1965047 0.323513 0.3483434 -0.2036123 0.323513 0.3491117 -0.2037106 0.323513 0.3491248 -0.2038096 0.323513 0.3491313 -0.2039088 0.323513 0.3491313 -0.2040077 0.323513 0.3491248 -0.2041061 0.323513 0.3491117 -0.2042033 0.323513 0.3490922 -0.2042991 0.323513 0.3490662 -0.2043929 0.323513 0.349034 -0.2044843 0.323513 0.3489957 -0.2045731 0.323513 0.3489514 -0.2046587 0.323513 0.3489013 -0.2047409 0.323513 0.3488457 -0.2048191 0.323513 0.3487848 -0.2048932 0.323513 0.3487188 -0.2049628 0.323513 0.3486481 -0.2050275 0.323513 0.3485729 -0.2050871 0.323513 0.3484937 -0.2051414 0.323513 0.3484106 -0.20519 0.323513 0.3483242 -0.2052328 0.323513 0.3482347 -0.2052697 0.323513 0.3481426 -0.2053003 0.323513 0.3480483 -0.1906173 0.323513 0.3333426 -0.1896765 0.323513 0.3326784 -0.1897133 0.323513 0.3325863 -0.189744 0.323513 0.3324919 -0.1879106 0.323513 0.330628 -0.2053247 0.323513 0.3479521 -0.1880072 0.323513 0.3306053 -0.2053426 0.323513 0.3478546 -0.188105 0.323513 0.3305889 -0.2027266 0.323513 0.3451537 -0.2035635 0.323513 0.3461616 -0.2034669 0.323513 0.3461844 -0.2033721 0.323513 0.3462134 -0.205354 0.323513 0.347756 -0.1882037 0.323513 0.3305791 -0.205359 0.323513 0.347657 -0.1883028 0.323513 0.3305758 -0.2053573 0.323513 0.3475578 -0.188402 0.323513 0.3305791 -0.1909487 0.323513 0.3330784 -0.1897683 0.323513 0.3323958 -0.1897862 0.323513 0.3322982 -0.1897977 0.323513 0.3321997 -0.2053491 0.323513 0.347459 -0.1885007 0.323513 0.3305889 -0.2053344 0.323513 0.3473608 -0.1885985 0.323513 0.3306053 -0.2053133 0.323513 0.3472639 -0.188695 0.323513 0.330628 -0.2052858 0.323513 0.3471686 -0.2038592 0.323513 0.3461322 -0.2029825 0.323513 0.3448158 -0.20376 0.323513 0.3461355 -0.2036613 0.323513 0.3461453 -0.1912928 0.323513 0.332831 -0.1898026 0.323513 0.3321006 -0.189801 0.323513 0.3320015 -0.1897928 0.323513 0.3319026 -0.2041548 0.323513 0.3461616 -0.2032212 0.323513 0.3444656 -0.204057 0.323513 0.3461453 -0.2039583 0.323513 0.3461355 -0.1916488 0.323513 0.332601 -0.1897781 0.323513 0.3318045 -0.1897569 0.323513 0.3317076 -0.2043462 0.323513 0.3462134 -0.2034422 0.323513 0.344104 -0.2042514 0.323513 0.3461844 -0.1896957 0.323513 0.331519 -0.1920158 0.323513 0.3323891 -0.1896558 0.323513 0.3314282 -0.1897294 0.323513 0.3316123 -0.2046163 0.323513 0.3463373 -0.2036449 0.323513 0.3437318 -0.2045291 0.323513 0.3462901 -0.2044389 0.323513 0.3462487 -0.192393 0.323513 0.3321958 -0.18961 0.323513 0.3313402 -0.1895586 0.323513 0.3312554 -0.2047805 0.323513 0.3464485 -0.2038288 0.323513 0.3433499 -0.2047002 0.323513 0.3463902 -0.1927793 0.323513 0.3320215 -0.1895016 0.323513 0.3311742 -0.1894394 0.323513 0.331097 -0.2049286 0.323513 0.3465803 -0.2039934 0.323513 0.3429594 -0.2048567 0.323513 0.3465119 -0.1931738 0.323513 0.3318666 -0.1893722 0.323513 0.331024 -0.1893004 0.323513 0.3309556 -0.2041384 0.323513 0.3425611 -0.205058 0.323513 0.3467306 -0.2049957 0.323513 0.3466533 -0.1935756 0.323513 0.3317316 -0.1892242 0.323513 0.3308921 -0.1891439 0.323513 0.3308338 -0.2042633 0.323513 0.3421562 -0.2051149 0.323513 0.3468118 -0.1939836 0.323513 0.3316169 -0.18906 0.323513 0.3307809 -0.2043679 0.323513 0.3417454 -0.2051664 0.323513 0.3468965 -0.1943968 0.323513 0.3315225 -0.1889727 0.323513 0.3307337 -0.2044519 0.323513 0.34133 -0.205252 0.323513 0.3470754 -0.2052122 0.323513 0.3469846 -0.1948141 0.323513 0.3314489 -0.1888826 0.323513 0.3306924 -0.204515 0.323513 0.3409109 -0.1952347 0.323513 0.3313962 -0.1887899 0.323513 0.3306571 -0.2045572 0.323513 0.3404892 -0.1956573 0.323513 0.3313646 -0.2045784 0.323513 0.3400659 -0.196081 0.323513 0.331354 -0.2021659 0.323513 0.333919 -0.2027556 0.323513 0.3330917 -0.2018625 0.323513 0.333623 -0.2028251 0.323513 0.3331625 -0.2028992 0.323513 0.3332284 -0.2026909 0.323513 0.3330166 -0.2024541 0.323513 0.3342297 -0.2029775 0.323513 0.3332893 -0.2026312 0.323513 0.3329373 -0.2030596 0.323513 0.333345 -0.202577 0.323513 0.3328543 -0.2031452 0.323513 0.3333951 -0.2025283 0.323513 0.3327678 -0.2015447 0.323513 0.3333426 -0.2027266 0.323513 0.3345544 -0.203234 0.323513 0.3334393 -0.2024855 0.323513 0.3326784 -0.2033255 0.323513 0.3334777 -0.2024487 0.323513 0.3325863 -0.2034193 0.323513 0.3335099 -0.202418 0.323513 0.3324919 -0.2012133 0.323513 0.3330784 -0.203515 0.323513 0.3335358 -0.2023937 0.323513 0.3323958 -0.2029825 0.323513 0.3348922 -0.2036123 0.323513 0.3335554 -0.2023757 0.323513 0.3322982 -0.2037106 0.323513 0.3335685 -0.2023643 0.323513 0.3321997 -0.2008692 0.323513 0.332831 -0.2038096 0.323513 0.333575 -0.2023594 0.323513 0.3321006 -0.2032212 0.323513 0.3352424 -0.2039088 0.323513 0.333575 -0.202361 0.323513 0.3320015 -0.2040077 0.323513 0.3335685 -0.2023692 0.323513 0.3319026 -0.2005132 0.323513 0.332601 -0.2034422 0.323513 0.335604 -0.2041061 0.323513 0.3335554 -0.2023839 0.323513 0.3318045 -0.2042033 0.323513 0.3335358 -0.2024051 0.323513 0.3317076 -0.2001462 0.323513 0.3323891 -0.2042991 0.323513 0.3335099 -0.2024326 0.323513 0.3316123 -0.2036449 0.323513 0.3359762 -0.2043929 0.323513 0.3334777 -0.2024663 0.323513 0.331519 -0.2044843 0.323513 0.3334393 -0.2025062 0.323513 0.3314282 -0.199769 0.323513 0.3321958 -0.2038288 0.323513 0.3363581 -0.2045731 0.323513 0.3333951 -0.2025519 0.323513 0.3313402 -0.2046587 0.323513 0.333345 -0.2026034 0.323513 0.3312554 -0.1993827 0.323513 0.3320215 -0.2039934 0.323513 0.3367486 -0.2047409 0.323513 0.3332893 -0.2026604 0.323513 0.3311742 -0.2048191 0.323513 0.3332284 -0.2027226 0.323513 0.331097 -0.1989882 0.323513 0.3318666 -0.2048932 0.323513 0.3331625 -0.2041384 0.323513 0.3371469 -0.2027898 0.323513 0.331024 -0.2049628 0.323513 0.3330917 -0.2028616 0.323513 0.3309556 -0.1985864 0.323513 0.3317316 -0.2050275 0.323513 0.3330166 -0.2042633 0.323513 0.3375518 -0.2029379 0.323513 0.3308921 -0.2050871 0.323513 0.3329373 -0.2030181 0.323513 0.3308338 -0.1981784 0.323513 0.3316169 -0.2051414 0.323513 0.3328543 -0.2043679 0.323513 0.3379626 -0.203102 0.323513 0.3307809 -0.1977652 0.323513 0.3315225 -0.20519 0.323513 0.3327678 -0.2044519 0.323513 0.338378 -0.2031893 0.323513 0.3307337 -0.1973479 0.323513 0.3314489 -0.2052328 0.323513 0.3326784 -0.204515 0.323513 0.3387971 -0.2032794 0.323513 0.3306924 -0.1969273 0.323513 0.3313962 -0.2052697 0.323513 0.3325863 -0.2033721 0.323513 0.3306571 -0.2034669 0.323513 0.330628 -0.2044389 0.323513 0.3306924 -0.2043462 0.323513 0.3306571 -0.2042514 0.323513 0.330628 -0.2041548 0.323513 0.3306053 -0.204057 0.323513 0.3305889 -0.2039583 0.323513 0.3305791 -0.2038592 0.323513 0.3305758 -0.20376 0.323513 0.3305791 -0.2036613 0.323513 0.3305889 -0.2035635 0.323513 0.3306053 -0.1965047 0.323513 0.3313646 -0.2053003 0.323513 0.3324919 -0.2053247 0.323513 0.3323958 -0.2053426 0.323513 0.3322982 -0.205354 0.323513 0.3321997 -0.205359 0.323513 0.3321006 -0.2053573 0.323513 0.3320015 -0.2053491 0.323513 0.3319026 -0.2053344 0.323513 0.3318045 -0.2053133 0.323513 0.3317076 -0.2052858 0.323513 0.3316123 -0.205252 0.323513 0.331519 -0.2052122 0.323513 0.3314282 -0.2051664 0.323513 0.3313402 -0.2051149 0.323513 0.3312554 -0.205058 0.323513 0.3311742 -0.2045784 0.323513 0.3396421 -0.2049957 0.323513 0.331097 -0.2045572 0.323513 0.3392188 -0.2049286 0.323513 0.331024 -0.2048567 0.323513 0.3309556 -0.2047805 0.323513 0.3308921 -0.2047002 0.323513 0.3308338 -0.2046163 0.323513 0.3307809 -0.2045291 0.323513 0.3307337</float_array>
          <technique_common>
            <accessor count="1152" source="#cubeverts-array0-array" stride="3">
              <param type="float" name="X"/>
              <param type="float" name="Y"/>
              <param type="float" name="Z"/>
            </accessor>
          </technique_common>
        </source>
        <source id="cubenormals-array0">
          <float_array count="6960" id="cubenormals-array0-array">0 -0.02492381 0.9996894 0 -0.02492381 0.9996894 0 -0.07473838 0.9972032 0 -0.07473838 0.9972032 0 -0.1243486 0.9922385 0 -0.1243486 0.9922385 0 -0.1736495 0.9848075 0 -0.1736495 0.9848075 0 -0.2225146 0.9749294 0 -0.2225146 0.9749294 0 -0.2708342 0.962626 0 -0.2708342 0.962626 0 -0.3185016 0.9479223 0 -0.3185016 0.9479223 0 -0.3653268 0.9308794 0 -0.3653268 0.9308794 0 -0.4112934 0.9115031 0 -0.4562152 0.8898695 0 -0.4112934 0.9115031 0 -0.5000045 0.8660228 0 -0.4562152 0.8898695 0 -0.5425497 0.8400238 0 -0.5000045 0.8660228 0 -0.5425497 0.8400238 0 -0.583725 0.8119515 0 -0.583725 0.8119515 0 -0.6235042 0.7818199 0 -0.6235042 0.7818199 0 -0.661692 0.7497758 0 -0.661692 0.7497758 0 -0.6982194 0.7158839 0 -0.6982194 0.7158839 0 -0.7330574 0.6801667 0 -0.7660457 0.6427861 0 -0.7330574 0.6801667 0 -0.7660457 0.6427861 0 -0.7971306 0.603807 0 -0.7971306 0.603807 0 -0.8262352 0.5633252 0 -0.8262352 0.5633252 0 -0.8532944 0.5214294 0 -0.8532944 0.5214294 0 -0.878217 0.4782624 0 -0.878217 0.4782624 0 -0.9009727 0.4338759 0 -0.9009727 0.4338759 0 -0.9214775 0.3884317 0 -0.9214775 0.3884317 0 -0.9396892 0.3420297 0 -0.9396892 0.3420297 0 -0.955574 0.2947512 0 -0.955574 0.2947512 0 -0.9690772 0.2467577 0 -0.9690772 0.2467577 0 -0.9801711 0.1981526 0 -0.9801711 0.1981526 0 -0.9888321 0.1490338 0 -0.9888321 0.1490338 0 -0.9950318 0.09955758 0 -0.9950318 0.09955758 0 -0.9987568 0.04984943 0 -0.9987568 0.04984943 0 -1 -0 0 -1 0 0 -0.9987568 -0.04984773 -0 -0.9950314 -0.09956095 0 -0.9987568 -0.04984773 0 -0.9950314 -0.09956095 0 -0.9888321 -0.1490338 0 -0.9888321 -0.1490338 0 -0.9801711 -0.1981526 0 -0.9801711 -0.1981526 0 -0.9690772 -0.2467577 0 -0.9690772 -0.2467577 0 -0.955574 -0.2947512 0 -0.955574 -0.2947512 0 -0.9396892 -0.3420297 -0 -0.9214775 -0.3884317 0 -0.9396892 -0.3420297 -0 -0.9009727 -0.4338759 0 -0.9214775 -0.3884317 0 -0.9009727 -0.4338759 0 -0.878217 -0.4782624 0 -0.878217 -0.4782624 0 -0.8532944 -0.5214294 0 -0.8532944 -0.5214294 -0 -0.8262352 -0.5633252 0 -0.8262352 -0.5633252 0 -0.7971306 -0.603807 0 -0.7971306 -0.603807 -0 -0.7660457 -0.6427861 0 -0.7660457 -0.6427861 0 -0.7330574 -0.6801667 0 -0.7330574 -0.6801667 -0 -0.6982367 -0.7158669 0 -0.6982367 -0.7158669 -0 -0.661692 -0.7497758 0 -0.661692 -0.7497758 0 -0.6234835 -0.7818366 0 -0.6234835 -0.7818366 -0 -0.5837474 -0.8119352 0 -0.5837474 -0.8119352 0 -0.5425497 -0.8400238 0 -0.5425497 -0.8400238 0 -0.499979 -0.8660375 0 -0.499979 -0.8660375 0 -0.4562152 -0.8898695 0 -0.4562152 -0.8898695 -0 -0.4112934 -0.9115031 0 -0.4112934 -0.9115031 0 -0.3653268 -0.9308794 0 -0.3653268 -0.9308794 -0 -0.3185016 -0.9479223 -0 -0.2708342 -0.962626 0 -0.3185016 -0.9479223 -0 -0.2225146 -0.9749294 0 -0.2708342 -0.962626 -0 -0.1736495 -0.9848075 0 -0.2225146 -0.9749294 0 -0.1736495 -0.9848075 0 -0.1243486 -0.9922385 0 -0.1243486 -0.9922385 0 -0.07473838 -0.9972032 0 -0.07473838 -0.9972032 0 -0.02492381 -0.9996894 0 -0.02492381 -0.9996894 -0 0.1065331 0.9943091 0 0.1065331 0.9943091 0 0.1065331 -0.9943091 0 0.1065331 -0.9943091 -1 0 0 -1 0 0 -1 0 0 -1 0 0 -1 0 0 -1 0 0 -1 0 0 -1 0 0 -1 0 0 -1 0 0 -1 0 0 -1 0 0 -1 0 0 -1 0 0 -1 0 0 -1 0 0 -1 0 0 -1 0 0 -1 0 0 -1 0 0 -1 0 0 -1 0 0 -1 0 0 -1 0 0 -1 0 0 -1 0 0 -1 0 0 -1 0 -0 -1 0 0 -1 0 0 -1 0 0 -1 0 -0 -1 0 0 -1 0 -0 -1 0 0 -1 0 0 -1 0 -0 -1 0 -0 -1 0 -0 -1 0 -0 -1 0 -0 -1 0 -0 -1 0 -0 -1 0 -0 -1 0 -0 -1 0 -0 -1 0 -0 -1 0 -0 -1 0 -0 -1 0 -0 -1 0 -0 -1 0 -0 -1 0 -0 -1 0 -0 -1 0 -0 -1 0 -0 -1 0 -0 -1 0 -0 -1 0 0 -1 0 -0 -1 0 -0 -1 0 -0 -1 0 0 -1 0 0 -1 0 0 -1 0 0 1 0 0 1 0 0 1 0 0 1 0 0 1 0 0 1 0 0 1 0 0 1 0 0 1 0 0 1 0 0 1 0 0 1 0 0 1 0 0 1 0 0 1 0 0 1 0 0 1 0 0 1 0 0 1 0 0 1 0 0 1 0 0 1 0 0 1 0 0 1 0 0 1 0 0 1 0 0 1 0 0 1 0 0 1 0 0 1 0 0 1 0 0 1 0 0 1 0 0 1 0 0 1 0 0 1 0 0 1 0 0 1 0 0 1 0 0 1 0 0 1 0 0 1 0 0 1 0 0 1 0 0 1 0 0 1 0 0 1 0 0 1 0 0 1 0 0 1 0 0 1 0 0 1 0 0 1 0 0 1 0 0 1 0 0 1 0 0 1 0 0 1 0 0 1 0 0 1 0 0 1 0 0 1 0 0 1 0 0 1 0 0 1 0 0 1 0 0 0 0 1 0 0 1 0 0 1 0 0 1 0 -0 -1 0 0 -1 0 0 -1 0 0 -1 0 1 -0 0 1 0 0 1 -0 0 1 0 0 1 -0 0 1 0 0 1 -0 0 1 0 0 1 -0 0 1 0 0 1 -0 0 1 0 0 1 -0 0 1 0 0 1 -0 0 1 0 0 1 -0 0 1 0 0 1 -0 0 1 0 0 1 -0 0 1 0 0 1 -0 0 1 0 0 1 0 0 1 0 0 1 0 0 1 0 0 1 0 0 1 0 0 1 0 0 1 0 0 1 0 0 1 0 0 1 0 0 1 0 0 1 0 0 1 0 0 1 0 0 1 0 0 1 0 0 1 -0 0 1 0 0 1 0 0 1 0 0 1 0 0 1 0 0 1 0 0 1 0 0 1 -0 0 1 0 0 1 0 0 1 0 0 1 0 0 1 0 0 1 0 0 1 0 0 1 -0 0 1 0 0 1 0 0 1 0 0 1 0 0 1 -0 0 1 0 0 1 0 0 1 0 0 1 0 0 1 0 0 1 0 0 1 0 0 1 -0 0 1 0 0 1 0 0 1 0 0 1 0 0 1 0 0 1 -0 0 1 0 0 1 0 0 1 0 0 1 0 0 1 0 0 1 0 0 1 0 0 1 -0 0 1 0 0 1 0 0 1 0 0 1 0 0 1 0 0 1 -0 0 1 0 0 1 0 0 1 0 0 1 0 0 1 -0 0 1 0 0 1 0 0 1 0 0 1 0 0 1 0 0 1 -0 0 1 0 0 1 0 0 1 0 0 1 -0 0 1 0 0 1 0 0 1 0 0 1 0 0 1 -0 0 1 0 0 1 0 0 1 0 0 1 0 0 1 -0 0 1 0 0 1 0 0 1 0 0 1 -0 0 1 0 0 1 0 0 1 0 0 1 -0 0 1 -0 0 1 0 0 1 0 0 1 0 0 1 0 0 1 0 0 1 0 0 1 -0 0 1 -0 0 1 0 0 1 0 0 1 0 0 1 -0 0 1 -0 0 1 0 0 1 0 0 1 0 0 1 0 0 1 0 0 1 -0 0 1 -0 0 1 0 0 1 0 0 1 0 0 1 0 0 1 -0 0 1 -0 0 1 0 0 1 0 0 1 0 0 1 0 0 1 -0 0 1 0 0 1 0 0 1 -0 0 1 0 0 1 0 0 1 0 0 1 -0 0 1 -0 0 1 0 0 1 0 0 1 0 0 1 0 0 1 -0 0 1 -0 0 1 -0 0 1 0 0 1 -0 0 1 0 0 1 -0 0 1 -0 0 1 -0 0 1 -0 0 1 -0 0 1 0 0 1 -0 0 1 -0 0 1 -0 0 1 -0 0 1 -0 0 1 0 0 1 -0 0 1 0 0 1 -0 0 1 -0 0 1 -0 0 1 0 0 1 0 0 1 -0 0 1 0 0 1 0 0 1 0 0 1 -0 0 1 0 0 1 0 0 1 0 0 1 -0 0 1 0 0 1 0 0 1 -0 0 1 0 0 1 0 0 1 0 0 1 -0 0 1 0 0 1 0 0 1 -0 0 1 0 0 1 0 0 1 0 0 1 -0 0 1 0 0 1 0 0 1 -0 0 1 -0 0 1 0 0 1 0 0 1 -0 0 1 0 0 1 0 0 1 0 0 1 0 0 1 0 0 1 0 0 1 -0 0 1 0 0 1 -0 0 1 0 0 1 0 0 1 0 0 1 -0 0 1 0 0 1 0 0 1 0 0 1 0 0 1 0 0 1 0 0 1 0 0 1 -0 0 1 0 0 1 -0 0 1 0 0 1 -0 0 1 0 0 1 0 0 1 0 0 1 0 0 1 0 0 1 0 0 1 0 0 1 0 0 1 0 0 1 0 0 1 0 0 1 0 0 1 0 0 1 0 0 1 0 0 1 0 0 1 0 0 1 0 0 1 0 0 1 0 0 1 0 0 1 0 0 1 0 0 1 0 0 1 0 0 1 0 0 1 0 0 1 0 0 1 0 0 1 0 0 1 0 0 1 0 0 1 0 0 1 0 0 1 0 0 1 0 0 1 0 0 1 -0 0 1 0 0 1 0 0 1 0 0 1 0 0 1 0 0 1 -0 0 1 0 0 1 -0 0 1 0 0 1 -0 0 1 0 0 1 0 0 1 0 0 1 -0 0 1 0 0 1 -0 0 1 0 0 1 0 0 1 0 0 1 0 0 1 0 0 1 0 0 1 0 0 1 0 0 1 0 0 1 -0 0 1 0 0 1 0 0 1 0 0 1 0 0 1 0 0 1 0 0 1 0 0 1 0 0 1 0 0 1 -0 0 1 0 0 1 0 0 1 0 0 1 0 0 1 0 0 1 0 0 1 -0 0 1 0 0 1 0 0 1 0 0 1 0 0 1 0 0 1 0 0 1 0 0 1 -0 0 1 0 0 1 0 0 1 0 0 1 0 0 1 0 0 1 -0 0 1 0 0 1 0 0 1 0 0 1 0 0 1 0 0 1 -0 0 1 0 0 1 0 0 1 0 0 1 -0 0 1 0 0 1 0 0 1 0 0 1 0 0 1 0 0 1 0 0 1 -0 0 1 0 0 1 0 0 1 0 0 1 -0 0 1 0 0 1 0 0 1 0 0 1 0 0 1 -0 0 1 0 0 1 0 0 1 -0 0 1 0 0 1 0 0 1 0 0 1 0 0 1 0 0 1 -0 0 1 0 0 1 -0 0 1 0 0 1 -0 0 1 0 0 1 -0 0 1 0 0 1 0 0 1 -0 0 1 0 0 1 -0 0 1 0 0 1 0 0 1 -0 0 1 0 0 1 0 0 1 -0 0 1 0 0 1 -0 0 1 0 0 1 0 0 1 -0 0 1 0 0 1 -0 0 1 0 0 1 0 0 1 -0 0 1 0 0 1 -0 0 1 0 0 1 0 0 1 -0 0 1 0 0 1 0 0 1 0 0 1 0 0 1 0 0 1 0 0 1 0 0 1 0 0 1 0 0 1 0 0 1 0 0 1 0 0 1 0 0 1 0 0 1 0 0 1 0 0 1 0 0 1 0 0 1 0 0 1 0 0 1 0 0 1 0 0 1 0 0 1 0 0 1 0 0 1 0 0 1 0 0 1 0 0 1 0 0 1 0 0 1 0 0 1 0 0 1 0 0 1 0 0 1 0 0 1 0 0 1 0 0 1 0 0 1 0 0 1 0 0 1 0 0 1 0 0 1 0 0 1 0 0 1 0 0 1 0 0 1 0 0 1 0 0 1 0 0 1 0 0 1 0 0 1 0 0 1 0 0 1 0 0 1 0 0 1 0 0 1 0 0 1 0 0 1 0 0 1 0 0 1 0 0 1 0 0 1 0 0 1 0 0 1 0 0 1 0 0 1 0 0 1 0 0 1 0 0 1 0 0 1 0 0 1 0 0 1 0 0 1 0 0 1 0 0 1 0 0 1 0 0 1 0 0 1 0 0 1 0 0 1 0 0 1 0 0 1 0 0 1 0 0 1 0 0 1 0 0 1 0 0 1 0 0 1 0 0 1 0 0 1 0 0 1 0 0 1 0 0 1 0 0 1 0 0 1 -0 0 1 0 0 1 0 0 1 0 0 1 0 0 1 0 0 1 0 0 1 0 0 1 0 0 1 0 0 1 0 0 1 0 0 1 0 0 -1 0 0 -1 0 0 -1 0 0 -1 0 0 -1 0 0 -1 0 0 -1 0 0 -1 0 0 -1 0 0 -1 0 0 -1 0 0 -1 0 0 -1 0 0 -1 0 0 -1 0 0 -1 0 0 -1 0 0 -1 0 0 -1 0 0 -1 0 0 -1 0 0 -1 0 0 -1 0 0 -1 0 0 -1 -0 0 -1 0 0 -1 -0 0 -1 0 0 -1 -0 0 -1 0 0 -1 -0 0 -1 0 0 -1 -0 0 -1 -0 0 -1 -0 0 -1 -0 0 -1 -0 0 -1 0 0 -1 -0 0 -1 -0 0 -1 -0 0 -1 0 0 -1 -0 0 -1 -0 0 -1 -0 0 -1 0 0 -1 -0 0 -1 -0 0 -1 -0 0 -1 0 0 -1 -0 0 -1 -0 0 -1 -0 0 -1 0 0 -1 -0 0 -1 -0 0 -1 -0 0 -1 0 0 -1 -0 0 -1 -0 0 -1 -0 0 -1 0 0 -1 0 0 -1 -0 0 -1 -0 0 -1 -0 0 -1 -0 0 -1 -0 0 -1 0 0 -1 0 0 -1 0 0 -1 0 0 -1 0 0 -1 -0 0 -1 -0 0 -1 0 0 -1 0 0 -1 0 0 -1 0 0 -1 -0 0 -1 -0 0 -1 -0 0 -1 0 0 -1 0 0 -1 0 0 -1 0 0 -1 0 0 -1 0 0 -1 -0 0 -1 -0 0 -1 0 0 -1 0 0 -1 0 0 -1 -0 0 -1 0 0 -1 -0 0 -1 0 0 -1 0 0 -1 -0 0 -1 -0 0 -1 0 0 -1 0 0 -1 0 0 -1 0 0 -1 -0 0 -1 0 0 -1 0 0 -1 0 0 -1 0 0 -1 -0 0 -1 0 0 -1 0 0 -1 0 0 -1 -0 0 -1 0 0 -1 -0 0 -1 0 0 -1 0 0 -1 -0 0 -1 0 0 -1 -0 0 -1 0 0 -1 0 0 -1 0 0 -1 0 0 -1 0 0 -1 0 0 -1 0 0 -1 0 0 -1 0 -0 -1 0 0 -1 0 -0 -1 0 0 -1 0 0 -1 0 0 -1 0 0 -1 0 0 -1 0 0 -1 0 0 -1 0 0 -1 0 -0 -1 0 0 -1 0 0 -1 0 0 -1 0 -0 -1 0 0 -1 0 0 -1 0 -0 -1 0 0 -1 0 0 -1 0 0 -1 0 0 -1 0 0 -1 0 0 -1 0 0 -1 0 0 -1 0 0 -1 0 0 -1 0 0 -1 0 -0 -1 0 0 -1 0 0 -1 0 0 -1 0 -0 -1 0 0 -1 0 0 -1 0 0 -1 0 -0 -1 0 0 -1 0 0 -1 0 0 -1 0 0 -1 0 0 -1 0 -0 -1 0 0 -1 0 0 -1 0 0 -1 0 0 -1 0 0 -1 0 0 -1 0 -0 -1 0 0 -1 0 0 -1 0 0 -1 0 0 -1 0 0 -1 0 0 -1 -0 0 -1 0 0 -1 -0 -0 -1 0 0 -1 0 0 -1 0 0 -1 -0 0 -1 0 0 -1 -0 0 -1 0 0 -1 0 0 -1 0 0 -1 0 0 -1 0 0 -1 0 0 -1 0 0 -1 0 0 -1 0 0 -1 0 0 -1 0 0 -1 0 0 -1 0 0 -1 0 0 -1 -0 0 -1 -0 -0 -1 0 0 -1 0 0 -1 -0 0 -1 -0 0 -1 0 0 -1 0 0 -1 -0 0 -1 -0 0 -1 0 0 -1 -0 0 -1 -0 0 -1 0 0 -1 0 0 -1 -0 0 -1 -0 0 -1 0 0 -1 -0 0 -1 -0 0 -1 -0 0 -1 -0 -0 -1 0 0 -1 -0 0 -1 0 0 -1 -0 0 -1 0 0 -1 -0 0 -1 0 0 -1 0 0 -1 0 0 -1 -0 0 -1 -0 0 -1 -0 0 -1 -0 0 -1 -0 -0 -1 0 -0 -1 0 0 -1 0 0 -1 -0 0 -1 0 0 -1 -0 0 -1 0 0 -1 0 0 -1 0 0 -1 -0 0 -1 -0 0 -1 -0 -0 -1 0 0 -1 0 -0 -1 0 0 -1 0 -0 -1 0 0 -1 0 0 -1 0 0 -1 0 -0 -1 0 -0 -1 0 -0 -1 0 -0 -1 0 -0 -1 0 -0 -1 0 -0 -1 0 -0 -1 0 -0 -1 0 0 -1 0 -0 -1 0 -0 -1 0 -0 -1 0 -0 -1 0 -0 -1 0 -0 -1 0 -0 -1 0 -0 -1 0 -0 -1 0 0 -1 0 0 -1 -0 -0 -1 0 -0 -1 0 -0 -1 0 0 -1 -0 0 -1 0 0 -1 -0 0 -1 0 0 -1 -0 0 -1 0 0 -1 0 0 -1 0 0 -1 0 0 -1 0 0 -1 -0 0 -1 0 0 -1 -0 0 -1 0 -0 -1 -0 0 -1 -0 -0 -1 0 -0 -1 0 -0 -1 0 0 -1 0 -0 -1 -0 0 -1 0 -0 -1 -0 0 -1 0 -0 -1 -0 0 -1 0 0 -1 0 0 -1 0 0 -1 0 0 -1 0 0 -1 -0 -0 -1 0 -0 -1 -0 -0 -1 -0 0 -1 0 0 -1 0 0 -1 0 0 -1 0 0 -1 -0 -0 -1 -0 -0 -1 -0 0 -1 0 0 -1 0 0 -1 0 -0 -1 -0 0 -1 -0 -0 -1 -0 -0 -1 -0 0 -1 0 0 -1 0 0 -1 0 0 -1 0 -0 -1 -0 -0 -1 -0 0 -1 -0 0 -1 0 0 -1 0 0 -1 0 -0 -1 -0 -0 -1 -0 0 -1 -0 0 -1 0 0 -1 0 0 -1 0 -0 -1 -0 -0 -1 -0 0 -1 -0 0 -1 0 0 -1 0 0 -1 0 -0 -1 -0 -0 -1 -0 0 -1 -0 0 -1 0 0 -1 0 -0 -1 -0 0 -1 -0 0 -1 0 0 -1 0 -0 -1 -0 0 -1 -0 0 -1 0 0 -1 0 0 -1 0 -0 -1 -0 0 -1 -0 0 -1 0 0 -1 0 0 -1 0 0 -1 -0 -0 -1 -0 -0 -1 -0 -0 -1 -0 0 -1 0 0 -1 -0 0 -1 0 0 -1 -0 0 -1 -0 0 -1 0 0 -1 0 0 -1 0 0 -1 -0 0 -1 0 0 -1 0 0 -1 0 0 -1 0 0 -1 0 0 -1 -0 0 -1 0 0 -1 -0 0 -1 0 0 -1 0 0 -1 0 0 -1 0 0 -1 0 0 -1 -0 0 -1 0 0 -1 0 0 -1 0 0 -1 -0 0 -1 0 0 -1 0 0 -1 0 0 -1 -0 0 -1 0 0 -1 0 0 -1 0 0 -1 -0 0 -1 0 0 -1 -0 0 -1 0 0 -1 -0 0 -1 -0 0 -1 -0 0 -1 0 0 -1 -0 0 -1 0 0 -1 -0 0 -1 -0 0 -1 0 0 -1 -0 0 -1 -0 0 -1 0 0 -1 -0 0 -1 0 0 -1 -0 0 -1 -0 0 -1 -0 0 -1 0 0 -1 -0 0 -1 0 0 -1 -0 0 -1 -0 0 -1 -0 0 -1 0 0 -1 -0 0 -1 0 0 -1 -0 0 -1 -0 0 -1 0 0 -1 -0 0 -1 -0 0 -1 0 0 -1 -0 0 -1 -0 0 -1 0 0 -1 -0 0 -1 -0 0 -1 0 0 -1 -0 0 -1 -0 0 -1 0 0 -1 -0 0 -1 -0 0 -1 -0 0 -1 0 0 -1 -0 0 -1 -0 0 -1 -0 0 -1 0 0 -1 -0 0 -1 -0 0 -1 -0 0 -1 0 0 -1 -0 0 -1 -0 0 -1 -0 0 -1 -0 0 -1 -0 0 -1 -0 0 -1 -0 0 -1 -0 0 -1 -0 0 -1 -0 0 -1 -0 0 -1 -0 0 -1 -0 0 -1 -0 0 -1 -0 0 -1 0 0 -1 -0 0 -1 0 0 -1 0 0 -1 0 0 -1 0 0 -1 0 0 -1 0 0 -1 -0 0 -1 -0 0 -1 -0 0 -1 -0 0 -1 -0 0 -1 -0 0 -1 -0 0 -1 -0 0 -1 -0 0 -1 -0 0 -1 -0 0 -1 -0 0 -1 -0 0 -1 -0 0 -1 -0 0 -1 -0 0 -1 -0 0 -1 -0 0 -1 -0 0 -1 -0 0 -1 -0 1 0 0 1 0 0 -0.03322776 0 0.9994478 -0.03322776 0 0.9994478 -0.09875739 0 0.9951115 -0.09875739 0 0.9951115 -0.1645986 0 0.9863607 -0.2295195 0 0.9733041 -0.1645986 0 0.9863607 -0.2295195 0 0.9733041 -0.2932425 0 0.9560382 -0.2932425 0 0.9560382 -0.3559058 0 0.9345219 -0.3559058 0 0.9345219 -0.4166176 0 0.9090818 -0.475961 0 0.8794664 -0.4166176 0 0.9090818 -0.475961 0 0.8794664 -0.5331478 0 0.8460222 -0.5331478 0 0.8460222 -0.5876959 0 0.8090819 -0.5876959 0 0.8090819 -0.6399574 0 0.7684104 -0.6399574 0 0.7684104 -0.6894324 0 0.72435 -0.6894324 0 0.72435 -0.735658 0 0.6773531 -0.735658 0 0.6773531 -0.7789292 0 0.6271119 -0.8186823 0 0.5742467 -0.7789292 0 0.6271119 -0.8186823 0 0.5742467 -0.8547388 0 0.5190584 -0.8873025 0 0.461188 -0.8547388 0 0.5190584 -0.8873025 0 0.461188 -0.9157048 0 0.4018516 -0.9403134 0 0.3403098 -0.9157048 0 0.4018516 -0.9403134 0 0.3403098 -0.9607716 0 0.2773409 -0.9607716 0 0.2773409 -0.9769662 0 0.213394 -0.9769662 0 0.213394 -0.9889702 0 0.1481148 -0.9889702 0 0.1481148 -0.9965817 0 0.0826126 -0.9965817 0 0.0826126 -0.999862 0 0.01661309 -0.9987646 -0 -0.04969208 -0.999862 0 0.01661309 -0.9987646 0 -0.04969208 -0.9933238 0 -0.1153597 -0.9933238 0 -0.1153597 -0.9834936 0 -0.1809431 -0.9834936 0 -0.1809431 -0.9693959 0 -0.2455024 -0.9693959 0 -0.2455024 -0.9510409 0 -0.3090652 -0.9510409 0 -0.3090652 -0.928551 0 -0.371205 -0.928551 0 -0.371205 -0.9020457 0 -0.4316406 -0.9020457 0 -0.4316406 -0.871444 0 -0.490495 -0.871444 0 -0.490495 -0.8371267 0 -0.5470089 -0.8371267 0 -0.5470089 -0.799261 0 -0.600984 -0.799261 0 -0.600984 -0.7577561 0 -0.6525379 -0.7577561 0 -0.6525379 -0.7128519 0 -0.7013146 -0.7128519 0 -0.7013146 -0.6651655 0 -0.7466959 -0.6141323 -0 -0.789203 -0.6651655 0 -0.7466959 -0.6141323 0 -0.789203 -0.5605794 0 -0.8281007 -0.5605794 0 -0.8281007 -0.5048941 0 -0.8631813 -0.5048941 0 -0.8631813 -0.4466598 0 -0.8947039 -0.4466598 0 -0.8947039 -0.3864608 0 -0.9223059 -0.3864608 0 -0.9223059 -0.3246154 0 -0.9458461 -0.3246154 0 -0.9458461 -0.2614901 0 -0.9652061 -0.2614901 0 -0.9652061 -0.1972106 0 -0.9803612 -0.1972106 0 -0.9803612 -0.1317001 0 -0.9912896 -0.06614127 -0 -0.9978102 -0.1317001 0 -0.9912896 -0.06614127 0 -0.9978102 -0 0 -1 0 0 -1 0.06615142 0 -0.9978096 0.06615142 0 -0.9978096 0.13168 0 -0.9912923 0.13168 0 -0.9912923 0.1972106 0 -0.9803612 0.1972106 0 -0.9803612 0.2614901 0 -0.9652061 0.2614901 0 -0.9652061 0.3246154 0 -0.9458461 0.3246154 0 -0.9458461 0.3864608 0 -0.9223059 0.3864608 0 -0.9223059 0.4467213 0 -0.8946732 0.4467213 0 -0.8946732 0.5048271 0 -0.8632205 0.5048271 0 -0.8632205 0.5605794 0 -0.8281007 0.5605794 0 -0.8281007 0.6142069 0 -0.7891451 0.6142069 0 -0.7891451 0.6650891 0 -0.746764 0.6650891 0 -0.746764 0.7129288 0 -0.7012364 0.7129288 0 -0.7012364 0.7576801 0 -0.6526262 0.7576801 0 -0.6526262 0.799261 0 -0.600984 0.799261 0 -0.600984 0.8371972 0 -0.5469012 0.8371972 0 -0.5469012 0.871444 0 -0.490495 0.871444 0 -0.490495 0.9019858 0 -0.4317657 0.9019858 0 -0.4317657 0.928551 0 -0.371205 0.928551 0 -0.371205 0.9510409 0 -0.3090652 0.9510409 0 -0.3090652 0.9693959 0 -0.2455024 0.9693959 0 -0.2455024 0.9835209 0 -0.1807943 0.9835209 0 -0.1807943 0.9933062 0 -0.1155114 0.9933062 0 -0.1155114 0.9987722 0 -0.04953861 0.9987722 0 -0.04953861 0.9998646 0 0.01645931 0.9998646 -0 0.01645931 0.9965817 0 0.0826126 0.9965817 -0 0.0826126 0.9889476 0 0.1482652 0.9889476 -0 0.1482652 0.9769983 0 0.2132472 0.9607716 0 0.2773409 0.9769983 -0 0.2132472 0.9607716 0 0.2773409 0.9402641 0 0.3404458 0.9402641 -0 0.3404458 0.9157614 -0 0.4017226 0.9157614 0 0.4017226 0.8872395 0 0.4613092 0.8872395 0 0.4613092 0.854807 -0 0.5189461 0.854807 0 0.5189461 0.81861 -0 0.5743498 0.81861 0 0.5743498 0.7789292 -0 0.6271119 0.7789292 0 0.6271119 0.7357347 -0 0.6772698 0.7357347 0 0.6772698 0.6893556 0 0.7244232 0.6893556 0 0.7244232 0.6399574 -0 0.7684104 0.6399574 0 0.7684104 0.5876959 0 0.8090819 0.5876959 0 0.8090819 0.5331478 -0 0.8460222 0.5331478 0 0.8460222 0.475961 -0 0.8794664 0.475961 0 0.8794664 0.4166176 0 0.9090818 0.4166176 0 0.9090818 0.3559569 -0 0.9345024 0.3559569 0 0.9345024 0.2931993 -0 0.9560513 0.2931993 0 0.9560513 0.2295195 -0 0.9733041 0.2295195 0 0.9733041 0.1645986 -0 0.9863607 0.1645986 0 0.9863607 0.09877252 -0 0.99511 0.09877252 0 0.99511 0.03322776 0 0.9994478 0.03322776 0 0.9994478 -0.03322776 0 0.9994478 -0.03322776 0 0.9994478 -0.09875739 0 0.9951115 -0.09875739 0 0.9951115 -0.1646235 0 0.9863565 -0.2294851 0 0.9733121 -0.1646235 0 0.9863565 -0.2294851 0 0.9733121 -0.2932425 0 0.9560382 -0.2932425 0 0.9560382 -0.3559569 0 0.9345024 -0.3559569 0 0.9345024 -0.4166176 0 0.9090818 -0.4758966 0 0.8795012 -0.4166176 0 0.9090818 -0.4758966 0 0.8795012 -0.5331478 0 0.8460222 -0.5331478 0 0.8460222 -0.5876959 0 0.8090819 -0.5876959 0 0.8090819 -0.6399574 0 0.7684104 -0.6399574 0 0.7684104 -0.6894324 0 0.72435 -0.6894324 0 0.72435 -0.7357347 0 0.6772698 -0.7357347 0 0.6772698 -0.7789292 0 0.6271119 -0.81861 0 0.5743498 -0.7789292 0 0.6271119 -0.81861 0 0.5743498 -0.854807 0 0.5189461 -0.8872395 0 0.4613092 -0.854807 0 0.5189461 -0.8872395 0 0.4613092 -0.9157048 0 0.4018516 -0.9403134 0 0.3403098 -0.9157048 0 0.4018516 -0.9403134 0 0.3403098 -0.9607716 0 0.2773409 -0.9607716 0 0.2773409 -0.9769662 0 0.213394 -0.9769662 0 0.213394 -0.9889702 0 0.1481148 -0.9889702 0 0.1481148 -0.9965817 0 0.0826126 -0.9965817 0 0.0826126 -0.999862 0 0.01661309 -0.9987646 -0 -0.04969208 -0.999862 0 0.01661309 -0.9987646 0 -0.04969208 -0.9933238 0 -0.1153597 -0.9933238 0 -0.1153597 -0.9834936 0 -0.1809431 -0.9834936 0 -0.1809431 -0.9693959 0 -0.2455024 -0.9693959 0 -0.2455024 -0.9510409 0 -0.3090652 -0.9510409 0 -0.3090652 -0.928551 0 -0.371205 -0.928551 0 -0.371205 -0.9020457 0 -0.4316406 -0.9020457 0 -0.4316406 -0.871444 0 -0.490495 -0.871444 0 -0.490495 -0.8371267 0 -0.5470089 -0.8371267 0 -0.5470089 -0.799261 0 -0.600984 -0.799261 0 -0.600984 -0.7577561 0 -0.6525379 -0.7577561 0 -0.6525379 -0.7128519 0 -0.7013146 -0.7128519 0 -0.7013146 -0.6651655 0 -0.7466959 -0.6141323 -0 -0.789203 -0.6651655 0 -0.7466959 -0.6141323 0 -0.789203 -0.5605794 0 -0.8281007 -0.5605794 0 -0.8281007 -0.5048941 0 -0.8631813 -0.5048941 0 -0.8631813 -0.4466598 0 -0.8947039 -0.4466598 0 -0.8947039 -0.3864608 0 -0.9223059 -0.3864608 0 -0.9223059 -0.3246154 0 -0.9458461 -0.3246154 0 -0.9458461 -0.2614901 0 -0.9652061 -0.2614901 0 -0.9652061 -0.1972106 0 -0.9803612 -0.1972106 0 -0.9803612 -0.1317001 0 -0.9912896 -0.06614127 -0 -0.9978102 -0.1317001 0 -0.9912896 -0.06614127 0 -0.9978102 -0 0 -1 0 0 -1 0.06614127 0 -0.9978102 0.06614127 0 -0.9978102 0.1317001 0 -0.9912896 0.1317001 0 -0.9912896 0.1972106 0 -0.9803612 0.1972106 0 -0.9803612 0.2614901 0 -0.9652061 0.2614901 0 -0.9652061 0.3246154 0 -0.9458461 0.3246154 0 -0.9458461 0.3864608 0 -0.9223059 0.3864608 0 -0.9223059 0.4467213 0 -0.8946732 0.4467213 0 -0.8946732 0.5048271 0 -0.8632205 0.5048271 0 -0.8632205 0.5605794 0 -0.8281007 0.5605794 0 -0.8281007 0.6142069 0 -0.7891451 0.6142069 0 -0.7891451 0.6650891 0 -0.746764 0.6650891 0 -0.746764 0.7128519 0 -0.7013146 0.7128519 0 -0.7013146 0.7577561 0 -0.6525379 0.7577561 0 -0.6525379 0.799261 0 -0.600984 0.799261 0 -0.600984 0.8371267 0 -0.5470089 0.8371267 0 -0.5470089 0.871444 0 -0.490495 0.871444 0 -0.490495 0.9020457 0 -0.4316406 0.9020457 0 -0.4316406 0.928551 0 -0.371205 0.928551 0 -0.371205 0.9510409 0 -0.3090652 0.9510409 0 -0.3090652 0.9693959 0 -0.2455024 0.9693959 0 -0.2455024 0.9835209 0 -0.1807943 0.9835209 0 -0.1807943 0.9933062 0 -0.1155114 0.9933062 0 -0.1155114 0.9987646 0 -0.04969208 0.9987646 0 -0.04969208 0.999862 0 0.01661309 0.999862 -0 0.01661309 0.9965817 0 0.0826126 0.9965817 -0 0.0826126 0.9889476 0 0.1482652 0.9889476 -0 0.1482652 0.9769983 0 0.2132472 0.9607716 0 0.2773409 0.9769983 -0 0.2132472 0.9607716 0 0.2773409 0.9403134 0 0.3403098 0.9403134 -0 0.3403098 0.9157048 -0 0.4018516 0.9157048 0 0.4018516 0.8872395 0 0.4613092 0.8872395 0 0.4613092 0.854807 -0 0.5189461 0.854807 0 0.5189461 0.81861 -0 0.5743498 0.81861 0 0.5743498 0.7789292 -0 0.6271119 0.7789292 0 0.6271119 0.7357347 -0 0.6772698 0.7357347 0 0.6772698 0.6894324 0 0.72435 0.6894324 0 0.72435 0.6399574 -0 0.7684104 0.6399574 0 0.7684104 0.5876228 0 0.809135 0.5876228 0 0.809135 0.5331478 -0 0.8460222 0.5331478 0 0.8460222 0.475961 -0 0.8794664 0.475961 0 0.8794664 0.4166176 0 0.9090818 0.4166176 0 0.9090818 0.3559569 -0 0.9345024 0.3559569 0 0.9345024 0.2931993 -0 0.9560513 0.2931993 0 0.9560513 0.2295195 -0 0.9733041 0.2295195 0 0.9733041 0.1645986 -0 0.9863607 0.1645986 0 0.9863607 0.09877252 -0 0.99511 0.09877252 0 0.99511 0.03322776 0 0.9994478 0.03322776 0 0.9994478 -0.03292043 0 0.999458 -0.03292043 0 0.999458 -0.09906204 0 0.9950812 -0.09906204 0 0.9950812 -0.1645986 0 0.9863607 -0.2295195 0 0.9733041 -0.1645986 0 0.9863607 -0.2295195 0 0.9733041 -0.2932425 0 0.9560382 -0.2932425 0 0.9560382 -0.3556371 0 0.9346241 -0.3556371 0 0.9346241 -0.4168719 0 0.9089653 -0.475961 0 0.8794664 -0.4168719 0 0.9089653 -0.475961 0 0.8794664 -0.5329275 0 0.8461609 -0.5329275 0 0.8461609 -0.5878973 0 0.8089356 -0.5878973 0 0.8089356 -0.6399574 0 0.7684104 -0.6399574 0 0.7684104 -0.6892709 0 0.7245038 -0.6892709 0 0.7245038 -0.7357992 0 0.6771998 -0.7357992 0 0.6771998 -0.7788082 0 0.6272621 -0.8186823 0 0.5742467 -0.7788082 0 0.6272621 -0.8186823 0 0.5742467 -0.8547388 0 0.5190584 -0.8873025 0 0.461188 -0.8547388 0 0.5190584 -0.8873025 0 0.461188 -0.9157544 0 0.4017384 -0.9403134 0 0.3403098 -0.9157544 0 0.4017384 -0.9403134 0 0.3403098 -0.9607716 0 0.2773409 -0.9607716 0 0.2773409 -0.9769662 0 0.213394 -0.9769662 0 0.213394 -0.9889634 0 0.1481599 -0.9889634 0 0.1481599 -0.9965839 0 0.08258727 -0.9965839 0 0.08258727 -0.9998619 0 0.0166182 -0.9987653 -0 -0.04967681 -0.9998619 0 0.0166182 -0.9987653 0 -0.04967681 -0.9933196 0 -0.1153949 -0.9933196 0 -0.1153949 -0.9835036 0 -0.1808884 -0.9835036 0 -0.1808884 -0.9693959 0 -0.2455024 -0.9693959 0 -0.2455024 -0.9510409 0 -0.3090652 -0.9510409 0 -0.3090652 -0.928551 0 -0.371205 -0.928551 0 -0.371205 -0.9019883 0 -0.4317604 -0.9019883 0 -0.4317604 -0.871518 0 -0.4903635 -0.871518 0 -0.4903635 -0.8371267 0 -0.5470089 -0.8371267 0 -0.5470089 -0.799261 0 -0.600984 -0.799261 0 -0.600984 -0.7576251 0 -0.6526901 -0.7576251 0 -0.6526901 -0.7130032 0 -0.7011608 -0.7130032 0 -0.7011608 -0.6649939 0 -0.7468488 -0.6141323 -0 -0.789203 -0.6649939 0 -0.7468488 -0.6141323 0 -0.789203 -0.5607903 0 -0.8279579 -0.5607903 0 -0.8279579 -0.5048941 0 -0.8631813 -0.5048941 0 -0.8631813 -0.4464135 0 -0.8948268 -0.4464135 0 -0.8948268 -0.3864608 0 -0.9223059 -0.3864608 0 -0.9223059 -0.3248906 0 -0.9457516 -0.3248906 0 -0.9457516 -0.2614901 0 -0.9652061 -0.2614901 0 -0.9652061 -0.1969149 0 -0.9804206 -0.1969149 0 -0.9804206 -0.1320025 0 -0.9912494 -0.06614127 -0 -0.9978102 -0.1320025 0 -0.9912494 -0.06614127 0 -0.9978102 -0 0 -1 0 0 -1 0.06615142 0 -0.9978096 0.06615142 0 -0.9978096 0.1319824 0 -0.9912521 0.1319824 0 -0.9912521 0.1969149 0 -0.9804206 0.1969149 0 -0.9804206 0.2614901 0 -0.9652061 0.2614901 0 -0.9652061 0.3248906 0 -0.9457516 0.3248906 0 -0.9457516 0.3864608 0 -0.9223059 0.3864608 0 -0.9223059 0.4464749 0 -0.8947961 0.4464749 0 -0.8947961 0.5048271 0 -0.8632205 0.5048271 0 -0.8632205 0.5607903 0 -0.8279579 0.5607903 0 -0.8279579 0.6142069 0 -0.7891451 0.6142069 0 -0.7891451 0.6649175 0 -0.7469168 0.6649175 0 -0.7469168 0.7130801 0 -0.7010826 0.7130801 0 -0.7010826 0.757549 0 -0.6527783 0.757549 0 -0.6527783 0.799261 0 -0.600984 0.799261 0 -0.600984 0.8371972 0 -0.5469012 0.8371972 0 -0.5469012 0.871518 0 -0.4903635 0.871518 0 -0.4903635 0.9019284 0 -0.4318855 0.9019284 0 -0.4318855 0.928551 0 -0.371205 0.928551 0 -0.371205 0.9510409 0 -0.3090652 0.9510409 0 -0.3090652 0.9693959 0 -0.2455024 0.9693959 0 -0.2455024 0.983531 0 -0.1807396 0.983531 0 -0.1807396 0.993302 0 -0.1155468 0.993302 0 -0.1155468 0.9987729 0 -0.04952339 0.9987729 0 -0.04952339 0.9998645 0 0.01646437 0.9998645 -0 0.01646437 0.9965839 0 0.08258727 0.9965839 -0 0.08258727 0.9889409 0 0.1483104 0.9889409 -0 0.1483104 0.9769983 0 0.2132472 0.9607716 0 0.2773409 0.9769983 -0 0.2132472 0.9607716 0 0.2773409 0.9402641 0 0.3404458 0.9402641 -0 0.3404458 0.915811 -0 0.4016094 0.915811 0 0.4016094 0.8872395 0 0.4613092 0.8872395 0 0.4613092 0.854807 -0 0.5189461 0.854807 0 0.5189461 0.81861 -0 0.5743498 0.81861 0 0.5743498 0.7788082 -0 0.6272621 0.7788082 0 0.6272621 0.7358758 -0 0.6771165 0.7358758 0 0.6771165 0.6891941 0 0.7245768 0.6891941 0 0.7245768 0.6399574 -0 0.7684104 0.6399574 0 0.7684104 0.5878973 0 0.8089356 0.5878973 0 0.8089356 0.5329275 -0 0.8461609 0.5329275 0 0.8461609 0.475961 -0 0.8794664 0.475961 0 0.8794664 0.4168719 0 0.9089653 0.4168719 0 0.9089653 0.3556882 -0 0.9346046 0.3556882 0 0.9346046 0.2931993 -0 0.9560513 0.2931993 0 0.9560513 0.2295195 -0 0.9733041 0.2295195 0 0.9733041 0.1645986 -0 0.9863607 0.1645986 0 0.9863607 0.09907721 -0 0.9950798 0.09907721 0 0.9950798 0.03292043 0 0.999458 0.03292043 0 0.999458 -0.02491393 0 0.9996896 -0.02491393 0 0.9996896 -0.0747443 0 0.9972027 -0.1243538 0 0.9922379 -0.0747443 0 0.9972027 -0.1243538 0 0.9922379 -0.1736046 0 0.9848154 -0.2225687 0 0.9749171 -0.1736046 0 0.9848154 -0.2225687 0 0.9749171 -0.2708102 0 0.9626328 -0.2708102 0 0.9626328 -0.3184843 0 0.9479281 -0.3653494 0 0.9308705 -0.3184843 0 0.9479281 -0.3653494 0 0.9308705 -0.4113031 0 0.9114987 -0.4113031 0 0.9114987 -0.4562202 0 0.8898669 -0.4562202 0 0.8898669 -0.4999572 0 0.8660501 -0.4999572 0 0.8660501 -0.5425614 0 0.8400161 -0.5425614 0 0.8400161 -0.5837488 0 0.8119343 -0.5837488 0 0.8119343 -0.6234913 0 0.7818303 -0.6234913 0 0.7818303 -0.6616645 0 0.7498 -0.6982312 0 0.7158724 -0.6616645 0 0.7498 -0.6982312 0 0.7158724 -0.733073 0 0.68015 -0.733073 0 0.68015 -0.7660508 0 0.6427799 -0.7971221 0 0.6038181 -0.7660508 0 0.6427799 -0.7971221 0 0.6038181 -0.8262563 0 0.5632944 -0.8262563 0 0.5632944 -0.8532872 0 0.5214413 -0.8532872 0 0.5214413 -0.8782091 0 0.4782769 -0.8782091 0 0.4782769 -0.9009813 0 0.4338578 -0.9009813 0 0.4338578 -0.9214733 0 0.3884417 -0.9214733 0 0.3884417 -0.9396883 0 0.3420321 -0.9396883 0 0.3420321 -0.955574 0 0.2947511 -0.955574 0 0.2947511 -0.9690787 0 0.2467518 -0.9690787 0 0.2467518 -0.9801686 0 0.1981651 -0.9888353 0 0.1490129 -0.9801686 0 0.1981651 -0.9888353 0 0.1490129 -0.9950286 0 0.09958927 -0.9950286 0 0.09958927 -0.998758 0 0.04982629 -0.998758 0 0.04982629 -1 0 0 -1 0 0 -0.9987577 0 -0.04982987 -0.9987577 0 -0.04982987 -0.9950293 0 -0.09958214 -0.9950293 0 -0.09958214 -0.9888353 0 -0.1490129 -0.9888353 0 -0.1490129 -0.9801686 0 -0.1981651 -0.9801686 0 -0.1981651 -0.9690787 0 -0.2467518 -0.9555678 -0 -0.2947714 -0.9690787 0 -0.2467518 -0.9555678 0 -0.2947714 -0.9396966 -0 -0.3420089 -0.9396966 0 -0.3420089 -0.9214733 0 -0.3884417 -0.9214733 0 -0.3884417 -0.9009678 0 -0.433886 -0.9009678 0 -0.433886 -0.8782256 0 -0.4782467 -0.8782256 0 -0.4782467 -0.8532872 0 -0.5214413 -0.8532872 0 -0.5214413 -0.8262563 0 -0.5632944 -0.8262563 0 -0.5632944 -0.7971221 0 -0.6038181 -0.7971221 0 -0.6038181 -0.7660508 0 -0.6427799 -0.7660508 0 -0.6427799 -0.7330397 -0 -0.6801859 -0.7330397 0 -0.6801859 -0.6982312 0 -0.7158724 -0.6982312 0 -0.7158724 -0.661705 0 -0.7497643 -0.661705 0 -0.7497643 -0.6234913 0 -0.7818303 -0.5837488 -0 -0.8119343 -0.6234913 0 -0.7818303 -0.5837488 0 -0.8119343 -0.5425106 0 -0.840049 -0.5000113 -0 -0.8660189 -0.5425106 0 -0.840049 -0.5000113 0 -0.8660189 -0.4562202 0 -0.8898669 -0.4113031 -0 -0.9114987 -0.4562202 0 -0.8898669 -0.4113031 0 -0.9114987 -0.3653494 0 -0.9308705 -0.3653494 0 -0.9308705 -0.3184843 0 -0.9479281 -0.2708102 -0 -0.9626328 -0.3184843 0 -0.9479281 -0.2708102 0 -0.9626328 -0.2225002 0 -0.9749326 -0.2225002 0 -0.9749326 -0.1736744 0 -0.9848031 -0.1736744 0 -0.9848031 -0.1243538 0 -0.9922379 -0.1243538 0 -0.9922379 -0.0747443 0 -0.9972027 -0.0747443 0 -0.9972027 -0.02491393 -0 -0.9996896 -0.02491393 0 -0.9996896 0.02491393 0 -0.9996896 0.02491393 0 -0.9996896 0.07474162 0 -0.9972029 0.07474162 0 -0.9972029 0.1243538 0 -0.9922379 0.1243538 0 -0.9922379 0.1736744 0 -0.9848031 0.1736744 0 -0.9848031 0.2225002 0 -0.9749326 0.2225002 0 -0.9749326 0.2708102 0 -0.9626328 0.2708102 0 -0.9626328 0.3184843 0 -0.9479281 0.3184843 0 -0.9479281 0.3653616 0 -0.9308656 0.3653616 0 -0.9308656 0.4112896 0 -0.9115047 0.4112896 0 -0.9115047 0.4562202 0 -0.8898669 0.4562202 0 -0.8898669 0.5000113 0 -0.8660189 0.5000113 0 -0.8660189 0.5425106 0 -0.840049 0.5425106 0 -0.840049 0.5837488 0 -0.8119343 0.5837488 0 -0.8119343 0.6234913 0 -0.7818303 0.6234913 0 -0.7818303 0.661705 0 -0.7497643 0.661705 0 -0.7497643 0.6982491 0 -0.7158548 0.6982491 0 -0.7158548 0.7330217 0 -0.6802052 0.7330217 0 -0.6802052 0.7660686 0 -0.6427588 0.7660686 0 -0.6427588 0.7971221 0 -0.6038181 0.7971221 0 -0.6038181 0.8262396 0 -0.563319 0.8262396 0 -0.563319 0.8532872 0 -0.5214413 0.8532872 0 -0.5214413 0.8782256 0 -0.4782467 0.8782256 0 -0.4782467 0.9009678 0 -0.433886 0.9009678 0 -0.433886 0.9214733 0 -0.3884417 0.9214733 0 -0.3884417 0.9396966 0 -0.3420089 0.9396966 0 -0.3420089 0.9555678 0 -0.2947714 0.9555678 0 -0.2947714 0.9690787 0 -0.2467518 0.9690787 0 -0.2467518 0.9801756 0 -0.1981305 0.9801756 0 -0.1981305 0.98883 0 -0.1490481 0.98883 0 -0.1490481 0.9950293 0 -0.09958214 0.9950293 0 -0.09958214 0.9987577 0 -0.04982987 0.9987577 0 -0.04982987 1 -0 0 1 0 0 0.998758 -0 0.04982629 0.998758 0 0.04982629 0.9950286 -0 0.09958927 0.9950286 0 0.09958927 0.98883 -0 0.1490481 0.98883 0 0.1490481 0.9801756 -0 0.1981305 0.9801756 0 0.1981305 0.9690787 0 0.2467518 0.9690787 -0 0.2467518 0.955574 0 0.2947511 0.955574 -0 0.2947511 0.9396883 0 0.3420321 0.9396883 -0 0.3420321 0.9214733 0 0.3884417 0.9214733 -0 0.3884417 0.9009813 0 0.4338578 0.8782091 0 0.4782769 0.9009813 -0 0.4338578 0.8782091 0 0.4782769 0.8532872 0 0.5214413 0.8532872 -0 0.5214413 0.8262396 0 0.563319 0.8262396 -0 0.563319 0.7971221 0 0.6038181 0.7971221 -0 0.6038181 0.7660686 0 0.6427588 0.7660686 -0 0.6427588 0.733055 0 0.6801693 0.733055 -0 0.6801693 0.6982491 0 0.7158548 0.6982491 -0 0.7158548 0.6616645 -0 0.7498 0.6616645 0 0.7498 0.6234913 -0 0.7818303 0.6234913 0 0.7818303 0.5837488 -0 0.8119343 0.5837488 0 0.8119343 0.5425614 -0 0.8400161 0.5425614 0 0.8400161 0.4999572 -0 0.8660501 0.4999572 0 0.8660501 0.4562202 0 0.8898669 0.4562202 -0 0.8898669 0.4112896 0 0.9115047 0.4112896 -0 0.9115047 0.3653616 0 0.9308656 0.3184843 0 0.9479281 0.3653616 -0 0.9308656 0.3184843 0 0.9479281 0.2708102 0 0.9626328 0.2708102 -0 0.9626328 0.2225687 0 0.9749171 0.2225687 -0 0.9749171 0.1736046 0 0.9848154 0.1736046 -0 0.9848154 0.1243538 0 0.9922379 0.1243538 -0 0.9922379 0.07474162 0 0.9972029 0.02491393 0 0.9996896 0.07474162 -0 0.9972029 0.02491393 0 0.9996896 -0.03292043 0 0.999458 -0.03292043 0 0.999458 -0.09906204 0 0.9950812 -0.09906204 0 0.9950812 -0.1646235 0 0.9863565 -0.2294851 0 0.9733121 -0.1646235 0 0.9863565 -0.2294851 0 0.9733121 -0.2932425 0 0.9560382 -0.2932425 0 0.9560382 -0.3556882 0 0.9346046 -0.3556882 0 0.9346046 -0.4168719 0 0.9089653 -0.4758966 0 0.8795012 -0.4168719 0 0.9089653 -0.4758966 0 0.8795012 -0.5329275 0 0.8461609 -0.5329275 0 0.8461609 -0.5878973 0 0.8089356 -0.5878973 0 0.8089356 -0.6399574 0 0.7684104 -0.6399574 0 0.7684104 -0.6892709 0 0.7245038 -0.6892709 0 0.7245038 -0.7358758 0 0.6771165 -0.7358758 0 0.6771165 -0.7788082 0 0.6272621 -0.81861 0 0.5743498 -0.7788082 0 0.6272621 -0.81861 0 0.5743498 -0.854807 0 0.5189461 -0.8872395 0 0.4613092 -0.854807 0 0.5189461 -0.8872395 0 0.4613092 -0.9157544 0 0.4017384 -0.9403134 0 0.3403098 -0.9157544 0 0.4017384 -0.9403134 0 0.3403098 -0.9607716 0 0.2773409 -0.9607716 0 0.2773409 -0.9769662 0 0.213394 -0.9769662 0 0.213394 -0.9889634 0 0.1481599 -0.9889634 0 0.1481599 -0.9965839 0 0.08258727 -0.9965839 0 0.08258727 -0.9998619 0 0.0166182 -0.9987653 -0 -0.04967681 -0.9998619 0 0.0166182 -0.9987653 0 -0.04967681 -0.9933196 0 -0.1153949 -0.9933196 0 -0.1153949 -0.9835036 0 -0.1808884 -0.9835036 0 -0.1808884 -0.9693959 0 -0.2455024 -0.9693959 0 -0.2455024 -0.9510409 0 -0.3090652 -0.9510409 0 -0.3090652 -0.928551 0 -0.371205 -0.928551 0 -0.371205 -0.9019883 0 -0.4317604 -0.9019883 0 -0.4317604 -0.871518 0 -0.4903635 -0.871518 0 -0.4903635 -0.8371267 0 -0.5470089 -0.8371267 0 -0.5470089 -0.799261 0 -0.600984 -0.799261 0 -0.600984 -0.7576251 0 -0.6526901 -0.7576251 0 -0.6526901 -0.7130032 0 -0.7011608 -0.7130032 0 -0.7011608 -0.6649939 0 -0.7468488 -0.6141323 -0 -0.789203 -0.6649939 0 -0.7468488 -0.6141323 0 -0.789203 -0.5607903 0 -0.8279579 -0.5607903 0 -0.8279579 -0.5048941 0 -0.8631813 -0.5048941 0 -0.8631813 -0.4464135 0 -0.8948268 -0.4464135 0 -0.8948268 -0.3864608 0 -0.9223059 -0.3864608 0 -0.9223059 -0.3248906 0 -0.9457516 -0.3248906 0 -0.9457516 -0.2614901 0 -0.9652061 -0.2614901 0 -0.9652061 -0.1969149 0 -0.9804206 -0.1969149 0 -0.9804206 -0.1320025 0 -0.9912494 -0.06614127 -0 -0.9978102 -0.1320025 0 -0.9912494 -0.06614127 0 -0.9978102 -0 0 -1 0 0 -1 0.06614127 0 -0.9978102 0.06614127 0 -0.9978102 0.1320025 0 -0.9912494 0.1320025 0 -0.9912494 0.1969149 0 -0.9804206 0.1969149 0 -0.9804206 0.2614901 0 -0.9652061 0.2614901 0 -0.9652061 0.3248906 0 -0.9457516 0.3248906 0 -0.9457516 0.3864608 0 -0.9223059 0.3864608 0 -0.9223059 0.4464749 0 -0.8947961 0.4464749 0 -0.8947961 0.5048271 0 -0.8632205 0.5048271 0 -0.8632205 0.5607903 0 -0.8279579 0.5607903 0 -0.8279579 0.6142069 0 -0.7891451 0.6142069 0 -0.7891451 0.6649175 0 -0.7469168 0.6649175 0 -0.7469168 0.7130032 0 -0.7011608 0.7130032 0 -0.7011608 0.7576251 0 -0.6526901 0.7576251 0 -0.6526901 0.799261 0 -0.600984 0.799261 0 -0.600984 0.8371267 0 -0.5470089 0.8371267 0 -0.5470089 0.871518 0 -0.4903635 0.871518 0 -0.4903635 0.9019883 0 -0.4317604 0.9019883 0 -0.4317604 0.928551 0 -0.371205 0.928551 0 -0.371205 0.9510409 0 -0.3090652 0.9510409 0 -0.3090652 0.9693959 0 -0.2455024 0.9693959 0 -0.2455024 0.983531 0 -0.1807396 0.983531 0 -0.1807396 0.993302 0 -0.1155468 0.993302 0 -0.1155468 0.9987653 0 -0.04967681 0.9987653 0 -0.04967681 0.9998619 0 0.0166182 0.9998619 -0 0.0166182 0.9965839 0 0.08258727 0.9965839 -0 0.08258727 0.9889409 0 0.1483104 0.9889409 -0 0.1483104 0.9769983 0 0.2132472 0.9607716 0 0.2773409 0.9769983 -0 0.2132472 0.9607716 0 0.2773409 0.9403134 0 0.3403098 0.9403134 -0 0.3403098 0.9157544 -0 0.4017384 0.9157544 0 0.4017384 0.8872395 0 0.4613092 0.8872395 0 0.4613092 0.854807 -0 0.5189461 0.854807 0 0.5189461 0.81861 -0 0.5743498 0.81861 0 0.5743498 0.7788082 -0 0.6272621 0.7788082 0 0.6272621 0.7358758 -0 0.6771165 0.7358758 0 0.6771165 0.6892709 0 0.7245038 0.6892709 0 0.7245038 0.6399574 -0 0.7684104 0.6399574 0 0.7684104 0.5878242 0 0.8089887 0.5878242 0 0.8089887 0.5329275 -0 0.8461609 0.5329275 0 0.8461609 0.475961 -0 0.8794664 0.475961 0 0.8794664 0.4168719 0 0.9089653 0.4168719 0 0.9089653 0.3556882 -0 0.9346046 0.3556882 0 0.9346046 0.2931993 -0 0.9560513 0.2931993 0 0.9560513 0.2295195 -0 0.9733041 0.2295195 0 0.9733041 0.1645986 -0 0.9863607 0.1645986 0 0.9863607 0.09907721 -0 0.9950798 0.09907721 0 0.9950798 0.03292043 0 0.999458 0.03292043 0 0.999458</float_array>
          <technique_common>
            <accessor count="2320" source="#cubenormals-array0-array" stride="3">
              <param type="float" name="X"/>
              <param type="float" name="Y"/>
              <param type="float" name="Z"/>
            </accessor>
          </technique_common>
        </source>
        <vertices id="cubeverts-array0-vertices">
          <input semantic="POSITION" source="#cubeverts-array0"/>
        </vertices>
        <triangles count="2320" material="ref_Body017">
          <input offset="0" semantic="VERTEX" source="#cubeverts-array0-vertices"/>
          <input offset="1" semantic="NORMAL" source="#cubenormals-array0"/>
          <p>0 0 1 0 2 0 2 1 1 1 3 1 3 2 4 2 5 2 1 3 4 3 3 3 5 4 6 4 7 4 4 5 6 5 5 5 7 6 8 6 9 6 6 7 8 7 7 7 9 8 10 8 11 8 8 9 10 9 9 9 11 10 12 10 13 10 10 11 12 11 11 11 13 12 14 12 15 12 12 13 14 13 13 13 15 14 16 14 17 14 14 15 16 15 15 15 17 16 18 16 19 16 19 17 18 17 20 17 16 18 18 18 17 18 20 19 21 19 22 19 18 20 21 20 20 20 22 21 23 21 24 21 21 22 23 22 22 22 23 23 25 23 24 23 24 24 26 24 27 24 25 25 26 25 24 25 27 26 28 26 29 26 26 27 28 27 27 27 29 28 30 28 31 28 28 29 30 29 29 29 31 30 32 30 33 30 30 31 32 31 31 31 33 32 34 32 35 32 35 33 34 33 36 33 32 34 34 34 33 34 34 35 37 35 36 35 37 36 38 36 36 36 36 37 38 37 39 37 38 38 40 38 39 38 39 39 40 39 41 39 40 40 42 40 41 40 41 41 42 41 43 41 43 42 42 42 44 42 42 43 45 43 44 43 44 44 46 44 47 44 45 45 46 45 44 45 47 46 48 46 49 46 46 47 48 47 47 47 49 48 50 48 51 48 48 49 50 49 49 49 51 50 52 50 53 50 50 51 52 51 51 51 53 52 54 52 55 52 52 53 54 53 53 53 55 54 56 54 57 54 54 55 56 55 55 55 57 56 58 56 59 56 56 57 58 57 57 57 59 58 60 58 61 58 58 59 60 59 59 59 61 60 62 60 63 60 60 61 62 61 61 61 63 62 64 62 65 62 62 63 64 63 63 63 65 64 66 64 67 64 67 65 66 65 68 65 64 66 66 66 65 66 66 67 69 67 68 67 68 68 70 68 71 68 69 69 70 69 68 69 71 70 72 70 73 70 70 71 72 71 71 71 73 72 74 72 75 72 72 73 74 73 73 73 75 74 76 74 77 74 74 75 76 75 75 75 77 76 78 76 79 76 79 77 78 77 80 77 76 78 78 78 77 78 80 79 81 79 82 79 78 80 81 80 80 80 81 81 83 81 82 81 82 82 84 82 85 82 83 83 84 83 82 83 84 84 86 84 85 84 85 85 86 85 87 85 87 86 86 86 88 86 86 87 89 87 88 87 89 88 90 88 88 88 88 89 90 89 91 89 91 90 90 90 92 90 90 91 93 91 92 91 93 92 94 92 92 92 92 93 94 93 95 93 95 94 94 94 96 94 94 95 97 95 96 95 96 96 97 96 98 96 97 97 99 97 98 97 99 98 100 98 98 98 98 99 100 99 101 99 101 100 100 100 102 100 100 101 103 101 102 101 103 102 104 102 102 102 102 103 104 103 105 103 104 104 106 104 105 104 105 105 106 105 107 105 106 106 108 106 107 106 107 107 108 107 109 107 109 108 108 108 110 108 108 109 111 109 110 109 111 110 112 110 110 110 110 111 112 111 113 111 113 112 112 112 114 112 114 113 115 113 116 113 112 114 115 114 114 114 116 115 117 115 118 115 115 116 117 116 116 116 118 117 119 117 120 117 117 118 119 118 118 118 119 119 121 119 120 119 120 120 122 120 123 120 121 121 122 121 120 121 123 122 124 122 125 122 122 123 124 123 123 123 125 124 126 124 127 124 124 125 126 125 125 125 128 126 0 126 129 126 129 127 0 127 2 127 126 128 130 128 131 128 126 129 131 129 127 129 94 130 93 130 97 130 90 131 89 131 93 131 93 132 86 132 97 132 89 133 86 133 93 133 99 134 106 134 100 134 100 135 106 135 103 135 103 136 106 136 104 136 84 137 83 137 86 137 97 138 111 138 99 138 106 139 111 139 108 139 86 140 111 140 97 140 99 141 111 141 106 141 81 142 78 142 83 142 83 143 78 143 86 143 111 144 115 144 112 144 78 145 74 145 86 145 76 146 74 146 78 146 111 147 117 147 115 147 111 148 122 148 117 148 117 149 122 149 119 149 119 150 122 150 121 150 69 151 66 151 70 151 70 152 66 152 72 152 72 153 66 153 74 153 122 154 126 154 124 154 62 155 60 155 64 155 64 156 60 156 66 156 58 157 56 157 60 157 74 158 52 158 86 158 111 159 52 159 122 159 60 160 52 160 66 160 54 161 52 161 56 161 122 162 52 162 126 162 56 163 52 163 60 163 66 164 52 164 74 164 86 165 52 165 111 165 48 166 46 166 50 166 42 167 40 167 45 167 45 168 38 168 46 168 50 169 38 169 52 169 46 170 38 170 50 170 40 171 38 171 45 171 38 172 37 172 52 172 34 173 32 173 37 173 37 174 32 174 52 174 30 175 28 175 32 175 28 176 26 176 32 176 32 177 25 177 52 177 26 178 25 178 32 178 21 179 18 179 23 179 23 180 18 180 25 180 18 181 16 181 25 181 12 182 10 182 14 182 14 183 10 183 16 183 16 184 10 184 25 184 6 185 4 185 8 185 8 186 4 186 10 186 1 187 0 187 4 187 52 188 0 188 126 188 25 189 0 189 52 189 4 190 0 190 10 190 10 191 0 191 25 191 126 192 128 192 130 192 0 193 128 193 126 193 128 194 132 194 130 194 128 195 133 195 132 195 92 196 95 196 96 196 88 197 91 197 92 197 87 198 92 198 96 198 87 199 88 199 92 199 107 200 98 200 101 200 107 201 101 201 102 201 107 202 102 202 105 202 82 203 85 203 87 203 110 204 96 204 98 204 110 205 107 205 109 205 110 206 87 206 96 206 110 207 98 207 107 207 79 208 80 208 82 208 79 209 82 209 87 209 114 210 110 210 113 210 75 211 79 211 87 211 75 212 77 212 79 212 116 213 110 213 114 213 123 214 110 214 116 214 123 215 116 215 118 215 123 216 118 216 120 216 67 217 68 217 71 217 67 218 71 218 73 218 67 219 73 219 75 219 127 220 123 220 125 220 61 221 63 221 65 221 61 222 65 222 67 222 57 223 59 223 61 223 53 224 75 224 87 224 53 225 110 225 123 225 53 226 55 226 57 226 53 227 123 227 127 227 53 228 61 228 67 228 53 229 57 229 61 229 53 230 67 230 75 230 53 231 87 231 110 231 47 232 49 232 51 232 41 233 43 233 44 233 39 234 44 234 47 234 39 235 51 235 53 235 39 236 47 236 51 236 39 237 41 237 44 237 36 238 39 238 53 238 33 239 35 239 36 239 33 240 36 240 53 240 29 241 31 241 33 241 27 242 29 242 33 242 24 243 33 243 53 243 24 244 27 244 33 244 19 245 20 245 22 245 19 246 22 246 24 246 17 247 19 247 24 247 11 248 13 248 15 248 11 249 15 249 17 249 11 250 17 250 24 250 5 251 7 251 9 251 5 252 9 252 11 252 2 253 3 253 5 253 2 254 5 254 11 254 2 255 53 255 127 255 2 256 24 256 53 256 2 257 11 257 24 257 129 258 127 258 131 258 129 259 2 259 127 259 134 260 129 260 131 260 135 261 129 261 134 261 135 262 128 262 129 262 135 263 133 263 128 263 136 264 135 264 137 264 136 265 133 265 135 265 134 266 131 266 130 266 134 267 138 267 139 267 132 268 138 268 134 268 132 269 134 269 130 269 140 270 133 270 141 270 142 271 141 271 133 271 143 272 133 272 140 272 144 273 142 273 133 273 145 274 133 274 143 274 146 275 144 275 133 275 147 276 133 276 145 276 148 277 146 277 133 277 149 278 133 278 147 278 150 279 148 279 133 279 151 280 133 280 149 280 152 281 150 281 133 281 153 282 133 282 151 282 154 283 152 283 133 283 155 284 133 284 153 284 156 285 154 285 133 285 157 286 133 286 155 286 158 287 156 287 133 287 159 288 133 288 157 288 160 289 158 289 133 289 161 290 133 290 159 290 162 291 160 291 133 291 163 292 133 292 161 292 164 293 162 293 133 293 165 294 133 294 163 294 166 295 133 295 165 295 167 296 133 296 166 296 168 297 133 297 167 297 169 298 133 298 168 298 170 299 133 299 169 299 171 300 172 300 173 300 171 301 173 301 174 301 171 302 174 302 175 302 171 303 175 303 176 303 177 304 176 304 178 304 177 305 178 305 179 305 177 306 179 306 180 306 177 307 171 307 176 307 181 308 182 308 183 308 181 309 183 309 184 309 181 310 184 310 172 310 181 311 172 311 171 311 185 312 180 312 186 312 185 313 186 313 187 313 185 314 187 314 188 314 185 315 177 315 180 315 189 316 190 316 191 316 189 317 191 317 192 317 189 318 192 318 182 318 189 319 182 319 181 319 193 320 188 320 194 320 193 321 194 321 195 321 193 322 195 322 196 322 193 323 185 323 188 323 197 324 198 324 199 324 197 325 199 325 200 325 197 326 200 326 190 326 197 327 190 327 189 327 201 328 196 328 202 328 201 329 202 329 203 329 201 330 203 330 204 330 201 331 193 331 196 331 205 332 198 332 197 332 205 333 206 333 207 333 205 334 207 334 208 334 205 335 208 335 198 335 209 336 204 336 210 336 209 337 210 337 211 337 209 338 211 338 212 338 209 339 201 339 204 339 213 340 206 340 205 340 213 341 214 341 215 341 213 342 215 342 206 342 216 343 209 343 212 343 216 344 212 344 217 344 216 345 217 345 218 345 219 346 214 346 213 346 219 347 220 347 221 347 219 348 221 348 222 348 219 349 222 349 214 349 223 350 218 350 224 350 223 351 224 351 225 351 223 352 225 352 226 352 223 353 216 353 218 353 227 354 220 354 219 354 227 355 228 355 229 355 227 356 229 356 220 356 230 357 223 357 226 357 230 358 226 358 231 358 230 359 231 359 232 359 233 360 228 360 227 360 233 361 234 361 235 361 233 362 235 362 228 362 236 363 230 363 232 363 236 364 232 364 237 364 238 365 234 365 233 365 238 366 239 366 240 366 238 367 240 367 234 367 241 368 236 368 237 368 241 369 237 369 242 369 241 370 242 370 243 370 244 371 239 371 238 371 244 372 245 372 239 372 246 373 243 373 247 373 246 374 241 374 243 374 248 375 245 375 244 375 248 376 249 376 245 376 250 377 246 377 247 377 250 378 247 378 251 378 250 379 251 379 252 379 253 380 249 380 248 380 253 381 170 381 254 381 253 382 254 382 249 382 255 383 250 383 252 383 255 384 252 384 256 384 257 385 170 385 253 385 257 386 133 386 170 386 258 387 256 387 259 387 258 388 255 388 256 388 260 389 133 389 257 389 261 390 258 390 259 390 261 391 259 391 262 391 263 392 132 392 133 392 263 393 133 393 260 393 264 394 132 394 263 394 265 395 132 395 264 395 266 396 132 396 265 396 267 397 268 397 269 397 270 398 271 398 272 398 273 399 268 399 267 399 274 400 275 400 271 400 274 401 271 401 270 401 276 402 267 402 269 402 277 403 270 403 272 403 278 404 279 404 268 404 278 405 268 405 273 405 280 406 275 406 274 406 281 407 276 407 269 407 281 408 269 408 282 408 283 409 277 409 272 409 283 410 272 410 284 410 285 411 279 411 278 411 286 412 287 412 275 412 286 413 275 413 280 413 288 414 281 414 282 414 289 415 284 415 290 415 289 416 283 416 284 416 291 417 279 417 285 417 291 418 292 418 279 418 293 419 287 419 286 419 294 420 288 420 282 420 294 421 282 421 295 421 296 422 289 422 290 422 297 423 292 423 291 423 297 424 298 424 292 424 299 425 287 425 293 425 300 426 296 426 290 426 300 427 290 427 301 427 302 428 294 428 295 428 303 429 298 429 297 429 303 430 266 430 298 430 304 431 305 431 287 431 304 432 287 432 299 432 306 433 302 433 295 433 306 434 295 434 307 434 308 435 300 435 301 435 308 436 301 436 309 436 310 437 266 437 303 437 310 438 132 438 266 438 311 439 305 439 304 439 312 440 306 440 307 440 313 441 308 441 309 441 314 442 132 442 310 442 315 443 316 443 305 443 315 444 305 444 311 444 317 445 312 445 307 445 318 446 132 446 314 446 319 447 316 447 315 447 320 448 317 448 307 448 320 449 307 449 321 449 322 450 132 450 318 450 323 451 316 451 319 451 324 452 320 452 321 452 325 453 132 453 322 453 326 454 316 454 323 454 326 455 327 455 316 455 328 456 324 456 321 456 328 457 321 457 329 457 330 458 132 458 325 458 331 459 327 459 326 459 332 460 328 460 329 460 333 461 132 461 330 461 334 462 327 462 331 462 335 463 332 463 329 463 336 464 132 464 333 464 337 465 327 465 334 465 337 466 338 466 327 466 339 467 335 467 329 467 339 468 329 468 340 468 341 469 132 469 336 469 342 470 338 470 337 470 343 471 339 471 340 471 344 472 132 472 341 472 345 473 338 473 342 473 346 474 343 474 340 474 347 475 132 475 344 475 348 476 338 476 345 476 348 477 349 477 338 477 350 478 346 478 340 478 351 479 132 479 347 479 352 480 349 480 348 480 353 481 350 481 340 481 353 482 340 482 354 482 355 483 132 483 351 483 356 484 349 484 352 484 357 485 353 485 354 485 358 486 132 486 355 486 359 487 349 487 356 487 360 488 357 488 354 488 361 489 349 489 359 489 362 490 132 490 358 490 363 491 361 491 359 491 364 492 360 492 354 492 365 493 132 493 362 493 366 494 361 494 363 494 367 495 132 495 365 495 368 496 361 496 366 496 369 497 370 497 364 497 369 498 364 498 354 498 371 499 370 499 369 499 372 500 132 500 367 500 373 501 371 501 369 501 374 502 132 502 372 502 375 503 368 503 376 503 375 504 376 504 377 504 375 505 361 505 368 505 378 506 132 506 374 506 379 507 375 507 377 507 380 508 132 508 378 508 381 509 375 509 379 509 382 510 373 510 369 510 382 511 383 511 384 511 382 512 384 512 373 512 385 513 383 513 382 513 386 514 132 514 380 514 387 515 385 515 382 515 388 516 132 516 386 516 389 517 375 517 381 517 389 518 381 518 390 518 389 519 390 519 391 519 392 520 132 520 388 520 393 521 389 521 391 521 394 522 132 522 392 522 136 523 395 523 396 523 136 524 396 524 397 524 136 525 397 525 398 525 136 526 398 526 399 526 136 527 399 527 400 527 136 528 400 528 401 528 136 529 401 529 402 529 136 530 402 530 403 530 136 531 403 531 404 531 136 532 404 532 405 532 136 533 405 533 406 533 136 534 406 534 407 534 136 535 407 535 408 535 136 536 408 536 409 536 136 537 409 537 410 537 136 538 410 538 411 538 136 539 411 539 412 539 136 540 412 540 413 540 136 541 413 541 414 541 136 542 414 542 415 542 136 543 309 543 416 543 136 544 415 544 417 544 136 545 416 545 418 545 136 546 417 546 419 546 136 547 262 547 420 547 136 548 420 548 421 548 136 549 418 549 261 549 136 550 419 550 313 550 136 551 421 551 164 551 136 552 261 552 262 552 136 553 164 553 133 553 136 554 313 554 309 554 422 555 395 555 136 555 423 556 424 556 425 556 423 557 425 557 426 557 423 558 426 558 387 558 423 559 387 559 382 559 427 560 132 560 394 560 428 561 422 561 136 561 429 562 132 562 427 562 430 563 428 563 136 563 431 564 132 564 429 564 432 565 389 565 393 565 432 566 393 566 433 566 432 567 433 567 434 567 432 568 434 568 435 568 436 569 430 569 136 569 437 570 132 570 431 570 438 571 436 571 136 571 439 572 438 572 136 572 440 573 441 573 442 573 440 574 442 574 443 574 440 575 443 575 424 575 440 576 424 576 423 576 444 577 439 577 136 577 445 578 444 578 136 578 446 579 445 579 136 579 447 580 446 580 136 580 448 581 432 581 435 581 448 582 435 582 449 582 448 583 449 583 450 583 448 584 450 584 451 584 452 585 453 585 454 585 452 586 454 586 455 586 452 587 455 587 441 587 452 588 441 588 440 588 456 589 457 589 458 589 456 590 458 590 459 590 456 591 448 591 451 591 456 592 451 592 457 592 460 593 461 593 462 593 460 594 462 594 453 594 460 595 453 595 452 595 463 596 459 596 464 596 463 597 464 597 465 597 463 598 456 598 459 598 466 599 467 599 468 599 466 600 468 600 469 600 466 601 469 601 461 601 466 602 461 602 460 602 470 603 465 603 471 603 470 604 471 604 472 604 470 605 472 605 473 605 470 606 463 606 465 606 474 607 475 607 476 607 474 608 476 608 467 608 474 609 467 609 466 609 477 610 473 610 478 610 477 611 478 611 479 611 477 612 470 612 473 612 480 613 481 613 482 613 480 614 482 614 475 614 480 615 475 615 474 615 483 616 479 616 484 616 483 617 484 617 485 617 483 618 477 618 479 618 486 619 487 619 488 619 486 620 488 620 481 620 486 621 481 621 480 621 489 622 483 622 485 622 489 623 485 623 490 623 489 624 490 624 491 624 492 625 493 625 494 625 492 626 494 626 487 626 492 627 487 627 486 627 495 628 491 628 496 628 495 629 489 629 491 629 497 630 498 630 493 630 497 631 493 631 492 631 499 632 496 632 500 632 499 633 495 633 496 633 501 634 502 634 498 634 501 635 498 635 497 635 503 636 500 636 504 636 503 637 504 637 505 637 503 638 499 638 500 638 506 639 502 639 501 639 506 640 507 640 502 640 508 641 503 641 505 641 508 642 505 642 447 642 508 643 447 643 136 643 509 644 507 644 506 644 509 645 510 645 511 645 509 646 511 646 507 646 512 647 508 647 136 647 513 648 510 648 509 648 514 649 512 649 136 649 515 650 516 650 517 650 515 651 517 651 518 651 519 652 518 652 517 652 520 653 516 653 515 653 521 654 517 654 522 654 521 655 519 655 517 655 523 656 516 656 520 656 524 657 521 657 522 657 525 658 516 658 523 658 526 659 524 659 522 659 527 660 528 660 516 660 527 661 516 661 525 661 529 662 522 662 530 662 529 663 526 663 522 663 531 664 528 664 527 664 532 665 529 665 530 665 533 666 528 666 531 666 534 667 532 667 530 667 535 668 536 668 528 668 535 669 528 669 533 669 537 670 534 670 530 670 538 671 536 671 535 671 539 672 530 672 540 672 539 673 537 673 530 673 541 674 536 674 538 674 542 675 539 675 540 675 543 676 536 676 541 676 543 677 544 677 536 677 545 678 542 678 540 678 546 679 544 679 543 679 547 680 540 680 548 680 547 681 545 681 540 681 549 682 544 682 546 682 550 683 547 683 548 683 551 684 544 684 549 684 551 685 552 685 544 685 553 686 548 686 554 686 553 687 550 687 548 687 555 688 552 688 551 688 556 689 553 689 554 689 557 690 552 690 555 690 557 691 558 691 552 691 559 692 556 692 554 692 560 693 558 693 557 693 561 694 554 694 562 694 561 695 559 695 554 695 563 696 558 696 560 696 564 697 561 697 562 697 565 698 558 698 563 698 565 699 566 699 558 699 567 700 562 700 568 700 567 701 564 701 562 701 569 702 566 702 565 702 570 703 567 703 568 703 571 704 566 704 569 704 571 705 572 705 566 705 573 706 568 706 574 706 573 707 570 707 568 707 575 708 572 708 571 708 576 709 573 709 574 709 577 710 572 710 575 710 577 711 578 711 572 711 579 712 576 712 574 712 579 713 574 713 580 713 581 714 578 714 577 714 582 715 579 715 580 715 583 716 578 716 581 716 583 717 584 717 578 717 585 718 580 718 586 718 585 719 582 719 580 719 587 720 584 720 583 720 588 721 585 721 586 721 589 722 584 722 587 722 589 723 590 723 584 723 591 724 586 724 592 724 591 725 588 725 586 725 593 726 590 726 589 726 593 727 594 727 590 727 595 728 592 728 596 728 595 729 591 729 592 729 597 730 594 730 593 730 597 731 598 731 594 731 599 732 596 732 600 732 599 733 595 733 596 733 601 734 598 734 597 734 601 735 602 735 598 735 603 736 599 736 600 736 604 737 602 737 601 737 605 738 602 738 604 738 138 739 605 739 606 739 138 740 606 740 607 740 138 741 607 741 608 741 138 742 608 742 609 742 138 743 609 743 610 743 138 744 610 744 611 744 138 745 611 745 612 745 138 746 612 746 613 746 138 747 600 747 614 747 138 748 613 748 615 748 138 749 614 749 616 749 138 750 615 750 617 750 138 751 616 751 514 751 138 752 617 752 618 752 138 753 618 753 619 753 138 754 619 754 620 754 138 755 620 755 621 755 138 756 621 756 622 756 138 757 622 757 623 757 138 758 623 758 624 758 138 759 624 759 625 759 138 760 625 760 626 760 138 761 626 761 627 761 138 762 627 762 628 762 138 763 628 763 629 763 138 764 629 764 630 764 138 765 630 765 631 765 138 766 631 766 632 766 138 767 632 767 633 767 138 768 633 768 634 768 138 769 634 769 635 769 138 770 635 770 636 770 138 771 636 771 637 771 138 772 637 772 638 772 138 773 638 773 639 773 138 774 639 774 603 774 138 775 514 775 136 775 138 776 602 776 605 776 138 777 603 777 600 777 138 778 640 778 641 778 138 779 641 779 602 779 138 780 132 780 642 780 642 781 132 781 437 781 138 782 642 782 643 782 138 783 643 783 644 783 138 784 644 784 645 784 138 785 645 785 510 785 138 786 510 786 513 786 138 787 513 787 640 787 646 788 647 788 137 788 137 789 648 789 646 789 647 790 649 790 137 790 137 791 650 791 648 791 649 792 651 792 137 792 137 793 652 793 650 793 651 794 653 794 137 794 137 795 654 795 652 795 653 796 655 796 137 796 137 797 656 797 654 797 655 798 657 798 137 798 137 799 658 799 656 799 657 800 659 800 137 800 137 801 660 801 658 801 659 802 661 802 137 802 137 803 662 803 660 803 661 804 663 804 137 804 137 805 664 805 662 805 663 806 665 806 137 806 137 807 666 807 664 807 665 808 667 808 137 808 137 809 668 809 666 809 667 810 669 810 137 810 137 811 670 811 668 811 669 812 671 812 137 812 137 813 672 813 670 813 671 814 673 814 137 814 137 815 674 815 672 815 673 816 675 816 137 816 137 817 676 817 674 817 675 818 677 818 137 818 137 819 678 819 676 819 677 820 679 820 137 820 680 821 681 821 682 821 682 822 681 822 683 822 683 823 681 823 684 823 684 824 681 824 685 824 680 825 686 825 681 825 687 826 686 826 688 826 688 827 686 827 689 827 689 828 686 828 680 828 681 829 690 829 685 829 685 830 690 830 691 830 691 831 690 831 692 831 692 832 690 832 693 832 687 833 694 833 686 833 695 834 694 834 696 834 696 835 694 835 697 835 697 836 694 836 687 836 690 837 698 837 693 837 693 838 698 838 699 838 699 839 698 839 700 839 700 840 698 840 701 840 695 841 702 841 694 841 703 842 702 842 704 842 704 843 702 843 705 843 705 844 702 844 695 844 698 845 706 845 701 845 701 846 706 846 707 846 707 847 706 847 708 847 708 848 706 848 709 848 703 849 710 849 702 849 711 850 710 850 712 850 712 851 710 851 713 851 713 852 710 852 703 852 709 853 714 853 715 853 715 854 714 854 716 854 716 855 714 855 717 855 706 856 714 856 709 856 711 857 718 857 710 857 719 858 718 858 720 858 720 859 718 859 721 859 721 860 718 860 711 860 717 861 722 861 723 861 723 862 722 862 724 862 714 863 722 863 717 863 719 864 725 864 718 864 726 865 725 865 727 865 727 866 725 866 719 866 724 867 728 867 729 867 729 868 728 868 730 868 730 869 728 869 731 869 722 870 728 870 724 870 726 871 732 871 725 871 733 872 732 872 734 872 734 873 732 873 735 873 735 874 732 874 726 874 728 875 736 875 731 875 731 876 736 876 737 876 737 877 736 877 738 877 739 878 740 878 741 878 741 879 740 879 733 879 733 880 740 880 732 880 738 881 742 881 743 881 736 882 742 882 738 882 743 883 742 883 744 883 745 884 746 884 739 884 739 885 746 885 740 885 744 886 747 886 748 886 748 887 747 887 749 887 742 888 747 888 744 888 745 889 750 889 746 889 751 890 750 890 752 890 752 891 750 891 745 891 749 892 753 892 754 892 747 893 753 893 749 893 751 894 755 894 750 894 756 895 755 895 751 895 753 896 757 896 754 896 754 897 757 897 758 897 756 898 759 898 755 898 760 899 759 899 761 899 761 900 759 900 756 900 758 901 762 901 763 901 757 902 762 902 758 902 763 903 762 903 764 903 760 904 765 904 759 904 766 905 765 905 760 905 764 906 767 906 679 906 762 907 767 907 764 907 679 908 767 908 137 908 137 909 768 909 678 909 766 910 768 910 765 910 678 911 768 911 766 911 767 912 769 912 137 912 137 913 770 913 768 913 769 914 771 914 137 914 137 915 772 915 770 915 771 916 773 916 137 916 774 917 775 917 776 917 777 918 778 918 779 918 775 919 780 919 776 919 779 920 781 920 782 920 778 921 781 921 779 921 774 922 783 922 775 922 777 923 784 923 778 923 780 924 785 924 776 924 776 925 785 925 786 925 781 926 787 926 782 926 774 927 788 927 783 927 789 928 788 928 774 928 790 929 791 929 777 929 777 930 791 930 784 930 785 931 792 931 786 931 787 932 793 932 782 932 782 933 793 933 794 933 789 934 795 934 788 934 790 935 796 935 791 935 797 936 796 936 790 936 792 937 798 937 786 937 786 938 798 938 799 938 793 939 800 939 794 939 801 940 802 940 789 940 789 941 802 941 795 941 797 942 803 942 796 942 799 943 804 943 805 943 798 944 804 944 799 944 800 945 806 945 794 945 801 946 807 946 802 946 797 947 808 947 803 947 809 948 808 948 797 948 805 949 810 949 811 949 804 950 810 950 805 950 806 951 812 951 794 951 794 952 812 952 813 952 814 953 815 953 801 953 801 954 815 954 807 954 809 955 816 955 808 955 817 956 816 956 809 956 810 957 818 957 811 957 812 958 819 958 813 958 814 959 820 959 815 959 817 960 821 960 816 960 819 961 822 961 813 961 813 962 822 962 823 962 814 963 824 963 820 963 822 964 825 964 823 964 826 965 827 965 814 965 814 966 827 966 824 966 825 967 828 967 823 967 826 968 829 968 827 968 823 969 830 969 831 969 828 970 830 970 823 970 832 971 833 971 826 971 826 972 833 972 829 972 830 973 834 973 831 973 832 974 835 974 833 974 834 975 836 975 831 975 832 976 837 976 835 976 836 977 838 977 831 977 831 978 838 978 839 978 840 979 841 979 832 979 832 980 841 980 837 980 838 981 842 981 839 981 840 982 843 982 841 982 842 983 844 983 839 983 811 984 139 984 845 984 845 985 139 985 773 985 818 986 139 986 811 986 846 987 139 987 847 987 847 988 139 988 848 988 848 989 139 989 849 989 849 990 139 990 850 990 850 991 139 991 851 991 851 992 139 992 852 992 852 993 139 993 853 993 853 994 139 994 854 994 854 995 139 995 818 995 773 996 139 996 137 996 840 997 855 997 843 997 846 998 856 998 139 998 844 999 857 999 839 999 839 1000 857 1000 858 1000 840 1001 859 1001 855 1001 856 1002 860 1002 139 1002 857 1003 861 1003 858 1003 840 1004 862 1004 859 1004 863 1005 862 1005 840 1005 860 1006 864 1006 139 1006 861 1007 865 1007 858 1007 863 1008 866 1008 862 1008 864 1009 867 1009 139 1009 865 1010 868 1010 858 1010 863 1011 869 1011 866 1011 868 1012 870 1012 858 1012 867 1013 871 1013 139 1013 868 1014 872 1014 870 1014 863 1015 873 1015 869 1015 871 1016 874 1016 139 1016 872 1017 875 1017 870 1017 874 1018 876 1018 139 1018 875 1019 877 1019 870 1019 873 1020 878 1020 879 1020 863 1021 878 1021 873 1021 878 1022 880 1022 879 1022 876 1023 881 1023 139 1023 878 1024 882 1024 880 1024 881 1025 883 1025 139 1025 877 1026 884 1026 870 1026 885 1027 884 1027 886 1027 886 1028 884 1028 877 1028 883 1029 887 1029 139 1029 885 1030 888 1030 884 1030 887 1031 889 1031 139 1031 888 1032 890 1032 884 1032 878 1033 891 1033 882 1033 882 1034 891 1034 892 1034 892 1035 891 1035 893 1035 891 1036 894 1036 893 1036 889 1037 895 1037 139 1037 891 1038 896 1038 894 1038 895 1039 897 1039 139 1039 898 1040 899 1040 900 1040 900 1041 899 1041 890 1041 890 1042 899 1042 884 1042 897 1043 901 1043 139 1043 898 1044 902 1044 899 1044 901 1045 903 1045 139 1045 137 1046 135 1046 772 1046 821 1047 135 1047 904 1047 772 1048 135 1048 905 1048 904 1049 135 1049 906 1049 905 1050 135 1050 817 1050 906 1051 135 1051 907 1051 907 1052 135 1052 908 1052 908 1053 135 1053 909 1053 909 1054 135 1054 910 1054 910 1055 135 1055 911 1055 911 1056 135 1056 912 1056 912 1057 135 1057 913 1057 913 1058 135 1058 914 1058 914 1059 135 1059 915 1059 915 1060 135 1060 916 1060 916 1061 135 1061 917 1061 917 1062 135 1062 918 1062 817 1063 135 1063 821 1063 918 1064 135 1064 919 1064 919 1065 135 1065 920 1065 920 1066 135 1066 921 1066 921 1067 135 1067 922 1067 922 1068 135 1068 923 1068 923 1069 135 1069 924 1069 924 1070 135 1070 925 1070 925 1071 135 1071 926 1071 926 1072 135 1072 927 1072 135 1073 928 1073 927 1073 891 1074 929 1074 896 1074 896 1075 929 1075 930 1075 930 1076 929 1076 931 1076 931 1077 929 1077 932 1077 903 1078 933 1078 139 1078 135 1079 934 1079 928 1079 933 1080 935 1080 139 1080 135 1081 936 1081 934 1081 935 1082 937 1082 139 1082 902 1083 938 1083 899 1083 939 1084 938 1084 940 1084 940 1085 938 1085 941 1085 941 1086 938 1086 902 1086 135 1087 942 1087 936 1087 937 1088 943 1088 139 1088 135 1089 944 1089 942 1089 943 1090 945 1090 139 1090 135 1091 946 1091 944 1091 945 1092 947 1092 139 1092 929 1093 948 1093 932 1093 932 1094 948 1094 949 1094 949 1095 948 1095 950 1095 950 1096 948 1096 951 1096 135 1097 952 1097 946 1097 947 1098 953 1098 139 1098 135 1099 954 1099 952 1099 953 1100 955 1100 139 1100 135 1101 956 1101 954 1101 955 1102 957 1102 139 1102 135 1103 958 1103 956 1103 959 1104 960 1104 961 1104 961 1105 960 1105 962 1105 962 1106 960 1106 939 1106 939 1107 960 1107 938 1107 948 1108 963 1108 951 1108 951 1109 963 1109 964 1109 964 1110 963 1110 965 1110 965 1111 963 1111 966 1111 967 1112 968 1112 969 1112 969 1113 968 1113 970 1113 970 1114 968 1114 959 1114 959 1115 968 1115 960 1115 963 1116 971 1116 966 1116 966 1117 971 1117 972 1117 972 1118 971 1118 973 1118 974 1119 975 1119 976 1119 976 1120 975 1120 967 1120 967 1121 975 1121 968 1121 977 1122 978 1122 979 1122 971 1123 978 1123 973 1123 973 1124 978 1124 980 1124 980 1125 978 1125 977 1125 981 1126 982 1126 983 1126 983 1127 982 1127 984 1127 984 1128 982 1128 974 1128 974 1129 982 1129 975 1129 979 1130 985 1130 986 1130 986 1131 985 1131 987 1131 978 1132 985 1132 979 1132 988 1133 989 1133 990 1133 990 1134 989 1134 981 1134 981 1135 989 1135 982 1135 987 1136 991 1136 992 1136 992 1137 991 1137 993 1137 985 1138 991 1138 987 1138 994 1139 995 1139 996 1139 996 1140 995 1140 988 1140 988 1141 995 1141 989 1141 993 1142 997 1142 998 1142 998 1143 997 1143 999 1143 991 1144 997 1144 993 1144 994 1145 1000 1145 995 1145 1001 1146 1000 1146 1002 1146 1002 1147 1000 1147 994 1147 999 1148 1003 1148 1004 1148 1004 1149 1003 1149 1005 1149 997 1150 1003 1150 999 1150 1001 1151 1006 1151 1000 1151 1007 1152 1006 1152 1001 1152 1005 1153 1008 1153 1009 1153 1003 1154 1008 1154 1005 1154 1007 1155 1010 1155 1006 1155 1011 1156 1010 1156 1007 1156 1009 1157 1012 1157 1013 1157 1008 1158 1012 1158 1009 1158 1011 1159 1014 1159 1010 1159 1015 1160 1014 1160 1016 1160 1016 1161 1014 1161 1011 1161 1013 1162 1017 1162 1018 1162 1012 1163 1017 1163 1013 1163 1015 1164 1019 1164 1014 1164 135 1165 1019 1165 958 1165 958 1166 1019 1166 1015 1166 1017 1167 1020 1167 1018 1167 1018 1168 1020 1168 1021 1168 1021 1169 1020 1169 957 1169 957 1170 1020 1170 139 1170 135 1171 1022 1171 1019 1171 1020 1172 1023 1172 139 1172 135 1173 1024 1173 1022 1173 1023 1174 1025 1174 139 1174 1026 1175 1027 1175 1028 1175 1029 1176 1027 1176 1026 1176 1026 1177 1030 1177 1029 1177 1027 1178 1031 1178 1028 1178 1032 1179 1033 1179 1026 1179 1026 1180 1033 1180 1030 1180 1031 1181 1034 1181 1028 1181 1032 1182 1035 1182 1033 1182 1034 1183 1036 1183 1028 1183 1032 1184 1037 1184 1035 1184 1028 1185 1038 1185 1039 1185 1036 1186 1038 1186 1028 1186 1040 1187 1041 1187 1032 1187 1032 1188 1041 1188 1037 1188 1038 1189 1042 1189 1039 1189 1040 1190 1043 1190 1041 1190 1042 1191 1044 1191 1039 1191 1040 1192 1045 1192 1043 1192 1039 1193 1046 1193 1047 1193 1044 1194 1046 1194 1039 1194 1040 1195 1048 1195 1045 1195 1046 1196 1049 1196 1047 1196 1050 1197 1051 1197 1040 1197 1040 1198 1051 1198 1048 1198 1049 1199 1052 1199 1047 1199 1050 1200 1053 1200 1051 1200 1047 1201 1054 1201 1055 1201 1052 1202 1054 1202 1047 1202 1050 1203 1056 1203 1053 1203 1054 1204 1057 1204 1055 1204 1058 1205 1059 1205 1050 1205 1050 1206 1059 1206 1056 1206 1057 1207 1060 1207 1055 1207 1058 1208 1061 1208 1059 1208 1060 1209 1062 1209 1055 1209 1055 1210 1062 1210 1063 1210 1064 1211 1065 1211 1058 1211 1058 1212 1065 1212 1061 1212 1062 1213 1066 1213 1063 1213 1064 1214 1067 1214 1065 1214 1063 1215 1068 1215 1069 1215 1066 1216 1068 1216 1063 1216 1064 1217 1070 1217 1067 1217 1068 1218 1071 1218 1069 1218 1072 1219 1073 1219 1064 1219 1064 1220 1073 1220 1070 1220 1071 1221 1074 1221 1069 1221 1072 1222 1075 1222 1073 1222 1069 1223 1076 1223 1077 1223 1074 1224 1076 1224 1069 1224 1078 1225 1079 1225 1072 1225 1072 1226 1079 1226 1075 1226 1076 1227 1080 1227 1077 1227 1078 1228 1081 1228 1079 1228 1080 1229 1082 1229 1077 1229 1077 1230 1082 1230 1083 1230 1084 1231 1085 1231 1078 1231 1078 1232 1085 1232 1081 1232 1082 1233 1086 1233 1083 1233 1084 1234 1087 1234 1085 1234 1086 1235 1088 1235 1083 1235 1083 1236 1088 1236 1089 1236 1084 1237 1090 1237 1087 1237 1091 1238 1090 1238 1084 1238 1088 1239 1092 1239 1089 1239 1091 1240 1093 1240 1090 1240 1089 1241 1094 1241 1095 1241 1092 1242 1094 1242 1089 1242 1091 1243 1096 1243 1093 1243 1097 1244 1096 1244 1091 1244 1094 1245 1098 1245 1095 1245 1097 1246 1099 1246 1096 1246 1095 1247 1100 1247 1101 1247 1098 1248 1100 1248 1095 1248 1097 1249 1102 1249 1099 1249 1103 1250 1102 1250 1097 1250 1101 1251 1104 1251 1105 1251 1100 1252 1104 1252 1101 1252 1103 1253 1106 1253 1102 1253 1107 1254 1106 1254 1103 1254 1105 1255 1108 1255 1109 1255 1104 1256 1108 1256 1105 1256 1107 1257 1110 1257 1106 1257 1111 1258 1110 1258 1107 1258 1109 1259 1112 1259 1113 1259 1108 1260 1112 1260 1109 1260 1111 1261 1114 1261 1110 1261 1112 1262 1115 1262 1113 1262 1115 1263 1116 1263 1113 1263 1117 1264 134 1264 1118 1264 1118 1265 134 1265 1119 1265 1119 1266 134 1266 1120 1266 1120 1267 134 1267 1121 1267 1121 1268 134 1268 1122 1268 1122 1269 134 1269 1123 1269 1123 1270 134 1270 1124 1270 1124 1271 134 1271 1125 1271 1125 1272 134 1272 1126 1272 1126 1273 134 1273 1116 1273 1113 1274 134 1274 1127 1274 1127 1275 134 1275 1025 1275 1116 1276 134 1276 1113 1276 1111 1277 134 1277 1114 1277 1025 1278 134 1278 139 1278 135 1279 134 1279 1024 1279 1114 1280 134 1280 1128 1280 1128 1281 134 1281 1129 1281 1129 1282 134 1282 1130 1282 1130 1283 134 1283 1131 1283 1131 1284 134 1284 1132 1284 1132 1285 134 1285 1133 1285 1133 1286 134 1286 1134 1286 1134 1287 134 1287 1135 1287 1135 1288 134 1288 1136 1288 1136 1289 134 1289 1137 1289 1137 1290 134 1290 1138 1290 1138 1291 134 1291 1139 1291 1139 1292 134 1292 1140 1292 1140 1293 134 1293 1141 1293 1141 1294 134 1294 1142 1294 1024 1295 134 1295 1143 1295 1142 1296 134 1296 1144 1296 1143 1297 134 1297 1145 1297 1144 1298 134 1298 1146 1298 1145 1299 134 1299 1111 1299 1146 1300 134 1300 1147 1300 1147 1301 134 1301 1148 1301 1148 1302 134 1302 1149 1302 1149 1303 134 1303 1150 1303 1150 1304 134 1304 1151 1304 1151 1305 134 1305 1117 1305 136 1306 137 1306 139 1306 136 1307 139 1307 138 1307 959 1308 961 1308 198 1308 198 1309 961 1309 199 1309 199 1310 961 1310 200 1310 961 1311 962 1311 200 1311 200 1312 939 1312 190 1312 190 1313 939 1313 191 1313 962 1314 939 1314 200 1314 939 1315 940 1315 191 1315 191 1316 941 1316 192 1316 940 1317 941 1317 191 1317 192 1318 902 1318 182 1318 941 1319 902 1319 192 1319 182 1320 898 1320 183 1320 183 1321 898 1321 184 1321 902 1322 898 1322 182 1322 898 1323 900 1323 184 1323 184 1324 890 1324 172 1324 900 1325 890 1325 184 1325 172 1326 888 1326 173 1326 890 1327 888 1327 172 1327 173 1328 885 1328 174 1328 888 1329 885 1329 173 1329 174 1330 886 1330 175 1330 885 1331 886 1331 174 1331 175 1332 877 1332 176 1332 886 1333 877 1333 175 1333 176 1334 875 1334 178 1334 178 1335 875 1335 179 1335 877 1336 875 1336 176 1336 875 1337 872 1337 179 1337 179 1338 868 1338 180 1338 180 1339 868 1339 186 1339 872 1340 868 1340 179 1340 868 1341 865 1341 186 1341 186 1342 861 1342 187 1342 187 1343 861 1343 188 1343 865 1344 861 1344 186 1344 861 1345 857 1345 188 1345 188 1346 844 1346 194 1346 857 1347 844 1347 188 1347 194 1348 842 1348 195 1348 844 1349 842 1349 194 1349 195 1350 838 1350 196 1350 842 1351 838 1351 195 1351 196 1352 836 1352 202 1352 838 1353 836 1353 196 1353 202 1354 834 1354 203 1354 203 1355 834 1355 204 1355 836 1356 834 1356 202 1356 834 1357 830 1357 204 1357 204 1358 828 1358 210 1358 830 1359 828 1359 204 1359 828 1360 825 1360 210 1360 210 1361 825 1361 211 1361 825 1362 822 1362 211 1362 211 1363 822 1363 212 1363 822 1364 819 1364 212 1364 212 1365 819 1365 217 1365 819 1366 812 1366 217 1366 217 1367 812 1367 218 1367 812 1368 806 1368 218 1368 218 1369 806 1369 224 1369 806 1370 800 1370 224 1370 224 1371 800 1371 225 1371 800 1372 793 1372 225 1372 225 1373 793 1373 226 1373 793 1374 787 1374 226 1374 226 1375 787 1375 231 1375 787 1376 781 1376 231 1376 231 1377 781 1377 232 1377 232 1378 778 1378 237 1378 781 1379 778 1379 232 1379 237 1380 784 1380 242 1380 242 1381 784 1381 243 1381 778 1382 784 1382 237 1382 784 1383 791 1383 243 1383 243 1384 796 1384 247 1384 791 1385 796 1385 243 1385 247 1386 803 1386 251 1386 796 1387 803 1387 247 1387 251 1388 808 1388 252 1388 803 1389 808 1389 251 1389 252 1390 816 1390 256 1390 808 1391 816 1391 252 1391 256 1392 821 1392 259 1392 816 1393 821 1393 256 1393 259 1394 904 1394 262 1394 821 1395 904 1395 259 1395 262 1396 906 1396 420 1396 904 1397 906 1397 262 1397 420 1398 907 1398 421 1398 421 1399 907 1399 164 1399 906 1400 907 1400 420 1400 907 1401 908 1401 164 1401 164 1402 909 1402 162 1402 908 1403 909 1403 164 1403 162 1404 910 1404 160 1404 909 1405 910 1405 162 1405 160 1406 911 1406 158 1406 910 1407 911 1407 160 1407 158 1408 912 1408 156 1408 911 1409 912 1409 158 1409 156 1410 913 1410 154 1410 912 1411 913 1411 156 1411 913 1412 914 1412 154 1412 154 1413 914 1413 152 1413 914 1414 915 1414 152 1414 152 1415 915 1415 150 1415 150 1416 915 1416 148 1416 915 1417 916 1417 148 1417 916 1418 917 1418 148 1418 148 1419 917 1419 146 1419 917 1420 918 1420 146 1420 146 1421 918 1421 144 1421 918 1422 919 1422 144 1422 144 1423 919 1423 142 1423 919 1424 920 1424 142 1424 142 1425 920 1425 141 1425 141 1426 920 1426 140 1426 920 1427 921 1427 140 1427 921 1428 922 1428 140 1428 140 1429 922 1429 143 1429 922 1430 923 1430 143 1430 143 1431 923 1431 145 1431 923 1432 924 1432 145 1432 145 1433 924 1433 147 1433 924 1434 925 1434 147 1434 147 1435 925 1435 149 1435 149 1436 925 1436 151 1436 925 1437 926 1437 151 1437 151 1438 926 1438 153 1438 926 1439 927 1439 153 1439 927 1440 928 1440 153 1440 153 1441 928 1441 155 1441 155 1442 928 1442 157 1442 928 1443 934 1443 157 1443 934 1444 936 1444 157 1444 157 1445 936 1445 159 1445 159 1446 936 1446 161 1446 936 1447 942 1447 161 1447 161 1448 944 1448 163 1448 942 1449 944 1449 161 1449 163 1450 946 1450 165 1450 944 1451 946 1451 163 1451 165 1452 952 1452 166 1452 946 1453 952 1453 165 1453 166 1454 954 1454 167 1454 952 1455 954 1455 166 1455 167 1456 956 1456 168 1456 168 1457 956 1457 169 1457 954 1458 956 1458 167 1458 956 1459 958 1459 169 1459 169 1460 1015 1460 170 1460 958 1461 1015 1461 169 1461 1015 1462 1016 1462 170 1462 170 1463 1016 1463 254 1463 254 1464 1016 1464 249 1464 1016 1465 1011 1465 249 1465 1011 1466 1007 1466 249 1466 249 1467 1007 1467 245 1467 1007 1468 1001 1468 245 1468 245 1469 1001 1469 239 1469 1001 1470 1002 1470 239 1470 239 1471 1002 1471 240 1471 1002 1472 994 1472 240 1472 240 1473 994 1473 234 1473 234 1474 994 1474 235 1474 994 1475 996 1475 235 1475 996 1476 988 1476 235 1476 235 1477 988 1477 228 1477 228 1478 988 1478 229 1478 988 1479 990 1479 229 1479 990 1480 981 1480 229 1480 229 1481 981 1481 220 1481 981 1482 983 1482 220 1482 220 1483 983 1483 221 1483 221 1484 983 1484 222 1484 983 1485 984 1485 222 1485 984 1486 974 1486 222 1486 222 1487 974 1487 214 1487 974 1488 976 1488 214 1488 214 1489 976 1489 215 1489 976 1490 967 1490 215 1490 215 1491 967 1491 206 1491 967 1492 969 1492 206 1492 206 1493 969 1493 207 1493 969 1494 970 1494 207 1494 207 1495 970 1495 208 1495 208 1496 970 1496 198 1496 970 1497 959 1497 198 1497 709 1498 715 1498 451 1498 451 1499 715 1499 457 1499 457 1500 715 1500 458 1500 715 1501 716 1501 458 1501 458 1502 717 1502 459 1502 459 1503 717 1503 464 1503 716 1504 717 1504 458 1504 717 1505 723 1505 464 1505 464 1506 724 1506 465 1506 723 1507 724 1507 464 1507 465 1508 729 1508 471 1508 724 1509 729 1509 465 1509 471 1510 730 1510 472 1510 472 1511 730 1511 473 1511 729 1512 730 1512 471 1512 730 1513 731 1513 473 1513 473 1514 737 1514 478 1514 731 1515 737 1515 473 1515 478 1516 738 1516 479 1516 737 1517 738 1517 478 1517 479 1518 743 1518 484 1518 738 1519 743 1519 479 1519 484 1520 744 1520 485 1520 743 1521 744 1521 484 1521 485 1522 748 1522 490 1522 744 1523 748 1523 485 1523 490 1524 749 1524 491 1524 491 1525 749 1525 496 1525 748 1526 749 1526 490 1526 749 1527 754 1527 496 1527 496 1528 758 1528 500 1528 500 1529 758 1529 504 1529 754 1530 758 1530 496 1530 758 1531 763 1531 504 1531 504 1532 764 1532 505 1532 505 1533 764 1533 447 1533 763 1534 764 1534 504 1534 764 1535 679 1535 447 1535 447 1536 677 1536 446 1536 679 1537 677 1537 447 1537 446 1538 675 1538 445 1538 677 1539 675 1539 446 1539 445 1540 673 1540 444 1540 675 1541 673 1541 445 1541 444 1542 671 1542 439 1542 673 1543 671 1543 444 1543 439 1544 669 1544 438 1544 438 1545 669 1545 436 1545 671 1546 669 1546 439 1546 669 1547 667 1547 436 1547 436 1548 665 1548 430 1548 667 1549 665 1549 436 1549 665 1550 663 1550 430 1550 430 1551 663 1551 428 1551 663 1552 661 1552 428 1552 428 1553 661 1553 422 1553 661 1554 659 1554 422 1554 422 1555 659 1555 395 1555 659 1556 657 1556 395 1556 395 1557 657 1557 396 1557 657 1558 655 1558 396 1558 396 1559 655 1559 397 1559 655 1560 653 1560 397 1560 397 1561 653 1561 398 1561 653 1562 651 1562 398 1562 398 1563 651 1563 399 1563 651 1564 649 1564 399 1564 399 1565 649 1565 400 1565 649 1566 647 1566 400 1566 400 1567 647 1567 401 1567 401 1568 646 1568 402 1568 647 1569 646 1569 401 1569 402 1570 648 1570 403 1570 403 1571 648 1571 404 1571 646 1572 648 1572 402 1572 648 1573 650 1573 404 1573 404 1574 652 1574 405 1574 650 1575 652 1575 404 1575 405 1576 654 1576 406 1576 652 1577 654 1577 405 1577 406 1578 656 1578 407 1578 654 1579 656 1579 406 1579 407 1580 658 1580 408 1580 656 1581 658 1581 407 1581 408 1582 660 1582 409 1582 658 1583 660 1583 408 1583 409 1584 662 1584 410 1584 660 1585 662 1585 409 1585 410 1586 664 1586 411 1586 662 1587 664 1587 410 1587 411 1588 666 1588 412 1588 412 1589 666 1589 413 1589 664 1590 666 1590 411 1590 666 1591 668 1591 413 1591 413 1592 670 1592 414 1592 668 1593 670 1593 413 1593 414 1594 672 1594 415 1594 670 1595 672 1595 414 1595 415 1596 674 1596 417 1596 672 1597 674 1597 415 1597 417 1598 676 1598 419 1598 674 1599 676 1599 417 1599 419 1600 678 1600 313 1600 676 1601 678 1601 419 1601 678 1602 766 1602 313 1602 313 1603 766 1603 308 1603 766 1604 760 1604 308 1604 308 1605 760 1605 300 1605 300 1606 760 1606 296 1606 760 1607 761 1607 296 1607 761 1608 756 1608 296 1608 296 1609 756 1609 289 1609 756 1610 751 1610 289 1610 289 1611 751 1611 283 1611 751 1612 752 1612 283 1612 283 1613 752 1613 277 1613 752 1614 745 1614 277 1614 277 1615 745 1615 270 1615 270 1616 745 1616 274 1616 745 1617 739 1617 274 1617 739 1618 741 1618 274 1618 274 1619 741 1619 280 1619 741 1620 733 1620 280 1620 280 1621 733 1621 286 1621 733 1622 734 1622 286 1622 286 1623 734 1623 293 1623 734 1624 735 1624 293 1624 293 1625 735 1625 299 1625 299 1626 735 1626 304 1626 735 1627 726 1627 304 1627 304 1628 726 1628 311 1628 726 1629 727 1629 311 1629 727 1630 719 1630 311 1630 311 1631 719 1631 315 1631 315 1632 719 1632 319 1632 719 1633 720 1633 319 1633 720 1634 721 1634 319 1634 319 1635 721 1635 323 1635 323 1636 721 1636 326 1636 721 1637 711 1637 326 1637 326 1638 712 1638 331 1638 711 1639 712 1639 326 1639 331 1640 713 1640 334 1640 712 1641 713 1641 331 1641 334 1642 703 1642 337 1642 713 1643 703 1643 334 1643 337 1644 704 1644 342 1644 703 1645 704 1645 337 1645 342 1646 705 1646 345 1646 345 1647 705 1647 348 1647 704 1648 705 1648 342 1648 705 1649 695 1649 348 1649 348 1650 696 1650 352 1650 695 1651 696 1651 348 1651 696 1652 697 1652 352 1652 352 1653 697 1653 356 1653 356 1654 697 1654 359 1654 697 1655 687 1655 359 1655 687 1656 688 1656 359 1656 359 1657 688 1657 363 1657 688 1658 689 1658 363 1658 363 1659 689 1659 366 1659 689 1660 680 1660 366 1660 366 1661 680 1661 368 1661 680 1662 682 1662 368 1662 368 1663 682 1663 376 1663 376 1664 682 1664 377 1664 682 1665 683 1665 377 1665 683 1666 684 1666 377 1666 377 1667 684 1667 379 1667 379 1668 684 1668 381 1668 684 1669 685 1669 381 1669 685 1670 691 1670 381 1670 381 1671 691 1671 390 1671 691 1672 692 1672 390 1672 390 1673 692 1673 391 1673 391 1674 692 1674 393 1674 692 1675 693 1675 393 1675 693 1676 699 1676 393 1676 393 1677 699 1677 433 1677 699 1678 700 1678 433 1678 433 1679 700 1679 434 1679 700 1680 701 1680 434 1680 434 1681 701 1681 435 1681 701 1682 707 1682 435 1682 435 1683 707 1683 449 1683 707 1684 708 1684 449 1684 449 1685 708 1685 450 1685 450 1686 708 1686 451 1686 708 1687 709 1687 451 1687 1123 1688 1124 1688 642 1688 642 1689 1124 1689 643 1689 643 1690 1124 1690 644 1690 1124 1691 1125 1691 644 1691 644 1692 1126 1692 645 1692 645 1693 1126 1693 510 1693 1125 1694 1126 1694 644 1694 1126 1695 1116 1695 510 1695 510 1696 1115 1696 511 1696 1116 1697 1115 1697 510 1697 511 1698 1112 1698 507 1698 1115 1699 1112 1699 511 1699 507 1700 1108 1700 502 1700 502 1701 1108 1701 498 1701 1112 1702 1108 1702 507 1702 1108 1703 1104 1703 498 1703 498 1704 1100 1704 493 1704 1104 1705 1100 1705 498 1705 493 1706 1098 1706 494 1706 1100 1707 1098 1707 493 1707 494 1708 1094 1708 487 1708 1098 1709 1094 1709 494 1709 487 1710 1092 1710 488 1710 1094 1711 1092 1711 487 1711 488 1712 1088 1712 481 1712 1092 1713 1088 1713 488 1713 481 1714 1086 1714 482 1714 482 1715 1086 1715 475 1715 1088 1716 1086 1716 481 1716 1086 1717 1082 1717 475 1717 475 1718 1080 1718 476 1718 476 1719 1080 1719 467 1719 1082 1720 1080 1720 475 1720 1080 1721 1076 1721 467 1721 467 1722 1074 1722 468 1722 468 1723 1074 1723 469 1723 1076 1724 1074 1724 467 1724 1074 1725 1071 1725 469 1725 469 1726 1068 1726 461 1726 1071 1727 1068 1727 469 1727 461 1728 1066 1728 462 1728 1068 1729 1066 1729 461 1729 462 1730 1062 1730 453 1730 1066 1731 1062 1731 462 1731 453 1732 1060 1732 454 1732 1062 1733 1060 1733 453 1733 454 1734 1057 1734 455 1734 455 1735 1057 1735 441 1735 1060 1736 1057 1736 454 1736 1057 1737 1054 1737 441 1737 441 1738 1052 1738 442 1738 1054 1739 1052 1739 441 1739 1052 1740 1049 1740 442 1740 442 1741 1049 1741 443 1741 1049 1742 1046 1742 443 1742 443 1743 1046 1743 424 1743 1046 1744 1044 1744 424 1744 424 1745 1044 1745 425 1745 1044 1746 1042 1746 425 1746 425 1747 1042 1747 426 1747 1042 1748 1038 1748 426 1748 426 1749 1038 1749 387 1749 1038 1750 1036 1750 387 1750 387 1751 1036 1751 385 1751 1036 1752 1034 1752 385 1752 385 1753 1034 1753 383 1753 1034 1754 1031 1754 383 1754 383 1755 1031 1755 384 1755 1031 1756 1027 1756 384 1756 384 1757 1027 1757 373 1757 373 1758 1029 1758 371 1758 1027 1759 1029 1759 373 1759 371 1760 1030 1760 370 1760 370 1761 1030 1761 364 1761 1029 1762 1030 1762 371 1762 1030 1763 1033 1763 364 1763 364 1764 1035 1764 360 1764 1033 1765 1035 1765 364 1765 360 1766 1037 1766 357 1766 1035 1767 1037 1767 360 1767 357 1768 1041 1768 353 1768 1037 1769 1041 1769 357 1769 353 1770 1043 1770 350 1770 1041 1771 1043 1771 353 1771 350 1772 1045 1772 346 1772 1043 1773 1045 1773 350 1773 346 1774 1048 1774 343 1774 1045 1775 1048 1775 346 1775 343 1776 1051 1776 339 1776 1048 1777 1051 1777 343 1777 339 1778 1053 1778 335 1778 335 1779 1053 1779 332 1779 1051 1780 1053 1780 339 1780 1053 1781 1056 1781 332 1781 332 1782 1059 1782 328 1782 1056 1783 1059 1783 332 1783 328 1784 1061 1784 324 1784 1059 1785 1061 1785 328 1785 324 1786 1065 1786 320 1786 1061 1787 1065 1787 324 1787 320 1788 1067 1788 317 1788 1065 1789 1067 1789 320 1789 317 1790 1070 1790 312 1790 1067 1791 1070 1791 317 1791 1070 1792 1073 1792 312 1792 312 1793 1073 1793 306 1793 1073 1794 1075 1794 306 1794 306 1795 1075 1795 302 1795 302 1796 1075 1796 294 1796 1075 1797 1079 1797 294 1797 1079 1798 1081 1798 294 1798 294 1799 1081 1799 288 1799 1081 1800 1085 1800 288 1800 288 1801 1085 1801 281 1801 1085 1802 1087 1802 281 1802 281 1803 1087 1803 276 1803 1087 1804 1090 1804 276 1804 276 1805 1090 1805 267 1805 267 1806 1090 1806 273 1806 1090 1807 1093 1807 273 1807 1093 1808 1096 1808 273 1808 273 1809 1096 1809 278 1809 1096 1810 1099 1810 278 1810 278 1811 1099 1811 285 1811 1099 1812 1102 1812 285 1812 285 1813 1102 1813 291 1813 1102 1814 1106 1814 291 1814 291 1815 1106 1815 297 1815 297 1816 1106 1816 303 1816 1106 1817 1110 1817 303 1817 303 1818 1110 1818 310 1818 1110 1819 1114 1819 310 1819 1114 1820 1128 1820 310 1820 310 1821 1128 1821 314 1821 314 1822 1128 1822 318 1822 1128 1823 1129 1823 318 1823 1129 1824 1130 1824 318 1824 318 1825 1130 1825 322 1825 322 1826 1130 1826 325 1826 1130 1827 1131 1827 325 1827 325 1828 1132 1828 330 1828 1131 1829 1132 1829 325 1829 330 1830 1133 1830 333 1830 1132 1831 1133 1831 330 1831 333 1832 1134 1832 336 1832 1133 1833 1134 1833 333 1833 336 1834 1135 1834 341 1834 1134 1835 1135 1835 336 1835 341 1836 1136 1836 344 1836 344 1837 1136 1837 347 1837 1135 1838 1136 1838 341 1838 1136 1839 1137 1839 347 1839 347 1840 1138 1840 351 1840 1137 1841 1138 1841 347 1841 1138 1842 1139 1842 351 1842 351 1843 1139 1843 355 1843 355 1844 1139 1844 358 1844 1139 1845 1140 1845 358 1845 1140 1846 1141 1846 358 1846 358 1847 1141 1847 362 1847 1141 1848 1142 1848 362 1848 362 1849 1142 1849 365 1849 1142 1850 1144 1850 365 1850 365 1851 1144 1851 367 1851 1144 1852 1146 1852 367 1852 367 1853 1146 1853 372 1853 372 1854 1146 1854 374 1854 1146 1855 1147 1855 374 1855 1147 1856 1148 1856 374 1856 374 1857 1148 1857 378 1857 378 1858 1148 1858 380 1858 1148 1859 1149 1859 380 1859 1149 1860 1150 1860 380 1860 380 1861 1150 1861 386 1861 1150 1862 1151 1862 386 1862 386 1863 1151 1863 388 1863 388 1864 1151 1864 392 1864 1151 1865 1117 1865 392 1865 1117 1866 1118 1866 392 1866 392 1867 1118 1867 394 1867 1118 1868 1119 1868 394 1868 394 1869 1119 1869 427 1869 1119 1870 1120 1870 427 1870 427 1871 1120 1871 429 1871 1120 1872 1121 1872 429 1872 429 1873 1121 1873 431 1873 1121 1874 1122 1874 431 1874 431 1875 1122 1875 437 1875 437 1876 1122 1876 642 1876 1122 1877 1123 1877 642 1877 1025 1878 1023 1878 640 1878 640 1879 1023 1879 641 1879 641 1880 1020 1880 602 1880 602 1881 1020 1881 598 1881 1023 1882 1020 1882 641 1882 1020 1883 1017 1883 598 1883 598 1884 1012 1884 594 1884 594 1885 1012 1885 590 1885 1017 1886 1012 1886 598 1886 1012 1887 1008 1887 590 1887 590 1888 1003 1888 584 1888 1008 1889 1003 1889 590 1889 584 1890 997 1890 578 1890 578 1891 997 1891 572 1891 1003 1892 997 1892 584 1892 997 1893 991 1893 572 1893 572 1894 985 1894 566 1894 991 1895 985 1895 572 1895 566 1896 978 1896 558 1896 985 1897 978 1897 566 1897 978 1898 971 1898 558 1898 558 1899 971 1899 552 1899 552 1900 971 1900 544 1900 971 1901 963 1901 544 1901 963 1902 948 1902 544 1902 544 1903 948 1903 536 1903 948 1904 929 1904 536 1904 536 1905 929 1905 528 1905 528 1906 891 1906 516 1906 516 1907 891 1907 517 1907 929 1908 891 1908 528 1908 891 1909 878 1909 517 1909 517 1910 863 1910 522 1910 878 1911 863 1911 517 1911 522 1912 840 1912 530 1912 530 1913 840 1913 540 1913 863 1914 840 1914 522 1914 840 1915 832 1915 540 1915 540 1916 826 1916 548 1916 832 1917 826 1917 540 1917 548 1918 814 1918 554 1918 826 1919 814 1919 548 1919 554 1920 801 1920 562 1920 814 1921 801 1921 554 1921 562 1922 789 1922 568 1922 801 1923 789 1923 562 1923 568 1924 774 1924 574 1924 789 1925 774 1925 568 1925 574 1926 776 1926 580 1926 774 1927 776 1927 574 1927 580 1928 786 1928 586 1928 776 1929 786 1929 580 1929 586 1930 799 1930 592 1930 786 1931 799 1931 586 1931 592 1932 805 1932 596 1932 596 1933 805 1933 600 1933 799 1934 805 1934 592 1934 805 1935 811 1935 600 1935 600 1936 845 1936 614 1936 811 1937 845 1937 600 1937 614 1938 773 1938 616 1938 845 1939 773 1939 614 1939 616 1940 771 1940 514 1940 773 1941 771 1941 616 1941 514 1942 769 1942 512 1942 771 1943 769 1943 514 1943 512 1944 767 1944 508 1944 769 1945 767 1945 512 1945 508 1946 762 1946 503 1946 767 1947 762 1947 508 1947 503 1948 757 1948 499 1948 762 1949 757 1949 503 1949 499 1950 753 1950 495 1950 495 1951 753 1951 489 1951 757 1952 753 1952 499 1952 753 1953 747 1953 489 1953 489 1954 747 1954 483 1954 747 1955 742 1955 483 1955 742 1956 736 1956 483 1956 483 1957 736 1957 477 1957 736 1958 728 1958 477 1958 477 1959 728 1959 470 1959 728 1960 722 1960 470 1960 470 1961 722 1961 463 1961 722 1962 714 1962 463 1962 463 1963 714 1963 456 1963 714 1964 706 1964 456 1964 456 1965 706 1965 448 1965 706 1966 698 1966 448 1966 448 1967 698 1967 432 1967 698 1968 690 1968 432 1968 432 1969 690 1969 389 1969 389 1970 690 1970 375 1970 690 1971 681 1971 375 1971 375 1972 686 1972 361 1972 681 1973 686 1973 375 1973 361 1974 694 1974 349 1974 686 1975 694 1975 361 1975 349 1976 702 1976 338 1976 338 1977 702 1977 327 1977 694 1978 702 1978 349 1978 702 1979 710 1979 327 1979 327 1980 718 1980 316 1980 316 1981 718 1981 305 1981 710 1982 718 1982 327 1982 718 1983 725 1983 305 1983 305 1984 732 1984 287 1984 287 1985 732 1985 275 1985 725 1986 732 1986 305 1986 732 1987 740 1987 275 1987 275 1988 746 1988 271 1988 740 1989 746 1989 275 1989 271 1990 750 1990 272 1990 272 1991 750 1991 284 1991 746 1992 750 1992 271 1992 750 1993 755 1993 284 1993 284 1994 759 1994 290 1994 755 1995 759 1995 284 1995 290 1996 765 1996 301 1996 759 1997 765 1997 290 1997 301 1998 768 1998 309 1998 765 1999 768 1999 301 1999 768 2000 770 2000 309 2000 309 2001 770 2001 416 2001 416 2002 770 2002 418 2002 770 2003 772 2003 418 2003 418 2004 772 2004 261 2004 772 2005 905 2005 261 2005 905 2006 817 2006 261 2006 261 2007 817 2007 258 2007 258 2008 817 2008 255 2008 817 2009 809 2009 255 2009 255 2010 809 2010 250 2010 809 2011 797 2011 250 2011 250 2012 797 2012 246 2012 797 2013 790 2013 246 2013 790 2014 777 2014 246 2014 246 2015 777 2015 241 2015 241 2016 777 2016 236 2016 777 2017 779 2017 236 2017 779 2018 782 2018 236 2018 236 2019 782 2019 230 2019 782 2020 794 2020 230 2020 230 2021 794 2021 223 2021 223 2022 794 2022 216 2022 794 2023 813 2023 216 2023 813 2024 823 2024 216 2024 216 2025 823 2025 209 2025 823 2026 831 2026 209 2026 209 2027 831 2027 201 2027 831 2028 839 2028 201 2028 201 2029 839 2029 193 2029 193 2030 839 2030 185 2030 839 2031 858 2031 185 2031 858 2032 870 2032 185 2032 185 2033 870 2033 177 2033 870 2034 884 2034 177 2034 177 2035 884 2035 171 2035 171 2036 884 2036 181 2036 884 2037 899 2037 181 2037 899 2038 938 2038 181 2038 181 2039 938 2039 189 2039 938 2040 960 2040 189 2040 189 2041 960 2041 197 2041 197 2042 968 2042 205 2042 960 2043 968 2043 197 2043 205 2044 968 2044 213 2044 968 2045 975 2045 213 2045 213 2046 982 2046 219 2046 975 2047 982 2047 213 2047 219 2048 989 2048 227 2048 982 2049 989 2049 219 2049 227 2050 995 2050 233 2050 989 2051 995 2051 227 2051 995 2052 1000 2052 233 2052 233 2053 1000 2053 238 2053 1000 2054 1006 2054 238 2054 238 2055 1006 2055 244 2055 1006 2056 1010 2056 244 2056 244 2057 1010 2057 248 2057 1010 2058 1014 2058 248 2058 248 2059 1014 2059 253 2059 253 2060 1014 2060 257 2060 1014 2061 1019 2061 257 2061 1019 2062 1022 2062 257 2062 257 2063 1022 2063 260 2063 1022 2064 1024 2064 260 2064 260 2065 1024 2065 263 2065 1024 2066 1143 2066 263 2066 263 2067 1143 2067 264 2067 1143 2068 1145 2068 264 2068 264 2069 1145 2069 265 2069 1145 2070 1111 2070 265 2070 265 2071 1111 2071 266 2071 1111 2072 1107 2072 266 2072 266 2073 1107 2073 298 2073 1107 2074 1103 2074 298 2074 298 2075 1103 2075 292 2075 292 2076 1097 2076 279 2076 1103 2077 1097 2077 292 2077 279 2078 1091 2078 268 2078 1097 2079 1091 2079 279 2079 268 2080 1084 2080 269 2080 1091 2081 1084 2081 268 2081 269 2082 1078 2082 282 2082 1084 2083 1078 2083 269 2083 282 2084 1072 2084 295 2084 295 2085 1072 2085 307 2085 1078 2086 1072 2086 282 2086 1072 2087 1064 2087 307 2087 307 2088 1058 2088 321 2088 1064 2089 1058 2089 307 2089 321 2090 1050 2090 329 2090 1058 2091 1050 2091 321 2091 329 2092 1040 2092 340 2092 1050 2093 1040 2093 329 2093 340 2094 1032 2094 354 2094 1040 2095 1032 2095 340 2095 354 2096 1026 2096 369 2096 1032 2097 1026 2097 354 2097 369 2098 1028 2098 382 2098 1026 2099 1028 2099 369 2099 1028 2100 1039 2100 382 2100 382 2101 1039 2101 423 2101 1039 2102 1047 2102 423 2102 423 2103 1047 2103 440 2103 1047 2104 1055 2104 440 2104 440 2105 1055 2105 452 2105 1055 2106 1063 2106 452 2106 452 2107 1063 2107 460 2107 1063 2108 1069 2108 460 2108 460 2109 1069 2109 466 2109 466 2110 1077 2110 474 2110 1069 2111 1077 2111 466 2111 474 2112 1083 2112 480 2112 1077 2113 1083 2113 474 2113 480 2114 1089 2114 486 2114 486 2115 1089 2115 492 2115 1083 2116 1089 2116 480 2116 1089 2117 1095 2117 492 2117 492 2118 1101 2118 497 2118 1095 2119 1101 2119 492 2119 497 2120 1105 2120 501 2120 1101 2121 1105 2121 497 2121 501 2122 1109 2122 506 2122 1105 2123 1109 2123 501 2123 506 2124 1113 2124 509 2124 1109 2125 1113 2125 506 2125 509 2126 1127 2126 513 2126 513 2127 1127 2127 640 2127 1113 2128 1127 2128 509 2128 1127 2129 1025 2129 640 2129 945 2130 943 2130 609 2130 609 2131 943 2131 610 2131 610 2132 943 2132 611 2132 943 2133 937 2133 611 2133 611 2134 935 2134 612 2134 612 2135 935 2135 613 2135 937 2136 935 2136 611 2136 935 2137 933 2137 613 2137 613 2138 903 2138 615 2138 933 2139 903 2139 613 2139 615 2140 901 2140 617 2140 903 2141 901 2141 615 2141 617 2142 897 2142 618 2142 618 2143 897 2143 619 2143 901 2144 897 2144 617 2144 897 2145 895 2145 619 2145 619 2146 889 2146 620 2146 895 2147 889 2147 619 2147 620 2148 887 2148 621 2148 889 2149 887 2149 620 2149 621 2150 883 2150 622 2150 887 2151 883 2151 621 2151 622 2152 881 2152 623 2152 883 2153 881 2153 622 2153 623 2154 876 2154 624 2154 881 2155 876 2155 623 2155 624 2156 874 2156 625 2156 625 2157 874 2157 626 2157 876 2158 874 2158 624 2158 874 2159 871 2159 626 2159 626 2160 867 2160 627 2160 627 2161 867 2161 628 2161 871 2162 867 2162 626 2162 867 2163 864 2163 628 2163 628 2164 860 2164 629 2164 629 2165 860 2165 630 2165 864 2166 860 2166 628 2166 860 2167 856 2167 630 2167 630 2168 846 2168 631 2168 856 2169 846 2169 630 2169 631 2170 847 2170 632 2170 846 2171 847 2171 631 2171 632 2172 848 2172 633 2172 847 2173 848 2173 632 2173 633 2174 849 2174 634 2174 848 2175 849 2175 633 2175 634 2176 850 2176 635 2176 635 2177 850 2177 636 2177 849 2178 850 2178 634 2178 850 2179 851 2179 636 2179 636 2180 852 2180 637 2180 851 2181 852 2181 636 2181 852 2182 853 2182 637 2182 637 2183 853 2183 638 2183 853 2184 854 2184 638 2184 638 2185 854 2185 639 2185 854 2186 818 2186 639 2186 639 2187 818 2187 603 2187 818 2188 810 2188 603 2188 603 2189 810 2189 599 2189 810 2190 804 2190 599 2190 599 2191 804 2191 595 2191 804 2192 798 2192 595 2192 595 2193 798 2193 591 2193 798 2194 792 2194 591 2194 591 2195 792 2195 588 2195 792 2196 785 2196 588 2196 588 2197 785 2197 585 2197 785 2198 780 2198 585 2198 585 2199 780 2199 582 2199 582 2200 775 2200 579 2200 780 2201 775 2201 582 2201 579 2202 783 2202 576 2202 576 2203 783 2203 573 2203 775 2204 783 2204 579 2204 783 2205 788 2205 573 2205 573 2206 795 2206 570 2206 788 2207 795 2207 573 2207 570 2208 802 2208 567 2208 795 2209 802 2209 570 2209 567 2210 807 2210 564 2210 802 2211 807 2211 567 2211 564 2212 815 2212 561 2212 807 2213 815 2213 564 2213 561 2214 820 2214 559 2214 815 2215 820 2215 561 2215 559 2216 824 2216 556 2216 820 2217 824 2217 559 2217 556 2218 827 2218 553 2218 824 2219 827 2219 556 2219 553 2220 829 2220 550 2220 550 2221 829 2221 547 2221 827 2222 829 2222 553 2222 829 2223 833 2223 547 2223 547 2224 835 2224 545 2224 833 2225 835 2225 547 2225 545 2226 837 2226 542 2226 835 2227 837 2227 545 2227 542 2228 841 2228 539 2228 837 2229 841 2229 542 2229 539 2230 843 2230 537 2230 841 2231 843 2231 539 2231 537 2232 855 2232 534 2232 843 2233 855 2233 537 2233 855 2234 859 2234 534 2234 534 2235 859 2235 532 2235 859 2236 862 2236 532 2236 532 2237 862 2237 529 2237 529 2238 862 2238 526 2238 862 2239 866 2239 526 2239 866 2240 869 2240 526 2240 526 2241 869 2241 524 2241 869 2242 873 2242 524 2242 524 2243 873 2243 521 2243 873 2244 879 2244 521 2244 521 2245 879 2245 519 2245 879 2246 880 2246 519 2246 519 2247 880 2247 518 2247 518 2248 880 2248 515 2248 880 2249 882 2249 515 2249 882 2250 892 2250 515 2250 515 2251 892 2251 520 2251 892 2252 893 2252 520 2252 520 2253 893 2253 523 2253 893 2254 894 2254 523 2254 523 2255 894 2255 525 2255 894 2256 896 2256 525 2256 525 2257 896 2257 527 2257 527 2258 896 2258 531 2258 896 2259 930 2259 531 2259 531 2260 930 2260 533 2260 930 2261 931 2261 533 2261 931 2262 932 2262 533 2262 533 2263 932 2263 535 2263 535 2264 932 2264 538 2264 932 2265 949 2265 538 2265 949 2266 950 2266 538 2266 538 2267 950 2267 541 2267 541 2268 950 2268 543 2268 950 2269 951 2269 543 2269 543 2270 964 2270 546 2270 951 2271 964 2271 543 2271 546 2272 965 2272 549 2272 964 2273 965 2273 546 2273 549 2274 966 2274 551 2274 965 2275 966 2275 549 2275 551 2276 972 2276 555 2276 966 2277 972 2277 551 2277 555 2278 973 2278 557 2278 557 2279 973 2279 560 2279 972 2280 973 2280 555 2280 973 2281 980 2281 560 2281 560 2282 977 2282 563 2282 980 2283 977 2283 560 2283 977 2284 979 2284 563 2284 563 2285 979 2285 565 2285 565 2286 979 2286 569 2286 979 2287 986 2287 569 2287 986 2288 987 2288 569 2288 569 2289 987 2289 571 2289 987 2290 992 2290 571 2290 571 2291 992 2291 575 2291 992 2292 993 2292 575 2292 575 2293 993 2293 577 2293 993 2294 998 2294 577 2294 577 2295 998 2295 581 2295 581 2296 998 2296 583 2296 998 2297 999 2297 583 2297 999 2298 1004 2298 583 2298 583 2299 1004 2299 587 2299 587 2300 1004 2300 589 2300 1004 2301 1005 2301 589 2301 1005 2302 1009 2302 589 2302 589 2303 1009 2303 593 2303 1009 2304 1013 2304 593 2304 593 2305 1013 2305 597 2305 597 2306 1013 2306 601 2306 1013 2307 1018 2307 601 2307 1018 2308 1021 2308 601 2308 601 2309 1021 2309 604 2309 1021 2310 957 2310 604 2310 604 2311 957 2311 605 2311 957 2312 955 2312 605 2312 605 2313 955 2313 606 2313 955 2314 953 2314 606 2314 606 2315 953 2315 607 2315 953 2316 947 2316 607 2316 607 2317 947 2317 608 2317 608 2318 947 2318 609 2318 947 2319 945 2319 609 2319</p>
        </triangles>
      </mesh>
    </geometry>
  </library_geometries>
  <library_materials>
    <material id="mat_Body017" name="Body017">
      <instance_effect url="#effect_Body017"/>
    </material>
  </library_materials>
  <library_visual_scenes>
    <visual_scene id="scene">
      <node id="node0" name="node0">
        <instance_geometry url="#geometry0">
          <bind_material>
            <technique_common>
              <instance_material symbol="ref_Body017" target="#mat_Body017"/>
            </technique_common>
          </bind_material>
        </instance_geometry>
      </node>
    </visual_scene>
  </library_visual_scenes>
  <scene>
    <instance_visual_scene url="#scene"/>
  </scene>
</COLLADA>
