<COLLADA xmlns="http://www.collada.org/2005/11/COLLADASchema" version="1.4.1">
  <asset>
    <contributor/>
    <created>2026-10-07T19:17:54.765403</created>
    <modified>2026-10-07T19:17:54.765403</modified>
    <unit name="meter" meter="1.0"/>
    <up_axis>Z_UP</up_axis>
  </asset>
  <library_effects>
    <effect id="effect_Body016" name="effect_Body016">
      <profile_COMMON>
        <technique sid="common">
          <phong>
            <emission>
              <color>0.0 0.0 0.0 1.0</color>
            </emission>
            <ambient>
              <color>0.0 0.0 0.0 1.0</color>
            </ambient>
            <diffuse>
              <color>0.4470588266849518 0.4745098054409027 0.501960813999176 1.0</color>
            </diffuse>
            <specular>
              <color>1 1 1 1.0</color>
            </specular>
            <shininess>
              <float>0.0</float>
            </shininess>
            <reflective>
              <color>0.0 0.0 0.0 1.0</color>
            </reflective>
            <reflectivity>
              <float>0.0</float>
            </reflectivity>
            <transparent>
              <color>0.0 0.0 0.0 1.0</color>
            </transparent>
            <transparency>
              <float>1.0</float>
            </transparency>
          </phong>
        </technique>
        <extra>
          <technique profile="GOOGLEEARTH">
            <double_sided>0</double_sided>
          </technique>
        </extra>
      </profile_COMMON>
    </effect>
  </library_effects>
  <library_geometries>
    <geometry id="geometry0" name="J5_Spindle">
      <mesh>
        <source id="cubeverts-array0">
          <float_array count="2838" id="cubeverts-array0-array">-0.232107 0.221467 0.326053 -0.232107 0.2221648 0.3260704 -0.222107 0.221467 0.326053 -0.222107 0.2221648 0.3260704 -0.232107 0.2228609 0.3261226 -0.222107 0.2228609 0.3261226 -0.232107 0.2235536 0.3262094 -0.222107 0.2235536 0.3262094 -0.232107 0.224241 0.3263306 -0.222107 0.224241 0.3263306 -0.232107 0.2249216 0.3264859 -0.222107 0.2249216 0.3264859 -0.232107 0.2255936 0.326675 -0.222107 0.2255936 0.326675 -0.232107 0.2262553 0.3268973 -0.222107 0.2262553 0.3268973 -0.232107 0.2269051 0.3271523 -0.222107 0.2269051 0.3271523 -0.232107 0.2275414 0.3274394 -0.222107 0.2275414 0.3274394 -0.232107 0.2281626 0.3277579 -0.222107 0.2281626 0.3277579 -0.232107 0.2287671 0.3281069 -0.222107 0.2287671 0.3281069 -0.232107 0.2293535 0.3284857 -0.222107 0.2293535 0.3284857 -0.232107 0.2299203 0.3288932 -0.222107 0.2299203 0.3288932 -0.232107 0.230466 0.3293284 -0.222107 0.230466 0.3293284 -0.232107 0.2309894 0.3297903 -0.222107 0.2309894 0.3297903 -0.232107 0.2314891 0.3302777 -0.222107 0.2314891 0.3302777 -0.232107 0.2319639 0.3307894 -0.222107 0.2319639 0.3307894 -0.232107 0.2324126 0.3313242 -0.222107 0.2324126 0.3313242 -0.232107 0.2328341 0.3318806 -0.222107 0.2328341 0.3318806 -0.232107 0.2332274 0.3324574 -0.222107 0.2332274 0.3324574 -0.232107 0.2335914 0.333053 -0.222107 0.2335914 0.333053 -0.232107 0.2339252 0.333666 -0.222107 0.2339252 0.333666 -0.232107 0.2342281 0.334295 -0.222107 0.2342281 0.334295 -0.232107 0.2344992 0.3349382 -0.222107 0.2344992 0.3349382 -0.232107 0.234738 0.3355942 -0.222107 0.234738 0.3355942 -0.232107 0.2349437 0.3362612 -0.222107 0.2349437 0.3362612 -0.232107 0.235116 0.3369377 -0.222107 0.235116 0.3369377 -0.232107 0.2352543 0.3376219 -0.222107 0.2352543 0.3376219 -0.232107 0.2353584 0.3383122 -0.222107 0.2353584 0.3383122 -0.232107 0.2354279 0.3390068 -0.222107 0.2354279 0.3390068 -0.232107 0.2354626 0.339704 -0.222107 0.2354626 0.339704 -0.232107 0.2354626 0.340402 -0.222107 0.2354626 0.340402 -0.232107 0.2354279 0.3410992 -0.222107 0.2354279 0.3410992 -0.232107 0.2353584 0.3417938 -0.222107 0.2353584 0.3417938 -0.232107 0.2352543 0.3424841 -0.222107 0.2352543 0.3424841 -0.232107 0.235116 0.3431683 -0.222107 0.235116 0.3431683 -0.232107 0.2349437 0.3438448 -0.222107 0.2349437 0.3438448 -0.232107 0.234738 0.3445118 -0.222107 0.234738 0.3445118 -0.232107 0.2344992 0.3451678 -0.222107 0.2344992 0.3451678 -0.232107 0.2342281 0.345811 -0.222107 0.2342281 0.345811 -0.232107 0.2339252 0.3464399 -0.222107 0.2339252 0.3464399 -0.232107 0.2335914 0.347053 -0.222107 0.2335914 0.347053 -0.232107 0.2332274 0.3476487 -0.222107 0.2332274 0.3476487 -0.232107 0.2328341 0.3482254 -0.222107 0.2328341 0.3482254 -0.232107 0.2324126 0.3487819 -0.222107 0.2324126 0.3487819 -0.232107 0.2319639 0.3493166 -0.222107 0.2319639 0.3493166 -0.232107 0.2314891 0.3498283 -0.222107 0.2314891 0.3498283 -0.232107 0.2309894 0.3503157 -0.222107 0.2309894 0.3503157 -0.232107 0.230466 0.3507776 -0.222107 0.230466 0.3507776 -0.232107 0.2299203 0.3512129 -0.222107 0.2299203 0.3512129 -0.232107 0.2293535 0.3516203 -0.222107 0.2293535 0.3516203 -0.232107 0.2287671 0.3519991 -0.222107 0.2287671 0.3519991 -0.222107 0.2281626 0.3523481 -0.232107 0.2281626 0.3523481 -0.232107 0.2275414 0.3526666 -0.222107 0.2275414 0.3526666 -0.232107 0.2269051 0.3529537 -0.222107 0.2269051 0.3529537 -0.232107 0.2262553 0.3532087 -0.222107 0.2262553 0.3532087 -0.232107 0.2255936 0.353431 -0.222107 0.2255936 0.353431 -0.232107 0.2249216 0.3536201 -0.222107 0.2249216 0.3536201 -0.232107 0.224241 0.3537754 -0.222107 0.224241 0.3537754 -0.232107 0.2235536 0.3538966 -0.222107 0.2235536 0.3538966 -0.232107 0.2228609 0.3539834 -0.222107 0.2228609 0.3539834 -0.232107 0.2221648 0.3540356 -0.222107 0.2221648 0.3540356 -0.232107 0.221467 0.354053 -0.222107 0.221467 0.354053 -0.232107 0.2207692 0.3540356 -0.222107 0.2207692 0.3540356 -0.232107 0.220073 0.3539834 -0.222107 0.220073 0.3539834 -0.232107 0.2193804 0.3538966 -0.222107 0.2193804 0.3538966 -0.232107 0.2186929 0.3537754 -0.222107 0.2186929 0.3537754 -0.232107 0.2180124 0.3536201 -0.222107 0.2180124 0.3536201 -0.232107 0.2173404 0.353431 -0.222107 0.2173404 0.353431 -0.232107 0.2166787 0.3532087 -0.222107 0.2166787 0.3532087 -0.232107 0.2160289 0.3529537 -0.222107 0.2160289 0.3529537 -0.232107 0.2153926 0.3526666 -0.222107 0.2153926 0.3526666 -0.222107 0.2147714 0.3523481 -0.232107 0.2147714 0.3523481 -0.232107 0.2141669 0.3519991 -0.222107 0.2141669 0.3519991 -0.232107 0.2135805 0.3516203 -0.222107 0.2135805 0.3516203 -0.222107 0.2130137 0.3512129 -0.232107 0.2130137 0.3512129 -0.232107 0.212468 0.3507776 -0.222107 0.212468 0.3507776 -0.232107 0.2119446 0.3503157 -0.222107 0.2119446 0.3503157 -0.222107 0.2114449 0.3498283 -0.232107 0.2114449 0.3498283 -0.222107 0.2109701 0.3493166 -0.232107 0.2109701 0.3493166 -0.232107 0.2105214 0.3487819 -0.222107 0.2105214 0.3487819 -0.232107 0.2100999 0.3482254 -0.222107 0.2100999 0.3482254 -0.232107 0.2097066 0.3476487 -0.222107 0.2097066 0.3476487 -0.222107 0.2093427 0.347053 -0.232107 0.2093427 0.347053 -0.232107 0.2090088 0.3464399 -0.222107 0.2090088 0.3464399 -0.232107 0.2087059 0.345811 -0.222107 0.2087059 0.345811 -0.232107 0.2084348 0.3451678 -0.222107 0.2084348 0.3451678 -0.222107 0.208196 0.3445118 -0.232107 0.208196 0.3445118 -0.232107 0.2079903 0.3438448 -0.222107 0.2079903 0.3438448 -0.232107 0.207818 0.3431683 -0.222107 0.207818 0.3431683 -0.232107 0.2076797 0.3424841 -0.222107 0.2076797 0.3424841 -0.232107 0.2075757 0.3417938 -0.222107 0.2075757 0.3417938 -0.232107 0.2075061 0.3410992 -0.222107 0.2075061 0.3410992 -0.232107 0.2074713 0.340402 -0.222107 0.2074713 0.340402 -0.232107 0.2074713 0.339704 -0.222107 0.2074713 0.339704 -0.232107 0.2075061 0.3390068 -0.222107 0.2075061 0.3390068 -0.232107 0.2075757 0.3383122 -0.222107 0.2075757 0.3383122 -0.232107 0.2076797 0.3376219 -0.222107 0.2076797 0.3376219 -0.232107 0.207818 0.3369377 -0.222107 0.207818 0.3369377 -0.232107 0.2079903 0.3362612 -0.222107 0.2079903 0.3362612 -0.232107 0.208196 0.3355942 -0.222107 0.208196 0.3355942 -0.232107 0.2084348 0.3349382 -0.222107 0.2084348 0.3349382 -0.232107 0.2087059 0.334295 -0.222107 0.2087059 0.334295 -0.232107 0.2090088 0.333666 -0.222107 0.2090088 0.333666 -0.232107 0.2093427 0.333053 -0.222107 0.2093427 0.333053 -0.232107 0.2097066 0.3324574 -0.222107 0.2097066 0.3324574 -0.232107 0.2100999 0.3318806 -0.222107 0.2100999 0.3318806 -0.232107 0.2105214 0.3313242 -0.222107 0.2105214 0.3313242 -0.232107 0.2109701 0.3307894 -0.222107 0.2109701 0.3307894 -0.232107 0.2114449 0.3302777 -0.222107 0.2114449 0.3302777 -0.232107 0.2119446 0.3297903 -0.222107 0.2119446 0.3297903 -0.232107 0.212468 0.3293284 -0.222107 0.212468 0.3293284 -0.232107 0.2130137 0.3288932 -0.222107 0.2130137 0.3288932 -0.232107 0.2135805 0.3284857 -0.222107 0.2135805 0.3284857 -0.232107 0.2141669 0.3281069 -0.222107 0.2141669 0.3281069 -0.232107 0.2147714 0.3277579 -0.222107 0.2147714 0.3277579 -0.232107 0.2153926 0.3274394 -0.222107 0.2153926 0.3274394 -0.232107 0.2160289 0.3271523 -0.222107 0.2160289 0.3271523 -0.232107 0.2166787 0.3268973 -0.222107 0.2166787 0.3268973 -0.232107 0.2173404 0.326675 -0.222107 0.2173404 0.326675 -0.232107 0.2180124 0.3264859 -0.222107 0.2180124 0.3264859 -0.232107 0.2186929 0.3263306 -0.222107 0.2186929 0.3263306 -0.232107 0.2193804 0.3262094 -0.222107 0.2193804 0.3262094 -0.232107 0.220073 0.3261226 -0.222107 0.220073 0.3261226 -0.232107 0.2207692 0.3260704 -0.222107 0.2207692 0.3260704 -0.232107 0.2163657 0.3455509 -0.232107 0.216098 0.3452898 -0.232107 0.2158436 0.3450157 -0.232107 0.2166461 0.3457983 -0.232107 0.2156033 0.3447292 -0.232107 0.2169385 0.3460315 -0.232107 0.2153775 0.3444311 -0.232107 0.2172421 0.3462498 -0.232107 0.2151668 0.3441221 -0.232107 0.2175562 0.3464527 -0.232107 0.2149718 0.343803 -0.232107 0.2178801 0.3466396 -0.232107 0.214793 0.3434746 -0.232107 0.2182129 0.3468103 -0.232107 0.2146307 0.3431377 -0.232107 0.2185537 0.3469641 -0.232107 0.2144854 0.3427931 -0.232107 0.2189019 0.3471007 -0.232107 0.2143575 0.3424417 -0.232107 0.2192563 0.3472198 -0.232107 0.2142473 0.3420843 -0.232107 0.2196163 0.3473211 -0.232107 0.214155 0.3417219 -0.232107 0.2199809 0.3474043 -0.232107 0.2140809 0.3413553 -0.232107 0.2203492 0.3474692 -0.232107 0.2140252 0.3409856 -0.232107 0.2207202 0.3475157 -0.232107 0.213988 0.3406135 -0.232107 0.2210932 0.3475437 -0.232107 0.2139693 0.34024 -0.232107 0.221467 0.347553 -0.232107 0.2139693 0.339866 -0.232107 0.2218409 0.3475437 -0.232107 0.213988 0.3394925 -0.232107 0.2222138 0.3475157 -0.232107 0.2140252 0.3391204 -0.232107 0.2225848 0.3474692 -0.232107 0.2140809 0.3387506 -0.232107 0.2229531 0.3474043 -0.232107 0.214155 0.3383841 -0.232107 0.2233177 0.3473211 -0.232107 0.2142473 0.3380217 -0.232107 0.2236777 0.3472198 -0.232107 0.2143575 0.3376643 -0.232107 0.2240322 0.3471007 -0.232107 0.2144854 0.3373129 -0.232107 0.2243803 0.3469641 -0.232107 0.2146307 0.3369684 -0.232107 0.2247211 0.3468103 -0.232107 0.214793 0.3366314 -0.232107 0.2250539 0.3466396 -0.232107 0.2149718 0.336303 -0.232107 0.2253778 0.3464527 -0.232107 0.2151668 0.3359839 -0.232107 0.2256919 0.3462498 -0.232107 0.2153775 0.3356749 -0.232107 0.2259955 0.3460315 -0.232107 0.2156033 0.3353768 -0.232107 0.2262879 0.3457983 -0.232107 0.2158436 0.3350904 -0.232107 0.2265683 0.3455509 -0.232107 0.216098 0.3348162 -0.232107 0.226836 0.3452898 -0.232107 0.2163657 0.3345551 -0.232107 0.2166461 0.3343077 -0.232107 0.2270904 0.3450157 -0.232107 0.2273307 0.3447292 -0.232107 0.2169385 0.3340745 -0.232107 0.2275565 0.3444311 -0.232107 0.2172421 0.3338562 -0.232107 0.2277672 0.3441221 -0.232107 0.2175562 0.3336533 -0.232107 0.2279622 0.343803 -0.232107 0.228141 0.3434746 -0.232107 0.2178801 0.3334663 -0.232107 0.2185537 0.3331419 -0.232107 0.2182129 0.3332957 -0.232107 0.2283033 0.3431377 -0.232107 0.2284485 0.3427931 -0.232107 0.2192563 0.3328862 -0.232107 0.2189019 0.3330053 -0.232107 0.2285765 0.3424417 -0.232107 0.2286867 0.3420843 -0.232107 0.228779 0.3417219 -0.232107 0.2199809 0.3327017 -0.232107 0.2196163 0.3327849 -0.232107 0.2288531 0.3413553 -0.232107 0.2203492 0.3326368 -0.232107 0.2289088 0.3409856 -0.232107 0.2207202 0.3325903 -0.232107 0.228946 0.3406135 -0.232107 0.2210932 0.3325623 -0.232107 0.2289647 0.34024 -0.232107 0.221467 0.332553 -0.232107 0.2218409 0.3325623 -0.232107 0.2289647 0.339866 -0.232107 0.228946 0.3394925 -0.232107 0.2225848 0.3326368 -0.232107 0.2222138 0.3325903 -0.232107 0.2289088 0.3391204 -0.232107 0.2288531 0.3387506 -0.232107 0.2229531 0.3327017 -0.232107 0.2233177 0.3327849 -0.232107 0.228779 0.3383841 -0.232107 0.2286867 0.3380217 -0.232107 0.2240322 0.3330053 -0.232107 0.2236777 0.3328862 -0.232107 0.2285765 0.3376643 -0.232107 0.2284485 0.3373129 -0.232107 0.2243803 0.3331419 -0.232107 0.2283033 0.3369684 -0.232107 0.2247211 0.3332957 -0.232107 0.228141 0.3366314 -0.232107 0.2253778 0.3336533 -0.232107 0.2250539 0.3334663 -0.232107 0.2279622 0.336303 -0.232107 0.2256919 0.3338562 -0.232107 0.2277672 0.3359839 -0.232107 0.2275565 0.3356749 -0.232107 0.2259955 0.3340745 -0.232107 0.2273307 0.3353768 -0.232107 0.2262879 0.3343077 -0.232107 0.2270904 0.3350904 -0.232107 0.226836 0.3348162 -0.232107 0.2265683 0.3345551 -0.247107 0.2210932 0.3325623 -0.247107 0.221467 0.332553 -0.247107 0.2207202 0.3325903 -0.247107 0.2203492 0.3326368 -0.247107 0.2199809 0.3327017 -0.247107 0.2196163 0.3327849 -0.247107 0.2192563 0.3328862 -0.247107 0.2189019 0.3330053 -0.247107 0.2185537 0.3331419 -0.247107 0.2182129 0.3332957 -0.247107 0.2178801 0.3334663 -0.247107 0.2175562 0.3336533 -0.247107 0.2172421 0.3338562 -0.247107 0.2169385 0.3340745 -0.247107 0.2166461 0.3343077 -0.247107 0.2163657 0.3345551 -0.247107 0.216098 0.3348162 -0.247107 0.2158436 0.3350904 -0.247107 0.2156033 0.3353768 -0.247107 0.2153775 0.3356749 -0.247107 0.2151668 0.3359839 -0.247107 0.2149718 0.336303 -0.247107 0.214793 0.3366314 -0.247107 0.2146307 0.3369684 -0.247107 0.2144854 0.3373129 -0.247107 0.2143575 0.3376643 -0.247107 0.2142473 0.3380217 -0.247107 0.214155 0.3383841 -0.247107 0.2140809 0.3387506 -0.247107 0.2140252 0.3391204 -0.247107 0.213988 0.3394925 -0.247107 0.2139693 0.339866 -0.247107 0.2139693 0.34024 -0.247107 0.213988 0.3406135 -0.247107 0.2140252 0.3409856 -0.247107 0.2140809 0.3413553 -0.247107 0.214155 0.3417219 -0.247107 0.2142473 0.3420843 -0.247107 0.2143575 0.3424417 -0.247107 0.2144854 0.3427931 -0.247107 0.2146307 0.3431377 -0.247107 0.214793 0.3434746 -0.247107 0.2149718 0.343803 -0.247107 0.2151668 0.3441221 -0.247107 0.2153775 0.3444311 -0.247107 0.2156033 0.3447292 -0.247107 0.2158436 0.3450157 -0.247107 0.216098 0.3452898 -0.247107 0.2163657 0.3455509 -0.247107 0.2166461 0.3457983 -0.247107 0.2169385 0.3460315 -0.247107 0.2172421 0.3462498 -0.247107 0.2175562 0.3464527 -0.247107 0.2178801 0.3466396 -0.247107 0.2182129 0.3468103 -0.247107 0.2185537 0.3469641 -0.247107 0.2189019 0.3471007 -0.247107 0.2192563 0.3472198 -0.247107 0.2196163 0.3473211 -0.247107 0.2199809 0.3474043 -0.247107 0.2203492 0.3474692 -0.247107 0.2207202 0.3475157 -0.247107 0.2210932 0.3475437 -0.247107 0.221467 0.347553 -0.247107 0.2218409 0.3475437 -0.247107 0.2222138 0.3475157 -0.247107 0.2225848 0.3474692 -0.247107 0.2229531 0.3474043 -0.247107 0.2233177 0.3473211 -0.247107 0.2236777 0.3472198 -0.247107 0.2240322 0.3471007 -0.247107 0.2243803 0.3469641 -0.247107 0.2247211 0.3468103 -0.247107 0.2250539 0.3466396 -0.247107 0.2253778 0.3464527 -0.247107 0.2256919 0.3462498 -0.247107 0.2259955 0.3460315 -0.247107 0.2262879 0.3457983 -0.247107 0.2265683 0.3455509 -0.247107 0.226836 0.3452898 -0.247107 0.2270904 0.3450157 -0.247107 0.2273307 0.3447292 -0.247107 0.2275565 0.3444311 -0.247107 0.2277672 0.3441221 -0.247107 0.2279622 0.343803 -0.247107 0.228141 0.3434746 -0.247107 0.2283033 0.3431377 -0.247107 0.2284485 0.3427931 -0.247107 0.2285765 0.3424417 -0.247107 0.2286867 0.3420843 -0.247107 0.228779 0.3417219 -0.247107 0.2288531 0.3413553 -0.247107 0.2289088 0.3409856 -0.247107 0.228946 0.3406135 -0.247107 0.2289647 0.34024 -0.247107 0.2289647 0.339866 -0.247107 0.228946 0.3394925 -0.247107 0.2289088 0.3391204 -0.247107 0.2288531 0.3387506 -0.247107 0.228779 0.3383841 -0.247107 0.2286867 0.3380217 -0.247107 0.2285765 0.3376643 -0.247107 0.2284485 0.3373129 -0.247107 0.2283033 0.3369684 -0.247107 0.228141 0.3366314 -0.247107 0.2279622 0.336303 -0.247107 0.2277672 0.3359839 -0.247107 0.2275565 0.3356749 -0.247107 0.2273307 0.3353768 -0.247107 0.2270904 0.3350904 -0.247107 0.226836 0.3348162 -0.247107 0.2265683 0.3345551 -0.247107 0.2262879 0.3343077 -0.247107 0.2259955 0.3340745 -0.247107 0.2256919 0.3338562 -0.247107 0.2253778 0.3336533 -0.247107 0.2250539 0.3334663 -0.247107 0.2247211 0.3332957 -0.247107 0.2243803 0.3331419 -0.247107 0.2240322 0.3330053 -0.247107 0.2236777 0.3328862 -0.247107 0.2233177 0.3327849 -0.247107 0.2229531 0.3327017 -0.247107 0.2225848 0.3326368 -0.247107 0.2222138 0.3325903 -0.247107 0.2218409 0.3325623 -0.247107 0.2180661 0.3437183 -0.247107 0.2178877 0.3435442 -0.247107 0.2177181 0.3433614 -0.247107 0.2182531 0.3438832 -0.247107 0.2175578 0.3431704 -0.247107 0.218448 0.3440387 -0.247107 0.2174073 0.3429717 -0.247107 0.2186504 0.3441842 -0.247107 0.2172669 0.3427657 -0.247107 0.2188598 0.3443195 -0.247107 0.2171369 0.342553 -0.247107 0.2190757 0.3444441 -0.247107 0.2170176 0.342334 -0.247107 0.2192976 0.3445578 -0.247107 0.2169095 0.3421094 -0.247107 0.2195248 0.3446604 -0.247107 0.2168126 0.3418797 -0.247107 0.2197569 0.3447515 -0.247107 0.2167274 0.3416454 -0.247107 0.2199932 0.3448309 -0.247107 0.2166539 0.3414072 -0.247107 0.2202332 0.3448984 -0.247107 0.2165924 0.3411656 -0.247107 0.2204763 0.3449539 -0.247107 0.216543 0.3409212 -0.247107 0.2207218 0.3449972 -0.247107 0.2165058 0.3406747 -0.247107 0.2209692 0.3450282 -0.247107 0.216481 0.3404266 -0.247107 0.2212178 0.3450468 -0.247107 0.2164686 0.3401776 -0.247107 0.221467 0.345053 -0.247107 0.2164686 0.3399283 -0.247107 0.2217162 0.3450468 -0.247107 0.216481 0.3396794 -0.247107 0.2219648 0.3450282 -0.247107 0.2165058 0.3394313 -0.247107 0.2222122 0.3449972 -0.247107 0.216543 0.3391848 -0.247107 0.2224577 0.3449539 -0.247107 0.2165924 0.3389404 -0.247107 0.2227008 0.3448984 -0.247107 0.2166539 0.3386988 -0.247107 0.2229408 0.3448309 -0.247107 0.2167274 0.3384606 -0.247107 0.2231771 0.3447515 -0.247107 0.2168126 0.3382263 -0.247107 0.2234092 0.3446604 -0.247107 0.2169095 0.3379966 -0.247107 0.2236364 0.3445578 -0.247107 0.2170176 0.3377719 -0.247107 0.2238583 0.3444441 -0.247107 0.2171369 0.337553 -0.247107 0.2240742 0.3443195 -0.247107 0.2172669 0.3373403 -0.247107 0.2242836 0.3441842 -0.247107 0.2174073 0.3371343 -0.247107 0.224486 0.3440387 -0.247107 0.2175578 0.3369355 -0.247107 0.2246809 0.3438832 -0.247107 0.2177181 0.3367446 -0.247107 0.2248679 0.3437183 -0.247107 0.2178877 0.3365618 -0.247107 0.2250463 0.3435442 -0.247107 0.2180661 0.3363877 -0.247107 0.2252159 0.3433614 -0.247107 0.2182531 0.3362228 -0.247107 0.218448 0.3360674 -0.247107 0.2253762 0.3431704 -0.247107 0.2255267 0.3429717 -0.247107 0.2188598 0.3357866 -0.247107 0.2186504 0.3359218 -0.247107 0.2256671 0.3427657 -0.247107 0.2257971 0.342553 -0.247107 0.2190757 0.3356619 -0.247107 0.2259164 0.342334 -0.247107 0.2192976 0.3355482 -0.247107 0.2260245 0.3421094 -0.247107 0.2197569 0.3353545 -0.247107 0.2195248 0.3354456 -0.247107 0.2261214 0.3418797 -0.247107 0.2262066 0.3416454 -0.247107 0.2262801 0.3414072 -0.247107 0.2199932 0.3352751 -0.247107 0.2202332 0.3352076 -0.247107 0.2263416 0.3411656 -0.247107 0.2204763 0.3351521 -0.247107 0.226391 0.3409212 -0.247107 0.2207218 0.3351089 -0.247107 0.2264282 0.3406747 -0.247107 0.226453 0.3404266 -0.247107 0.2209692 0.3350779 -0.247107 0.2264654 0.3401776 -0.247107 0.2212178 0.3350592 -0.247107 0.2264654 0.3399283 -0.247107 0.221467 0.335053 -0.247107 0.2217162 0.3350592 -0.247107 0.226453 0.3396794 -0.247107 0.2264282 0.3394313 -0.247107 0.2219648 0.3350779 -0.247107 0.2224577 0.3351521 -0.247107 0.2222122 0.3351089 -0.247107 0.226391 0.3391848 -0.247107 0.2227008 0.3352076 -0.247107 0.2263416 0.3389404 -0.247107 0.2262801 0.3386988 -0.247107 0.2262066 0.3384606 -0.247107 0.2231771 0.3353545 -0.247107 0.2229408 0.3352751 -0.247107 0.2261214 0.3382263 -0.247107 0.2234092 0.3354456 -0.247107 0.2260245 0.3379966 -0.247107 0.2236364 0.3355482 -0.247107 0.2259164 0.3377719 -0.247107 0.2257971 0.337553 -0.247107 0.2238583 0.3356619 -0.247107 0.2240742 0.3357866 -0.247107 0.2256671 0.3373403 -0.247107 0.2255267 0.3371343 -0.247107 0.2242836 0.3359218 -0.247107 0.2253762 0.3369355 -0.247107 0.2246809 0.3362228 -0.247107 0.224486 0.3360674 -0.247107 0.2252159 0.3367446 -0.247107 0.2250463 0.3365618 -0.247107 0.2248679 0.3363877 -0.252107 0.221467 0.335053 -0.252107 0.2212178 0.3350592 -0.252107 0.2209692 0.3350779 -0.252107 0.2207218 0.3351089 -0.252107 0.2204763 0.3351521 -0.252107 0.2202332 0.3352076 -0.252107 0.2199932 0.3352751 -0.252107 0.2197569 0.3353545 -0.252107 0.2195248 0.3354456 -0.252107 0.2192976 0.3355482 -0.252107 0.2190757 0.3356619 -0.252107 0.2188598 0.3357866 -0.252107 0.2186504 0.3359218 -0.252107 0.218448 0.3360674 -0.252107 0.2182531 0.3362228 -0.252107 0.2180661 0.3363877 -0.252107 0.2178877 0.3365618 -0.252107 0.2177181 0.3367446 -0.252107 0.2175578 0.3369355 -0.252107 0.2174073 0.3371343 -0.252107 0.2172669 0.3373403 -0.252107 0.2171369 0.337553 -0.252107 0.2170176 0.3377719 -0.252107 0.2169095 0.3379966 -0.252107 0.2168126 0.3382263 -0.252107 0.2167274 0.3384606 -0.252107 0.2166539 0.3386988 -0.252107 0.2165924 0.3389404 -0.252107 0.216543 0.3391848 -0.252107 0.2165058 0.3394313 -0.252107 0.216481 0.3396794 -0.252107 0.2164686 0.3399283 -0.252107 0.2164686 0.3401776 -0.252107 0.216481 0.3404266 -0.252107 0.2165058 0.3406747 -0.252107 0.216543 0.3409212 -0.252107 0.2165924 0.3411656 -0.252107 0.2166539 0.3414072 -0.252107 0.2167274 0.3416454 -0.252107 0.2168126 0.3418797 -0.252107 0.2169095 0.3421094 -0.252107 0.2170176 0.342334 -0.252107 0.2171369 0.342553 -0.252107 0.2172669 0.3427657 -0.252107 0.2174073 0.3429717 -0.252107 0.2175578 0.3431704 -0.252107 0.2177181 0.3433614 -0.252107 0.2178877 0.3435442 -0.252107 0.2180661 0.3437183 -0.252107 0.2182531 0.3438832 -0.252107 0.218448 0.3440387 -0.252107 0.2186504 0.3441842 -0.252107 0.2188598 0.3443195 -0.252107 0.2190757 0.3444441 -0.252107 0.2192976 0.3445578 -0.252107 0.2195248 0.3446604 -0.252107 0.2197569 0.3447515 -0.252107 0.2199932 0.3448309 -0.252107 0.2202332 0.3448984 -0.252107 0.2204763 0.3449539 -0.252107 0.2207218 0.3449972 -0.252107 0.2209692 0.3450282 -0.252107 0.2212178 0.3450468 -0.252107 0.221467 0.345053 -0.252107 0.2217162 0.3450468 -0.252107 0.2219648 0.3450282 -0.252107 0.2222122 0.3449972 -0.252107 0.2224577 0.3449539 -0.252107 0.2227008 0.3448984 -0.252107 0.2229408 0.3448309 -0.252107 0.2231771 0.3447515 -0.252107 0.2234092 0.3446604 -0.252107 0.2236364 0.3445578 -0.252107 0.2238583 0.3444441 -0.252107 0.2240742 0.3443195 -0.252107 0.2242836 0.3441842 -0.252107 0.224486 0.3440387 -0.252107 0.2246809 0.3438832 -0.252107 0.2248679 0.3437183 -0.252107 0.2250463 0.3435442 -0.252107 0.2252159 0.3433614 -0.252107 0.2253762 0.3431704 -0.252107 0.2255267 0.3429717 -0.252107 0.2256671 0.3427657 -0.252107 0.2257971 0.342553 -0.252107 0.2259164 0.342334 -0.252107 0.2260245 0.3421094 -0.252107 0.2261214 0.3418797 -0.252107 0.2262066 0.3416454 -0.252107 0.2262801 0.3414072 -0.252107 0.2263416 0.3411656 -0.252107 0.226391 0.3409212 -0.252107 0.2264282 0.3406747 -0.252107 0.226453 0.3404266 -0.252107 0.2264654 0.3401776 -0.252107 0.2264654 0.3399283 -0.252107 0.226453 0.3396794 -0.252107 0.2264282 0.3394313 -0.252107 0.226391 0.3391848 -0.252107 0.2263416 0.3389404 -0.252107 0.2262801 0.3386988 -0.252107 0.2262066 0.3384606 -0.252107 0.2261214 0.3382263 -0.252107 0.2260245 0.3379966 -0.252107 0.2259164 0.3377719 -0.252107 0.2257971 0.337553 -0.252107 0.2256671 0.3373403 -0.252107 0.2255267 0.3371343 -0.252107 0.2253762 0.3369355 -0.252107 0.2252159 0.3367446 -0.252107 0.2250463 0.3365618 -0.252107 0.2248679 0.3363877 -0.252107 0.2246809 0.3362228 -0.252107 0.224486 0.3360674 -0.252107 0.2242836 0.3359218 -0.252107 0.2240742 0.3357866 -0.252107 0.2238583 0.3356619 -0.252107 0.2236364 0.3355482 -0.252107 0.2234092 0.3354456 -0.252107 0.2231771 0.3353545 -0.252107 0.2229408 0.3352751 -0.252107 0.2227008 0.3352076 -0.252107 0.2224577 0.3351521 -0.252107 0.2222122 0.3351089 -0.252107 0.2219648 0.3350779 -0.252107 0.2217162 0.3350592 -0.252107 0.220433 0.3411396 -0.252107 0.2203634 0.3410689 -0.252107 0.220507 0.3412056 -0.252107 0.2202987 0.3409938 -0.252107 0.2205853 0.3412665 -0.252107 0.2202391 0.3409145 -0.252107 0.2206674 0.3413221 -0.252107 0.2201848 0.3408315 -0.252107 0.2207531 0.3413722 -0.252107 0.2201362 0.340745 -0.252107 0.2208418 0.3414165 -0.252107 0.2200933 0.3406555 -0.252107 0.2209333 0.3414548 -0.252107 0.2200565 0.3405634 -0.252107 0.2210271 0.3414871 -0.252107 0.2200259 0.3404691 -0.252107 0.2211229 0.341513 -0.252107 0.2200015 0.340373 -0.252107 0.2212201 0.3415325 -0.252107 0.2199836 0.3402754 -0.252107 0.2213184 0.3415456 -0.252107 0.2199721 0.3401769 -0.252107 0.2214174 0.3415522 -0.252107 0.2199672 0.3400778 -0.252107 0.2215166 0.3415522 -0.252107 0.2199688 0.3399786 -0.252107 0.2216156 0.3415456 -0.252107 0.219977 0.3398798 -0.252107 0.2217139 0.3415325 -0.252107 0.2199917 0.3397817 -0.252107 0.2218111 0.341513 -0.252107 0.2200129 0.3396848 -0.252107 0.2219069 0.3414871 -0.252107 0.2200404 0.3395895 -0.252107 0.2220007 0.3414548 -0.252107 0.2200742 0.3394962 -0.252107 0.2220922 0.3414165 -0.252107 0.220114 0.3394054 -0.252107 0.2221809 0.3413722 -0.252107 0.2201598 0.3393174 -0.252107 0.2222665 0.3413221 -0.252107 0.2202112 0.3392326 -0.252107 0.2223487 0.3412665 -0.252107 0.2202682 0.3391514 -0.252107 0.222427 0.3412056 -0.252107 0.2203304 0.3390741 -0.252107 0.222501 0.3411396 -0.252107 0.2203976 0.3390012 -0.252107 0.2225706 0.3410689 -0.252107 0.2204695 0.3389328 -0.252107 0.2226353 0.3409938 -0.252107 0.2205457 0.3388693 -0.252107 0.2206259 0.338811 -0.252107 0.2226949 0.3409145 -0.252107 0.2227492 0.3408315 -0.252107 0.2207099 0.3387581 -0.252107 0.2227978 0.340745 -0.252107 0.2207971 0.3387109 -0.252107 0.2208873 0.3386696 -0.252107 0.2228407 0.3406555 -0.252107 0.2228775 0.3405634 -0.252107 0.2209799 0.3386343 -0.252107 0.2229081 0.3404691 -0.252107 0.2210748 0.3386052 -0.252107 0.2211713 0.3385824 -0.252107 0.2229325 0.340373 -0.252107 0.2229504 0.3402754 -0.252107 0.2212692 0.3385661 -0.252107 0.2229619 0.3401769 -0.252107 0.2213679 0.3385563 -0.252107 0.221467 0.338553 -0.252107 0.2229668 0.3400778 -0.252107 0.2229651 0.3399786 -0.252107 0.2215661 0.3385563 -0.252107 0.222957 0.3398798 -0.252107 0.2216648 0.3385661 -0.252107 0.2229423 0.3397817 -0.252107 0.2217627 0.3385824 -0.252107 0.2229211 0.3396848 -0.252107 0.2218592 0.3386052 -0.252107 0.2228936 0.3395895 -0.252107 0.2219541 0.3386343 -0.252107 0.2228598 0.3394962 -0.252107 0.2220468 0.3386696 -0.252107 0.22282 0.3394054 -0.252107 0.2221369 0.3387109 -0.252107 0.2227742 0.3393174 -0.252107 0.2222242 0.3387581 -0.252107 0.2227227 0.3392326 -0.252107 0.2223081 0.338811 -0.252107 0.2226658 0.3391514 -0.252107 0.2223883 0.3388693 -0.252107 0.2226036 0.3390741 -0.252107 0.2224645 0.3389328 -0.252107 0.2225364 0.3390012 -0.250107 0.221467 0.338553 -0.250107 0.2213679 0.3385563 -0.250107 0.2212692 0.3385661 -0.250107 0.2211713 0.3385824 -0.250107 0.2210748 0.3386052 -0.250107 0.2209799 0.3386343 -0.250107 0.2208873 0.3386696 -0.250107 0.2207971 0.3387109 -0.250107 0.2207099 0.3387581 -0.250107 0.2206259 0.338811 -0.250107 0.2205457 0.3388693 -0.250107 0.2204695 0.3389328 -0.250107 0.2203976 0.3390012 -0.250107 0.2203304 0.3390741 -0.250107 0.2202682 0.3391514 -0.250107 0.2202112 0.3392326 -0.250107 0.2201598 0.3393174 -0.250107 0.220114 0.3394054 -0.250107 0.2200742 0.3394962 -0.250107 0.2200404 0.3395895 -0.250107 0.2200129 0.3396848 -0.250107 0.2199917 0.3397817 -0.250107 0.219977 0.3398798 -0.250107 0.2199688 0.3399786 -0.250107 0.2199672 0.3400778 -0.250107 0.2199721 0.3401769 -0.250107 0.2199836 0.3402754 -0.250107 0.2200015 0.340373 -0.250107 0.2200259 0.3404691 -0.250107 0.2200565 0.3405634 -0.250107 0.2200933 0.3406555 -0.250107 0.2201362 0.340745 -0.250107 0.2201848 0.3408315 -0.250107 0.2202391 0.3409145 -0.250107 0.2202987 0.3409938 -0.250107 0.2203634 0.3410689 -0.250107 0.220433 0.3411396 -0.250107 0.220507 0.3412056 -0.250107 0.2205853 0.3412665 -0.250107 0.2206674 0.3413221 -0.250107 0.2207531 0.3413722 -0.250107 0.2208418 0.3414165 -0.250107 0.2209333 0.3414548 -0.250107 0.2210271 0.3414871 -0.250107 0.2211229 0.341513 -0.250107 0.2212201 0.3415325 -0.250107 0.2213184 0.3415456 -0.250107 0.2214174 0.3415522 -0.250107 0.2215166 0.3415522 -0.250107 0.2216156 0.3415456 -0.250107 0.2217139 0.3415325 -0.250107 0.2218111 0.341513 -0.250107 0.2219069 0.3414871 -0.250107 0.2220007 0.3414548 -0.250107 0.2220922 0.3414165 -0.250107 0.2221809 0.3413722 -0.250107 0.2222665 0.3413221 -0.250107 0.2223487 0.3412665 -0.250107 0.222427 0.3412056 -0.250107 0.222501 0.3411396 -0.250107 0.2225706 0.3410689 -0.250107 0.2226353 0.3409938 -0.250107 0.2226949 0.3409145 -0.250107 0.2227492 0.3408315 -0.250107 0.2227978 0.340745 -0.250107 0.2228407 0.3406555 -0.250107 0.2228775 0.3405634 -0.250107 0.2229081 0.3404691 -0.250107 0.2229325 0.340373 -0.250107 0.2229504 0.3402754 -0.250107 0.2229619 0.3401769 -0.250107 0.2229668 0.3400778 -0.250107 0.2229651 0.3399786 -0.250107 0.222957 0.3398798 -0.250107 0.2229423 0.3397817 -0.250107 0.2229211 0.3396848 -0.250107 0.2228936 0.3395895 -0.250107 0.2228598 0.3394962 -0.250107 0.22282 0.3394054 -0.250107 0.2227742 0.3393174 -0.250107 0.2227227 0.3392326 -0.250107 0.2226658 0.3391514 -0.250107 0.2226036 0.3390741 -0.250107 0.2225364 0.3390012 -0.250107 0.2224645 0.3389328 -0.250107 0.2223883 0.3388693 -0.250107 0.2223081 0.338811 -0.250107 0.2222242 0.3387581 -0.250107 0.2221369 0.3387109 -0.250107 0.2220468 0.3386696 -0.250107 0.2219541 0.3386343 -0.250107 0.2218592 0.3386052 -0.250107 0.2217627 0.3385824 -0.250107 0.2216648 0.3385661 -0.250107 0.2215661 0.3385563</float_array>
          <technique_common>
            <accessor count="946" source="#cubeverts-array0-array" stride="3">
              <param type="float" name="X"/>
              <param type="float" name="Y"/>
              <param type="float" name="Z"/>
            </accessor>
          </technique_common>
        </source>
        <source id="cubenormals-array0">
          <float_array count="5664" id="cubenormals-array0-array">0 0.02491901 -0.9996895 0 0.02491901 -0.9996895 0 0.07471387 -0.997205 0 0.07471387 -0.997205 0 0.1243764 -0.9922351 0 0.1243764 -0.9922351 0 0.1736469 -0.984808 0 0.1736469 -0.984808 0 0.2225233 -0.9749273 0 0.2225233 -0.9749273 0 0.2708329 -0.9626264 0 0.2708329 -0.9626264 0 0.3184827 -0.9479287 0 0.3184827 -0.9479287 0 0.3653453 -0.930872 0 0.3653453 -0.930872 0 0.4112634 -0.9115165 0 0.4112634 -0.9115165 0 0.4562314 -0.8898612 0 0.4562314 -0.8898612 0 0.4999993 -0.8660257 0 0.4999993 -0.8660257 0 0.5425351 -0.8400331 0 0.5425351 -0.8400331 0 0.5837622 -0.8119247 0 0.5837622 -0.8119247 0 0.6234627 -0.7818531 0 0.6234627 -0.7818531 0 0.6617004 -0.7497683 0 0.6617004 -0.7497683 0 0.6982315 -0.715872 0 0.6982315 -0.715872 0 0.7330503 -0.6801744 0 0.7330503 -0.6801744 0 0.7660561 -0.6427737 0 0.7660561 -0.6427737 0 0.7971211 -0.6038194 0 0.7971211 -0.6038194 0 0.8262551 -0.5632961 0 0.8262551 -0.5632961 0 0.8532851 -0.5214447 0 0.8532851 -0.5214447 0 0.8782187 -0.4782593 0 0.8782187 -0.4782593 0 0.900965 -0.4338919 0 0.900965 -0.4338919 0 0.9214782 -0.3884303 0 0.9214782 -0.3884303 0 0.9396951 -0.3420133 0 0.9396951 -0.3420133 0 0.9555703 -0.2947631 0 0.9555703 -0.2947631 0 0.9690764 -0.246761 0 0.9690764 -0.246761 0 0.980175 -0.1981335 0 0.980175 -0.1981335 0 0.9888293 -0.1490523 0 0.9888293 -0.1490523 0 0.9950307 -0.09956865 0 0.9950307 -0.09956865 0 0.9987574 -0.04983732 0 0.9987574 -0.04983732 0 1 -0 0 1 0 0 0.9987572 0.04983949 -0 0.9987572 0.04983949 0 0.9950311 0.09956431 -0 0.9950311 0.09956431 0 0.9888283 0.1490587 -0 0.9888283 0.1490587 0 0.9801767 0.198125 -0 0.9801767 0.198125 -0 0.9690737 0.2467715 0 0.9690737 0.2467715 -0 0.9555703 0.2947631 0 0.9555703 0.2947631 -0 0.9397002 0.3419993 0 0.9397002 0.3419993 -0 0.9214715 0.3884459 0 0.9214715 0.3884459 -0 0.900965 0.4338919 0 0.900965 0.4338919 -0 0.8782287 0.4782409 0 0.8782287 0.4782409 -0 0.8532851 0.5214447 0 0.8532851 0.5214447 -0 0.8262412 0.5633165 0 0.8262412 0.5633165 -0 0.7971371 0.6037983 0 0.7971371 0.6037983 -0 0.7660381 0.6427952 0 0.7660381 0.6427952 -0 0.7330503 0.6801744 0 0.7330503 0.6801744 -0 0.6982539 0.7158502 0 0.6982539 0.7158502 -0 0.6616759 0.74979 0 0.6616759 0.74979 -0 0.6234894 0.7818318 0 0.6234894 0.7818318 -0 0.5837333 0.8119454 0 0.5837333 0.8119454 -0 0.5425659 0.8400133 0 0.5425659 0.8400133 0 0.4999993 0.8660257 0 0.4999993 0.8660257 -0 0.4561968 0.8898789 0 0.4561968 0.8898789 -0 0.4112997 0.9115002 0 0.4112997 0.9115002 -0 0.3653453 0.930872 0 0.3653453 0.930872 -0 0.3184827 0.9479287 0 0.3184827 0.9479287 0 0.2708329 0.9626264 -0 0.2708329 0.9626264 0 0.2225233 0.9749273 -0 0.2225233 0.9749273 0 0.1736469 0.984808 -0 0.1736469 0.984808 0 0.1243334 0.9922405 -0 0.1243334 0.9922405 -0 0.07471387 0.997205 0 0.07471387 0.997205 -0 0.0249627 0.9996884 0 0.0249627 0.9996884 0 -0.02496325 0.9996884 0 -0.02496325 0.9996884 0 -0.07471224 0.9972051 0 -0.07471224 0.9972051 0 -0.1243334 0.9922405 0 -0.1243334 0.9922405 0 -0.1736469 0.984808 0 -0.1736469 0.984808 0 -0.2225233 0.9749273 0 -0.2225233 0.9749273 0 -0.2708329 0.9626264 0 -0.2708329 0.9626264 0 -0.3184827 0.9479287 0 -0.3184827 0.9479287 0 -0.3653527 0.9308692 0 -0.3653527 0.9308692 0 -0.4112915 0.9115039 0 -0.4112915 0.9115039 0 -0.4561968 0.8898789 0 -0.4561968 0.8898789 0 -0.4999993 0.8660257 0 -0.4999993 0.8660257 0 -0.5425759 0.8400068 0 -0.5837229 0.8119529 0 -0.5425759 0.8400068 0 -0.5837229 0.8119529 0 -0.6235001 0.7818233 0 -0.6235001 0.7818233 0 -0.6616759 0.74979 0 -0.6982539 0.7158502 0 -0.6616759 0.74979 0 -0.7330503 0.6801744 0 -0.6982539 0.7158502 0 -0.7330503 0.6801744 0 -0.7660381 0.6427952 0 -0.7660381 0.6427952 0 -0.7971371 0.6037983 0 -0.7971371 0.6037983 0 -0.8262311 0.5633314 0 -0.8532948 0.5214288 0 -0.8262311 0.5633314 0 -0.8532948 0.5214288 0 -0.8782195 0.4782578 0 -0.8782195 0.4782578 0 -0.9009735 0.4338741 0 -0.9009735 0.4338741 0 -0.9214715 0.3884459 0 -0.9396932 0.3420186 0 -0.9214715 0.3884459 0 -0.9396932 0.3420186 0 -0.9555765 0.2947432 0 -0.9555765 0.2947432 0 -0.9690737 0.2467715 0 -0.9690737 0.2467715 0 -0.9801725 0.198146 0 -0.9801725 0.198146 0 -0.9888316 0.1490373 0 -0.9888316 0.1490373 0 -0.9950311 0.09956431 0 -0.9950311 0.09956431 0 -0.9987562 0.0498613 0 -0.9987562 0.0498613 0 -1 -0 0 -1 0 0 -0.9987562 -0.04985912 0 -0.9987562 -0.04985912 0 -0.9950307 -0.09956865 0 -0.9950307 -0.09956865 0 -0.9888325 -0.1490309 0 -0.9888325 -0.1490309 0 -0.9801707 -0.1981545 0 -0.9801707 -0.1981545 0 -0.9690764 -0.246761 0 -0.9690764 -0.246761 0 -0.9555765 -0.2947432 0 -0.9555765 -0.2947432 0 -0.9396881 -0.3420327 0 -0.9396881 -0.3420327 0 -0.9214782 -0.3884303 0 -0.9214782 -0.3884303 0 -0.9009735 -0.4338741 0 -0.9009735 -0.4338741 0 -0.8782095 -0.4782762 0 -0.8782095 -0.4782762 0 -0.8532948 -0.5214288 0 -0.8532948 -0.5214288 0 -0.8262449 -0.563311 0 -0.8262449 -0.563311 0 -0.7971211 -0.6038194 0 -0.7971211 -0.6038194 0 -0.7660561 -0.6427737 0 -0.7660561 -0.6427737 0 -0.7330503 -0.6801744 0 -0.7330503 -0.6801744 0 -0.6982315 -0.715872 0 -0.6982315 -0.715872 0 -0.6617004 -0.7497683 0 -0.6617004 -0.7497683 0 -0.6234734 -0.7818446 0 -0.6234734 -0.7818446 0 -0.5837518 -0.8119321 0 -0.5837518 -0.8119321 0 -0.542545 -0.8400267 0 -0.542545 -0.8400267 0 -0.4999993 -0.8660257 0 -0.4999993 -0.8660257 0 -0.4562314 -0.8898612 0 -0.4562314 -0.8898612 0 -0.4112552 -0.9115202 0 -0.4112552 -0.9115202 0 -0.3653527 -0.9308692 0 -0.3653527 -0.9308692 0 -0.3184827 -0.9479287 0 -0.3184827 -0.9479287 0 -0.2708329 -0.9626264 0 -0.2708329 -0.9626264 0 -0.2225233 -0.9749273 0 -0.2225233 -0.9749273 0 -0.1736469 -0.984808 0 -0.1736469 -0.984808 0 -0.1243764 -0.9922351 0 -0.1243764 -0.9922351 0 -0.07471224 -0.9972051 0 -0.07471224 -0.9972051 0 -0.02491955 -0.9996895 0 -0.02491955 -0.9996895 -1 0 -0 -1 0 0 -1 0 -0 -1 -0 0 -1 0 0 -1 0 -0 -1 -0 0 -1 0 -0 -1 0 -0 -1 0 0 -1 0 -0 -1 -0 0 -1 0 0 -1 0 -0 -1 0 -0 -1 -0 0 -1 0 0 -1 0 -0 -1 0 -0 -1 0 -0 -1 -0 0 -1 0 -0 -1 0 0 -1 -0 0 -1 0 -0 -1 0 0 -1 0 -0 -1 -0 0 -1 0 0 -1 0 -0 -1 0 -0 -1 0 -0 -1 0 -0 -1 -0 0 -1 0 0 -1 -0 0 -1 0 -0 -1 0 -0 -1 0 0 -1 -0 0 -1 0 -0 -1 0 0 -1 0 -0 -1 -0 0 -1 0 -0 -1 0 0 -1 -0 0 -1 0 -0 -1 0 -0 -1 0 0 -1 0 -0 -1 -0 0 -1 0 0 -1 0 -0 -1 -0 0 -1 0 -0 -1 0 -0 -1 0 0 -1 0 0 -1 -0 0 -1 0 0 -1 0 -0 -1 0 -0 -1 0 -0 -1 -0 0 -1 0 0 -1 0 -0 -1 0 0 -1 -0 0 -1 0 -0 -1 0 -0 -1 0 0 -1 0 0 -1 -0 0 -1 0 -0 -1 0 0 -1 0 0 -1 -0 0 -1 0 0 -1 0 -0 -1 0 0 -1 -0 0 -1 0 -0 -1 0 0 -1 0 0 -1 -0 0 -1 0 0 -1 0 -0 -1 0 0 -1 -0 0 -1 -0 0 -1 0 0 -1 0 -0 -1 0 0 -1 0 -0 -1 0 0 -1 0 0 -1 0 0 -1 -0 0 -1 0 -0 -1 0 0 -1 -0 0 -1 0 0 -1 0 -0 -1 0 0 -1 -0 0 -1 -0 0 -1 0 0 -1 0 -0 -1 0 0 -1 0 0 -1 0 -0 -1 0 0 -1 -0 0 -1 0 0 -1 0 -0 -1 0 0 -1 -0 0 -1 0 0 -1 0 -0 -1 -0 0 -1 0 0 -1 0 0 -1 0 -0 -1 0 0 -1 0 -0 -1 0 0 -1 -0 0 -1 0 -0 -1 0 0 -1 0 0 -1 0 -0 -1 0 0 -1 -0 0 -1 0 -0 -1 0 0 -1 0 0 -1 0 -0 -1 0 0 -1 -0 0 -1 0 0 -1 0 -0 -1 -0 0 -1 0 0 -1 0 0 -1 0 0 -1 0 -0 -1 0 0 -1 -0 0 -1 0 -0 -1 0 0 -1 -0 0 -1 -0 0 -1 0 0 -1 0 -0 -1 0 0 -1 0 0 -1 0 -0 -1 -0 0 -1 -0 0 -1 0 0 -1 0 0 -1 0 -0 -1 0 0 -1 0 -0 -1 0 0 -1 0 0 -1 -0 0 -1 -0 0 -1 0 0 -1 0 0 -1 0 -0 -1 -0 0 -1 0 0 -1 0 -0 -1 0 0 -1 0 0 -1 0 -0 -1 -0 0 -1 0 0 -1 0 0 -1 0 -0 -1 -0 0 -1 0 -0 -1 0 0 -1 0 -0 -1 -0 -0 -1 0 -0 -1 0 0 -1 0 0 -1 0 -0 -1 0 -0 -1 0 -0 -1 -0 0 -1 0 -0 -1 0 -0 -1 0 0 -1 0 -0 -1 0 -0 -1 -0 0 -1 0 0 -1 0 -0 -1 -0 0 -1 0 0 -1 0 -0 -1 0 -0 -1 -0 0 -1 0 0 -1 0 -0 -1 -0 0 -1 0 -0 -1 0 -0 -1 0 0 -1 0 -0 -1 -0 0 -1 0 0 -1 0 -0 -1 -0 0 -1 0 0 -1 0 -0 -1 -0 0 -1 0 -0 -1 0 0 -1 0 -0 -1 0 -0 -1 -0 0 -1 0 0 -1 0 -0 -1 0 -0 -1 0 -0 -1 -0 0 -1 0 0 -1 0 -0 -1 -0 0 -1 0 -0 -1 0 -0 -1 0 0 -1 0 -0 -1 -0 0 -1 0 -0 -1 0 0 -1 -0 0 -1 0 -0 -1 0 0 -1 0 -0 -1 0 -0 -1 -0 0 -1 0 0 -1 0 -0 -1 0 -0 -1 -0 0 -1 0 0 1 0 0 1 0 0 1 0 0 1 0 0 1 0 0 1 0 0 1 0 0 1 0 0 1 0 0 1 0 0 1 0 0 1 0 0 1 0 0 1 0 0 1 0 0 1 0 0 1 0 0 1 0 0 1 0 0 1 0 0 1 0 0 1 0 0 1 0 0 1 0 0 1 0 0 1 0 0 1 0 0 1 0 0 1 0 0 1 0 0 1 0 0 1 0 -0 1 0 0 1 0 0 1 0 0 1 0 0 1 0 0 1 0 0 1 0 0 1 0 0 1 0 0 1 0 0 1 0 0 1 0 0 1 0 0 1 0 0 1 0 0 1 0 0 1 0 0 1 0 0 1 0 0 1 0 0 1 0 -0 1 0 0 1 0 0 1 0 0 1 0 0 1 0 0 1 0 0 1 0 0 1 0 0 1 0 0 1 0 0 1 0 0 1 0 0 1 0 0 1 0 -0 1 0 0 1 0 0 1 0 0 1 0 0 1 0 -0 1 0 0 1 0 0 1 0 0 1 0 0 1 0 0 1 0 0 1 0 0 1 0 0 1 0 0 1 0 0 1 0 0 1 0 0 1 0 0 1 0 0 1 0 0 1 0 0 1 0 0 1 0 0 1 0 0 1 0 0 1 0 0 1 0 0 1 0 0 1 0 0 1 0 0 1 0 0 1 0 0 1 0 0 1 0 0 1 0 0 1 0 0 1 0 0 1 0 0 1 0 0 1 0 0 1 0 0 1 0 0 1 0 0 1 0 0 1 0 0 1 0 0 1 0 0 1 0 0 1 0 0 1 0 0 1 0 0 1 0 0 1 0 0 1 0 0 1 0 -0 1 0 0 1 0 0 0 -0.02489024 -0.9996902 0 -0.02489024 -0.9996902 0 -0.07475242 -0.9972022 0 -0.07475242 -0.9972022 0 -0.1243662 -0.9922364 0 -0.173662 -0.9848053 0 -0.1243662 -0.9922364 0 -0.222457 -0.9749426 0 -0.173662 -0.9848053 0 -0.222457 -0.9749426 0 -0.2708496 -0.9626217 0 -0.318516 -0.9479175 0 -0.2708496 -0.9626217 0 -0.3653468 -0.9308715 0 -0.318516 -0.9479175 0 -0.3653468 -0.9308715 0 -0.4112959 -0.9115018 0 -0.4112959 -0.9115018 0 -0.4561841 -0.8898854 0 -0.4561841 -0.8898854 0 -0.499992 -0.86603 0 -0.499992 -0.86603 0 -0.542532 -0.8400351 0 -0.542532 -0.8400351 0 -0.5837327 -0.8119459 0 -0.5837327 -0.8119459 0 -0.62353 -0.7817994 0 -0.62353 -0.7817994 0 -0.661685 -0.7497819 0 -0.661685 -0.7497819 0 -0.6982178 -0.7158854 0 -0.6982178 -0.7158854 0 -0.7330725 -0.6801506 0 -0.7660496 -0.6427814 0 -0.7330725 -0.6801506 0 -0.7660496 -0.6427814 0 -0.7971314 -0.6038058 0 -0.7971314 -0.6038058 0 -0.8262429 -0.563314 0 -0.8262429 -0.563314 0 -0.8532919 -0.5214335 0 -0.8782088 -0.4782774 0 -0.8532919 -0.5214335 0 -0.9009709 -0.4338794 0 -0.8782088 -0.4782774 0 -0.9009709 -0.4338794 0 -0.9214633 -0.3884656 0 -0.9396957 -0.3420117 0 -0.9214633 -0.3884656 0 -0.9396957 -0.3420117 0 -0.9555741 -0.294751 0 -0.9555741 -0.294751 0 -0.9690821 -0.2467385 0 -0.9690821 -0.2467385 0 -0.9801736 -0.1981402 0 -0.988829 -0.1490547 0 -0.9801736 -0.1981402 0 -0.988829 -0.1490547 0 -0.9950315 -0.09956028 0 -0.9950315 -0.09956028 0 -0.9987562 -0.04986029 0 -0.9987562 -0.04986029 0 -1 0 0 -1 0 0 -0.9987561 0.04986435 0 -0.9987561 0.04986435 0 -0.9950315 0.09956028 0 -0.988829 0.1490547 0 -0.9950315 0.09956028 0 -0.9801736 0.1981402 0 -0.988829 0.1490547 0 -0.9801736 0.1981402 0 -0.9690821 0.2467385 0 -0.9690821 0.2467385 0 -0.9555741 0.294751 0 -0.9555741 0.294751 0 -0.9396957 0.3420117 0 -0.9396957 0.3420117 0 -0.9214755 0.3884364 0 -0.9214755 0.3884364 0 -0.9009556 0.4339113 0 -0.9009556 0.4339113 0 -0.8782275 0.4782431 0 -0.8782275 0.4782431 0 -0.8532919 0.5214335 0 -0.8532919 0.5214335 0 -0.8262429 0.563314 0 -0.8262429 0.563314 0 -0.7971314 0.6038058 0 -0.7971314 0.6038058 0 -0.7660496 0.6427814 0 -0.7660496 0.6427814 0 -0.7330347 0.6801912 0 -0.7330347 0.6801912 0 -0.6982596 0.7158446 0 -0.6982596 0.7158446 0 -0.661685 0.7497819 0 -0.661685 0.7497819 0 -0.6234801 0.7818392 0 -0.6234801 0.7818392 0 -0.5837327 0.8119459 0 -0.542532 0.8400351 0 -0.5837327 0.8119459 0 -0.542532 0.8400351 0 -0.499992 0.86603 0 -0.499992 0.86603 0 -0.4562487 0.8898523 0 -0.4562487 0.8898523 0 -0.4112959 0.9115018 0 -0.3653468 0.9308715 0 -0.4112959 0.9115018 0 -0.3653468 0.9308715 0 -0.3184426 0.9479421 0 -0.3184426 0.9479421 0 -0.2708496 0.9626217 0 -0.2225345 0.9749248 0 -0.2708496 0.9626217 0 -0.2225345 0.9749248 0 -0.173662 0.9848053 0 -0.173662 0.9848053 0 -0.1242858 0.9922465 0 -0.07475242 0.9972022 0 -0.1242858 0.9922465 0 -0.07475242 0.9972022 0 -0.0249718 0.9996881 0 -0.0249718 0.9996881 0 0.02497078 0.9996882 -0 0.02497078 0.9996882 -0 0.07475242 0.9972022 -0 0.07475242 0.9972022 0 0.1242858 0.9922465 -0 0.1242858 0.9922465 -0 0.173662 0.9848053 -0 0.173662 0.9848053 0 0.2225345 0.9749248 -0 0.2225345 0.9749248 -0 0.2708602 0.9626186 -0 0.2708602 0.9626186 0 0.3184303 0.9479463 -0 0.3184303 0.9479463 0 0.3653468 0.9308715 -0 0.3653468 0.9308715 0 0.4112959 0.9115018 -0 0.4112959 0.9115018 0 0.4562487 0.8898523 -0 0.4562487 0.8898523 0 0.5000097 0.8660198 -0 0.5000097 0.8660198 -0 0.542532 0.8400351 -0 0.542532 0.8400351 0 0.5837327 0.8119459 -0 0.5837327 0.8119459 0 0.6234801 0.7818392 -0 0.6234801 0.7818392 -0 0.6616648 0.7497997 -0 0.6616648 0.7497997 0 0.69828 0.7158248 -0 0.69828 0.7158248 0 0.7330143 0.6802132 -0 0.7330143 0.6802132 -0 0.7660496 0.6427814 -0 0.7660496 0.6427814 0 0.7971314 0.6038058 -0 0.7971314 0.6038058 -0 0.8262429 0.563314 0 0.8262429 0.563314 -0 0.8532919 0.5214335 -0 0.8532919 0.5214335 -0 0.8782275 0.4782431 -0 0.9009556 0.4339113 0 0.8782275 0.4782431 -0 0.9009556 0.4339113 -0 0.9214902 0.3884017 0 0.9214902 0.3884017 0 0.9396826 0.3420478 -0 0.9396826 0.3420478 0 0.9555856 0.2947137 -0 0.9555856 0.2947137 0 0.9690723 0.2467768 -0 0.9690723 0.2467768 0 0.9801736 0.1981402 -0 0.9801736 0.1981402 -0 0.988829 0.1490547 -0 0.988829 0.1490547 0 0.9950315 0.09956028 -0 0.9950315 0.09956028 0 0.9987561 0.04986435 -0 0.9987561 0.04986435 0 1 0 0 1 0 0 0.9987562 -0.04986029 0 0.9987562 -0.04986029 0 0.9950315 -0.09956028 0 0.9950315 -0.09956028 0 0.988829 -0.1490547 0 0.988829 -0.1490547 0 0.9801736 -0.1981402 0 0.9801736 -0.1981402 0 0.9690723 -0.2467768 0 0.9555856 -0.2947137 0 0.9690723 -0.2467768 0 0.9396826 -0.3420478 0 0.9555856 -0.2947137 0 0.9396826 -0.3420478 0 0.9214779 -0.388431 0 0.9214779 -0.388431 0 0.9009709 -0.4338794 0 0.9009709 -0.4338794 0 0.8782088 -0.4782774 0 0.8782088 -0.4782774 0 0.8532919 -0.5214335 0 0.8532919 -0.5214335 0 0.8262429 -0.563314 0 0.8262429 -0.563314 0 0.7971314 -0.6038058 0 0.7660496 -0.6427814 0 0.7971314 -0.6038058 0 0.7660496 -0.6427814 0 0.7330521 -0.6801725 0 0.7330521 -0.6801725 0 0.6982382 -0.7158656 0 0.6616648 -0.7497997 0 0.6982382 -0.7158656 0 0.62353 -0.7817994 0 0.6616648 -0.7497997 0 0.62353 -0.7817994 0 0.5837327 -0.8119459 0 0.5837327 -0.8119459 0 0.542532 -0.8400351 0 0.542532 -0.8400351 0 0.5000097 -0.8660198 0 0.5000097 -0.8660198 0 0.4561841 -0.8898854 0 0.4561841 -0.8898854 0 0.4112959 -0.9115018 0 0.4112959 -0.9115018 0 0.3653468 -0.9308715 0 0.3653468 -0.9308715 0 0.3185036 -0.9479217 0 0.3185036 -0.9479217 0 0.2708602 -0.9626186 0 0.222457 -0.9749426 0 0.2708602 -0.9626186 0 0.222457 -0.9749426 0 0.173662 -0.9848053 0 0.173662 -0.9848053 0 0.1243662 -0.9922364 0 0.1243662 -0.9922364 0 0.07475242 -0.9972022 0 0.07475242 -0.9972022 0 0.02488923 -0.9996902 0 0.02488923 -0.9996902 -1 0 -0 -1 0 0 -1 0 -0 -1 0 -0 -1 -0 0 -1 0 0 -1 0 -0 -1 -0 0 -1 0 0 -1 0 -0 -1 0 -0 -1 -0 0 -1 0 -0 -1 0 0 -1 -0 0 -1 0 -0 -1 0 0 -1 0 -0 -1 -0 0 -1 0 -0 -1 0 -0 -1 0 0 -1 0 -0 -1 -0 0 -1 0 0 -1 0 -0 -1 -0 0 -1 0 -0 -1 0 0 -1 0 -0 -1 0 -0 -1 -0 0 -1 0 0 -1 0 -0 -1 0 -0 -1 -0 0 -1 0 -0 -1 0 0 -1 0 -0 -1 -0 0 -1 0 -0 -1 0 0 -1 -0 0 -1 0 -0 -1 0 -0 -1 0 -0 -1 0 0 -1 -0 0 -1 0 0 -1 0 -0 -1 -0 0 -1 0 -0 -1 0 -0 -1 0 0 -1 0 0 -1 0 -0 -1 -0 0 -1 0 -0 -1 0 0 -1 0 -0 -1 -0 0 -1 0 -0 -1 0 0 -1 0 -0 -1 -0 0 -1 0 0 -1 0 0 -1 0 0 -1 0 -0 -1 -0 0 -1 -0 0 -1 0 -0 -1 0 -0 -1 0 0 -1 0 -0 -1 0 0 -1 -0 0 -1 0 0 -1 0 0 -1 0 0 -1 0 -0 -1 0 0 -1 -0 0 -1 0 -0 -1 0 0 -1 -0 0 -1 -0 0 -1 0 -0 -1 0 0 -1 0 0 -1 0 0 -1 0 -0 -1 0 0 -1 -0 0 -1 0 0 -1 0 -0 -1 0 0 -1 -0 0 -1 0 0 -1 0 -0 -1 0 0 -1 -0 0 -1 -0 0 -1 0 0 -1 0 -0 -1 0 0 -1 0 0 -1 0 -0 -1 0 0 -1 -0 0 -1 0 0 -1 0 -0 -1 -0 0 -1 0 0 -1 0 0 -1 0 -0 -1 0 0 -1 -0 0 -1 0 0 -1 0 -0 -1 -0 0 -1 0 0 -1 0 0 -1 0 -0 -1 0 0 -1 0 -0 -1 0 0 -1 -0 0 -1 0 0 -1 0 -0 -1 -0 0 -1 0 0 -1 0 -0 -1 0 0 -1 0 -0 -1 0 0 -1 0 0 -1 0 -0 -1 0 0 -1 -0 0 -1 -0 0 -1 0 0 -1 0 0 -1 0 -0 -1 0 0 -1 0 -0 -1 -0 0 -1 0 0 -1 0 0 -1 0 -0 -1 0 0 -1 -0 0 -1 0 0 -1 0 -0 -1 0 0 -1 -0 0 -1 -0 0 -1 0 0 -1 0 0 -1 0 -0 -1 0 0 -1 0 0 -1 0 -0 -1 -0 0 -1 0 0 -1 0 -0 -1 -0 0 -1 0 0 -1 0 0 -1 0 -0 -1 0 0 -1 -0 0 -1 0 -0 -1 0 0 -1 -0 0 -1 0 0 -1 0 0 -1 0 0 -1 0 -0 -1 -0 0 -1 0 0 -1 0 -0 -1 0 0 -1 -0 0 -1 0 -0 -1 0 0 -1 0 -0 -1 -0 -0 -1 0 0 -1 0 -0 -1 0 -0 -1 0 -0 -1 0 -0 -1 0 -0 -1 -0 0 -1 0 -0 -1 0 0 -1 0 0 -1 0 -0 -1 0 -0 -1 0 0 -1 0 -0 -1 -0 0 -1 0 0 -1 0 -0 -1 0 -0 -1 -0 0 -1 0 0 -1 0 -0 -1 0 -0 -1 -0 0 -1 0 -0 -1 0 -0 -1 0 0 -1 0 -0 -1 -0 0 -1 0 0 -1 0 -0 -1 -0 0 -1 0 0 -1 -0 0 -1 0 -0 -1 0 -0 -1 0 0 -1 0 -0 -1 0 -0 -1 -0 0 -1 0 0 -1 0 -0 -1 -0 0 -1 0 0 -1 0 -0 -1 -0 0 -1 0 -0 -1 0 -0 -1 0 0 -1 0 -0 -1 -0 0 -1 0 -0 -1 0 -0 -1 0 -0 -1 0 0 -1 -0 0 -1 0 0 -1 0 -0 -1 0 -0 -1 -0 0 -1 0 0 -1 0 -0 -1 0 0 -1 0 -0 -1 -0 0 -0 -0.02484997 -0.9996912 0 -0.02484997 -0.9996912 0 -0.07479148 -0.9971992 0 -0.1243662 -0.9922364 -0 -0.07479148 -0.9971992 0 -0.1243662 -0.9922364 0 -0.1735828 -0.9848192 0 -0.2225389 -0.9749238 -0 -0.1735828 -0.9848192 0 -0.2225389 -0.9749238 0 -0.2708874 -0.9626111 -0 -0.2708874 -0.9626111 0 -0.3183936 -0.9479586 0 -0.3653892 -0.9308549 -0 -0.3183936 -0.9479586 0 -0.3653892 -0.9308549 0 -0.4112882 -0.9115053 -0 -0.4112882 -0.9115053 0 -0.4562247 -0.8898646 -0 -0.4562247 -0.8898646 -0 -0.5000226 -0.8660123 0 -0.5000226 -0.8660123 0 -0.5425506 -0.8400232 0 -0.5425506 -0.8400232 -0 -0.5837596 -0.8119265 0 -0.5837596 -0.8119265 -0 -0.6234552 -0.781859 0 -0.6234552 -0.781859 0 -0.6616318 -0.7498289 0 -0.6983009 -0.7158043 -0 -0.6616318 -0.7498289 0 -0.6983009 -0.7158043 0 -0.7330245 -0.6802022 -0 -0.7330245 -0.6802022 0 -0.7660496 -0.6427815 0 -0.7971118 -0.6038318 -0 -0.7660496 -0.6427815 0 -0.7971118 -0.6038318 0 -0.8262714 -0.5632722 -0 -0.8262714 -0.5632722 0 -0.8532848 -0.521445 -0 -0.8532848 -0.521445 0 -0.8782088 -0.4782774 -0 -0.8782088 -0.4782774 0 -0.9009635 -0.4338947 -0 -0.9009635 -0.4338947 0 -0.9214901 -0.3884017 -0 -0.9214901 -0.3884017 0 -0.9396808 -0.3420526 -0 -0.9396808 -0.3420526 0 -0.9555843 -0.2947181 -0 -0.9555843 -0.2947181 0 -0.9690748 -0.2467671 -0 -0.9690748 -0.2467671 0 -0.980176 -0.1981285 0 -0.988823 -0.1490946 -0 -0.980176 -0.1981285 0 -0.988823 -0.1490946 0 -0.9950359 -0.09951584 -0 -0.9950359 -0.09951584 0 -0.998755 -0.04988267 -0 -0.998755 -0.04988267 0 -1 0 0 -1 0 0 -0.998755 0.04988267 0 -0.998755 0.04988267 0 -0.9950359 0.09951584 0 -0.9950359 0.09951584 0 -0.988823 0.1490946 0 -0.988823 0.1490946 0 -0.9801809 0.1981048 0 -0.9801809 0.1981048 0 -0.9690673 0.2467963 0 -0.9555949 0.2946836 0 -0.9690673 0.2467963 0 -0.9555949 0.2946836 0 -0.9396665 0.342092 0 -0.9396665 0.342092 0 -0.9214901 0.3884017 0 -0.9214901 0.3884017 0 -0.9009635 0.4338947 0 -0.9009635 0.4338947 0 -0.8782368 0.478226 0 -0.8782368 0.478226 0 -0.8532516 0.5214995 0 -0.8532516 0.5214995 0 -0.8262714 0.5632722 0 -0.8262714 0.5632722 0 -0.7971118 0.6038318 0 -0.7971118 0.6038318 0 -0.7660496 0.6427815 0 -0.7660496 0.6427815 0 -0.7330812 0.6801412 0 -0.7330812 0.6801412 0 -0.6982382 0.7158656 0 -0.6982382 0.7158656 0 -0.6616318 0.7498289 0 -0.6616318 0.7498289 0 -0.62353 0.7817994 0 -0.5837596 0.8119265 0 -0.62353 0.7817994 0 -0.5837596 0.8119265 0 -0.5425506 0.8400232 0 -0.5000226 0.8660123 0 -0.5425506 0.8400232 0 -0.5000226 0.8660123 0 -0.4561278 0.8899143 0 -0.4112882 0.9115053 0 -0.4561278 0.8899143 0 -0.4112882 0.9115053 0 -0.3653892 0.9308549 0 -0.3653892 0.9308549 0 -0.3185036 0.9479216 0 -0.2707739 0.962643 0 -0.3185036 0.9479216 0 -0.2707739 0.962643 0 -0.2225389 0.9749238 0 -0.2225389 0.9749238 0 -0.1737015 0.9847984 0 -0.1737015 0.9847984 0 -0.1243662 0.9922364 0 -0.1243662 0.9922364 0 -0.07466974 0.9972083 0 -0.07466974 0.9972083 0 -0.02497231 0.9996881 0 -0.02497231 0.9996881 -0 0.02497078 0.9996881 0 0.02497078 0.9996881 0 0.07466974 0.9972083 0 0.07466974 0.9972083 -0 0.1243737 0.9922354 0 0.1243737 0.9922354 -0 0.1736911 0.9848002 0 0.1736911 0.9848002 -0 0.2225389 0.9749238 0 0.2225389 0.9749238 0 0.2707739 0.962643 0 0.2707739 0.962643 -0 0.3185221 0.9479155 0 0.3185221 0.9479155 0 0.3653683 0.9308631 0 0.3653683 0.9308631 0 0.4113112 0.9114949 0 0.4113112 0.9114949 -0 0.4561029 0.8899271 0 0.4561029 0.8899271 0 0.5000492 0.865997 0 0.5000492 0.865997 0 0.5425227 0.8400411 0 0.5425227 0.8400411 0 0.5837596 0.8119265 0 0.5837596 0.8119265 -0 0.62353 0.7817994 0 0.62353 0.7817994 0 0.6616621 0.7498021 0 0.6616621 0.7498021 0 0.6982076 0.7158954 0 0.6982076 0.7158954 -0 0.7330812 0.6801412 0 0.7330812 0.6801412 0 0.7660496 0.6427815 0 0.7660496 0.6427815 0 0.7971413 0.6037928 0 0.7971413 0.6037928 0 0.8262429 0.563314 0 0.8262429 0.563314 -0 0.8532516 0.5214995 0 0.8532516 0.5214995 0 0.8782368 0.478226 0 0.8782368 0.478226 0 0.9009635 0.4338947 0 0.9009635 0.4338947 0 0.9214901 0.3884017 0 0.9214901 0.3884017 0 0.9396861 0.3420379 0 0.9396861 0.3420379 0 0.9555777 0.2947395 0 0.9555777 0.2947395 0 0.9690673 0.2467963 0 0.9690673 0.2467963 0 0.9801809 0.1981048 0 0.9801809 0.1981048 -0 0.9888319 0.1490348 0 0.9888319 0.1490348 0 0.99503 0.09957644 0 0.99503 0.09957644 0 0.9987581 0.04982162 0 0.9987581 0.04982162 0 1 0 0 1 0 0 0.9987581 -0.04982162 0 0.9987581 -0.04982162 0 0.99503 -0.09957644 0 0.99503 -0.09957644 0 0.9888319 -0.1490348 0 0.9888319 -0.1490348 0 0.980176 -0.1981285 0 0.980176 -0.1981285 0 0.9690748 -0.2467671 0 0.9690748 -0.2467671 0 0.955567 -0.2947739 0 0.955567 -0.2947739 0 0.9397005 -0.3419986 0 0.9397005 -0.3419986 0 0.9214901 -0.3884017 0 0.9214901 -0.3884017 0 0.9009635 -0.4338947 0 0.8782088 -0.4782774 0 0.9009635 -0.4338947 0 0.8782088 -0.4782774 0 0.8532848 -0.521445 0 0.8532848 -0.521445 0 0.8262429 -0.563314 0 0.8262429 -0.563314 0 0.7971413 -0.6037928 0 0.7971413 -0.6037928 0 0.7660496 -0.6427815 0 0.7660496 -0.6427815 0 0.7330245 -0.6802022 0 0.7330245 -0.6802022 0 0.6982703 -0.7158342 0 0.6982703 -0.7158342 0 0.6616621 -0.7498021 0 0.6616621 -0.7498021 0 0.6234552 -0.781859 0 0.6234552 -0.781859 0 0.5837596 -0.8119265 0 0.5837596 -0.8119265 0 0.5425227 -0.8400411 0 0.5425227 -0.8400411 0 0.5000492 -0.865997 0 0.5000492 -0.865997 0 0.4561999 -0.8898774 0 0.4561999 -0.8898774 0 0.4113112 -0.9114949 0 0.4113112 -0.9114949 0 0.3653683 -0.9308631 0 0.3184121 -0.9479524 0 0.3653683 -0.9308631 0 0.3184121 -0.9479524 0 0.2708874 -0.9626111 0 0.2708874 -0.9626111 0 0.2225389 -0.9749238 0 0.2225389 -0.9749238 0 0.1735723 -0.9848211 0 0.1735723 -0.9848211 0 0.1243737 -0.9922354 0 0.1243737 -0.9922354 0 0.07479148 -0.9971992 0 0.02484845 -0.9996912 0 0.07479148 -0.9971992 0 0.02484845 -0.9996912 -1 0 -0 -1 0 -0 -1 -0 0 -1 0 -0 -1 0 -0 -1 0 0 -1 -0 0 -1 0 -0 -1 0 -0 -1 0 0 -1 0 -0 -1 -0 0 -1 0 -0 -1 0 0 -1 0 -0 -1 -0 0 -1 0 -0 -1 0 0 -1 0 -0 -1 0 -0 -1 -0 0 -1 0 -0 -1 0 -0 -1 0 -0 -1 0 0 -1 0 -0 -1 -0 0 -1 0 0 -1 0 -0 -1 0 -0 -1 -0 0 -1 0 -0 -1 0 -0 -1 0 0 -1 0 -0 -1 0 -0 -1 -0 0 -1 0 0 -1 0 -0 -1 -0 0 -1 0 -0 -1 0 -0 -1 0 0 -1 0 -0 -1 -0 0 -1 0 -0 -1 0 0 -1 0 -0 -1 -0 0 -1 0 -0 -1 0 -0 -1 0 0 -1 0 0 -1 0 0 -1 -0 0 -1 0 -0 -1 -0 0 -1 0 -0 -1 0 0 -1 -0 0 -1 -0 0 -1 0 0 -1 0 0 -1 0 -0 -1 0 0 -1 -0 0 -1 0 0 -1 0 0 -1 0 -0 -1 -0 0 -1 0 0 -1 0 0 -1 0 -0 -1 0 0 -1 -0 0 -1 -0 0 -1 0 0 -1 0 -0 -1 0 0 -1 -0 0 -1 0 0 -1 0 0 -1 0 -0 -1 -0 0 -1 0 0 -1 0 0 -1 0 -0 -1 -0 0 -1 -0 0 -1 0 0 -1 0 -0 -1 0 0 -1 -0 0 -1 0 0 -1 0 0 -1 0 0 -1 0 -0 -1 0 0 -1 -0 0 -1 0 -0 -1 0 0 -1 0 0 -1 -0 0 -1 -0 0 -1 0 0 -1 0 -0 -1 0 0 -1 0 0 -1 0 -0 -1 0 -0 -1 0 0 -1 -0 0 -1 0 0 -1 0 -0 -1 0 0 -1 -0 0 -1 0 0 -1 0 -0 -1 -0 0 -1 0 0 -1 0 -0 -1 0 0 -1 0 0 -1 0 -0 -1 0 0 -1 -0 0 -1 0 0 -1 0 -0 -1 0 0 -1 0 0 -1 -0 0 -1 0 -0 -1 -0 0 -1 0 0 -1 0 -0 -1 0 0 -1 0 0 -1 0 -0 -1 0 0 -1 -0 0 -1 0 0 -1 0 -0 -1 0 0 -1 -0 0 -1 0 0 -1 0 -0 -1 -0 0 -1 0 0 -1 0 -0 -1 0 0 -1 0 0 -1 0 -0 -1 0 0 -1 -0 0 -1 0 0 -1 0 -0 -1 0 0 -1 -0 0 -1 0 0 -1 0 -0 -1 -0 0 -1 0 0 -1 0 -0 -1 0 0 -1 0 -0 -1 0 -0 -1 0 -0 -1 0 -0 -1 0 0 -1 -0 0 -1 0 -0 -1 0 -0 -1 0 0 -1 -0 0 -1 0 -0 -1 0 -0 -1 0 0 -1 -0 0 -1 0 0 -1 -0 0 -1 0 -0 -1 0 -0 -1 0 0 -1 0 -0 -1 -0 0 -1 0 0 -1 0 -0 -1 0 -0 -1 -0 0 -1 0 -0 -1 0 0 -1 -0 0 -1 0 0 -1 0 -0 -1 -0 0 -1 0 -0 -1 0 0 -1 -0 0 -1 0 -0 -1 0 -0 -1 0 0 -1 0 -0 -1 -0 0 -1 0 -0 -1 0 0 -1 -0 0 -1 0 0 -1 0 -0 -1 -0 0 -1 0 -0 -1 0 0 -1 0 -0 -1 -0 0 -1 0 -0 -1 0 0 -1 0 -0 -1 -0 0 -1 0 -0 -1 0 0 -1 0 0 -1 -0 0 -0 0.03292043 0.999458 0 0.03292043 0.999458 0 0.0990772 0.9950798 -0 0.0990772 0.9950798 0 0.1645985 0.9863606 -0 0.1645985 0.9863606 0 0.2295195 0.9733041 -0 0.2295195 0.9733041 0 0.2931993 0.9560513 -0 0.2931993 0.9560513 0 0.3556882 0.9346047 -0 0.3556882 0.9346047 0 0.4168719 0.9089653 -0 0.4168719 0.9089653 0 0.475961 0.8794664 -0 0.475961 0.8794664 0 0.5329275 0.8461609 0 0.5878973 0.8089356 -0 0.5329275 0.8461609 0 0.5878973 0.8089356 0 0.6399574 0.7684104 -0 0.6399574 0.7684104 0 0.6894324 0.7243501 -0 0.6894324 0.7243501 0 0.7356581 0.6773531 -0 0.7356581 0.6773531 0 0.7788082 0.6272622 -0 0.7788082 0.6272622 0 0.81861 0.5743498 -0 0.81861 0.5743498 0 0.8548071 0.5189461 -0 0.8548071 0.5189461 0 0.8872395 0.4613091 -0 0.8872395 0.4613091 0 0.915811 0.4016094 -0 0.915811 0.4016094 0 0.9403134 0.3403098 -0 0.9403134 0.3403098 0 0.9607306 0.2774829 0 0.9769983 0.2132472 -0 0.9607306 0.2774829 0 0.9769983 0.2132472 0 0.9889408 0.1483103 -0 0.9889408 0.1483103 0 0.9965839 0.08258727 -0 0.9965839 0.08258727 0 0.9998645 0.01646437 -0 0.9998645 0.01646437 0 0.998773 -0.04952339 0 0.993302 -0.1155467 0 0.998773 -0.04952339 0 0.993302 -0.1155467 0 0.9835036 -0.1808884 0 0.9835036 -0.1808884 0 0.9694326 -0.2453578 0 0.9694326 -0.2453578 0 0.9510409 -0.3090652 0 0.9510409 -0.3090652 0 0.928551 -0.371205 0 0.928551 -0.371205 0 0.9019858 -0.4317657 0 0.9019858 -0.4317657 0 0.871444 -0.490495 0 0.871444 -0.490495 0 0.8371972 -0.5469012 0 0.8371972 -0.5469012 0 0.7991872 -0.6010823 0 0.7991872 -0.6010823 0 0.7576251 -0.65269 0 0.7576251 -0.65269 0 0.7130801 -0.7010826 0 0.7130801 -0.7010826 0 0.6649175 -0.7469168 0 0.6143239 -0.789054 0 0.6649175 -0.7469168 0 0.5606508 -0.8280523 0 0.6143239 -0.789054 0 0.5606508 -0.8280523 0 0.5048271 -0.8632205 0 0.5048271 -0.8632205 0 0.4464749 -0.8947961 0 0.4464749 -0.8947961 0 0.3864608 -0.9223059 0 0.3864608 -0.9223059 0 0.3248433 -0.9457678 0 0.3248433 -0.9457678 0 0.2615289 -0.9651956 0 0.2615289 -0.9651956 0 0.1969149 -0.9804206 0 0.1969149 -0.9804206 0 0.1319824 -0.9912521 0 0.1319824 -0.9912521 0 0.06615142 -0.9978096 0 0.06615142 -0.9978096 0 0 -1 0 0 -1 0 -0.06615142 -0.9978096 0 -0.06615142 -0.9978096 0 -0.1319824 -0.9912521 0 -0.1319824 -0.9912521 0 -0.1969149 -0.9804206 -0 -0.2615289 -0.9651956 0 -0.1969149 -0.9804206 0 -0.2615289 -0.9651956 0 -0.3248906 -0.9457516 0 -0.3248906 -0.9457516 0 -0.3864059 -0.9223288 0 -0.3864059 -0.9223288 -0 -0.4464749 -0.8947961 0 -0.4464749 -0.8947961 0 -0.5048941 -0.8631813 0 -0.5048941 -0.8631813 0 -0.5605794 -0.8281007 0 -0.5605794 -0.8281007 0 -0.6143239 -0.789054 0 -0.6143239 -0.789054 0 -0.6649175 -0.7469168 0 -0.6649175 -0.7469168 0 -0.7130801 -0.7010826 0 -0.7130801 -0.7010826 0 -0.7576251 -0.65269 0 -0.7576251 -0.65269 0 -0.799261 -0.600984 0 -0.799261 -0.600984 -0 -0.8371267 -0.5470089 0 -0.8371267 -0.5470089 -0 -0.871444 -0.490495 0 -0.871444 -0.490495 -0 -0.9020457 -0.4316406 0 -0.9020457 -0.4316406 -0 -0.928551 -0.371205 0 -0.928551 -0.371205 -0 -0.9510409 -0.3090652 0 -0.9510409 -0.3090652 -0 -0.969396 -0.2455024 0 -0.969396 -0.2455024 0 -0.9835036 -0.1808884 0 -0.9835036 -0.1808884 0 -0.993302 -0.1155467 0 -0.993302 -0.1155467 0 -0.998773 -0.04952339 0 -0.998773 -0.04952339 0 -0.9998619 0.0166182 0 -0.9998619 0.0166182 0 -0.9965965 0.08243453 0 -0.9965965 0.08243453 0 -0.9889408 0.1483103 0 -0.9889408 0.1483103 0 -0.9769662 0.213394 0 -0.9769662 0.213394 0 -0.9607716 0.2773409 0 -0.9607716 0.2773409 0 -0.9403134 0.3403098 0 -0.9403134 0.3403098 0 -0.915811 0.4016094 0 -0.915811 0.4016094 0 -0.8872395 0.4613091 0 -0.8872395 0.4613091 0 -0.8547388 0.5190585 0 -0.8547388 0.5190585 0 -0.8186823 0.5742468 0 -0.8186823 0.5742468 0 -0.7788082 0.6272622 0 -0.7788082 0.6272622 0 -0.7356581 0.6773531 0 -0.7356581 0.6773531 0 -0.6894324 0.7243501 0 -0.6894324 0.7243501 0 -0.6399574 0.7684104 0 -0.6399574 0.7684104 0 -0.5878973 0.8089356 0 -0.5878973 0.8089356 0 -0.5329275 0.8461609 0 -0.5329275 0.8461609 0 -0.475961 0.8794664 0 -0.475961 0.8794664 0 -0.4168719 0.9089653 0 -0.4168719 0.9089653 0 -0.3556882 0.9346047 0 -0.3556882 0.9346047 0 -0.2931993 0.9560513 0 -0.2931993 0.9560513 0 -0.2295195 0.9733041 0 -0.2295195 0.9733041 0 -0.1645985 0.9863606 0 -0.1645985 0.9863606 0 -0.09906204 0.9950812 0 -0.09906204 0.9950812 0 -0.03292043 0.999458 0 -0.03292043 0.999458 -1 0 -0 -1 0 0 -1 0 0 -1 0 -0 -1 0 -0 -1 0 -0 -1 0 -0 -1 0 0 -1 0 0 -1 -0 -0 -1 -0 -0 -1 -0 -0 -1 -0 -0 -1 0 0 -1 0 0 -1 0 0 -1 0 0 -1 0 0 -1 -0 -0 -1 -0 -0 -1 -0 -0 -1 0 0 -1 0 0 -1 0 0 -1 0 0 -1 0 0 -1 0 0 -1 -0 -0 -1 -0 -0 -1 -0 -0 -1 0 0 -1 0 0 -1 0 -0 -1 0 0 -1 0 -0 -1 0 -0 -1 0 -0 -1 0 -0 -1 0 0 -1 -0 -0 -1 -0 -0 -1 -0 -0 -1 0 0 -1 -0 -0 -1 0 -0 -1 0 0 -1 -0 -0 -1 0 0 -1 0 0 -1 0 0 -1 0 -0 -1 0 -0 -1 -0 -0 -1 -0 -0 -1 0 0 -1 0 -0 -1 0 -0 -1 -0 -0 -1 0 0 -1 0 0 -1 0 -0 -1 0 -0 -1 0 -0 -1 0 -0 -1 -0 0 -1 0 0 -1 -0 0 -1 -0 0 -1 0 0 -1 0 0 -1 -0 0 -1 0 0 -1 -0 0 -1 0 0 -1 0 -0 -1 0 0 -1 0 0 -1 -0 0 -1 -0 0 -1 -0 0 -1 -0 0 -1 -0 0 -1 -0 0 -1 0 0 -1 0 0 -1 0 0 -1 -0 -0 -1 -0 -0 -1 -0 -0 -1 0 0 -1 -0 0 -1 -0 0 -1 -0 0</float_array>
          <technique_common>
            <accessor count="1888" source="#cubenormals-array0-array" stride="3">
              <param type="float" name="X"/>
              <param type="float" name="Y"/>
              <param type="float" name="Z"/>
            </accessor>
          </technique_common>
        </source>
        <vertices id="cubeverts-array0-vertices">
          <input semantic="POSITION" source="#cubeverts-array0"/>
        </vertices>
        <triangles count="1888" material="ref_Body016">
          <input offset="0" semantic="VERTEX" source="#cubeverts-array0-vertices"/>
          <input offset="1" semantic="NORMAL" source="#cubenormals-array0"/>
          <p>0 0 1 0 2 0 2 1 1 1 3 1 3 2 4 2 5 2 1 3 4 3 3 3 5 4 6 4 7 4 4 5 6 5 5 5 7 6 8 6 9 6 6 7 8 7 7 7 9 8 10 8 11 8 8 9 10 9 9 9 11 10 12 10 13 10 10 11 12 11 11 11 13 12 14 12 15 12 12 13 14 13 13 13 15 14 16 14 17 14 14 15 16 15 15 15 17 16 18 16 19 16 16 17 18 17 17 17 19 18 20 18 21 18 18 19 20 19 19 19 20 20 22 20 21 20 21 21 22 21 23 21 22 22 24 22 23 22 23 23 24 23 25 23 24 24 26 24 25 24 25 25 26 25 27 25 26 26 28 26 27 26 27 27 28 27 29 27 28 28 30 28 29 28 29 29 30 29 31 29 30 30 32 30 31 30 31 31 32 31 33 31 32 32 34 32 33 32 33 33 34 33 35 33 34 34 36 34 35 34 35 35 36 35 37 35 36 36 38 36 37 36 37 37 38 37 39 37 38 38 40 38 39 38 39 39 40 39 41 39 40 40 42 40 41 40 41 41 42 41 43 41 42 42 44 42 43 42 43 43 44 43 45 43 45 44 46 44 47 44 44 45 46 45 45 45 47 46 48 46 49 46 46 47 48 47 47 47 49 48 50 48 51 48 48 49 50 49 49 49 51 50 52 50 53 50 50 51 52 51 51 51 53 52 54 52 55 52 52 53 54 53 53 53 55 54 56 54 57 54 54 55 56 55 55 55 57 56 58 56 59 56 56 57 58 57 57 57 59 58 60 58 61 58 58 59 60 59 59 59 61 60 62 60 63 60 60 61 62 61 61 61 63 62 64 62 65 62 62 63 64 63 63 63 65 64 66 64 67 64 64 65 66 65 65 65 67 66 68 66 69 66 66 67 68 67 67 67 69 68 70 68 71 68 68 69 70 69 69 69 71 70 72 70 73 70 70 71 72 71 71 71 72 72 74 72 73 72 73 73 74 73 75 73 74 74 76 74 75 74 75 75 76 75 77 75 76 76 78 76 77 76 77 77 78 77 79 77 78 78 80 78 79 78 79 79 80 79 81 79 80 80 82 80 81 80 81 81 82 81 83 81 82 82 84 82 83 82 83 83 84 83 85 83 84 84 86 84 85 84 85 85 86 85 87 85 86 86 88 86 87 86 87 87 88 87 89 87 88 88 90 88 89 88 89 89 90 89 91 89 90 90 92 90 91 90 91 91 92 91 93 91 92 92 94 92 93 92 93 93 94 93 95 93 94 94 96 94 95 94 95 95 96 95 97 95 96 96 98 96 97 96 97 97 98 97 99 97 98 98 100 98 99 98 99 99 100 99 101 99 100 100 102 100 101 100 101 101 102 101 103 101 102 102 104 102 103 102 103 103 104 103 105 103 105 104 104 104 106 104 104 105 107 105 106 105 107 106 108 106 106 106 106 107 108 107 109 107 108 108 110 108 109 108 109 109 110 109 111 109 110 110 112 110 111 110 111 111 112 111 113 111 112 112 114 112 113 112 113 113 114 113 115 113 115 114 116 114 117 114 114 115 116 115 115 115 117 116 118 116 119 116 116 117 118 117 117 117 119 118 120 118 121 118 118 119 120 119 119 119 121 120 122 120 123 120 120 121 122 121 121 121 122 122 124 122 123 122 123 123 124 123 125 123 124 124 126 124 125 124 125 125 126 125 127 125 126 126 128 126 127 126 127 127 128 127 129 127 128 128 130 128 129 128 129 129 130 129 131 129 130 130 132 130 131 130 131 131 132 131 133 131 132 132 134 132 133 132 133 133 134 133 135 133 134 134 136 134 135 134 135 135 136 135 137 135 136 136 138 136 137 136 137 137 138 137 139 137 138 138 140 138 139 138 139 139 140 139 141 139 140 140 142 140 141 140 141 141 142 141 143 141 142 142 144 142 143 142 143 143 144 143 145 143 145 144 144 144 146 144 144 145 147 145 146 145 147 146 148 146 146 146 146 147 148 147 149 147 149 148 150 148 151 148 151 149 150 149 152 149 148 150 150 150 149 150 150 151 153 151 152 151 152 152 154 152 155 152 153 153 154 153 152 153 155 154 156 154 157 154 157 155 156 155 158 155 154 156 156 156 155 156 158 157 159 157 160 157 156 158 159 158 158 158 159 159 161 159 160 159 160 160 162 160 163 160 161 161 162 161 160 161 163 162 164 162 165 162 162 163 164 163 163 163 165 164 166 164 167 164 167 165 166 165 168 165 164 166 166 166 165 166 166 167 169 167 168 167 168 168 170 168 171 168 169 169 170 169 168 169 171 170 172 170 173 170 170 171 172 171 171 171 173 172 174 172 175 172 175 173 174 173 176 173 172 174 174 174 173 174 174 175 177 175 176 175 177 176 178 176 176 176 176 177 178 177 179 177 178 178 180 178 179 178 179 179 180 179 181 179 180 180 182 180 181 180 181 181 182 181 183 181 183 182 184 182 185 182 182 183 184 183 183 183 185 184 186 184 187 184 184 185 186 185 185 185 187 186 188 186 189 186 186 187 188 187 187 187 189 188 190 188 191 188 188 189 190 189 189 189 191 190 192 190 193 190 190 191 192 191 191 191 193 192 194 192 195 192 192 193 194 193 193 193 195 194 196 194 197 194 194 195 196 195 195 195 197 196 198 196 199 196 196 197 198 197 197 197 199 198 200 198 201 198 198 199 200 199 199 199 201 200 202 200 203 200 200 201 202 201 201 201 203 202 204 202 205 202 202 203 204 203 203 203 205 204 206 204 207 204 204 205 206 205 205 205 207 206 208 206 209 206 206 207 208 207 207 207 209 208 210 208 211 208 208 209 210 209 209 209 211 210 212 210 213 210 210 211 212 211 211 211 213 212 214 212 215 212 212 213 214 213 213 213 215 214 216 214 217 214 214 215 216 215 215 215 217 216 218 216 219 216 216 217 218 217 217 217 219 218 220 218 221 218 218 219 220 219 219 219 221 220 222 220 223 220 220 221 222 221 221 221 222 222 224 222 223 222 223 223 224 223 225 223 224 224 226 224 225 224 225 225 226 225 227 225 226 226 228 226 227 226 227 227 228 227 229 227 228 228 230 228 229 228 229 229 230 229 231 229 230 230 232 230 231 230 231 231 232 231 233 231 232 232 234 232 233 232 233 233 234 233 235 233 234 234 236 234 235 234 235 235 236 235 237 235 236 236 238 236 237 236 237 237 238 237 239 237 238 238 240 238 239 238 239 239 240 239 241 239 240 240 242 240 241 240 241 241 242 241 243 241 242 242 244 242 243 242 243 243 244 243 245 243 244 244 246 244 245 244 245 245 246 245 247 245 246 246 248 246 247 246 247 247 248 247 249 247 249 248 250 248 251 248 248 249 250 249 249 249 251 250 0 250 2 250 250 251 0 251 251 251 156 252 252 252 159 252 159 253 252 253 253 253 159 254 254 254 161 254 253 255 254 255 159 255 156 256 255 256 252 256 154 257 255 257 156 257 254 258 256 258 161 258 162 259 256 259 164 259 161 260 256 260 162 260 154 261 257 261 255 261 153 262 257 262 154 262 256 263 258 263 164 263 153 264 259 264 257 264 150 265 259 265 153 265 164 266 260 266 166 266 258 267 260 267 164 267 150 268 261 268 259 268 148 269 261 269 150 269 169 270 262 270 170 270 166 271 262 271 169 271 260 272 262 272 166 272 147 273 263 273 148 273 148 274 263 274 261 274 262 275 264 275 170 275 144 276 265 276 147 276 147 277 265 277 263 277 170 278 266 278 172 278 264 279 266 279 170 279 144 280 267 280 265 280 142 281 267 281 144 281 140 282 267 282 142 282 174 283 268 283 177 283 172 284 268 284 174 284 266 285 268 285 172 285 140 286 269 286 267 286 268 287 270 287 177 287 177 288 270 288 178 288 138 289 271 289 140 289 140 290 271 290 269 290 270 291 272 291 178 291 136 292 273 292 138 292 138 293 273 293 271 293 178 294 274 294 180 294 272 295 274 295 178 295 134 296 275 296 136 296 136 297 275 297 273 297 274 298 276 298 180 298 180 299 276 299 182 299 132 300 277 300 134 300 134 301 277 301 275 301 182 302 278 302 184 302 276 303 278 303 182 303 132 304 279 304 277 304 130 305 279 305 132 305 278 306 280 306 184 306 184 307 280 307 186 307 128 308 281 308 130 308 126 309 281 309 128 309 130 310 281 310 279 310 280 311 282 311 186 311 188 312 282 312 190 312 186 313 282 313 188 313 126 314 283 314 281 314 282 315 284 315 190 315 124 316 285 316 126 316 126 317 285 317 283 317 284 318 286 318 190 318 190 319 286 319 192 319 122 320 287 320 124 320 124 321 287 321 285 321 286 322 288 322 192 322 192 323 288 323 194 323 122 324 289 324 287 324 120 325 289 325 122 325 288 326 290 326 194 326 194 327 290 327 196 327 120 328 291 328 289 328 118 329 291 329 120 329 196 330 292 330 198 330 290 331 292 331 196 331 118 332 293 332 291 332 116 333 293 333 118 333 292 334 294 334 198 334 198 335 294 335 200 335 116 336 295 336 293 336 114 337 295 337 116 337 200 338 296 338 202 338 294 339 296 339 200 339 114 340 297 340 295 340 112 341 297 341 114 341 110 342 297 342 112 342 202 343 298 343 204 343 296 344 298 344 202 344 110 345 299 345 297 345 298 346 300 346 204 346 206 347 300 347 208 347 204 348 300 348 206 348 110 349 301 349 299 349 108 350 301 350 110 350 300 351 302 351 208 351 108 352 303 352 301 352 107 353 303 353 108 353 208 354 304 354 210 354 302 355 304 355 208 355 107 356 305 356 303 356 104 357 305 357 107 357 102 358 305 358 104 358 210 359 306 359 212 359 304 360 306 360 210 360 102 361 307 361 305 361 212 362 308 362 214 362 306 363 308 363 212 363 102 364 309 364 307 364 100 365 309 365 102 365 214 366 310 366 216 366 308 367 310 367 214 367 100 368 311 368 309 368 98 369 311 369 100 369 216 370 312 370 218 370 310 371 312 371 216 371 96 372 313 372 98 372 98 373 313 373 311 373 312 374 220 374 218 374 312 375 314 375 220 375 96 376 315 376 313 376 96 377 94 377 315 377 314 378 222 378 220 378 316 379 222 379 314 379 316 380 317 380 222 380 315 381 92 381 318 381 318 382 92 382 319 382 94 383 92 383 315 383 317 384 224 384 222 384 320 385 224 385 317 385 92 386 90 386 319 386 320 387 226 387 224 387 319 388 88 388 321 388 90 389 88 389 319 389 320 390 228 390 226 390 322 391 228 391 320 391 321 392 86 392 323 392 88 393 86 393 321 393 324 394 230 394 322 394 322 395 230 395 228 395 323 396 84 396 325 396 325 397 84 397 326 397 86 398 84 398 323 398 324 399 232 399 230 399 327 400 232 400 324 400 84 401 82 401 326 401 327 402 234 402 232 402 328 403 234 403 329 403 329 404 234 404 327 404 326 405 80 405 330 405 82 406 80 406 326 406 328 407 236 407 234 407 330 408 78 408 331 408 80 409 78 409 330 409 332 410 238 410 333 410 333 411 238 411 328 411 328 412 238 412 236 412 331 413 76 413 334 413 78 414 76 414 331 414 332 415 240 415 238 415 76 416 74 416 334 416 334 417 74 417 335 417 335 418 74 418 336 418 337 419 242 419 338 419 338 420 242 420 332 420 332 421 242 421 240 421 336 422 72 422 339 422 74 423 72 423 336 423 340 424 244 424 337 424 337 425 244 425 242 425 72 426 70 426 339 426 340 427 246 427 244 427 339 428 68 428 341 428 70 429 68 429 339 429 342 430 248 430 340 430 340 431 248 431 246 431 341 432 66 432 343 432 68 433 66 433 341 433 344 434 250 434 342 434 342 435 250 435 248 435 343 436 64 436 345 436 66 437 64 437 343 437 346 438 0 438 344 438 344 439 0 439 250 439 347 440 0 440 346 440 345 441 62 441 348 441 64 442 62 442 345 442 347 443 1 443 0 443 348 444 60 444 349 444 62 445 60 445 348 445 350 446 4 446 351 446 351 447 4 447 347 447 347 448 4 448 1 448 349 449 58 449 352 449 352 450 58 450 353 450 60 451 58 451 349 451 350 452 6 452 4 452 354 453 6 453 350 453 58 454 56 454 353 454 354 455 8 455 6 455 355 456 8 456 354 456 353 457 54 457 356 457 56 458 54 458 353 458 355 459 10 459 8 459 356 460 52 460 357 460 54 461 52 461 356 461 358 462 12 462 359 462 359 463 12 463 355 463 355 464 12 464 10 464 357 465 50 465 360 465 52 466 50 466 357 466 358 467 14 467 12 467 360 468 48 468 361 468 50 469 48 469 360 469 358 470 16 470 14 470 362 471 16 471 358 471 48 472 46 472 361 472 361 473 46 473 363 473 362 474 18 474 16 474 364 475 18 475 362 475 363 476 44 476 365 476 46 477 44 477 363 477 364 478 20 478 18 478 366 479 20 479 367 479 367 480 20 480 364 480 365 481 42 481 368 481 44 482 42 482 365 482 366 483 22 483 20 483 369 484 22 484 366 484 42 485 40 485 368 485 368 486 40 486 370 486 370 487 40 487 371 487 369 488 24 488 22 488 372 489 24 489 369 489 40 490 38 490 371 490 371 491 38 491 373 491 372 492 26 492 24 492 38 493 36 493 373 493 374 494 28 494 372 494 372 495 28 495 26 495 373 496 34 496 375 496 375 497 34 497 376 497 36 498 34 498 373 498 374 499 30 499 28 499 377 500 30 500 374 500 376 501 32 501 377 501 34 502 32 502 376 502 377 503 32 503 30 503 151 504 152 504 155 504 151 505 155 505 157 505 167 506 157 506 158 506 167 507 158 507 160 507 167 508 160 508 163 508 167 509 163 509 165 509 146 510 149 510 151 510 171 511 157 511 167 511 171 512 167 512 168 512 145 513 146 513 151 513 175 514 171 514 173 514 141 515 145 515 151 515 141 516 143 516 145 516 181 517 175 517 176 517 181 518 176 518 179 518 183 519 157 519 171 519 183 520 171 520 175 520 183 521 175 521 181 521 131 522 133 522 135 522 131 523 135 523 137 523 131 524 137 524 139 524 131 525 139 525 141 525 189 526 183 526 185 526 189 527 185 527 187 527 127 528 129 528 131 528 191 529 157 529 183 529 191 530 183 530 189 530 123 531 125 531 127 531 121 532 131 532 141 532 121 533 127 533 131 533 121 534 123 534 127 534 197 535 157 535 191 535 197 536 191 536 193 536 197 537 193 537 195 537 201 538 197 538 199 538 115 539 117 539 119 539 115 540 119 540 121 540 203 541 197 541 201 541 113 542 115 542 121 542 207 543 203 543 205 543 207 544 197 544 203 544 109 545 113 545 121 545 109 546 111 546 113 546 211 547 207 547 209 547 211 548 197 548 207 548 213 549 197 549 211 549 103 550 105 550 106 550 215 551 109 551 121 551 215 552 197 552 213 552 215 553 151 553 157 553 215 554 141 554 151 554 215 555 121 555 141 555 215 556 157 556 197 556 99 557 215 557 217 557 99 558 109 558 215 558 99 559 103 559 106 559 99 560 101 560 103 560 99 561 106 561 109 561 95 562 97 562 99 562 93 563 95 563 99 563 225 564 217 564 219 564 225 565 219 565 221 565 225 566 221 566 223 566 89 567 91 567 93 567 89 568 93 568 99 568 229 569 225 569 227 569 229 570 99 570 217 570 229 571 217 571 225 571 85 572 87 572 89 572 85 573 89 573 99 573 233 574 229 574 231 574 233 575 99 575 229 575 81 576 83 576 85 576 237 577 233 577 235 577 241 578 237 578 239 578 241 579 233 579 237 579 75 580 77 580 79 580 75 581 79 581 81 581 75 582 81 582 85 582 245 583 241 583 243 583 245 584 233 584 241 584 71 585 73 585 75 585 249 586 233 586 245 586 249 587 245 587 247 587 251 588 233 588 249 588 65 589 67 589 69 589 65 590 69 590 71 590 3 591 233 591 251 591 3 592 251 592 2 592 59 593 61 593 63 593 7 594 3 594 5 594 57 595 65 595 71 595 57 596 59 596 63 596 57 597 63 597 65 597 9 598 3 598 7 598 53 599 55 599 57 599 13 600 9 600 11 600 51 601 53 601 57 601 49 602 57 602 71 602 49 603 51 603 57 603 49 604 71 604 75 604 17 605 13 605 15 605 21 606 17 606 19 606 21 607 9 607 13 607 21 608 13 608 17 608 43 609 45 609 47 609 43 610 47 610 49 610 25 611 21 611 23 611 37 612 39 612 41 612 37 613 41 613 43 613 37 614 49 614 75 614 37 615 43 615 49 615 37 616 75 616 85 616 29 617 25 617 27 617 35 618 37 618 85 618 31 619 233 619 3 619 31 620 3 620 9 620 31 621 21 621 25 621 31 622 9 622 21 622 31 623 25 623 29 623 31 624 99 624 233 624 33 625 85 625 99 625 33 626 35 626 85 626 33 627 99 627 31 627 378 628 379 628 346 628 378 629 346 629 344 629 380 630 344 630 342 630 380 631 378 631 344 631 381 632 342 632 340 632 381 633 340 633 337 633 381 634 380 634 342 634 382 635 337 635 338 635 382 636 381 636 337 636 383 637 382 637 338 637 384 638 338 638 332 638 384 639 332 639 333 639 384 640 383 640 338 640 385 641 333 641 328 641 385 642 384 642 333 642 386 643 385 643 328 643 387 644 328 644 329 644 387 645 386 645 328 645 388 646 329 646 327 646 388 647 387 647 329 647 389 648 388 648 327 648 389 649 327 649 324 649 390 650 389 650 324 650 390 651 324 651 322 651 390 652 322 652 320 652 391 653 390 653 320 653 392 654 391 654 320 654 392 655 320 655 317 655 393 656 317 656 316 656 393 657 392 657 317 657 394 658 316 658 314 658 394 659 393 659 316 659 395 660 314 660 312 660 395 661 312 661 310 661 395 662 394 662 314 662 396 663 395 663 310 663 397 664 396 664 310 664 397 665 310 665 308 665 397 666 308 666 306 666 398 667 397 667 306 667 399 668 306 668 304 668 399 669 304 669 302 669 399 670 398 670 306 670 400 671 302 671 300 671 400 672 399 672 302 672 401 673 400 673 300 673 402 674 300 674 298 674 402 675 298 675 296 675 402 676 401 676 300 676 403 677 402 677 296 677 404 678 296 678 294 678 404 679 403 679 296 679 405 680 294 680 292 680 405 681 404 681 294 681 406 682 292 682 290 682 406 683 290 683 288 683 406 684 405 684 292 684 407 685 406 685 288 685 408 686 288 686 286 686 408 687 407 687 288 687 409 688 286 688 284 688 409 689 408 689 286 689 410 690 284 690 282 690 410 691 409 691 284 691 411 692 282 692 280 692 411 693 410 693 282 693 412 694 280 694 278 694 412 695 278 695 276 695 412 696 411 696 280 696 413 697 276 697 274 697 413 698 412 698 276 698 414 699 413 699 274 699 415 700 414 700 274 700 415 701 274 701 272 701 416 702 415 702 272 702 416 703 272 703 270 703 417 704 416 704 270 704 417 705 270 705 268 705 418 706 417 706 268 706 418 707 268 707 266 707 419 708 418 708 266 708 419 709 266 709 264 709 420 710 419 710 264 710 420 711 264 711 262 711 420 712 262 712 260 712 421 713 420 713 260 713 422 714 421 714 260 714 422 715 260 715 258 715 423 716 422 716 258 716 423 717 258 717 256 717 423 718 256 718 254 718 424 719 423 719 254 719 425 720 424 720 254 720 425 721 254 721 253 721 426 722 253 722 252 722 426 723 425 723 253 723 426 724 252 724 255 724 427 725 426 725 255 725 428 726 427 726 255 726 428 727 255 727 257 727 429 728 257 728 259 728 429 729 259 729 261 729 429 730 428 730 257 730 430 731 429 731 261 731 431 732 261 732 263 732 431 733 430 733 261 733 432 734 263 734 265 734 432 735 431 735 263 735 433 736 265 736 267 736 433 737 267 737 269 737 433 738 432 738 265 738 434 739 433 739 269 739 435 740 269 740 271 740 435 741 434 741 269 741 436 742 271 742 273 742 436 743 273 743 275 743 436 744 435 744 271 744 437 745 436 745 275 745 438 746 275 746 277 746 438 747 437 747 275 747 439 748 277 748 279 748 439 749 279 749 281 749 439 750 438 750 277 750 440 751 439 751 281 751 441 752 440 752 281 752 441 753 281 753 283 753 442 754 441 754 283 754 442 755 283 755 285 755 442 756 285 756 287 756 443 757 442 757 287 757 444 758 443 758 287 758 444 759 287 759 289 759 444 760 289 760 291 760 445 761 444 761 291 761 446 762 445 762 291 762 446 763 291 763 293 763 446 764 293 764 295 764 447 765 446 765 295 765 448 766 447 766 295 766 448 767 295 767 297 767 449 768 448 768 297 768 449 769 297 769 299 769 450 770 449 770 299 770 450 771 299 771 301 771 451 772 450 772 301 772 451 773 301 773 303 773 452 774 451 774 303 774 452 775 303 775 305 775 452 776 305 776 307 776 453 777 452 777 307 777 454 778 453 778 307 778 454 779 307 779 309 779 455 780 454 780 309 780 455 781 309 781 311 781 455 782 311 782 313 782 456 783 455 783 313 783 457 784 456 784 313 784 457 785 313 785 315 785 458 786 457 786 315 786 458 787 315 787 318 787 458 788 318 788 319 788 459 789 458 789 319 789 460 790 459 790 319 790 460 791 319 791 321 791 461 792 321 792 323 792 461 793 460 793 321 793 461 794 323 794 325 794 462 795 461 795 325 795 463 796 325 796 326 796 463 797 326 797 330 797 463 798 462 798 325 798 464 799 463 799 330 799 465 800 330 800 331 800 465 801 464 801 330 801 466 802 465 802 331 802 466 803 331 803 334 803 467 804 466 804 334 804 467 805 334 805 335 805 468 806 467 806 335 806 468 807 335 807 336 807 469 808 468 808 336 808 469 809 336 809 339 809 469 810 339 810 341 810 470 811 469 811 341 811 471 812 470 812 341 812 471 813 341 813 343 813 472 814 471 814 343 814 472 815 343 815 345 815 473 816 472 816 345 816 473 817 345 817 348 817 473 818 348 818 349 818 474 819 473 819 349 819 475 820 474 820 349 820 475 821 349 821 352 821 475 822 352 822 353 822 476 823 475 823 353 823 477 824 476 824 353 824 477 825 353 825 356 825 478 826 356 826 357 826 478 827 357 827 360 827 478 828 477 828 356 828 479 829 360 829 361 829 479 830 478 830 360 830 480 831 479 831 361 831 481 832 361 832 363 832 481 833 480 833 361 833 482 834 363 834 365 834 482 835 481 835 363 835 483 836 365 836 368 836 483 837 482 837 365 837 484 838 368 838 370 838 484 839 483 839 368 839 485 840 370 840 371 840 485 841 484 841 370 841 486 842 371 842 373 842 486 843 373 843 375 843 486 844 485 844 371 844 487 845 486 845 375 845 488 846 375 846 376 846 488 847 487 847 375 847 489 848 376 848 377 848 489 849 377 849 374 849 489 850 488 850 376 850 490 851 374 851 372 851 490 852 489 852 374 852 491 853 490 853 372 853 492 854 491 854 372 854 492 855 372 855 369 855 492 856 369 856 366 856 493 857 492 857 366 857 494 858 366 858 367 858 494 859 493 859 366 859 495 860 367 860 364 860 495 861 494 861 367 861 495 862 364 862 362 862 496 863 495 863 362 863 497 864 362 864 358 864 497 865 496 865 362 865 498 866 358 866 359 866 498 867 497 867 358 867 499 868 359 868 355 868 499 869 355 869 354 869 499 870 498 870 359 870 500 871 499 871 354 871 501 872 354 872 350 872 501 873 500 873 354 873 502 874 350 874 351 874 502 875 501 875 350 875 503 876 351 876 347 876 503 877 502 877 351 877 379 878 347 878 346 878 379 879 503 879 347 879 426 880 504 880 425 880 425 881 504 881 505 881 424 882 506 882 423 882 425 883 506 883 424 883 505 884 506 884 425 884 426 885 507 885 504 885 427 886 507 886 426 886 506 887 508 887 423 887 427 888 509 888 507 888 428 889 509 889 427 889 429 890 509 890 428 890 508 891 510 891 423 891 423 892 510 892 422 892 429 893 511 893 509 893 510 894 512 894 422 894 422 895 512 895 421 895 429 896 513 896 511 896 430 897 513 897 429 897 512 898 514 898 421 898 421 899 514 899 420 899 431 900 515 900 430 900 430 901 515 901 513 901 420 902 516 902 419 902 514 903 516 903 420 903 431 904 517 904 515 904 432 905 517 905 431 905 516 906 518 906 419 906 419 907 518 907 418 907 432 908 519 908 517 908 433 909 519 909 432 909 418 910 520 910 417 910 518 911 520 911 418 911 433 912 521 912 519 912 434 913 521 913 433 913 435 914 521 914 434 914 520 915 522 915 417 915 417 916 522 916 416 916 435 917 523 917 521 917 416 918 524 918 415 918 522 919 524 919 416 919 436 920 525 920 435 920 435 921 525 921 523 921 524 922 526 922 415 922 414 923 526 923 413 923 415 924 526 924 414 924 437 925 527 925 436 925 436 926 527 926 525 926 526 927 528 927 413 927 437 928 529 928 527 928 438 929 529 929 437 929 528 930 530 930 413 930 413 931 530 931 412 931 439 932 531 932 438 932 440 933 531 933 439 933 438 934 531 934 529 934 412 935 532 935 411 935 530 936 532 936 412 936 440 937 533 937 531 937 410 938 534 938 409 938 411 939 534 939 410 939 532 940 534 940 411 940 441 941 535 941 440 941 440 942 535 942 533 942 534 943 536 943 409 943 442 944 537 944 441 944 441 945 537 945 535 945 408 946 538 946 407 946 409 947 538 947 408 947 536 948 538 948 409 948 443 949 539 949 442 949 444 950 539 950 443 950 442 951 539 951 537 951 538 952 540 952 407 952 444 953 541 953 539 953 540 954 542 954 407 954 407 955 542 955 406 955 445 956 543 956 444 956 444 957 543 957 541 957 405 958 544 958 404 958 406 959 544 959 405 959 542 960 544 960 406 960 445 961 545 961 543 961 446 962 545 962 445 962 544 963 546 963 404 963 446 964 547 964 545 964 447 965 547 965 446 965 448 966 547 966 447 966 546 967 548 967 404 967 404 968 548 968 403 968 448 969 549 969 547 969 403 970 550 970 402 970 548 971 550 971 403 971 448 972 551 972 549 972 449 973 551 973 448 973 402 974 552 974 401 974 550 975 552 975 402 975 449 976 553 976 551 976 450 977 553 977 449 977 401 978 554 978 400 978 552 979 554 979 401 979 450 980 555 980 553 980 451 981 555 981 450 981 452 982 555 982 451 982 400 983 556 983 399 983 554 984 556 984 400 984 452 985 557 985 555 985 399 986 558 986 398 986 556 987 558 987 399 987 452 988 559 988 557 988 453 989 559 989 452 989 398 990 560 990 397 990 558 991 560 991 398 991 454 992 561 992 453 992 453 993 561 993 559 993 397 994 562 994 396 994 560 995 562 995 397 995 454 996 563 996 561 996 455 997 563 997 454 997 396 998 564 998 395 998 562 999 564 999 396 999 456 1000 565 1000 455 1000 455 1001 565 1001 563 1001 564 1002 394 1002 395 1002 564 1003 566 1003 394 1003 456 1004 567 1004 565 1004 456 1005 457 1005 567 1005 566 1006 393 1006 394 1006 568 1007 393 1007 566 1007 457 1008 569 1008 567 1008 457 1009 458 1009 569 1009 570 1010 392 1010 568 1010 568 1011 392 1011 393 1011 570 1012 571 1012 392 1012 569 1013 459 1013 572 1013 458 1014 459 1014 569 1014 571 1015 391 1015 392 1015 572 1016 460 1016 573 1016 459 1017 460 1017 572 1017 571 1018 390 1018 391 1018 574 1019 390 1019 575 1019 575 1020 390 1020 571 1020 573 1021 461 1021 576 1021 576 1022 461 1022 577 1022 460 1023 461 1023 573 1023 574 1024 389 1024 390 1024 461 1025 462 1025 577 1025 578 1026 388 1026 574 1026 574 1027 388 1027 389 1027 577 1028 463 1028 579 1028 462 1029 463 1029 577 1029 578 1030 387 1030 388 1030 580 1031 387 1031 578 1031 579 1032 464 1032 581 1032 463 1033 464 1033 579 1033 580 1034 386 1034 387 1034 582 1035 386 1035 583 1035 583 1036 386 1036 580 1036 581 1037 465 1037 584 1037 584 1038 465 1038 585 1038 464 1039 465 1039 581 1039 582 1040 385 1040 386 1040 585 1041 466 1041 586 1041 465 1042 466 1042 585 1042 587 1043 384 1043 582 1043 582 1044 384 1044 385 1044 466 1045 467 1045 586 1045 588 1046 383 1046 587 1046 587 1047 383 1047 384 1047 586 1048 468 1048 589 1048 467 1049 468 1049 586 1049 588 1050 382 1050 383 1050 590 1051 382 1051 588 1051 468 1052 469 1052 589 1052 589 1053 469 1053 591 1053 592 1054 381 1054 590 1054 590 1055 381 1055 382 1055 591 1056 470 1056 593 1056 593 1057 470 1057 594 1057 469 1058 470 1058 591 1058 595 1059 380 1059 592 1059 592 1060 380 1060 381 1060 470 1061 471 1061 594 1061 594 1062 471 1062 596 1062 597 1063 378 1063 595 1063 595 1064 378 1064 380 1064 596 1065 472 1065 598 1065 471 1066 472 1066 596 1066 599 1067 379 1067 597 1067 600 1068 379 1068 599 1068 597 1069 379 1069 378 1069 472 1070 473 1070 598 1070 600 1071 503 1071 379 1071 598 1072 474 1072 601 1072 601 1073 474 1073 602 1073 473 1074 474 1074 598 1074 603 1075 502 1075 600 1075 600 1076 502 1076 503 1076 474 1077 475 1077 602 1077 604 1078 501 1078 605 1078 605 1079 501 1079 603 1079 603 1080 501 1080 502 1080 602 1081 476 1081 606 1081 475 1082 476 1082 602 1082 604 1083 500 1083 501 1083 607 1084 500 1084 604 1084 606 1085 477 1085 608 1085 476 1086 477 1086 606 1086 607 1087 499 1087 500 1087 608 1088 478 1088 609 1088 609 1089 478 1089 610 1089 477 1090 478 1090 608 1090 611 1091 498 1091 612 1091 612 1092 498 1092 607 1092 607 1093 498 1093 499 1093 610 1094 479 1094 613 1094 478 1095 479 1095 610 1095 611 1096 497 1096 498 1096 614 1097 497 1097 611 1097 479 1098 480 1098 613 1098 614 1099 496 1099 497 1099 480 1100 481 1100 613 1100 613 1101 481 1101 615 1101 616 1102 495 1102 614 1102 614 1103 495 1103 496 1103 615 1104 482 1104 617 1104 617 1105 482 1105 618 1105 481 1106 482 1106 615 1106 616 1107 494 1107 495 1107 619 1108 494 1108 616 1108 482 1109 483 1109 618 1109 619 1110 493 1110 494 1110 620 1111 493 1111 619 1111 483 1112 484 1112 618 1112 618 1113 484 1113 621 1113 621 1114 484 1114 622 1114 620 1115 492 1115 493 1115 623 1116 492 1116 620 1116 484 1117 485 1117 622 1117 622 1118 485 1118 624 1118 625 1119 491 1119 626 1119 626 1120 491 1120 623 1120 623 1121 491 1121 492 1121 485 1122 486 1122 624 1122 625 1123 490 1123 491 1123 624 1124 487 1124 627 1124 627 1125 487 1125 628 1125 486 1126 487 1126 624 1126 625 1127 489 1127 490 1127 629 1128 489 1128 625 1128 629 1129 488 1129 489 1129 628 1130 488 1130 629 1130 487 1131 488 1131 628 1131 599 1132 597 1132 630 1132 630 1133 597 1133 631 1133 631 1134 595 1134 632 1134 632 1135 595 1135 633 1135 597 1136 595 1136 631 1136 595 1137 592 1137 633 1137 633 1138 590 1138 634 1138 634 1139 590 1139 635 1139 592 1140 590 1140 633 1140 590 1141 588 1141 635 1141 635 1142 587 1142 636 1142 588 1143 587 1143 635 1143 636 1144 582 1144 637 1144 637 1145 582 1145 638 1145 587 1146 582 1146 636 1146 582 1147 583 1147 638 1147 638 1148 580 1148 639 1148 583 1149 580 1149 638 1149 639 1150 578 1150 640 1150 580 1151 578 1151 639 1151 578 1152 574 1152 640 1152 640 1153 574 1153 641 1153 641 1154 574 1154 642 1154 574 1155 575 1155 642 1155 575 1156 571 1156 642 1156 642 1157 571 1157 643 1157 571 1158 570 1158 643 1158 643 1159 570 1159 644 1159 644 1160 568 1160 645 1160 645 1161 568 1161 646 1161 570 1162 568 1162 644 1162 568 1163 566 1163 646 1163 646 1164 564 1164 647 1164 566 1165 564 1165 646 1165 647 1166 562 1166 648 1166 648 1167 562 1167 649 1167 564 1168 562 1168 647 1168 562 1169 560 1169 649 1169 649 1170 558 1170 650 1170 560 1171 558 1171 649 1171 650 1172 556 1172 651 1172 558 1173 556 1173 650 1173 651 1174 554 1174 652 1174 556 1175 554 1175 651 1175 652 1176 552 1176 653 1176 554 1177 552 1177 652 1177 653 1178 550 1178 654 1178 552 1179 550 1179 653 1179 654 1180 548 1180 655 1180 550 1181 548 1181 654 1181 655 1182 546 1182 656 1182 548 1183 546 1183 655 1183 656 1184 544 1184 657 1184 546 1185 544 1185 656 1185 657 1186 542 1186 658 1186 658 1187 542 1187 659 1187 544 1188 542 1188 657 1188 542 1189 540 1189 659 1189 659 1190 538 1190 660 1190 540 1191 538 1191 659 1191 660 1192 536 1192 661 1192 538 1193 536 1193 660 1193 661 1194 534 1194 662 1194 536 1195 534 1195 661 1195 662 1196 532 1196 663 1196 534 1197 532 1197 662 1197 663 1198 530 1198 664 1198 532 1199 530 1199 663 1199 664 1200 528 1200 665 1200 530 1201 528 1201 664 1201 665 1202 526 1202 666 1202 528 1203 526 1203 665 1203 666 1204 524 1204 667 1204 667 1205 524 1205 668 1205 526 1206 524 1206 666 1206 524 1207 522 1207 668 1207 668 1208 522 1208 669 1208 522 1209 520 1209 669 1209 520 1210 518 1210 669 1210 669 1211 518 1211 670 1211 518 1212 516 1212 670 1212 670 1213 516 1213 671 1213 516 1214 514 1214 671 1214 671 1215 514 1215 672 1215 514 1216 512 1216 672 1216 672 1217 512 1217 673 1217 512 1218 510 1218 673 1218 673 1219 510 1219 674 1219 510 1220 508 1220 674 1220 674 1221 508 1221 675 1221 508 1222 506 1222 675 1222 675 1223 506 1223 676 1223 676 1224 506 1224 677 1224 506 1225 505 1225 677 1225 677 1226 504 1226 678 1226 505 1227 504 1227 677 1227 678 1228 507 1228 679 1228 504 1229 507 1229 678 1229 679 1230 509 1230 680 1230 680 1231 509 1231 681 1231 507 1232 509 1232 679 1232 509 1233 511 1233 681 1233 681 1234 513 1234 682 1234 682 1235 513 1235 683 1235 511 1236 513 1236 681 1236 513 1237 515 1237 683 1237 683 1238 517 1238 684 1238 684 1239 517 1239 685 1239 515 1240 517 1240 683 1240 517 1241 519 1241 685 1241 685 1242 521 1242 686 1242 519 1243 521 1243 685 1243 686 1244 523 1244 687 1244 687 1245 523 1245 688 1245 521 1246 523 1246 686 1246 523 1247 525 1247 688 1247 688 1248 527 1248 689 1248 525 1249 527 1249 688 1249 689 1250 529 1250 690 1250 527 1251 529 1251 689 1251 690 1252 531 1252 691 1252 529 1253 531 1253 690 1253 531 1254 533 1254 691 1254 691 1255 533 1255 692 1255 692 1256 533 1256 693 1256 533 1257 535 1257 693 1257 693 1258 535 1258 694 1258 535 1259 537 1259 694 1259 537 1260 539 1260 694 1260 694 1261 539 1261 695 1261 695 1262 539 1262 696 1262 539 1263 541 1263 696 1263 696 1264 541 1264 697 1264 541 1265 543 1265 697 1265 697 1266 543 1266 698 1266 543 1267 545 1267 698 1267 545 1268 547 1268 698 1268 698 1269 547 1269 699 1269 699 1270 547 1270 700 1270 547 1271 549 1271 700 1271 549 1272 551 1272 700 1272 700 1273 551 1273 701 1273 551 1274 553 1274 701 1274 701 1275 553 1275 702 1275 702 1276 553 1276 703 1276 553 1277 555 1277 703 1277 555 1278 557 1278 703 1278 703 1279 557 1279 704 1279 557 1280 559 1280 704 1280 704 1281 559 1281 705 1281 559 1282 561 1282 705 1282 705 1283 561 1283 706 1283 706 1284 561 1284 707 1284 561 1285 563 1285 707 1285 563 1286 565 1286 707 1286 707 1287 565 1287 708 1287 565 1288 567 1288 708 1288 708 1289 567 1289 709 1289 709 1290 567 1290 710 1290 567 1291 569 1291 710 1291 569 1292 572 1292 710 1292 710 1293 572 1293 711 1293 572 1294 573 1294 711 1294 711 1295 573 1295 712 1295 712 1296 576 1296 713 1296 573 1297 576 1297 712 1297 713 1298 576 1298 714 1298 576 1299 577 1299 714 1299 714 1300 579 1300 715 1300 577 1301 579 1301 714 1301 715 1302 581 1302 716 1302 579 1303 581 1303 715 1303 716 1304 584 1304 717 1304 581 1305 584 1305 716 1305 584 1306 585 1306 717 1306 717 1307 585 1307 718 1307 585 1308 586 1308 718 1308 718 1309 586 1309 719 1309 586 1310 589 1310 719 1310 719 1311 589 1311 720 1311 589 1312 591 1312 720 1312 720 1313 591 1313 721 1313 721 1314 591 1314 722 1314 591 1315 593 1315 722 1315 593 1316 594 1316 722 1316 722 1317 594 1317 723 1317 594 1318 596 1318 723 1318 723 1319 596 1319 724 1319 596 1320 598 1320 724 1320 724 1321 598 1321 725 1321 598 1322 601 1322 725 1322 725 1323 601 1323 726 1323 601 1324 602 1324 726 1324 726 1325 602 1325 727 1325 602 1326 606 1326 727 1326 727 1327 606 1327 728 1327 606 1328 608 1328 728 1328 728 1329 608 1329 729 1329 729 1330 609 1330 730 1330 608 1331 609 1331 729 1331 730 1332 610 1332 731 1332 609 1333 610 1333 730 1333 731 1334 613 1334 732 1334 610 1335 613 1335 731 1335 732 1336 615 1336 733 1336 613 1337 615 1337 732 1337 733 1338 617 1338 734 1338 734 1339 617 1339 735 1339 615 1340 617 1340 733 1340 617 1341 618 1341 735 1341 735 1342 621 1342 736 1342 618 1343 621 1343 735 1343 736 1344 622 1344 737 1344 621 1345 622 1345 736 1345 737 1346 624 1346 738 1346 622 1347 624 1347 737 1347 738 1348 627 1348 739 1348 624 1349 627 1349 738 1349 739 1350 628 1350 740 1350 627 1351 628 1351 739 1351 740 1352 629 1352 741 1352 628 1353 629 1353 740 1353 629 1354 625 1354 741 1354 741 1355 625 1355 742 1355 625 1356 626 1356 742 1356 742 1357 626 1357 743 1357 626 1358 623 1358 743 1358 743 1359 623 1359 744 1359 623 1360 620 1360 744 1360 744 1361 620 1361 745 1361 620 1362 619 1362 745 1362 745 1363 619 1363 746 1363 746 1364 616 1364 747 1364 619 1365 616 1365 746 1365 747 1366 614 1366 748 1366 616 1367 614 1367 747 1367 748 1368 611 1368 749 1368 749 1369 611 1369 750 1369 614 1370 611 1370 748 1370 611 1371 612 1371 750 1371 750 1372 607 1372 751 1372 612 1373 607 1373 750 1373 751 1374 604 1374 752 1374 607 1375 604 1375 751 1375 752 1376 605 1376 753 1376 604 1377 605 1377 752 1377 753 1378 603 1378 754 1378 605 1379 603 1379 753 1379 754 1380 600 1380 755 1380 755 1381 600 1381 630 1381 603 1382 600 1382 754 1382 600 1383 599 1383 630 1383 678 1384 756 1384 677 1384 677 1385 757 1385 676 1385 756 1386 757 1386 677 1386 679 1387 758 1387 678 1387 680 1388 758 1388 679 1388 678 1389 758 1389 756 1389 757 1390 759 1390 676 1390 675 1391 759 1391 674 1391 676 1392 759 1392 675 1392 680 1393 760 1393 758 1393 681 1394 760 1394 680 1394 759 1395 761 1395 674 1395 674 1396 761 1396 673 1396 681 1397 762 1397 760 1397 682 1398 762 1398 681 1398 761 1399 763 1399 673 1399 673 1400 763 1400 672 1400 682 1401 764 1401 762 1401 683 1402 764 1402 682 1402 684 1403 764 1403 683 1403 763 1404 765 1404 672 1404 671 1405 765 1405 670 1405 672 1406 765 1406 671 1406 685 1407 766 1407 684 1407 684 1408 766 1408 764 1408 670 1409 767 1409 669 1409 765 1410 767 1410 670 1410 685 1411 768 1411 766 1411 686 1412 768 1412 685 1412 669 1413 769 1413 668 1413 767 1414 769 1414 669 1414 687 1415 770 1415 686 1415 688 1416 770 1416 687 1416 686 1417 770 1417 768 1417 667 1418 771 1418 666 1418 668 1419 771 1419 667 1419 769 1420 771 1420 668 1420 688 1421 772 1421 770 1421 689 1422 772 1422 688 1422 771 1423 773 1423 666 1423 666 1424 773 1424 665 1424 690 1425 774 1425 689 1425 689 1426 774 1426 772 1426 665 1427 775 1427 664 1427 773 1428 775 1428 665 1428 691 1429 776 1429 690 1429 690 1430 776 1430 774 1430 692 1431 776 1431 691 1431 775 1432 777 1432 664 1432 663 1433 777 1433 662 1433 664 1434 777 1434 663 1434 693 1435 778 1435 692 1435 692 1436 778 1436 776 1436 662 1437 779 1437 661 1437 777 1438 779 1438 662 1438 693 1439 780 1439 778 1439 694 1440 780 1440 693 1440 779 1441 781 1441 661 1441 661 1442 781 1442 660 1442 695 1443 782 1443 694 1443 696 1444 782 1444 695 1444 694 1445 782 1445 780 1445 660 1446 783 1446 659 1446 781 1447 783 1447 660 1447 696 1448 784 1448 782 1448 697 1449 784 1449 696 1449 658 1450 785 1450 657 1450 659 1451 785 1451 658 1451 783 1452 785 1452 659 1452 698 1453 786 1453 697 1453 697 1454 786 1454 784 1454 657 1455 787 1455 656 1455 785 1456 787 1456 657 1456 698 1457 788 1457 786 1457 699 1458 788 1458 698 1458 700 1459 788 1459 699 1459 656 1460 789 1460 655 1460 787 1461 789 1461 656 1461 700 1462 790 1462 788 1462 701 1463 790 1463 700 1463 654 1464 791 1464 653 1464 655 1465 791 1465 654 1465 789 1466 791 1466 655 1466 702 1467 792 1467 701 1467 701 1468 792 1468 790 1468 653 1469 793 1469 652 1469 791 1470 793 1470 653 1470 703 1471 794 1471 702 1471 704 1472 794 1472 703 1472 702 1473 794 1473 792 1473 793 1474 795 1474 652 1474 652 1475 795 1475 651 1475 705 1476 796 1476 704 1476 704 1477 796 1477 794 1477 650 1478 797 1478 649 1478 651 1479 797 1479 650 1479 795 1480 797 1480 651 1480 705 1481 798 1481 796 1481 706 1482 798 1482 705 1482 797 1483 799 1483 649 1483 649 1484 799 1484 648 1484 706 1485 800 1485 798 1485 707 1486 800 1486 706 1486 708 1487 800 1487 707 1487 648 1488 801 1488 647 1488 799 1489 801 1489 648 1489 708 1490 802 1490 800 1490 647 1491 803 1491 646 1491 801 1492 803 1492 647 1492 708 1493 709 1493 802 1493 802 1494 709 1494 804 1494 805 1495 645 1495 803 1495 803 1496 645 1496 646 1496 709 1497 710 1497 804 1497 804 1498 710 1498 806 1498 807 1499 644 1499 805 1499 805 1500 644 1500 645 1500 710 1501 711 1501 806 1501 808 1502 643 1502 807 1502 807 1503 643 1503 644 1503 711 1504 712 1504 806 1504 806 1505 712 1505 809 1505 808 1506 642 1506 643 1506 712 1507 713 1507 809 1507 809 1508 713 1508 810 1508 811 1509 641 1509 808 1509 808 1510 641 1510 642 1510 713 1511 714 1511 810 1511 810 1512 714 1512 812 1512 811 1513 640 1513 641 1513 813 1514 640 1514 811 1514 714 1515 715 1515 812 1515 814 1516 639 1516 813 1516 813 1517 639 1517 640 1517 715 1518 716 1518 812 1518 812 1519 716 1519 815 1519 814 1520 638 1520 639 1520 716 1521 717 1521 815 1521 815 1522 717 1522 816 1522 817 1523 637 1523 814 1523 814 1524 637 1524 638 1524 717 1525 718 1525 816 1525 816 1526 718 1526 818 1526 819 1527 636 1527 817 1527 817 1528 636 1528 637 1528 718 1529 719 1529 818 1529 820 1530 635 1530 819 1530 819 1531 635 1531 636 1531 719 1532 720 1532 818 1532 818 1533 720 1533 821 1533 820 1534 634 1534 635 1534 720 1535 721 1535 821 1535 821 1536 721 1536 822 1536 823 1537 633 1537 820 1537 820 1538 633 1538 634 1538 721 1539 722 1539 822 1539 822 1540 722 1540 824 1540 825 1541 632 1541 823 1541 823 1542 632 1542 633 1542 722 1543 723 1543 824 1543 826 1544 631 1544 825 1544 825 1545 631 1545 632 1545 723 1546 724 1546 824 1546 824 1547 724 1547 827 1547 826 1548 630 1548 631 1548 724 1549 725 1549 827 1549 827 1550 725 1550 828 1550 829 1551 755 1551 826 1551 826 1552 755 1552 630 1552 725 1553 726 1553 828 1553 828 1554 726 1554 830 1554 831 1555 754 1555 829 1555 829 1556 754 1556 755 1556 726 1557 727 1557 830 1557 830 1558 727 1558 832 1558 833 1559 753 1559 831 1559 831 1560 753 1560 754 1560 727 1561 728 1561 832 1561 833 1562 752 1562 753 1562 728 1563 729 1563 832 1563 832 1564 729 1564 834 1564 835 1565 751 1565 833 1565 833 1566 751 1566 752 1566 834 1567 730 1567 836 1567 729 1568 730 1568 834 1568 835 1569 750 1569 751 1569 837 1570 750 1570 835 1570 836 1571 731 1571 838 1571 730 1572 731 1572 836 1572 839 1573 749 1573 837 1573 837 1574 749 1574 750 1574 731 1575 732 1575 838 1575 839 1576 748 1576 749 1576 838 1577 733 1577 840 1577 732 1578 733 1578 838 1578 841 1579 747 1579 839 1579 839 1580 747 1580 748 1580 733 1581 734 1581 840 1581 840 1582 734 1582 842 1582 843 1583 746 1583 841 1583 841 1584 746 1584 747 1584 842 1585 735 1585 844 1585 734 1586 735 1586 842 1586 845 1587 745 1587 843 1587 843 1588 745 1588 746 1588 735 1589 736 1589 844 1589 845 1590 744 1590 745 1590 844 1591 737 1591 846 1591 736 1592 737 1592 844 1592 847 1593 743 1593 845 1593 845 1594 743 1594 744 1594 846 1595 738 1595 848 1595 737 1596 738 1596 846 1596 849 1597 742 1597 847 1597 847 1598 742 1598 743 1598 848 1599 739 1599 850 1599 738 1600 739 1600 848 1600 850 1601 741 1601 849 1601 849 1602 741 1602 742 1602 850 1603 740 1603 741 1603 739 1604 740 1604 850 1604 826 1605 825 1605 851 1605 851 1606 825 1606 852 1606 852 1607 823 1607 853 1607 825 1608 823 1608 852 1608 853 1609 820 1609 854 1609 823 1610 820 1610 853 1610 854 1611 819 1611 855 1611 820 1612 819 1612 854 1612 855 1613 817 1613 856 1613 819 1614 817 1614 855 1614 856 1615 814 1615 857 1615 817 1616 814 1616 856 1616 857 1617 813 1617 858 1617 814 1618 813 1618 857 1618 858 1619 811 1619 859 1619 813 1620 811 1620 858 1620 859 1621 808 1621 860 1621 860 1622 808 1622 861 1622 811 1623 808 1623 859 1623 808 1624 807 1624 861 1624 861 1625 805 1625 862 1625 807 1626 805 1626 861 1626 862 1627 803 1627 863 1627 805 1628 803 1628 862 1628 863 1629 801 1629 864 1629 803 1630 801 1630 863 1630 864 1631 799 1631 865 1631 801 1632 799 1632 864 1632 865 1633 797 1633 866 1633 799 1634 797 1634 865 1634 866 1635 795 1635 867 1635 797 1636 795 1636 866 1636 867 1637 793 1637 868 1637 795 1638 793 1638 867 1638 868 1639 791 1639 869 1639 793 1640 791 1640 868 1640 869 1641 789 1641 870 1641 791 1642 789 1642 869 1642 870 1643 787 1643 871 1643 871 1644 787 1644 872 1644 789 1645 787 1645 870 1645 787 1646 785 1646 872 1646 872 1647 783 1647 873 1647 785 1648 783 1648 872 1648 873 1649 781 1649 874 1649 783 1650 781 1650 873 1650 874 1651 779 1651 875 1651 781 1652 779 1652 874 1652 875 1653 777 1653 876 1653 876 1654 777 1654 877 1654 779 1655 777 1655 875 1655 777 1656 775 1656 877 1656 775 1657 773 1657 877 1657 877 1658 773 1658 878 1658 773 1659 771 1659 878 1659 878 1660 771 1660 879 1660 771 1661 769 1661 879 1661 879 1662 769 1662 880 1662 880 1663 769 1663 881 1663 769 1664 767 1664 881 1664 767 1665 765 1665 881 1665 881 1666 765 1666 882 1666 882 1667 765 1667 883 1667 765 1668 763 1668 883 1668 763 1669 761 1669 883 1669 883 1670 761 1670 884 1670 884 1671 761 1671 885 1671 761 1672 759 1672 885 1672 759 1673 757 1673 885 1673 885 1674 757 1674 886 1674 886 1675 757 1675 887 1675 757 1676 756 1676 887 1676 887 1677 758 1677 888 1677 888 1678 758 1678 889 1678 756 1679 758 1679 887 1679 889 1680 760 1680 890 1680 758 1681 760 1681 889 1681 760 1682 762 1682 890 1682 890 1683 764 1683 891 1683 762 1684 764 1684 890 1684 891 1685 766 1685 892 1685 764 1686 766 1686 891 1686 892 1687 768 1687 893 1687 766 1688 768 1688 892 1688 893 1689 770 1689 894 1689 768 1690 770 1690 893 1690 894 1691 772 1691 895 1691 770 1692 772 1692 894 1692 895 1693 774 1693 896 1693 772 1694 774 1694 895 1694 896 1695 776 1695 897 1695 774 1696 776 1696 896 1696 897 1697 778 1697 898 1697 776 1698 778 1698 897 1698 898 1699 780 1699 899 1699 778 1700 780 1700 898 1700 899 1701 782 1701 900 1701 780 1702 782 1702 899 1702 900 1703 784 1703 901 1703 782 1704 784 1704 900 1704 901 1705 786 1705 902 1705 902 1706 786 1706 903 1706 784 1707 786 1707 901 1707 786 1708 788 1708 903 1708 788 1709 790 1709 903 1709 903 1710 790 1710 904 1710 790 1711 792 1711 904 1711 904 1712 792 1712 905 1712 905 1713 792 1713 906 1713 792 1714 794 1714 906 1714 794 1715 796 1715 906 1715 906 1716 796 1716 907 1716 796 1717 798 1717 907 1717 907 1718 798 1718 908 1718 798 1719 800 1719 908 1719 908 1720 800 1720 909 1720 800 1721 802 1721 909 1721 909 1722 802 1722 910 1722 802 1723 804 1723 910 1723 910 1724 804 1724 911 1724 804 1725 806 1725 911 1725 911 1726 806 1726 912 1726 806 1727 809 1727 912 1727 912 1728 809 1728 913 1728 913 1729 809 1729 914 1729 809 1730 810 1730 914 1730 914 1731 810 1731 915 1731 810 1732 812 1732 915 1732 915 1733 812 1733 916 1733 812 1734 815 1734 916 1734 916 1735 815 1735 917 1735 815 1736 816 1736 917 1736 917 1737 816 1737 918 1737 816 1738 818 1738 918 1738 918 1739 818 1739 919 1739 818 1740 821 1740 919 1740 821 1741 822 1741 919 1741 919 1742 822 1742 920 1742 822 1743 824 1743 920 1743 920 1744 824 1744 921 1744 921 1745 827 1745 922 1745 824 1746 827 1746 921 1746 922 1747 827 1747 923 1747 827 1748 828 1748 923 1748 923 1749 830 1749 924 1749 828 1750 830 1750 923 1750 924 1751 832 1751 925 1751 830 1752 832 1752 924 1752 925 1753 834 1753 926 1753 832 1754 834 1754 925 1754 926 1755 836 1755 927 1755 834 1756 836 1756 926 1756 927 1757 838 1757 928 1757 836 1758 838 1758 927 1758 838 1759 840 1759 928 1759 928 1760 840 1760 929 1760 840 1761 842 1761 929 1761 929 1762 842 1762 930 1762 842 1763 844 1763 930 1763 930 1764 844 1764 931 1764 844 1765 846 1765 931 1765 931 1766 846 1766 932 1766 932 1767 846 1767 933 1767 846 1768 848 1768 933 1768 848 1769 850 1769 933 1769 933 1770 850 1770 934 1770 850 1771 849 1771 934 1771 934 1772 849 1772 935 1772 849 1773 847 1773 935 1773 935 1774 847 1774 936 1774 847 1775 845 1775 936 1775 936 1776 845 1776 937 1776 937 1777 845 1777 938 1777 845 1778 843 1778 938 1778 843 1779 841 1779 938 1779 938 1780 841 1780 939 1780 841 1781 839 1781 939 1781 939 1782 839 1782 940 1782 839 1783 837 1783 940 1783 940 1784 837 1784 941 1784 837 1785 835 1785 941 1785 941 1786 835 1786 942 1786 835 1787 833 1787 942 1787 942 1788 833 1788 943 1788 833 1789 831 1789 943 1789 943 1790 831 1790 944 1790 831 1791 829 1791 944 1791 944 1792 829 1792 945 1792 829 1793 826 1793 945 1793 945 1794 826 1794 851 1794 890 1795 891 1795 889 1795 883 1796 881 1796 882 1796 881 1797 879 1797 880 1797 894 1798 898 1798 893 1798 895 1799 898 1799 894 1799 896 1800 898 1800 895 1800 897 1801 898 1801 896 1801 876 1802 874 1802 875 1802 877 1803 874 1803 876 1803 899 1804 900 1804 898 1804 902 1805 903 1805 901 1805 901 1806 904 1806 900 1806 903 1807 904 1807 901 1807 870 1808 868 1808 869 1808 871 1809 867 1809 870 1809 872 1810 867 1810 871 1810 870 1811 867 1811 868 1811 872 1812 866 1812 867 1812 906 1813 908 1813 905 1813 907 1814 908 1814 906 1814 908 1815 909 1815 905 1815 866 1816 864 1816 865 1816 866 1817 863 1817 864 1817 873 1818 863 1818 872 1818 872 1819 863 1819 866 1819 873 1820 862 1820 863 1820 874 1821 862 1821 873 1821 910 1822 912 1822 909 1822 911 1823 912 1823 910 1823 909 1824 912 1824 905 1824 862 1825 860 1825 861 1825 862 1826 858 1826 860 1826 877 1827 858 1827 874 1827 860 1828 858 1828 859 1828 883 1829 858 1829 881 1829 881 1830 858 1830 879 1830 878 1831 858 1831 877 1831 879 1832 858 1832 878 1832 874 1833 858 1833 862 1833 913 1834 916 1834 912 1834 914 1835 916 1835 913 1835 915 1836 916 1836 914 1836 883 1837 857 1837 858 1837 916 1838 917 1838 912 1838 884 1839 856 1839 883 1839 883 1840 856 1840 857 1840 918 1841 919 1841 917 1841 884 1842 853 1842 856 1842 855 1843 853 1843 854 1843 856 1844 853 1844 855 1844 885 1845 853 1845 884 1845 886 1846 853 1846 885 1846 919 1847 921 1847 917 1847 920 1848 921 1848 919 1848 886 1849 852 1849 853 1849 887 1850 852 1850 886 1850 888 1851 852 1851 887 1851 921 1852 922 1852 917 1852 852 1853 945 1853 851 1853 888 1854 945 1854 852 1854 891 1855 945 1855 889 1855 889 1856 945 1856 888 1856 892 1857 945 1857 891 1857 893 1858 945 1858 892 1858 924 1859 925 1859 923 1859 945 1860 943 1860 944 1860 925 1861 926 1861 923 1861 923 1862 926 1862 922 1862 945 1863 942 1863 943 1863 945 1864 941 1864 942 1864 927 1865 928 1865 926 1865 945 1866 940 1866 941 1866 928 1867 929 1867 926 1867 893 1868 939 1868 945 1868 898 1869 939 1869 893 1869 945 1870 939 1870 940 1870 939 1871 937 1871 938 1871 917 1872 932 1872 912 1872 922 1873 932 1873 917 1873 926 1874 932 1874 922 1874 929 1875 932 1875 926 1875 930 1876 932 1876 929 1876 931 1877 932 1877 930 1877 939 1878 935 1878 937 1878 937 1879 935 1879 936 1879 939 1880 934 1880 935 1880 900 1881 934 1881 898 1881 905 1882 934 1882 904 1882 904 1883 934 1883 900 1883 898 1884 934 1884 939 1884 932 1885 934 1885 912 1885 933 1886 934 1886 932 1886 912 1887 934 1887 905 1887</p>
        </triangles>
      </mesh>
    </geometry>
  </library_geometries>
  <library_materials>
    <material id="mat_Body016" name="Body016">
      <instance_effect url="#effect_Body016"/>
    </material>
  </library_materials>
  <library_visual_scenes>
    <visual_scene id="scene">
      <node id="node0" name="node0">
        <instance_geometry url="#geometry0">
          <bind_material>
            <technique_common>
              <instance_material symbol="ref_Body016" target="#mat_Body016"/>
            </technique_common>
          </bind_material>
        </instance_geometry>
      </node>
    </visual_scene>
  </library_visual_scenes>
  <scene>
    <instance_visual_scene url="#scene"/>
  </scene>
</COLLADA>
