<COLLADA xmlns="http://www.collada.org/2005/11/COLLADASchema" version="1.4.1">
  <asset>
    <contributor/>
    <created>2026-10-08T20:06:53.822547</created>
    <modified>2026-10-08T20:06:53.822547</modified>
    <unit name="meter" meter="1.0"/>
    <up_axis>Z_UP</up_axis>
  </asset>
  <library_effects>
    <effect id="effect_Body013" name="effect_Body013">
      <profile_COMMON>
        <technique sid="common">
          <phong>
            <emission>
              <color>0.0 0.0 0.0 1.0</color>
            </emission>
            <ambient>
              <color>0.0 0.0 0.0 1.0</color>
            </ambient>
            <diffuse>
              <color>0.4470588266849518 0.4745098054409027 0.501960813999176 1.0</color>
            </diffuse>
            <specular>
              <color>1 1 1 1.0</color>
            </specular>
            <shininess>
              <float>0.0</float>
            </shininess>
            <reflective>
              <color>0.0 0.0 0.0 1.0</color>
            </reflective>
            <reflectivity>
              <float>0.0</float>
            </reflectivity>
            <transparent>
              <color>0.0 0.0 0.0 1.0</color>
            </transparent>
            <transparency>
              <float>1.0</float>
            </transparency>
          </phong>
        </technique>
        <extra>
          <technique profile="GOOGLEEARTH">
            <double_sided>0</double_sided>
          </technique>
        </extra>
      </profile_COMMON>
    </effect>
  </library_effects>
  <library_geometries>
    <geometry id="geometry0" name="J4_Turret_Housing">
      <mesh>
        <source id="cubeverts-array0">
          <float_array count="8073" id="cubeverts-array0-array">-0.06433149 0.054 -0.0265166 -0.0662636 0.054 -0.02949694 -0.06677531 0.054 -0.02902214 -0.06469704 0.054 -0.02614181 -0.06726273 0.054 -0.02852242 -0.0639477 0.054 -0.0268727 -0.06572886 0.054 -0.02994564 -0.06504346 0.054 -0.02574927 -0.06772462 0.054 -0.02799903 -0.06354664 0.054 -0.02720923 -0.06517241 0.054 -0.03036713 -0.06536989 0.054 -0.02533995 -0.06815986 0.054 -0.02745326 -0.06312931 0.054 -0.02752535 -0.06459565 0.054 -0.03076036 -0.06567551 0.054 -0.02491486 -0.06856734 0.054 -0.02688648 -0.06269674 0.054 -0.02782027 -0.064 0.054 -0.03112436 -0.06595956 0.054 -0.02447507 -0.06894608 0.054 -0.02630009 -0.06225 0.054 -0.02809327 -0.06338695 0.054 -0.03145821 -0.06622133 0.054 -0.02402167 -0.0692951 0.054 -0.02569556 -0.06179021 0.054 -0.02834365 -0.06275802 0.054 -0.03176108 -0.06646017 0.054 -0.02355578 -0.06961356 0.054 -0.02507437 -0.06131852 0.054 -0.02857081 -0.06211477 0.054 -0.03203223 -0.0666755 0.054 -0.02307857 -0.06990067 0.054 -0.02443809 -0.06083608 0.054 -0.02877417 -0.06145881 0.054 -0.03227098 -0.06686678 0.054 -0.02259121 -0.07015569 0.054 -0.02378828 -0.06034411 0.054 -0.02895324 -0.06079177 0.054 -0.03247674 -0.06703352 0.054 -0.02209493 -0.07037802 0.054 -0.02312657 -0.05984383 0.054 -0.02910756 -0.06011529 0.054 -0.03264899 -0.06717531 0.054 -0.02159095 -0.07056709 0.054 -0.0224546 -0.05933647 0.054 -0.02923674 -0.05943108 0.054 -0.03278731 -0.06729181 0.054 -0.02108053 -0.07072241 0.054 -0.02177405 -0.05882331 0.054 -0.02934048 -0.05874081 0.054 -0.03289135 -0.06738272 0.054 -0.02056494 -0.07084363 0.054 -0.02108659 -0.05830561 0.054 -0.02941851 -0.05804622 0.054 -0.03296085 -0.06744782 0.054 -0.02004546 -0.07093043 0.054 -0.02039395 -0.05778466 0.054 -0.02947064 -0.05734903 0.054 -0.03299565 -0.06748695 0.054 -0.01952338 -0.0709826 0.054 -0.01969784 -0.05726177 0.054 -0.02949674 -0.05665097 0.054 -0.03299565 -0.0675 0.054 -0.019 -0.071 0.054 -0.019 -0.05673823 0.054 -0.02949674 -0.05595378 0.054 -0.03296085 -0.06748695 0.054 -0.01847662 -0.0709826 0.054 -0.01830216 -0.05621534 0.054 -0.02947064 -0.05525919 0.054 -0.03289135 -0.06744782 0.054 -0.01795454 -0.07093043 0.054 -0.01760605 -0.05569439 0.054 -0.02941851 -0.05456892 0.054 -0.03278731 -0.06738272 0.054 -0.01743506 -0.07084363 0.054 -0.01691341 -0.05517669 0.054 -0.02934048 -0.05388471 0.054 -0.03264899 -0.06729181 0.054 -0.01691947 -0.07072241 0.054 -0.01622595 -0.05466353 0.054 -0.02923674 -0.05320823 0.054 -0.03247674 -0.06717531 0.054 -0.01640905 -0.07056709 0.054 -0.0155454 -0.05415617 0.054 -0.02910756 -0.05254119 0.054 -0.03227098 -0.06703352 0.054 -0.01590507 -0.07037802 0.054 -0.01487343 -0.05365589 0.054 -0.02895324 -0.05188523 0.054 -0.03203223 -0.06686678 0.054 -0.01540879 -0.07015569 0.054 -0.01421172 -0.05316392 0.054 -0.02877417 -0.05124198 0.054 -0.03176108 -0.0666755 0.054 -0.01492143 -0.06990067 0.054 -0.01356191 -0.05268148 0.054 -0.02857081 -0.05061305 0.054 -0.03145821 -0.06646017 0.054 -0.01444422 -0.06961356 0.054 -0.01292563 -0.05220979 0.054 -0.02834365 -0.05 0.054 -0.03112436 -0.06622133 0.054 -0.01397833 -0.0692951 0.054 -0.01230444 -0.05175 0.054 -0.02809327 -0.04940435 0.054 -0.03076036 -0.06595956 0.054 -0.01352493 -0.06894608 0.054 -0.01169991 -0.05130326 0.054 -0.02782027 -0.06567551 0.054 -0.01308514 -0.06856734 0.054 -0.01111352 -0.05087069 0.054 -0.02752535 -0.04882759 0.054 -0.03036713 -0.04827114 0.054 -0.02994564 -0.06536989 0.054 -0.01266005 -0.06815986 0.054 -0.01054674 -0.05045336 0.054 -0.02720923 -0.06504346 0.054 -0.01225073 -0.06772462 0.054 -0.01000097 -0.0477364 0.054 -0.02949694 -0.0500523 0.054 -0.0268727 -0.06726273 0.054 -0.009477582 -0.06469704 0.054 -0.01185819 -0.04722469 0.054 -0.02902214 -0.04966851 0.054 -0.0265166 -0.06433149 0.054 -0.0114834 -0.06677531 0.054 -0.008977864 -0.04673727 0.054 -0.02852242 -0.04930296 0.054 -0.02614181 -0.0639477 0.054 -0.0111273 -0.0662636 0.054 -0.008503063 -0.04627538 0.054 -0.02799903 -0.04895653 0.054 -0.02574927 -0.06572886 0.054 -0.008054359 -0.06354664 0.054 -0.01079077 -0.04584015 0.054 -0.02745326 -0.04863011 0.054 -0.02533995 -0.06517241 0.054 -0.007632868 -0.06312931 0.054 -0.01047465 -0.04543266 0.054 -0.02688648 -0.04832449 0.054 -0.02491486 -0.06459565 0.054 -0.007239637 -0.06269674 0.054 -0.01017973 -0.04505393 0.054 -0.02630009 -0.04804045 0.054 -0.02447507 -0.064 0.054 -0.006875644 -0.06225 0.054 -0.009906734 -0.0447049 0.054 -0.02569556 -0.04777868 0.054 -0.02402167 -0.06338695 0.054 -0.006541795 -0.06131852 0.054 -0.009429189 -0.06179021 0.054 -0.009656346 -0.04438644 0.054 -0.02507437 -0.04753983 0.054 -0.02355578 -0.06275802 0.054 -0.006238918 -0.04409933 0.054 -0.02443809 -0.0473245 0.054 -0.02307857 -0.06211477 0.054 -0.005967768 -0.06083608 0.054 -0.009225825 -0.0438443 0.054 -0.02378828 -0.04713323 0.054 -0.02259121 -0.06145881 0.054 -0.005729017 -0.06034411 0.054 -0.009046762 -0.04362198 0.054 -0.02312657 -0.04696648 0.054 -0.02209493 -0.06079177 0.054 -0.005523261 -0.05933647 0.054 -0.008763257 -0.05984383 0.054 -0.008892446 -0.04343292 0.054 -0.0224546 -0.04682469 0.054 -0.02159095 -0.06011529 0.054 -0.005351009 -0.04327758 0.054 -0.02177405 -0.04670819 0.054 -0.02108053 -0.05943108 0.054 -0.005212691 -0.05882331 0.054 -0.008659518 -0.04315637 0.054 -0.02108659 -0.04661728 0.054 -0.02056494 -0.05874081 0.054 -0.005108651 -0.05830561 0.054 -0.008581489 -0.04306957 0.054 -0.02039395 -0.04655218 0.054 -0.02004546 -0.05804622 0.054 -0.005039147 -0.05778466 0.054 -0.00852936 -0.0430174 0.054 -0.01969784 -0.04651305 0.054 -0.01952338 -0.05734903 0.054 -0.005004352 -0.05726177 0.054 -0.008503263 -0.043 0.054 -0.019 -0.0465 0.054 -0.019 -0.05665097 0.054 -0.005004352 -0.05673823 0.054 -0.008503263 -0.0430174 0.054 -0.01830216 -0.04651305 0.054 -0.01847662 -0.04655218 0.054 -0.01795454 -0.05595378 0.054 -0.005039147 -0.05621534 0.054 -0.00852936 -0.04306957 0.054 -0.01760605 -0.05525919 0.054 -0.005108651 -0.05569439 0.054 -0.008581489 -0.04315637 0.054 -0.01691341 -0.04661728 0.054 -0.01743506 -0.05456892 0.054 -0.005212691 -0.05517669 0.054 -0.008659518 -0.04327758 0.054 -0.01622595 -0.04670819 0.054 -0.01691947 -0.05388471 0.054 -0.005351009 -0.05466353 0.054 -0.008763257 -0.04343292 0.054 -0.0155454 -0.04682469 0.054 -0.01640905 -0.04696648 0.054 -0.01590507 -0.05320823 0.054 -0.005523261 -0.05415617 0.054 -0.008892446 -0.04362198 0.054 -0.01487343 -0.05254119 0.054 -0.005729017 -0.05316392 0.054 -0.009225825 -0.05365589 0.054 -0.009046762 -0.0438443 0.054 -0.01421172 -0.04713323 0.054 -0.01540879 -0.0473245 0.054 -0.01492143 -0.05188523 0.054 -0.005967768 -0.04409933 0.054 -0.01356191 -0.05124198 0.054 -0.006238918 -0.05220979 0.054 -0.009656346 -0.05268148 0.054 -0.009429189 -0.04438644 0.054 -0.01292563 -0.04753983 0.054 -0.01444422 -0.05061305 0.054 -0.006541795 -0.05175 0.054 -0.009906734 -0.0447049 0.054 -0.01230444 -0.04777868 0.054 -0.01397833 -0.05 0.054 -0.006875644 -0.05130326 0.054 -0.01017973 -0.04505393 0.054 -0.01169991 -0.04804045 0.054 -0.01352493 -0.04940435 0.054 -0.007239637 -0.04543266 0.054 -0.01111352 -0.04832449 0.054 -0.01308514 -0.04882759 0.054 -0.007632868 -0.05087069 0.054 -0.01047465 -0.04584015 0.054 -0.01054674 -0.04863011 0.054 -0.01266005 -0.04827114 0.054 -0.008054359 -0.05045336 0.054 -0.01079077 -0.04627538 0.054 -0.01000097 -0.04895653 0.054 -0.01225073 -0.0477364 0.054 -0.008503063 -0.0500523 0.054 -0.0111273 -0.04673727 0.054 -0.009477582 -0.04930296 0.054 -0.01185819 -0.04722469 0.054 -0.008977864 -0.04966851 0.054 -0.0114834 -0.0465 0.0375 -0.019 -0.04651305 0.0375 -0.01847662 -0.04655218 0.0375 -0.01795454 -0.04661728 0.0375 -0.01743506 -0.04670819 0.0375 -0.01691947 -0.04682469 0.0375 -0.01640905 -0.04696648 0.0375 -0.01590507 -0.04713323 0.0375 -0.01540879 -0.0473245 0.0375 -0.01492143 -0.04753983 0.0375 -0.01444422 -0.04777868 0.0375 -0.01397833 -0.04804045 0.0375 -0.01352493 -0.04832449 0.0375 -0.01308514 -0.04863011 0.0375 -0.01266005 -0.04895653 0.0375 -0.01225073 -0.04930296 0.0375 -0.01185819 -0.04966851 0.0375 -0.0114834 -0.0500523 0.0375 -0.0111273 -0.05045336 0.0375 -0.01079077 -0.05087069 0.0375 -0.01047465 -0.05130326 0.0375 -0.01017973 -0.05175 0.0375 -0.009906734 -0.05220979 0.0375 -0.009656346 -0.05268148 0.0375 -0.009429189 -0.05316392 0.0375 -0.009225825 -0.05365589 0.0375 -0.009046762 -0.05415617 0.0375 -0.008892446 -0.05466353 0.0375 -0.008763257 -0.05517669 0.0375 -0.008659518 -0.05569439 0.0375 -0.008581489 -0.05621534 0.0375 -0.00852936 -0.05673823 0.0375 -0.008503263 -0.05726177 0.0375 -0.008503263 -0.05778466 0.0375 -0.00852936 -0.05830561 0.0375 -0.008581489 -0.05882331 0.0375 -0.008659518 -0.05933647 0.0375 -0.008763257 -0.05984383 0.0375 -0.008892446 -0.06034411 0.0375 -0.009046762 -0.06083608 0.0375 -0.009225825 -0.06131852 0.0375 -0.009429189 -0.06179021 0.0375 -0.009656346 -0.06225 0.0375 -0.009906734 -0.06269674 0.0375 -0.01017973 -0.06312931 0.0375 -0.01047465 -0.06354664 0.0375 -0.01079077 -0.0639477 0.0375 -0.0111273 -0.06433149 0.0375 -0.0114834 -0.06469704 0.0375 -0.01185819 -0.06504346 0.0375 -0.01225073 -0.06536989 0.0375 -0.01266005 -0.06567551 0.0375 -0.01308514 -0.06595956 0.0375 -0.01352493 -0.06622133 0.0375 -0.01397833 -0.06646017 0.0375 -0.01444422 -0.0666755 0.0375 -0.01492143 -0.06686678 0.0375 -0.01540879 -0.06703352 0.0375 -0.01590507 -0.06717531 0.0375 -0.01640905 -0.06729181 0.0375 -0.01691947 -0.06738272 0.0375 -0.01743506 -0.06744782 0.0375 -0.01795454 -0.06748695 0.0375 -0.01847662 -0.0675 0.0375 -0.019 -0.06748695 0.0375 -0.01952338 -0.06744782 0.0375 -0.02004546 -0.06738272 0.0375 -0.02056494 -0.06729181 0.0375 -0.02108053 -0.06717531 0.0375 -0.02159095 -0.06703352 0.0375 -0.02209493 -0.06686678 0.0375 -0.02259121 -0.0666755 0.0375 -0.02307857 -0.06646017 0.0375 -0.02355578 -0.06622133 0.0375 -0.02402167 -0.06595956 0.0375 -0.02447507 -0.06567551 0.0375 -0.02491486 -0.06536989 0.0375 -0.02533995 -0.06504346 0.0375 -0.02574927 -0.06469704 0.0375 -0.02614181 -0.06433149 0.0375 -0.0265166 -0.0639477 0.0375 -0.0268727 -0.06354664 0.0375 -0.02720923 -0.06312931 0.0375 -0.02752535 -0.06269674 0.0375 -0.02782027 -0.06225 0.0375 -0.02809327 -0.06179021 0.0375 -0.02834365 -0.06131852 0.0375 -0.02857081 -0.06083608 0.0375 -0.02877417 -0.06034411 0.0375 -0.02895324 -0.05984383 0.0375 -0.02910756 -0.05933647 0.0375 -0.02923674 -0.05882331 0.0375 -0.02934048 -0.05830561 0.0375 -0.02941851 -0.05778466 0.0375 -0.02947064 -0.05726177 0.0375 -0.02949674 -0.05673823 0.0375 -0.02949674 -0.05621534 0.0375 -0.02947064 -0.05569439 0.0375 -0.02941851 -0.05517669 0.0375 -0.02934048 -0.05466353 0.0375 -0.02923674 -0.05415617 0.0375 -0.02910756 -0.05365589 0.0375 -0.02895324 -0.05316392 0.0375 -0.02877417 -0.05268148 0.0375 -0.02857081 -0.05220979 0.0375 -0.02834365 -0.05175 0.0375 -0.02809327 -0.05130326 0.0375 -0.02782027 -0.05087069 0.0375 -0.02752535 -0.05045336 0.0375 -0.02720923 -0.0500523 0.0375 -0.0268727 -0.04966851 0.0375 -0.0265166 -0.04930296 0.0375 -0.02614181 -0.04895653 0.0375 -0.02574927 -0.04863011 0.0375 -0.02533995 -0.04832449 0.0375 -0.02491486 -0.04804045 0.0375 -0.02447507 -0.04777868 0.0375 -0.02402167 -0.04753983 0.0375 -0.02355578 -0.0473245 0.0375 -0.02307857 -0.04713323 0.0375 -0.02259121 -0.04696648 0.0375 -0.02209493 -0.04682469 0.0375 -0.02159095 -0.04670819 0.0375 -0.02108053 -0.04661728 0.0375 -0.02056494 -0.04655218 0.0375 -0.02004546 -0.04651305 0.0375 -0.01952338 -0.06359747 0.0375 -0.02512156 -0.06328413 0.0375 -0.0254428 -0.06295517 0.0375 -0.02574803 -0.0638944 0.0375 -0.02478509 -0.06261141 0.0375 -0.02603648 -0.06417419 0.0375 -0.02443424 -0.06225369 0.0375 -0.02630744 -0.06443615 0.0375 -0.02406988 -0.06188292 0.0375 -0.02656023 -0.06467962 0.0375 -0.02369292 -0.0615 0.0375 -0.02679423 -0.06490399 0.0375 -0.02330429 -0.0611059 0.0375 -0.02700885 -0.06510872 0.0375 -0.02290495 -0.06070158 0.0375 -0.02720355 -0.06529329 0.0375 -0.02249591 -0.06028807 0.0375 -0.02737786 -0.06545724 0.0375 -0.02207818 -0.05986638 0.0375 -0.02753135 -0.06560016 0.0375 -0.0216528 -0.05943756 0.0375 -0.02766362 -0.06572169 0.0375 -0.02122082 -0.05900269 0.0375 -0.02777435 -0.06582156 0.0375 -0.02078332 -0.05856283 0.0375 -0.02786327 -0.06589948 0.0375 -0.02034138 -0.05811909 0.0375 -0.02793015 -0.06595528 0.0375 -0.01989611 -0.05767257 0.0375 -0.02797483 -0.06598882 0.0375 -0.01944861 -0.05722438 0.0375 -0.0279972 -0.066 0.0375 -0.019 -0.05677562 0.0375 -0.0279972 -0.06598882 0.0375 -0.01855139 -0.05632743 0.0375 -0.02797483 -0.06595528 0.0375 -0.01810389 -0.05588091 0.0375 -0.02793015 -0.06589948 0.0375 -0.01765862 -0.05543717 0.0375 -0.02786327 -0.06582156 0.0375 -0.01721668 -0.05499731 0.0375 -0.02777435 -0.06572169 0.0375 -0.01677918 -0.05456244 0.0375 -0.02766362 -0.06560016 0.0375 -0.0163472 -0.05413362 0.0375 -0.02753135 -0.06545724 0.0375 -0.01592182 -0.05371193 0.0375 -0.02737786 -0.06529329 0.0375 -0.01550409 -0.05329842 0.0375 -0.02720355 -0.06510872 0.0375 -0.01509505 -0.0528941 0.0375 -0.02700885 -0.06490399 0.0375 -0.01469571 -0.0525 0.0375 -0.02679423 -0.06467962 0.0375 -0.01430708 -0.05211708 0.0375 -0.02656023 -0.06443615 0.0375 -0.01393012 -0.05174631 0.0375 -0.02630744 -0.06417419 0.0375 -0.01356576 -0.05138859 0.0375 -0.02603648 -0.0638944 0.0375 -0.01321491 -0.05104483 0.0375 -0.02574803 -0.06359747 0.0375 -0.01287845 -0.05071587 0.0375 -0.0254428 -0.06328413 0.0375 -0.0125572 -0.05040253 0.0375 -0.02512156 -0.06295517 0.0375 -0.01225197 -0.0501056 0.0375 -0.02478509 -0.06261141 0.0375 -0.01196352 -0.04982581 0.0375 -0.02443424 -0.06225369 0.0375 -0.01169256 -0.06188292 0.0375 -0.01143977 -0.04956385 0.0375 -0.02406988 -0.04932038 0.0375 -0.02369292 -0.0615 0.0375 -0.01120577 -0.049096 0.0375 -0.02330429 -0.06070158 0.0375 -0.01079645 -0.0611059 0.0375 -0.01099115 -0.04889128 0.0375 -0.02290495 -0.06028807 0.0375 -0.01062214 -0.04870671 0.0375 -0.02249591 -0.05986638 0.0375 -0.01046865 -0.04854277 0.0375 -0.02207818 -0.04839985 0.0375 -0.0216528 -0.05943756 0.0375 -0.01033638 -0.04827831 0.0375 -0.02122082 -0.05900269 0.0375 -0.01022565 -0.04817845 0.0375 -0.02078332 -0.05811909 0.0375 -0.01006985 -0.05856283 0.0375 -0.01013673 -0.04810052 0.0375 -0.02034138 -0.04804472 0.0375 -0.01989611 -0.04801119 0.0375 -0.01944861 -0.05767257 0.0375 -0.01002517 -0.05677562 0.0375 -0.0100028 -0.05722438 0.0375 -0.0100028 -0.048 0.0375 -0.019 -0.05632743 0.0375 -0.01002517 -0.04801119 0.0375 -0.01855139 -0.04804472 0.0375 -0.01810389 -0.04810052 0.0375 -0.01765862 -0.05588091 0.0375 -0.01006985 -0.05499731 0.0375 -0.01022565 -0.05543717 0.0375 -0.01013673 -0.04817845 0.0375 -0.01721668 -0.05456244 0.0375 -0.01033638 -0.04827831 0.0375 -0.01677918 -0.04839985 0.0375 -0.0163472 -0.05413362 0.0375 -0.01046865 -0.04854277 0.0375 -0.01592182 -0.04870671 0.0375 -0.01550409 -0.05371193 0.0375 -0.01062214 -0.05329842 0.0375 -0.01079645 -0.04889128 0.0375 -0.01509505 -0.049096 0.0375 -0.01469571 -0.0525 0.0375 -0.01120577 -0.0528941 0.0375 -0.01099115 -0.04932038 0.0375 -0.01430708 -0.05174631 0.0375 -0.01169256 -0.05211708 0.0375 -0.01143977 -0.04956385 0.0375 -0.01393012 -0.04982581 0.0375 -0.01356576 -0.05138859 0.0375 -0.01196352 -0.0501056 0.0375 -0.01321491 -0.05040253 0.0375 -0.01287845 -0.05071587 0.0375 -0.0125572 -0.05104483 0.0375 -0.01225197 0.03 0 0.01 0.03 0 0 0.0299632 0.00148552 0.01 0.02996271 0.001495377 0 0.02985288 0.002967395 0.01 0.02985092 0.002987036 0 0.02966932 0.004441989 0.01 0.02966492 0.004471268 0 0.02941297 0.005905685 0.01 0.02940517 0.005944384 0 0.02908446 0.007354892 0.01 0.02907232 0.007402722 0 0.02868458 0.008786054 0.01 0.02866718 0.008842655 0 0.02821433 0.01019566 0.01 0.02819078 0.0102606 0 0.02767486 0.01158025 0.01 0.02764429 0.01165304 0 0.02706749 0.01293643 0.01 0.02702907 0.01301651 0 0.0263937 0.01426087 0.01 0.02634665 0.01434762 0 0.02565517 0.01555032 0.01 0.02559873 0.01564306 0 0.02485368 0.01680162 0.01 0.02478716 0.0168996 0 0.02399122 0.0180117 0.01 0.02391397 0.01811413 0 0.0230699 0.01917758 0.01 0.02298133 0.01928363 0 0.02209198 0.02029642 0.01 0.02199156 0.02040518 0 0.02105985 0.02136545 0.01 0.02094711 0.02147601 0 0.01997606 0.02238207 0.01 0.01985057 0.02249344 0 0.01884325 0.02334377 0.01 0.01870469 0.02345494 0 0.01766422 0.02424821 0.01 0.01751231 0.02435814 0 0.01644184 0.02509314 0.01 0.01627639 0.02520078 0 0.01517913 0.02587652 0.01 0.015 0.02598076 0 0.01387917 0.0265964 0.01 0.01368632 0.02669615 0 0.01254516 0.02725104 0.01 0.01233861 0.02734517 0 0.01118037 0.02783881 0.01 0.01096023 0.02792621 0 0.009788154 0.02835828 0.01 0.0095546 0.02843782 0 0.008371921 0.02880818 0.01 0.008125214 0.02887873 0 0.006935146 0.02918739 0.01 0.006675628 0.02924784 0 0.005481358 0.029495 0.01 0.005209445 0.02954423 0 0.00401412 0.02973023 0.01 0.003730311 0.02976718 0 0.002537034 0.02989253 0.01 0.002241903 0.02991611 0 0.001053724 0.02998149 0.01 0.0007479208 0.02999067 0 -0.0004321718 0.02999689 0.01 -0.0007479208 0.02999067 0 -0.001917007 0.02993869 0.01 -0.002241903 0.02991611 0 -0.003397139 0.02980704 0.01 -0.003730311 0.02976718 0 -0.004868937 0.02960225 0.01 -0.005209445 0.02954423 0 -0.006328788 0.02932484 0.01 -0.006675628 0.02924784 0 -0.007773112 0.02897548 0.01 -0.008125214 0.02887873 0 -0.009198364 0.02855504 0.01 -0.0095546 0.02843782 0 -0.01060105 0.02806453 0.01 -0.01096023 0.02792621 0 -0.01197773 0.02750517 0.01 -0.01233861 0.02734517 0 -0.01332501 0.02687832 0.01 -0.01368632 0.02669615 0 -0.01463961 0.02618553 0.01 -0.015 0.02598076 0 -0.01591829 0.02542849 0.01 -0.01627639 0.02520078 0 -0.01715791 0.02460906 0.01 -0.01751231 0.02435814 0 -0.01835544 0.02372926 0.01 -0.01870469 0.02345494 0 -0.01950793 0.02279124 0.01 -0.01985057 0.02249344 0 -0.02056373 0.02184337 0.01 -0.02094711 0.02147601 0 -0.02157353 0.02084665 0.01 -0.02199156 0.02040518 0 -0.02253508 0.01980329 0.01 -0.02298133 0.01928363 0 -0.02344622 0.01871563 0.01 -0.02391397 0.01811413 0 -0.02430491 0.01758611 0.01 -0.02478716 0.0168996 0 -0.02510924 0.01641726 0.01 -0.02559873 0.01564306 0 -0.0258574 0.01521168 0.01 -0.02634665 0.01434762 0 -0.02654772 0.01397207 0.01 -0.02702907 0.01301651 0 -0.02717865 0.01270121 0.01 -0.02764429 0.01165304 0 -0.0277488 0.01140194 0.01 -0.02819078 0.0102606 0 -0.02825687 0.01007717 0.01 -0.02866718 0.008842655 0 -0.02870174 0.008729849 0.01 -0.02907232 0.007402722 0 -0.0290824 0.007363006 0.01 -0.02940517 0.005944384 0 -0.02939801 0.005979692 0.01 -0.02964787 0.004583004 0.01 -0.02966492 0.004471268 0 -0.0298314 0.003176063 0.01 -0.02985092 0.002987036 0 -0.0299528 0.001682223 0.01 -0.02996271 0.001495377 0 -0.02999944 0.000184185 0.01 -0.03 -1.029075e-16 0 -0.0299712 -0.001314313 0.01 -0.02996271 -0.001495377 0 -0.02986815 -0.002809531 0.01 -0.02985092 -0.002987036 0 -0.02969056 -0.004297737 0.01 -0.02966492 -0.004471268 0 -0.02943887 -0.005775215 0.01 -0.02940517 -0.005944384 0 -0.0291137 -0.00723828 0.01 -0.02907232 -0.007402722 0 -0.02871586 -0.008683279 0.01 -0.02866718 -0.008842655 0 -0.02824636 -0.0101066 0.01 -0.02819078 -0.0102606 0 -0.02770635 -0.01150471 0.01 -0.02764429 -0.01165304 0 -0.02709719 -0.01287409 0.01 -0.02702907 -0.01301651 0 -0.0264204 -0.01421135 0.01 -0.02634665 -0.01434762 0 -0.02567767 -0.01551313 0.01 -0.02559873 -0.01564306 0 -0.02487085 -0.0167762 0.01 -0.02478716 -0.0168996 0 -0.02400196 -0.01799739 0.01 -0.02391397 -0.01811413 0 -0.02307315 -0.01917367 0.01 -0.02298133 -0.01928363 0 -0.02208677 -0.02030209 0.01 -0.02199156 -0.02040518 0 -0.02104525 -0.02137984 0.01 -0.02094711 -0.02147601 0 -0.01995121 -0.02240422 0.01 -0.01985057 -0.02249344 0 -0.01880737 -0.02337269 0.01 -0.01870469 -0.02345494 0 -0.01761659 -0.02428283 0.01 -0.01751231 -0.02435814 0 -0.01638185 -0.02513235 0.01 -0.01627639 -0.02520078 0 -0.01510621 -0.02591915 0.01 -0.015 -0.02598076 0 -0.01379288 -0.02664126 0.01 -0.01368632 -0.02669615 0 -0.01244511 -0.02729687 0.01 -0.01233861 -0.02734517 0 -0.01106629 -0.02788436 0.01 -0.01096023 -0.02792621 0 -0.009659845 -0.02840224 0.01 -0.0095546 -0.02843782 0 -0.008229291 -0.02884924 0.01 -0.008125214 -0.02887873 0 -0.006778197 -0.02922424 0.01 -0.006675628 -0.02924784 0 -0.005310186 -0.02952629 0.01 -0.005209445 -0.02954423 0 -0.003828921 -0.02975465 0.01 -0.003730311 -0.02976718 0 -0.0023381 -0.02990875 0.01 -0.002241903 -0.02991611 0 -0.0008414428 -0.0299882 0.01 -0.0007479208 -0.02999067 0 0.0006573144 -0.0299928 0.01 0.0007479208 -0.02999067 0 0.002154431 -0.02992254 0.01 0.002241903 -0.02991611 0 0.00364617 -0.0297776 0.01 0.003730311 -0.02976718 0 0.005128809 -0.02955834 0.01 0.005209445 -0.02954423 0 0.006598647 -0.0292653 0.01 0.006675628 -0.02924784 0 0.008052015 -0.02889922 0.01 0.008125214 -0.02887873 0 0.009485288 -0.02846101 0.01 0.0095546 -0.02843782 0 0.01089489 -0.02795177 0.01 0.01096023 -0.02792621 0 0.01227729 -0.02737276 0.01 0.01233861 -0.02734517 0 0.01362905 -0.02672544 0.01 0.01368632 -0.02669615 0 0.0149468 -0.02601141 0.01 0.015 -0.02598076 0 0.01622724 -0.02523245 0.01 0.01627639 -0.02520078 0 0.01746718 -0.02439052 0.01 0.01751231 -0.02435814 0 0.01866352 -0.02348772 0.01 0.01870469 -0.02345494 0 0.01981328 -0.02252629 0.01 0.01985057 -0.02249344 0 0.02091359 -0.02150864 0.01 0.02094711 -0.02147601 0 0.0219617 -0.02043731 0.01 0.02199156 -0.02040518 0 0.022955 -0.01931496 0.01 0.02298133 -0.01928363 0 0.02389101 -0.01814441 0.01 0.02391397 -0.01811413 0 0.02476738 -0.01692858 0.01 0.02478716 -0.0168996 0 0.02558194 -0.01567049 0.01 0.02559873 -0.01564306 0 0.02633265 -0.01437329 0.01 0.02634665 -0.01434762 0 0.02701764 -0.01304021 0.01 0.02702907 -0.01301651 0 0.02763519 -0.01167459 0.01 0.02764429 -0.01165304 0 0.02818377 -0.01027983 0.01 0.02819078 -0.0102606 0 0.02866201 -0.008859416 0.01 0.02866718 -0.008842655 0 0.02906871 -0.007416887 0.01 0.02907232 -0.007402722 0 0.02940285 -0.005955846 0.01 0.02940517 -0.005944384 0 0.02966362 -0.00447994 0.01 0.02966492 -0.004471268 0 0.02985034 -0.002992853 0.01 0.02985092 -0.002987036 0 0.02996256 -0.001498296 0.01 0.02996271 -0.001495377 0 -0.0141488 -0.01413546 0.01 -0.01342575 -0.01482394 0.01 -0.0148366 -0.01341176 0.01 -0.01266924 -0.01547548 0.01 -0.01188116 -0.01608845 0.01 -0.01106346 -0.01666133 0.01 -0.0102182 -0.01719268 0.01 -0.009347475 -0.0176812 0.01 -0.008453455 -0.01812565 0.01 -0.007538369 -0.01852493 0.01 -0.006604496 -0.01887805 0.01 -0.005654166 -0.01918412 0.01 -0.004689745 -0.01944238 0.01 -0.003713637 -0.0196522 0.01 -0.002728274 -0.01981304 0.01 -0.001736113 -0.01992451 0.01 -0.0007396251 -0.01998632 0.01 0.0002587059 -0.01999833 0.01 0.001256392 -0.0199605 0.01 0.002250947 -0.01987293 0.01 0.003239893 -0.01973583 0.01 0.004220766 -0.01954956 0.01 0.005191119 -0.01931456 0.01 0.006148537 -0.01903144 0.01 0.007090632 -0.01870088 0.01 0.008015057 -0.01832372 0.01 0.008919508 -0.0179009 0.01 0.009801732 -0.01743348 0.01 0.01065953 -0.0169226 0.01 0.01149076 -0.01636956 0.01 0.01229336 -0.01577572 0.01 0.01306533 -0.01514256 0.01 0.01380473 -0.01447168 0.01 0.01450973 -0.01376473 0.01 0.01517858 -0.01302347 0.01 0.0158096 -0.01224976 0.01 0.01640121 -0.01144553 0.01 0.01695196 -0.01061277 0.01 0.01746047 -0.009753567 0.01 0.01792546 -0.008870056 0.01 0.01834578 -0.007964441 0.01 0.01872038 -0.007038978 0.01 0.01904834 -0.006095974 0.01 0.01932882 -0.005137778 0.01 0.01956113 -0.00416678 0.01 0.002654867 0.01982301 0.01 0.0197447 -0.003185397 0.01 0.01987907 -0.002196076 0.01 0.01996389 -0.001201283 0.01 0.01999896 -0.0002034963 0.01 0.0199842 0.0007947977 0.01 0.01991964 0.001791111 0.01 0.01980543 0.002782961 0.01 0.003640819 0.01966582 0.01 0.01964187 0.003767876 0.01 0.004617697 0.01945962 0.01 0.01942936 0.004743401 0.01 0.005583068 0.01920493 0.01 0.01916844 0.005707105 0.01 0.01885974 0.006656587 0.01 0.006534526 0.01890238 0.01 0.01850405 0.007589481 0.01 0.0074697 0.01855272 0.01 0.01810224 0.008503462 0.01 0.008386259 0.01815684 0.01 0.01765532 0.009396252 0.01 0.009281919 0.0177157 0.01 0.01716441 0.01026563 0.01 0.01015445 0.01723041 0.01 0.01663072 0.01110942 0.01 0.01100167 0.01670219 0.01 0.01605559 0.01192552 0.01 0.01182148 0.01613235 0.01 0.01544044 0.01271191 0.01 0.01261183 0.0155223 0.01 0.01478682 0.01346662 0.01 0.01337075 0.01487357 0.01 0.01409635 0.01418777 0.01 -0.036 0.01 0.01 -0.036 0.025 0.01 -0.0148366 -0.01341176 0.02 -0.036 0.01 0.02 -0.0141488 -0.01413546 0.02 -0.01342575 -0.01482394 0.02 -0.01266924 -0.01547548 0.02 -0.01188116 -0.01608845 0.02 -0.01106346 -0.01666133 0.02 -0.0102182 -0.01719268 0.02 -0.009347475 -0.0176812 0.02 -0.008453455 -0.01812565 0.02 -0.007538369 -0.01852493 0.02 -0.006604496 -0.01887805 0.02 -0.005654166 -0.01918412 0.02 -0.004689745 -0.01944238 0.02 -0.003713637 -0.0196522 0.02 -0.002728274 -0.01981304 0.02 -0.001736113 -0.01992451 0.02 -0.0007396251 -0.01998632 0.02 0.0002587059 -0.01999833 0.02 0.001256392 -0.0199605 0.02 0.002250947 -0.01987293 0.02 0.003239893 -0.01973583 0.02 0.004220766 -0.01954956 0.02 0.005191119 -0.01931456 0.02 0.006148537 -0.01903144 0.02 0.007090632 -0.01870088 0.02 0.008015057 -0.01832372 0.02 0.008919508 -0.0179009 0.02 0.009801732 -0.01743348 0.02 0.01065953 -0.0169226 0.02 0.01149076 -0.01636956 0.02 0.01229336 -0.01577572 0.02 0.01306533 -0.01514256 0.02 0.01380473 -0.01447168 0.02 0.01450973 -0.01376473 0.02 0.01517858 -0.01302347 0.02 0.0158096 -0.01224976 0.02 0.01640121 -0.01144553 0.02 0.01695196 -0.01061277 0.02 0.01746047 -0.009753567 0.02 0.01792546 -0.008870056 0.02 0.01834578 -0.007964441 0.02 0.01872038 -0.007038978 0.02 0.01904834 -0.006095974 0.02 0.01932882 -0.005137778 0.02 0.01956113 -0.00416678 0.02 0.0197447 -0.003185397 0.02 0.01987907 -0.002196076 0.02 0.01996389 -0.001201283 0.02 0.01999896 -0.0002034963 0.02 0.0199842 0.0007947977 0.02 0.01991964 0.001791111 0.02 0.01980543 0.002782961 0.02 0.01964187 0.003767876 0.02 0.01942936 0.004743401 0.02 0.01916844 0.005707105 0.02 0.01885974 0.006656587 0.02 0.01850405 0.007589481 0.02 0.01810224 0.008503462 0.02 0.01765532 0.009396252 0.02 0.01716441 0.01026563 0.02 0.01663072 0.01110942 0.02 0.01605559 0.01192552 0.02 0.01544044 0.01271191 0.02 0.01478682 0.01346662 0.02 0.01409635 0.01418777 0.02 0.01337075 0.01487357 0.02 0.01261183 0.0155223 0.02 0.01182148 0.01613235 0.02 0.01100167 0.01670219 0.02 0.01015445 0.01723041 0.02 0.009281919 0.0177157 0.02 0.008386259 0.01815684 0.02 0.0074697 0.01855272 0.02 0.006534526 0.01890238 0.02 0.005583068 0.01920493 0.02 0.004617697 0.01945962 0.02 0.003640819 0.01966582 0.02 0.002654867 0.01982301 0.02 -0.036 0.025 0.02 -0.036 0.018 0.002 -0.036 0.01 -0.04 -0.036 0.018 -0.04 -0.036 0.025 0.002 -0.0584661 0.01 -0.0001396545 -0.05839647 0.01 -6.82663e-05 -0.078 0.01 0.02 -0.0759661 0.01 -0.01763965 -0.07589648 0.01 -0.01756827 -0.05832337 0.01 -4.375941e-07 -0.07582337 0.01 -0.01750044 -0.05853209 0.01 -0.0002144248 -0.07603209 0.01 -0.01771442 -0.05824698 0.01 6.366297e-05 -0.07574698 0.01 -0.01743634 -0.05859426 0.01 -0.0002923912 -0.07609427 0.01 -0.01779239 -0.05816749 0.01 0.000123876 -0.07566749 0.01 -0.01737612 -0.05865248 0.01 -0.0003733599 -0.07615248 0.01 -0.01787336 -0.05808509 0.01 0.0001800518 -0.07558509 0.01 -0.01731995 -0.05870658 0.01 -0.0004571296 -0.07620658 0.01 -0.01795713 -0.058 0.01 0.0002320508 -0.0755 0.01 -0.01726795 -0.05875644 0.01 -0.000543492 -0.07625645 0.01 -0.01804349 -0.05791242 0.01 0.0002797436 -0.07541242 0.01 -0.01722026 -0.05880194 0.01 -0.0006322325 -0.07630194 0.01 -0.01813223 -0.05782257 0.01 0.0003230117 -0.07532257 0.01 -0.01717699 -0.05884295 0.01 -0.0007231304 -0.07634295 0.01 -0.01822313 -0.05773068 0.01 0.0003617475 -0.07523068 0.01 -0.01713825 -0.05887939 0.01 -0.0008159597 -0.07637939 0.01 -0.01831596 -0.05763697 0.01 0.0003958547 -0.07641115 0.01 -0.01841049 -0.05754168 0.01 0.0004252485 -0.07643816 0.01 -0.01850648 -0.05744504 0.01 0.0004498558 -0.07646034 0.01 -0.01860371 -0.0573473 0.01 0.0004696155 -0.07647766 0.01 -0.01870192 -0.05724869 0.01 0.0004844784 -0.07649006 0.01 -0.01880087 -0.05714946 0.01 0.0004944076 -0.07649751 0.01 -0.01890031 -0.05704986 0.01 0.0004993784 -0.06652967 0.01 -0.01015775 -0.06607708 0.01 -0.009693731 -0.06560191 0.01 -0.009252845 -0.06695858 0.01 -0.01064376 -0.06510537 0.01 -0.008836191 -0.06736272 0.01 -0.01115054 -0.07513697 0.01 -0.01710415 -0.06458867 0.01 -0.008444806 -0.05891114 0.01 -0.0009104897 -0.0677411 0.01 -0.01167684 -0.07504168 0.01 -0.01707475 -0.05636303 0.01 0.0003958547 -0.05626932 0.01 0.0003617475 -0.05645832 0.01 0.0004252485 -0.05655496 0.01 0.0004498558 -0.0566527 0.01 0.0004696155 -0.05675131 0.01 0.0004844784 -0.05685054 0.01 0.0004944076 -0.05695014 0.01 0.0004993784 -0.0640531 0.01 -0.008079663 -0.05893816 0.01 -0.001006485 -0.05896035 0.01 -0.001103708 -0.06809278 0.01 -0.01222134 -0.07494505 0.01 -0.01705014 -0.0748473 0.01 -0.01703038 -0.0635 0.01 -0.00774167 -0.05897766 0.01 -0.001201916 -0.05899006 0.01 -0.001300864 -0.06841688 0.01 -0.0127827 -0.07474869 0.01 -0.01701552 -0.07464946 0.01 -0.01700559 -0.06293074 0.01 -0.007431666 -0.05899751 0.01 -0.001400308 -0.059 0.01 -0.0015 -0.06871259 0.01 -0.01335951 -0.07445014 0.01 -0.01700062 -0.07435054 0.01 -0.01700559 -0.07454986 0.01 -0.01700062 -0.06234673 0.01 -0.007150424 -0.05899751 0.01 -0.001599692 -0.05899006 0.01 -0.001699136 -0.06897919 0.01 -0.01395035 -0.07425131 0.01 -0.01701552 -0.0741527 0.01 -0.01703038 -0.06174943 0.01 -0.006898641 -0.05897766 0.01 -0.001798084 -0.05896035 0.01 -0.001896292 -0.05893816 0.01 -0.001993515 -0.069216 0.01 -0.01455374 -0.07395832 0.01 -0.01707475 -0.07386303 0.01 -0.01710415 -0.07405495 0.01 -0.01705014 -0.06114033 0.01 -0.006676945 -0.05891114 0.01 -0.00208951 -0.05887939 0.01 -0.00218404 -0.05884295 0.01 -0.00227687 -0.06942245 0.01 -0.01516818 -0.07367743 0.01 -0.01717699 -0.07358758 0.01 -0.01722026 -0.07376932 0.01 -0.01713825 -0.06052093 0.01 -0.006485885 -0.05880194 0.01 -0.002367768 -0.05875644 0.01 -0.002456508 -0.05870658 0.01 -0.002542871 -0.06959801 0.01 -0.01579215 -0.07333251 0.01 -0.01737612 -0.07325302 0.01 -0.01743634 -0.07341491 0.01 -0.01731995 -0.0735 0.01 -0.01726795 -0.05989277 0.01 -0.006325937 -0.05865248 0.01 -0.00262664 -0.05859426 0.01 -0.002707609 -0.05853209 0.01 -0.002785575 -0.0584661 0.01 -0.002860345 -0.06974224 0.01 -0.0164241 -0.07310352 0.01 -0.01756827 -0.0730339 0.01 -0.01763965 -0.07317663 0.01 -0.01750044 -0.05925743 0.01 -0.006197499 -0.05839647 0.01 -0.002931734 -0.05832337 0.01 -0.002999563 -0.05824698 0.01 -0.003063663 -0.05816749 0.01 -0.003123876 -0.0698548 0.01 -0.01706245 -0.07284752 0.01 -0.01787336 -0.07279342 0.01 -0.01795713 -0.07290573 0.01 -0.01779239 -0.07296791 0.01 -0.01771442 -0.05861647 0.01 -0.00610089 -0.05808509 0.01 -0.003180052 -0.058 0.01 -0.003232051 -0.05791242 0.01 -0.003279744 -0.05782257 0.01 -0.003323012 -0.0699354 0.01 -0.01770562 -0.07262061 0.01 -0.01831596 -0.07258885 0.01 -0.01841049 -0.07265705 0.01 -0.01822313 -0.07269806 0.01 -0.01813223 -0.07274355 0.01 -0.01804349 -0.05797149 0.01 -0.006036351 -0.05773068 0.01 -0.003361748 -0.05763697 0.01 -0.003395855 -0.05754168 0.01 -0.003425248 -0.05744504 0.01 -0.003449856 -0.06998384 0.01 -0.018352 -0.07252234 0.01 -0.01870192 -0.07250994 0.01 -0.01880087 -0.07253966 0.01 -0.01860371 -0.07256184 0.01 -0.01850648 -0.0573241 0.01 -0.006004041 -0.0573473 0.01 -0.003469615 -0.05724869 0.01 -0.003484478 -0.05714946 0.01 -0.003494408 -0.05704986 0.01 -0.003499378 -0.05695014 0.01 -0.003499378 -0.07 0.01 -0.019 -0.07250249 0.01 -0.01890031 -0.0725 0.01 -0.019 -0.07250249 0.01 -0.01909969 -0.07250994 0.01 -0.01919913 -0.0566759 0.01 -0.006004041 -0.05685054 0.01 -0.003494408 -0.05675131 0.01 -0.003484478 -0.0566527 0.01 -0.003469615 -0.05655496 0.01 -0.003449856 -0.06998384 0.01 -0.019648 -0.07256184 0.01 -0.01949352 -0.07258885 0.01 -0.01958951 -0.07253966 0.01 -0.01939629 -0.07252234 0.01 -0.01929808 -0.05602851 0.01 -0.006036351 -0.05645832 0.01 -0.003425248 -0.05636303 0.01 -0.003395855 -0.05626932 0.01 -0.003361748 -0.05617743 0.01 -0.003323012 -0.0699354 0.01 -0.02029438 -0.07274355 0.01 -0.01995651 -0.07279342 0.01 -0.02004287 -0.07269806 0.01 -0.01986777 -0.07265705 0.01 -0.01977687 -0.07262061 0.01 -0.01968404 -0.05538353 0.01 -0.00610089 -0.05608758 0.01 -0.003279744 -0.056 0.01 -0.003232051 -0.05591491 0.01 -0.003180052 -0.05583251 0.01 -0.003123876 -0.0698548 0.01 -0.02093755 -0.07296791 0.01 -0.02028558 -0.0730339 0.01 -0.02036035 -0.07290573 0.01 -0.02020761 -0.07284752 0.01 -0.02012664 -0.05474257 0.01 -0.006197499 -0.05575302 0.01 -0.003063663 -0.05567663 0.01 -0.002999563 -0.05560353 0.01 -0.002931734 -0.0555339 0.01 -0.002860345 -0.06974224 0.01 -0.0215759 -0.07317663 0.01 -0.02049956 -0.07325302 0.01 -0.02056366 -0.07310352 0.01 -0.02043173 -0.05410723 0.01 -0.006325937 -0.05546791 0.01 -0.002785575 -0.05540574 0.01 -0.002707609 -0.05534752 0.01 -0.00262664 -0.05529342 0.01 -0.002542871 -0.06959801 0.01 -0.02220785 -0.0735 0.01 -0.02073205 -0.07358758 0.01 -0.02077974 -0.07341491 0.01 -0.02068005 -0.07333251 0.01 -0.02062388 -0.05347907 0.01 -0.006485885 -0.05524356 0.01 -0.002456508 -0.05519806 0.01 -0.002367768 -0.05515705 0.01 -0.00227687 -0.06942245 0.01 -0.02283182 -0.07376932 0.01 -0.02086175 -0.07386303 0.01 -0.02089585 -0.07367743 0.01 -0.02082301 -0.05285967 0.01 -0.006676945 -0.05512061 0.01 -0.00218404 -0.05508886 0.01 -0.00208951 -0.05506184 0.01 -0.001993515 -0.05508886 0.01 -0.0009104897 -0.05506184 0.01 -0.001006485 -0.05512061 0.01 -0.0008159597 -0.05515705 0.01 -0.0007231304 -0.05519806 0.01 -0.0006322325 -0.05524356 0.01 -0.000543492 -0.05529342 0.01 -0.0004571296 -0.05534752 0.01 -0.0003733599 -0.05540574 0.01 -0.0002923912 -0.05546791 0.01 -0.0002144248 -0.0555339 0.01 -0.0001396545 -0.05560353 0.01 -6.82663e-05 -0.05567663 0.01 -4.375941e-07 -0.05575302 0.01 6.366297e-05 -0.05583251 0.01 0.000123876 -0.05591491 0.01 0.0001800518 -0.056 0.01 0.0002320508 -0.05608758 0.01 0.0002797436 -0.05617743 0.01 0.0003230117 -0.069216 0.01 -0.02344626 -0.07405495 0.01 -0.02094986 -0.0741527 0.01 -0.02096962 -0.07395832 0.01 -0.02092525 -0.05225057 0.01 -0.006898641 -0.05503965 0.01 -0.001896292 -0.05502234 0.01 -0.001798084 -0.05500994 0.01 -0.001699136 -0.06897919 0.01 -0.02404965 -0.07425131 0.01 -0.02098448 -0.07435054 0.01 -0.02099441 -0.05165327 0.01 -0.007150424 -0.05500249 0.01 -0.001599692 -0.055 0.01 -0.0015 -0.06871259 0.01 -0.02464049 -0.07454986 0.01 -0.02099938 -0.07464946 0.01 -0.02099441 -0.07445014 0.01 -0.02099938 -0.05106926 0.01 -0.007431666 -0.05500249 0.01 -0.001400308 -0.05500994 0.01 -0.001300864 -0.06841688 0.01 -0.0252173 -0.07474869 0.01 -0.02098448 -0.0748473 0.01 -0.02096962 -0.0505 0.01 -0.00774167 -0.05502234 0.01 -0.001201916 -0.05503965 0.01 -0.001103708 -0.06809278 0.01 -0.02577866 -0.0499469 0.01 -0.008079663 -0.04941133 0.01 -0.008444806 -0.04889463 0.01 -0.008836191 -0.04839808 0.01 -0.009252845 -0.04792292 0.01 -0.009693731 -0.078 0.01 -0.04 -0.0677411 0.01 -0.02632316 -0.06736272 0.01 -0.02684946 -0.06695858 0.01 -0.02735624 -0.06652967 0.01 -0.02784225 -0.07649751 0.01 -0.01909969 -0.0765 0.01 -0.019 -0.07649006 0.01 -0.01919913 -0.07647766 0.01 -0.01929808 -0.07646034 0.01 -0.01939629 -0.07643816 0.01 -0.01949352 -0.07641115 0.01 -0.01958951 -0.07637939 0.01 -0.01968404 -0.07634295 0.01 -0.01977687 -0.07630194 0.01 -0.01986777 -0.07625645 0.01 -0.01995651 -0.07620658 0.01 -0.02004287 -0.07615248 0.01 -0.02012664 -0.07609427 0.01 -0.02020761 -0.07603209 0.01 -0.02028558 -0.0759661 0.01 -0.02036035 -0.07589648 0.01 -0.02043173 -0.07582337 0.01 -0.02049956 -0.07574698 0.01 -0.02056366 -0.07566749 0.01 -0.02062388 -0.07558509 0.01 -0.02068005 -0.0755 0.01 -0.02073205 -0.07541242 0.01 -0.02077974 -0.07532257 0.01 -0.02082301 -0.07523068 0.01 -0.02086175 -0.07513697 0.01 -0.02089585 -0.07504168 0.01 -0.02092525 -0.07494505 0.01 -0.02094986 -0.06607708 0.01 -0.02830627 -0.04747033 0.01 -0.01015775 -0.06560191 0.01 -0.02874716 -0.04704142 0.01 -0.01064376 -0.06510537 0.01 -0.02916381 -0.04663728 0.01 -0.01115054 -0.06458867 0.01 -0.02955519 -0.0462589 0.01 -0.01167684 -0.0640531 0.01 -0.02992034 -0.0635 0.01 -0.03025833 -0.0409661 0.01 -0.01763965 -0.04425776 0.01 -0.0164241 -0.0441452 0.01 -0.01706245 -0.04089647 0.01 -0.01756827 -0.0584661 0.01 -0.03513966 -0.05839647 0.01 -0.03506827 -0.05925743 0.01 -0.0318025 -0.05989277 0.01 -0.03167406 -0.04082337 0.01 -0.01750044 -0.05832337 0.01 -0.03500044 -0.04103209 0.01 -0.01771442 -0.05853209 0.01 -0.03521442 -0.04074698 0.01 -0.01743634 -0.044402 0.01 -0.01579215 -0.05824698 0.01 -0.03493634 -0.04109426 0.01 -0.01779239 -0.05859426 0.01 -0.03529239 -0.04066749 0.01 -0.01737612 -0.05816749 0.01 -0.03487613 -0.05861647 0.01 -0.03189911 -0.04115248 0.01 -0.01787336 -0.05865248 0.01 -0.03537336 -0.04058509 0.01 -0.01731995 -0.05808509 0.01 -0.03481995 -0.04120658 0.01 -0.01795713 -0.0440646 0.01 -0.01770562 -0.05870658 0.01 -0.03545713 -0.06052093 0.01 -0.03151411 -0.0405 0.01 -0.01726795 -0.058 0.01 -0.03476795 -0.04125644 0.01 -0.01804349 -0.05875644 0.01 -0.03554349 -0.04041242 0.01 -0.01722026 -0.04457755 0.01 -0.01516818 -0.05791242 0.01 -0.03472026 -0.04130194 0.01 -0.01813223 -0.05880194 0.01 -0.03563223 -0.04032257 0.01 -0.01717699 -0.05782257 0.01 -0.03467699 -0.05797149 0.01 -0.03196365 -0.04134295 0.01 -0.01822313 -0.05884295 0.01 -0.03572313 -0.06114033 0.01 -0.03132306 -0.04023068 0.01 -0.01713825 -0.05773068 0.01 -0.03463825 -0.04137939 0.01 -0.01831596 -0.05887939 0.01 -0.03581596 -0.04013697 0.01 -0.01710415 -0.044784 0.01 -0.01455374 -0.05763697 0.01 -0.03460415 -0.04141114 0.01 -0.01841049 -0.04401616 0.01 -0.018352 -0.05891114 0.01 -0.03591049 -0.04004168 0.01 -0.01707475 -0.05754168 0.01 -0.03457475 -0.04143816 0.01 -0.01850648 -0.05893816 0.01 -0.03600648 -0.06174943 0.01 -0.03110136 -0.03994504 0.01 -0.01705014 -0.05744504 0.01 -0.03455014 -0.0573241 0.01 -0.03199596 -0.04146035 0.01 -0.01860371 -0.05896035 0.01 -0.03610371 -0.0398473 0.01 -0.01703038 -0.04502081 0.01 -0.01395035 -0.0573473 0.01 -0.03453038 -0.04147766 0.01 -0.01870192 -0.05897766 0.01 -0.03620192 -0.03974869 0.01 -0.01701552 -0.05724869 0.01 -0.03451552 -0.04149006 0.01 -0.01880087 -0.044 0.01 -0.019 -0.05899006 0.01 -0.03630087 -0.06234673 0.01 -0.03084958 -0.03964946 0.01 -0.01700559 -0.0452874 0.01 -0.01335951 -0.05714946 0.01 -0.03450559 -0.04149751 0.01 -0.01890031 -0.05899751 0.01 -0.03640031 -0.03954986 0.01 -0.01700062 -0.05704986 0.01 -0.03450062 -0.0415 0.01 -0.019 -0.059 0.01 -0.0365 -0.06293074 0.01 -0.03056833 -0.03945014 0.01 -0.01700062 -0.05695014 0.01 -0.03450062 -0.0566759 0.01 -0.03199596 -0.04149751 0.01 -0.01909969 -0.05899751 0.01 -0.03659969 -0.03935054 0.01 -0.01700559 -0.04558312 0.01 -0.0127827 -0.05685054 0.01 -0.03450559 -0.04149006 0.01 -0.01919913 -0.04401616 0.01 -0.019648 -0.05899006 0.01 -0.03669913 -0.03925131 0.01 -0.01701552 -0.05675131 0.01 -0.03451552 -0.04147766 0.01 -0.01929808 -0.05897766 0.01 -0.03679808 -0.0391527 0.01 -0.01703038 -0.04590722 0.01 -0.01222134 -0.0566527 0.01 -0.03453038 -0.04146035 0.01 -0.01939629 -0.05896035 0.01 -0.03689629 -0.03905496 0.01 -0.01705014 -0.05655496 0.01 -0.03455014 -0.05602851 0.01 -0.03196365 -0.04143816 0.01 -0.01949352 -0.05893816 0.01 -0.03699352 -0.03895832 0.01 -0.01707475 -0.05645832 0.01 -0.03457475 -0.04141114 0.01 -0.01958951 -0.0440646 0.01 -0.02029438 -0.05891114 0.01 -0.03708951 -0.03886303 0.01 -0.01710415 -0.05636303 0.01 -0.03460415 -0.04137939 0.01 -0.01968404 -0.05887939 0.01 -0.03718404 -0.03876932 0.01 -0.01713825 -0.05626932 0.01 -0.03463825 -0.04134295 0.01 -0.01977687 -0.05884295 0.01 -0.03727687 -0.03867743 0.01 -0.01717699 -0.05617743 0.01 -0.03467699 -0.05538353 0.01 -0.03189911 -0.04130194 0.01 -0.01986777 -0.05880194 0.01 -0.03736777 -0.03858758 0.01 -0.01722026 -0.05608758 0.01 -0.03472026 -0.04125644 0.01 -0.01995651 -0.05875644 0.01 -0.03745651 -0.0385 0.01 -0.01726795 -0.056 0.01 -0.03476795 -0.04120658 0.01 -0.02004287 -0.0441452 0.01 -0.02093755 -0.05870658 0.01 -0.03754287 -0.03841491 0.01 -0.01731995 -0.05591491 0.01 -0.03481995 -0.04115248 0.01 -0.02012664 -0.05865248 0.01 -0.03762664 -0.03833251 0.01 -0.01737612 -0.05583251 0.01 -0.03487613 -0.05474257 0.01 -0.0318025 -0.04109426 0.01 -0.02020761 -0.05859426 0.01 -0.03770761 -0.03825302 0.01 -0.01743634 -0.05575302 0.01 -0.03493634 -0.04103209 0.01 -0.02028558 -0.05853209 0.01 -0.03778558 -0.03817663 0.01 -0.01750044 -0.05567663 0.01 -0.03500044 -0.0409661 0.01 -0.02036035 -0.04425776 0.01 -0.0215759 -0.0584661 0.01 -0.03786034 -0.03810353 0.01 -0.01756827 -0.05560353 0.01 -0.03506827 -0.04089647 0.01 -0.02043173 -0.05839647 0.01 -0.03793173 -0.0380339 0.01 -0.01763965 -0.0555339 0.01 -0.03513966 -0.05410723 0.01 -0.03167406 -0.04082337 0.01 -0.02049956 -0.05832337 0.01 -0.03799956 -0.03796791 0.01 -0.01771442 -0.05546791 0.01 -0.03521442 -0.04074698 0.01 -0.02056366 -0.044402 0.01 -0.02220785 -0.05824698 0.01 -0.03806366 -0.03790574 0.01 -0.01779239 -0.05540574 0.01 -0.03529239 -0.04066749 0.01 -0.02062388 -0.05816749 0.01 -0.03812387 -0.03784752 0.01 -0.01787336 -0.05534752 0.01 -0.03537336 -0.04058509 0.01 -0.02068005 -0.05808509 0.01 -0.03818005 -0.03779342 0.01 -0.01795713 -0.05529342 0.01 -0.03545713 -0.05347907 0.01 -0.03151411 -0.0405 0.01 -0.02073205 -0.058 0.01 -0.03823205 -0.03774356 0.01 -0.01804349 -0.05524356 0.01 -0.03554349 -0.04041242 0.01 -0.02077974 -0.04457755 0.01 -0.02283182 -0.05791242 0.01 -0.03827974 -0.03769806 0.01 -0.01813223 -0.05519806 0.01 -0.03563223 -0.04032257 0.01 -0.02082301 -0.05782257 0.01 -0.03832301 -0.03765705 0.01 -0.01822313 -0.05515705 0.01 -0.03572313 -0.05285967 0.01 -0.03132306 -0.04023068 0.01 -0.02086175 -0.05773068 0.01 -0.03836175 -0.05512061 0.01 -0.03581596 -0.04013697 0.01 -0.02089585 -0.044784 0.01 -0.02344626 -0.05763697 0.01 -0.03839585 -0.05508886 0.01 -0.03591049 -0.04004168 0.01 -0.02092525 -0.05754168 0.01 -0.03842525 -0.05506184 0.01 -0.03600648 -0.05225057 0.01 -0.03110136 -0.03994504 0.01 -0.02094986 -0.05744504 0.01 -0.03844986 -0.05503965 0.01 -0.03610371 -0.0398473 0.01 -0.02096962 -0.04502081 0.01 -0.02404965 -0.0573473 0.01 -0.03846962 -0.05502234 0.01 -0.03620192 -0.03974869 0.01 -0.02098448 -0.05724869 0.01 -0.03848448 -0.05500994 0.01 -0.03630087 -0.05165327 0.01 -0.03084958 -0.03964946 0.01 -0.02099441 -0.0452874 0.01 -0.02464049 -0.05714946 0.01 -0.03849441 -0.05500249 0.01 -0.03640031 -0.03954986 0.01 -0.02099938 -0.055 0.01 -0.0365 -0.05106926 0.01 -0.03056833 -0.03945014 0.01 -0.02099938 -0.05500249 0.01 -0.03659969 -0.03935054 0.01 -0.02099441 -0.04558312 0.01 -0.0252173 -0.05500994 0.01 -0.03669913 -0.0505 0.01 -0.03025833 -0.03925131 0.01 -0.02098448 -0.05502234 0.01 -0.03679808 -0.0391527 0.01 -0.02096962 -0.04590722 0.01 -0.02577866 -0.05503965 0.01 -0.03689629 -0.05506184 0.01 -0.03699352 -0.03905496 0.01 -0.02094986 -0.03895832 0.01 -0.02092525 -0.03886303 0.01 -0.02089585 -0.03876932 0.01 -0.02086175 -0.03867743 0.01 -0.02082301 -0.03858758 0.01 -0.02077974 -0.0385 0.01 -0.02073205 -0.03841491 0.01 -0.02068005 -0.03833251 0.01 -0.02062388 -0.03825302 0.01 -0.02056366 -0.03817663 0.01 -0.02049956 -0.03810353 0.01 -0.02043173 -0.0380339 0.01 -0.02036035 -0.03796791 0.01 -0.02028558 -0.03790574 0.01 -0.02020761 -0.03784752 0.01 -0.02012664 -0.03779342 0.01 -0.02004287 -0.03774356 0.01 -0.01995651 -0.03769806 0.01 -0.01986777 -0.03765705 0.01 -0.01977687 -0.03762061 0.01 -0.01968404 -0.03758886 0.01 -0.01958951 -0.03756184 0.01 -0.01949352 -0.0499469 0.01 -0.02992034 -0.04941133 0.01 -0.02955519 -0.04889463 0.01 -0.02916381 -0.04839808 0.01 -0.02874716 -0.04792292 0.01 -0.02830627 -0.04747033 0.01 -0.02784225 -0.04704142 0.01 -0.02735624 -0.04663728 0.01 -0.02684946 -0.0462589 0.01 -0.02632316 -0.05675131 0.01 -0.03848448 -0.05685054 0.01 -0.03849441 -0.0566527 0.01 -0.03846962 -0.05655496 0.01 -0.03844986 -0.05645832 0.01 -0.03842525 -0.05636303 0.01 -0.03839585 -0.05626932 0.01 -0.03836175 -0.05617743 0.01 -0.03832301 -0.05608758 0.01 -0.03827974 -0.056 0.01 -0.03823205 -0.05591491 0.01 -0.03818005 -0.05583251 0.01 -0.03812387 -0.05575302 0.01 -0.03806366 -0.05567663 0.01 -0.03799956 -0.05560353 0.01 -0.03793173 -0.0555339 0.01 -0.03786034 -0.05546791 0.01 -0.03778558 -0.05540574 0.01 -0.03770761 -0.05534752 0.01 -0.03762664 -0.05529342 0.01 -0.03754287 -0.05524356 0.01 -0.03745651 -0.05519806 0.01 -0.03736777 -0.05515705 0.01 -0.03727687 -0.05512061 0.01 -0.03718404 -0.05508886 0.01 -0.03708951 -0.05695014 0.01 -0.03849938 -0.05704986 0.01 -0.03849938 -0.0375 0.01 -0.019 -0.03750249 0.01 -0.01890031 -0.03750994 0.01 -0.01880087 -0.03752234 0.01 -0.01870192 -0.03753965 0.01 -0.01860371 -0.03756184 0.01 -0.01850648 -0.03758886 0.01 -0.01841049 -0.03762061 0.01 -0.01831596 -0.03750249 0.01 -0.01909969 -0.03750994 0.01 -0.01919913 -0.03752234 0.01 -0.01929808 -0.03753965 0.01 -0.01939629 -0.078 0.025 0.02 -0.078 0.025 0.002 -0.078 0.018 0.002 -0.0584661 0.018 -0.03786034 -0.05839647 0.018 -0.03793173 -0.078 0.018 -0.04 -0.0759661 0.018 -0.02036035 -0.07589648 0.018 -0.02043173 -0.05832337 0.018 -0.03799956 -0.07582337 0.018 -0.02049956 -0.05853209 0.018 -0.03778558 -0.07603209 0.018 -0.02028558 -0.05824698 0.018 -0.03806366 -0.07574698 0.018 -0.02056366 -0.05859426 0.018 -0.03770761 -0.07609427 0.018 -0.02020761 -0.05816749 0.018 -0.03812387 -0.07566749 0.018 -0.02062388 -0.05865248 0.018 -0.03762664 -0.07615248 0.018 -0.02012664 -0.05808509 0.018 -0.03818005 -0.07558509 0.018 -0.02068005 -0.05870658 0.018 -0.03754287 -0.07620658 0.018 -0.02004287 -0.058 0.018 -0.03823205 -0.0755 0.018 -0.02073205 -0.05875644 0.018 -0.03745651 -0.07625645 0.018 -0.01995651 -0.05791242 0.018 -0.03827974 -0.07541242 0.018 -0.02077974 -0.05880194 0.018 -0.03736777 -0.07630194 0.018 -0.01986777 -0.05782257 0.018 -0.03832301 -0.07532257 0.018 -0.02082301 -0.05884295 0.018 -0.03727687 -0.07634295 0.018 -0.01977687 -0.05773068 0.018 -0.03836175 -0.07523068 0.018 -0.02086175 -0.05887939 0.018 -0.03718404 -0.07637939 0.018 -0.01968404 -0.05763697 0.018 -0.03839585 -0.07513697 0.018 -0.02089585 -0.05891114 0.018 -0.03708951 -0.07641115 0.018 -0.01958951 -0.05754168 0.018 -0.03842525 -0.07504168 0.018 -0.02092525 -0.07643816 0.018 -0.01949352 -0.05744504 0.018 -0.03844986 -0.07646034 0.018 -0.01939629 -0.0573473 0.018 -0.03846962 -0.06726273 0.018 -0.02852242 -0.06677531 0.018 -0.02902214 -0.07647766 0.018 -0.01929808 -0.0662636 0.018 -0.02949694 -0.05724869 0.018 -0.03848448 -0.06772462 0.018 -0.02799903 -0.07649006 0.018 -0.01919913 -0.06572886 0.018 -0.02994564 -0.05714946 0.018 -0.03849441 -0.06815986 0.018 -0.02745326 -0.07649751 0.018 -0.01909969 -0.06517241 0.018 -0.03036713 -0.0765 0.018 -0.019 -0.06856734 0.018 -0.02688648 -0.06459565 0.018 -0.03076036 -0.06894608 0.018 -0.02630009 -0.064 0.018 -0.03112436 -0.0692951 0.018 -0.02569556 -0.06338695 0.018 -0.03145821 -0.05896035 0.018 -0.03689629 -0.05893816 0.018 -0.03699352 -0.06961356 0.018 -0.02507437 -0.07494505 0.018 -0.02094986 -0.0748473 0.018 -0.02096962 -0.07474869 0.018 -0.02098448 -0.06275802 0.018 -0.03176108 -0.05899006 0.018 -0.03669913 -0.05897766 0.018 -0.03679808 -0.06990067 0.018 -0.02443809 -0.07464946 0.018 -0.02099441 -0.07454986 0.018 -0.02099938 -0.06211477 0.018 -0.03203223 -0.05899751 0.018 -0.03640031 -0.059 0.018 -0.0365 -0.05899751 0.018 -0.03659969 -0.07015569 0.018 -0.02378828 -0.07435054 0.018 -0.02099441 -0.07425131 0.018 -0.02098448 -0.07445014 0.018 -0.02099938 -0.06145881 0.018 -0.03227098 -0.05896035 0.018 -0.03610371 -0.05897766 0.018 -0.03620192 -0.05899006 0.018 -0.03630087 -0.07037802 0.018 -0.02312657 -0.0741527 0.018 -0.02096962 -0.07405495 0.018 -0.02094986 -0.07395832 0.018 -0.02092525 -0.07386303 0.018 -0.02089585 -0.06079177 0.018 -0.03247674 -0.05884295 0.018 -0.03572313 -0.05887939 0.018 -0.03581596 -0.05891114 0.018 -0.03591049 -0.05893816 0.018 -0.03600648 -0.07056709 0.018 -0.0224546 -0.07376932 0.018 -0.02086175 -0.07367743 0.018 -0.02082301 -0.07358758 0.018 -0.02077974 -0.06011529 0.018 -0.03264899 -0.05865248 0.018 -0.03537336 -0.05870658 0.018 -0.03545713 -0.05875644 0.018 -0.03554349 -0.05880194 0.018 -0.03563223 -0.07072241 0.018 -0.02177405 -0.0735 0.018 -0.02073205 -0.07341491 0.018 -0.02068005 -0.07333251 0.018 -0.02062388 -0.07325302 0.018 -0.02056366 -0.07317663 0.018 -0.02049956 -0.05943108 0.018 -0.03278731 -0.05839647 0.018 -0.03506827 -0.0584661 0.018 -0.03513966 -0.05853209 0.018 -0.03521442 -0.05859426 0.018 -0.03529239 -0.07084363 0.018 -0.02108659 -0.07310352 0.018 -0.02043173 -0.0730339 0.018 -0.02036035 -0.07296791 0.018 -0.02028558 -0.07290573 0.018 -0.02020761 -0.05874081 0.018 -0.03289135 -0.058 0.018 -0.03476795 -0.05808509 0.018 -0.03481995 -0.05816749 0.018 -0.03487613 -0.05824698 0.018 -0.03493634 -0.05832337 0.018 -0.03500044 -0.07093043 0.018 -0.02039395 -0.07284752 0.018 -0.02012664 -0.07279342 0.018 -0.02004287 -0.07274355 0.018 -0.01995651 -0.07269806 0.018 -0.01986777 -0.07265705 0.018 -0.01977687 -0.05804622 0.018 -0.03296085 -0.05754168 0.018 -0.03457475 -0.05763697 0.018 -0.03460415 -0.05773068 0.018 -0.03463825 -0.05782257 0.018 -0.03467699 -0.05791242 0.018 -0.03472026 -0.0709826 0.018 -0.01969784 -0.07262061 0.018 -0.01968404 -0.07258885 0.018 -0.01958951 -0.07256184 0.018 -0.01949352 -0.07253966 0.018 -0.01939629 -0.07252234 0.018 -0.01929808 -0.05734903 0.018 -0.03299565 -0.05704986 0.018 -0.03450062 -0.05714946 0.018 -0.03450559 -0.05724869 0.018 -0.03451552 -0.0573473 0.018 -0.03453038 -0.05744504 0.018 -0.03455014 -0.071 0.018 -0.019 -0.0725 0.018 -0.019 -0.07250249 0.018 -0.01890031 -0.07250994 0.018 -0.01880087 -0.07252234 0.018 -0.01870192 -0.07250994 0.018 -0.01919913 -0.07250249 0.018 -0.01909969 -0.05665097 0.018 -0.03299565 -0.05645832 0.018 -0.03457475 -0.05655496 0.018 -0.03455014 -0.0566527 0.018 -0.03453038 -0.05675131 0.018 -0.03451552 -0.05685054 0.018 -0.03450559 -0.05695014 0.018 -0.03450062 -0.0709826 0.018 -0.01830216 -0.07253966 0.018 -0.01860371 -0.07256184 0.018 -0.01850648 -0.07258885 0.018 -0.01841049 -0.07262061 0.018 -0.01831596 -0.07265705 0.018 -0.01822313 -0.05595378 0.018 -0.03296085 -0.056 0.018 -0.03476795 -0.05608758 0.018 -0.03472026 -0.05617743 0.018 -0.03467699 -0.05626932 0.018 -0.03463825 -0.05636303 0.018 -0.03460415 -0.07093043 0.018 -0.01760605 -0.07269806 0.018 -0.01813223 -0.07274355 0.018 -0.01804349 -0.07279342 0.018 -0.01795713 -0.07284752 0.018 -0.01787336 -0.07290573 0.018 -0.01779239 -0.05525919 0.018 -0.03289135 -0.05560353 0.018 -0.03506827 -0.05567663 0.018 -0.03500044 -0.05575302 0.018 -0.03493634 -0.05583251 0.018 -0.03487613 -0.05591491 0.018 -0.03481995 -0.07084363 0.018 -0.01691341 -0.07296791 0.018 -0.01771442 -0.0730339 0.018 -0.01763965 -0.07310352 0.018 -0.01756827 -0.07317663 0.018 -0.01750044 -0.05456892 0.018 -0.03278731 -0.05534752 0.018 -0.03537336 -0.05540574 0.018 -0.03529239 -0.05546791 0.018 -0.03521442 -0.0555339 0.018 -0.03513966 -0.07072241 0.018 -0.01622595 -0.07325302 0.018 -0.01743634 -0.07333251 0.018 -0.01737612 -0.07341491 0.018 -0.01731995 -0.0735 0.018 -0.01726795 -0.07358758 0.018 -0.01722026 -0.05388471 0.018 -0.03264899 -0.05515705 0.018 -0.03572313 -0.05519806 0.018 -0.03563223 -0.05524356 0.018 -0.03554349 -0.05529342 0.018 -0.03545713 -0.07056709 0.018 -0.0155454 -0.07367743 0.018 -0.01717699 -0.07376932 0.018 -0.01713825 -0.07386303 0.018 -0.01710415 -0.05320823 0.018 -0.03247674 -0.05503965 0.018 -0.03610371 -0.05506184 0.018 -0.03600648 -0.05508886 0.018 -0.03591049 -0.05512061 0.018 -0.03581596 -0.07037802 0.018 -0.01487343 -0.07395832 0.018 -0.01707475 -0.07405495 0.018 -0.01705014 -0.0741527 0.018 -0.01703038 -0.07425131 0.018 -0.01701552 -0.05254119 0.018 -0.03227098 -0.05500249 0.018 -0.03640031 -0.05500994 0.018 -0.03630087 -0.05502234 0.018 -0.03620192 -0.07015569 0.018 -0.01421172 -0.07435054 0.018 -0.01700559 -0.07445014 0.018 -0.01700062 -0.07454986 0.018 -0.01700062 -0.05188523 0.018 -0.03203223 -0.055 0.018 -0.0365 -0.05500994 0.018 -0.03669913 -0.05500249 0.018 -0.03659969 -0.06990067 0.018 -0.01356191 -0.07464946 0.018 -0.01700559 -0.07474869 0.018 -0.01701552 -0.05124198 0.018 -0.03176108 -0.05503965 0.018 -0.03689629 -0.05502234 0.018 -0.03679808 -0.06961356 0.018 -0.01292563 -0.0748473 0.018 -0.01703038 -0.07494505 0.018 -0.01705014 -0.07504168 0.018 -0.01707475 -0.05061305 0.018 -0.03145821 -0.05508886 0.018 -0.03708951 -0.05506184 0.018 -0.03699352 -0.0692951 0.018 -0.01230444 -0.07513697 0.018 -0.01710415 -0.07523068 0.018 -0.01713825 -0.07532257 0.018 -0.01717699 -0.07541242 0.018 -0.01722026 -0.0755 0.018 -0.01726795 -0.07558509 0.018 -0.01731995 -0.07566749 0.018 -0.01737612 -0.07574698 0.018 -0.01743634 -0.07582337 0.018 -0.01750044 -0.07589648 0.018 -0.01756827 -0.0759661 0.018 -0.01763965 -0.07603209 0.018 -0.01771442 -0.07609427 0.018 -0.01779239 -0.07615248 0.018 -0.01787336 -0.07620658 0.018 -0.01795713 -0.07625645 0.018 -0.01804349 -0.07630194 0.018 -0.01813223 -0.07634295 0.018 -0.01822313 -0.07637939 0.018 -0.01831596 -0.07641115 0.018 -0.01841049 -0.07643816 0.018 -0.01850648 -0.07646034 0.018 -0.01860371 -0.07647766 0.018 -0.01870192 -0.07649006 0.018 -0.01880087 -0.07649751 0.018 -0.01890031 -0.06894608 0.018 -0.01169991 -0.06856734 0.018 -0.01111352 -0.06815986 0.018 -0.01054674 -0.06772462 0.018 -0.01000097 -0.06726273 0.018 -0.009477582 -0.05685054 0.018 -0.03849441 -0.05675131 0.018 -0.03848448 -0.0566527 0.018 -0.03846962 -0.05655496 0.018 -0.03844986 -0.05645832 0.018 -0.03842525 -0.05636303 0.018 -0.03839585 -0.05626932 0.018 -0.03836175 -0.05617743 0.018 -0.03832301 -0.05608758 0.018 -0.03827974 -0.056 0.018 -0.03823205 -0.05591491 0.018 -0.03818005 -0.05583251 0.018 -0.03812387 -0.05575302 0.018 -0.03806366 -0.05567663 0.018 -0.03799956 -0.05560353 0.018 -0.03793173 -0.0555339 0.018 -0.03786034 -0.05546791 0.018 -0.03778558 -0.05540574 0.018 -0.03770761 -0.05534752 0.018 -0.03762664 -0.05529342 0.018 -0.03754287 -0.05524356 0.018 -0.03745651 -0.05519806 0.018 -0.03736777 -0.05515705 0.018 -0.03727687 -0.05512061 0.018 -0.03718404 -0.0477364 0.018 -0.02949694 -0.04722469 0.018 -0.02902214 -0.04827114 0.018 -0.02994564 -0.04882759 0.018 -0.03036713 -0.04940435 0.018 -0.03076036 -0.05 0.018 -0.03112436 -0.06677531 0.018 -0.008977864 -0.04673727 0.018 -0.02852242 -0.0662636 0.018 -0.008503063 -0.04627538 0.018 -0.02799903 -0.06572886 0.018 -0.008054359 -0.04584015 0.018 -0.02745326 -0.06517241 0.018 -0.007632868 -0.04543266 0.018 -0.02688648 -0.06459565 0.018 -0.007239637 -0.04505393 0.018 -0.02630009 -0.064 0.018 -0.006875644 -0.0447049 0.018 -0.02569556 -0.06338695 0.018 -0.006541795 -0.05839647 0.018 -0.002931734 -0.05874081 0.018 -0.005108651 -0.05943108 0.018 -0.005212691 -0.0409661 0.018 -0.02036035 -0.04089647 0.018 -0.02043173 -0.04315637 0.018 -0.02108659 -0.0584661 0.018 -0.002860345 -0.04082337 0.018 -0.02049956 -0.04327758 0.018 -0.02177405 -0.05832337 0.018 -0.002999563 -0.04103209 0.018 -0.02028558 -0.05853209 0.018 -0.002785575 -0.04074698 0.018 -0.02056366 -0.05824698 0.018 -0.003063663 -0.04109426 0.018 -0.02020761 -0.04306957 0.018 -0.02039395 -0.05859426 0.018 -0.002707609 -0.04066749 0.018 -0.02062388 -0.05816749 0.018 -0.003123876 -0.04115248 0.018 -0.02012664 -0.05865248 0.018 -0.00262664 -0.06011529 0.018 -0.005351009 -0.04058509 0.018 -0.02068005 -0.05808509 0.018 -0.003180052 -0.04120658 0.018 -0.02004287 -0.05870658 0.018 -0.002542871 -0.0405 0.018 -0.02073205 -0.058 0.018 -0.003232051 -0.05804622 0.018 -0.005039147 -0.04125644 0.018 -0.01995651 -0.05875644 0.018 -0.002456508 -0.04041242 0.018 -0.02077974 -0.04343292 0.018 -0.0224546 -0.05791242 0.018 -0.003279744 -0.04130194 0.018 -0.01986777 -0.05880194 0.018 -0.002367768 -0.04032257 0.018 -0.02082301 -0.05782257 0.018 -0.003323012 -0.04134295 0.018 -0.01977687 -0.0430174 0.018 -0.01969784 -0.05884295 0.018 -0.00227687 -0.06079177 0.018 -0.005523261 -0.04023068 0.018 -0.02086175 -0.05773068 0.018 -0.003361748 -0.04137939 0.018 -0.01968404 -0.05887939 0.018 -0.00218404 -0.04013697 0.018 -0.02089585 -0.04362198 0.018 -0.02312657 -0.05763697 0.018 -0.003395855 -0.04141114 0.018 -0.01958951 -0.05891114 0.018 -0.00208951 -0.04004168 0.018 -0.02092525 -0.05754168 0.018 -0.003425248 -0.05734903 0.018 -0.005004352 -0.04143816 0.018 -0.01949352 -0.05893816 0.018 -0.001993515 -0.03994504 0.018 -0.02094986 -0.05744504 0.018 -0.003449856 -0.04146035 0.018 -0.01939629 -0.05896035 0.018 -0.001896292 -0.06145881 0.018 -0.005729017 -0.0398473 0.018 -0.02096962 -0.0573473 0.018 -0.003469615 -0.04147766 0.018 -0.01929808 -0.043 0.018 -0.019 -0.05897766 0.018 -0.001798084 -0.03974869 0.018 -0.02098448 -0.0438443 0.018 -0.02378828 -0.05724869 0.018 -0.003484478 -0.04149006 0.018 -0.01919913 -0.05899006 0.018 -0.001699136 -0.03964946 0.018 -0.02099441 -0.05714946 0.018 -0.003494408 -0.04149751 0.018 -0.01909969 -0.05899751 0.018 -0.001599692 -0.06211477 0.018 -0.005967768 -0.03954986 0.018 -0.02099938 -0.05704986 0.018 -0.003499378 -0.0415 0.018 -0.019 -0.059 0.018 -0.0015 -0.03945014 0.018 -0.02099938 -0.04409933 0.018 -0.02443809 -0.05695014 0.018 -0.003499378 -0.05665097 0.018 -0.005004352 -0.04149751 0.018 -0.01890031 -0.05899751 0.018 -0.001400308 -0.03935054 0.018 -0.02099441 -0.05685054 0.018 -0.003494408 -0.04149006 0.018 -0.01880087 -0.05899006 0.018 -0.001300864 -0.06275802 0.018 -0.006238918 -0.03925131 0.018 -0.02098448 -0.04438644 0.018 -0.02507437 -0.05675131 0.018 -0.003484478 -0.04147766 0.018 -0.01870192 -0.0430174 0.018 -0.01830216 -0.05897766 0.018 -0.001201916 -0.0391527 0.018 -0.02096962 -0.0566527 0.018 -0.003469615 -0.04146035 0.018 -0.01860371 -0.05896035 0.018 -0.001103708 -0.03905496 0.018 -0.02094986 -0.05655496 0.018 -0.003449856 -0.04143816 0.018 -0.01850648 -0.05893816 0.018 -0.001006485 -0.03895832 0.018 -0.02092525 -0.05645832 0.018 -0.003425248 -0.05595378 0.018 -0.005039147 -0.04141114 0.018 -0.01841049 -0.05891114 0.018 -0.0009104897 -0.03886303 0.018 -0.02089585 -0.05636303 0.018 -0.003395855 -0.04137939 0.018 -0.01831596 -0.05887939 0.018 -0.0008159597 -0.03876932 0.018 -0.02086175 -0.05626932 0.018 -0.003361748 -0.04134295 0.018 -0.01822313 -0.04306957 0.018 -0.01760605 -0.05884295 0.018 -0.0007231304 -0.03867743 0.018 -0.02082301 -0.05617743 0.018 -0.003323012 -0.04130194 0.018 -0.01813223 -0.05880194 0.018 -0.0006322325 -0.03858758 0.018 -0.02077974 -0.05608758 0.018 -0.003279744 -0.04125644 0.018 -0.01804349 -0.05875644 0.018 -0.000543492 -0.0385 0.018 -0.02073205 -0.056 0.018 -0.003232051 -0.05525919 0.018 -0.005108651 -0.04120658 0.018 -0.01795713 -0.05870658 0.018 -0.0004571296 -0.03841491 0.018 -0.02068005 -0.05591491 0.018 -0.003180052 -0.04115248 0.018 -0.01787336 -0.05865248 0.018 -0.0003733599 -0.03833251 0.018 -0.02062388 -0.05583251 0.018 -0.003123876 -0.04109426 0.018 -0.01779239 -0.04315637 0.018 -0.01691341 -0.05859426 0.018 -0.0002923912 -0.03825302 0.018 -0.02056366 -0.05575302 0.018 -0.003063663 -0.04103209 0.018 -0.01771442 -0.05853209 0.018 -0.0002144248 -0.03817663 0.018 -0.02049956 -0.05567663 0.018 -0.002999563 -0.0409661 0.018 -0.01763965 -0.0584661 0.018 -0.0001396545 -0.03810353 0.018 -0.02043173 -0.05560353 0.018 -0.002931734 -0.05456892 0.018 -0.005212691 -0.04089647 0.018 -0.01756827 -0.05839647 0.018 -6.82663e-05 -0.0380339 0.018 -0.02036035 -0.0555339 0.018 -0.002860345 -0.04082337 0.018 -0.01750044 -0.04327758 0.018 -0.01622595 -0.05832337 0.018 -4.375941e-07 -0.03796791 0.018 -0.02028558 -0.05546791 0.018 -0.002785575 -0.04074698 0.018 -0.01743634 -0.05824698 0.018 6.366297e-05 -0.03790574 0.018 -0.02020761 -0.05540574 0.018 -0.002707609 -0.04066749 0.018 -0.01737612 -0.05816749 0.018 0.000123876 -0.03784752 0.018 -0.02012664 -0.05534752 0.018 -0.00262664 -0.05388471 0.018 -0.005351009 -0.04058509 0.018 -0.01731995 -0.05808509 0.018 0.0001800518 -0.03779342 0.018 -0.02004287 -0.05529342 0.018 -0.002542871 -0.0405 0.018 -0.01726795 -0.058 0.018 0.0002320508 -0.03774356 0.018 -0.01995651 -0.05524356 0.018 -0.002456508 -0.04041242 0.018 -0.01722026 -0.04343292 0.018 -0.0155454 -0.05791242 0.018 0.0002797436 -0.03769806 0.018 -0.01986777 -0.05519806 0.018 -0.002367768 -0.04032257 0.018 -0.01717699 -0.05782257 0.018 0.0003230117 -0.03765705 0.018 -0.01977687 -0.05515705 0.018 -0.00227687 -0.05320823 0.018 -0.005523261 -0.04023068 0.018 -0.01713825 -0.05773068 0.018 0.0003617475 -0.03762061 0.018 -0.01968404 -0.05512061 0.018 -0.00218404 -0.04013697 0.018 -0.01710415 -0.04362198 0.018 -0.01487343 -0.05763697 0.018 0.0003958547 -0.05508886 0.018 -0.00208951 -0.04004168 0.018 -0.01707475 -0.05754168 0.018 0.0004252485 -0.05506184 0.018 -0.001993515 -0.03994504 0.018 -0.01705014 -0.05744504 0.018 0.0004498558 -0.05503965 0.018 -0.001896292 -0.05254119 0.018 -0.005729017 -0.0398473 0.018 -0.01703038 -0.0573473 0.018 0.0004696155 -0.05502234 0.018 -0.001798084 -0.03974869 0.018 -0.01701552 -0.0438443 0.018 -0.01421172 -0.05724869 0.018 0.0004844784 -0.05500994 0.018 -0.001699136 -0.03964946 0.018 -0.01700559 -0.05714946 0.018 0.0004944076 -0.05500249 0.018 -0.001599692 -0.05188523 0.018 -0.005967768 -0.03954986 0.018 -0.01700062 -0.055 0.018 -0.0015 -0.03945014 0.018 -0.01700062 -0.04409933 0.018 -0.01356191 -0.05500249 0.018 -0.001400308 -0.03935054 0.018 -0.01700559 -0.05500994 0.018 -0.001300864 -0.05124198 0.018 -0.006238918 -0.03925131 0.018 -0.01701552 -0.04438644 0.018 -0.01292563 -0.05502234 0.018 -0.001201916 -0.0391527 0.018 -0.01703038 -0.05503965 0.018 -0.001103708 -0.05061305 0.018 -0.006541795 -0.03905496 0.018 -0.01705014 -0.05506184 0.018 -0.001006485 -0.03895832 0.018 -0.01707475 -0.0447049 0.018 -0.01230444 -0.05508886 0.018 -0.0009104897 -0.03762061 0.018 -0.01831596 -0.03765705 0.018 -0.01822313 -0.03769806 0.018 -0.01813223 -0.03774356 0.018 -0.01804349 -0.03779342 0.018 -0.01795713 -0.03784752 0.018 -0.01787336 -0.03790574 0.018 -0.01779239 -0.03796791 0.018 -0.01771442 -0.0380339 0.018 -0.01763965 -0.03810353 0.018 -0.01756827 -0.03817663 0.018 -0.01750044 -0.05 0.018 -0.006875644 -0.03825302 0.018 -0.01743634 -0.04940435 0.018 -0.007239637 -0.03833251 0.018 -0.01737612 -0.04882759 0.018 -0.007632868 -0.03841491 0.018 -0.01731995 -0.04827114 0.018 -0.008054359 -0.0385 0.018 -0.01726795 -0.0477364 0.018 -0.008503063 -0.03858758 0.018 -0.01722026 -0.04722469 0.018 -0.008977864 -0.03867743 0.018 -0.01717699 -0.04673727 0.018 -0.009477582 -0.03876932 0.018 -0.01713825 -0.04627538 0.018 -0.01000097 -0.03886303 0.018 -0.01710415 -0.04584015 0.018 -0.01054674 -0.04543266 0.018 -0.01111352 -0.04505393 0.018 -0.01169991 -0.05512061 0.018 -0.0008159597 -0.05515705 0.018 -0.0007231304 -0.05519806 0.018 -0.0006322325 -0.05524356 0.018 -0.000543492 -0.05529342 0.018 -0.0004571296 -0.05534752 0.018 -0.0003733599 -0.05540574 0.018 -0.0002923912 -0.05546791 0.018 -0.0002144248 -0.0555339 0.018 -0.0001396545 -0.05560353 0.018 -6.82663e-05 -0.05567663 0.018 -4.375941e-07 -0.05575302 0.018 6.366297e-05 -0.05583251 0.018 0.000123876 -0.05591491 0.018 0.0001800518 -0.056 0.018 0.0002320508 -0.05608758 0.018 0.0002797436 -0.05617743 0.018 0.0003230117 -0.05626932 0.018 0.0003617475 -0.05636303 0.018 0.0003958547 -0.05645832 0.018 0.0004252485 -0.05655496 0.018 0.0004498558 -0.0566527 0.018 0.0004696155 -0.05675131 0.018 0.0004844784 -0.05685054 0.018 0.0004944076 -0.05704986 0.018 -0.03849938 -0.05695014 0.018 -0.03849938 -0.05695014 0.018 0.0004993784 -0.05704986 0.018 0.0004993784 -0.0375 0.018 -0.019 -0.03750249 0.018 -0.01909969 -0.03750994 0.018 -0.01919913 -0.03752234 0.018 -0.01929808 -0.03753965 0.018 -0.01939629 -0.03756184 0.018 -0.01949352 -0.03758886 0.018 -0.01958951 -0.03750249 0.018 -0.01890031 -0.03750994 0.018 -0.01880087 -0.03752234 0.018 -0.01870192 -0.03753965 0.018 -0.01860371 -0.03756184 0.018 -0.01850648 -0.03758886 0.018 -0.01841049 -0.044 0.018 -0.019 -0.04401616 0.018 -0.018352 -0.0440646 0.018 -0.01770562 -0.0441452 0.018 -0.01706245 -0.04425776 0.018 -0.0164241 -0.044402 0.018 -0.01579215 -0.04457755 0.018 -0.01516818 -0.044784 0.018 -0.01455374 -0.04502081 0.018 -0.01395035 -0.0452874 0.018 -0.01335951 -0.04558312 0.018 -0.0127827 -0.04590722 0.018 -0.01222134 -0.0462589 0.018 -0.01167684 -0.04663728 0.018 -0.01115054 -0.04704142 0.018 -0.01064376 -0.04747033 0.018 -0.01015775 -0.04792292 0.018 -0.009693731 -0.04839808 0.018 -0.009252845 -0.04889463 0.018 -0.008836191 -0.04941133 0.018 -0.008444806 -0.0499469 0.018 -0.008079663 -0.0505 0.018 -0.00774167 -0.05106926 0.018 -0.007431666 -0.05165327 0.018 -0.007150424 -0.05225057 0.018 -0.006898641 -0.05285967 0.018 -0.006676945 -0.05347907 0.018 -0.006485885 -0.05410723 0.018 -0.006325937 -0.05474257 0.018 -0.006197499 -0.05538353 0.018 -0.00610089 -0.05602851 0.018 -0.006036351 -0.0566759 0.018 -0.006004041 -0.0573241 0.018 -0.006004041 -0.05797149 0.018 -0.006036351 -0.05861647 0.018 -0.00610089 -0.05925743 0.018 -0.006197499 -0.05989277 0.018 -0.006325937 -0.06052093 0.018 -0.006485885 -0.06114033 0.018 -0.006676945 -0.06174943 0.018 -0.006898641 -0.06234673 0.018 -0.007150424 -0.06293074 0.018 -0.007431666 -0.0635 0.018 -0.00774167 -0.0640531 0.018 -0.008079663 -0.06458867 0.018 -0.008444806 -0.06510537 0.018 -0.008836191 -0.06560191 0.018 -0.009252845 -0.06607708 0.018 -0.009693731 -0.06652967 0.018 -0.01015775 -0.06695858 0.018 -0.01064376 -0.06736272 0.018 -0.01115054 -0.0677411 0.018 -0.01167684 -0.06809278 0.018 -0.01222134 -0.06841688 0.018 -0.0127827 -0.06871259 0.018 -0.01335951 -0.06897919 0.018 -0.01395035 -0.069216 0.018 -0.01455374 -0.06942245 0.018 -0.01516818 -0.06959801 0.018 -0.01579215 -0.06974224 0.018 -0.0164241 -0.0698548 0.018 -0.01706245 -0.0699354 0.018 -0.01770562 -0.06998384 0.018 -0.018352 -0.07 0.018 -0.019 -0.06998384 0.018 -0.019648 -0.0699354 0.018 -0.02029438 -0.0698548 0.018 -0.02093755 -0.06974224 0.018 -0.0215759 -0.06959801 0.018 -0.02220785 -0.06942245 0.018 -0.02283182 -0.069216 0.018 -0.02344626 -0.06897919 0.018 -0.02404965 -0.06871259 0.018 -0.02464049 -0.06841688 0.018 -0.0252173 -0.06809278 0.018 -0.02577866 -0.0677411 0.018 -0.02632316 -0.06736272 0.018 -0.02684946 -0.06695858 0.018 -0.02735624 -0.06652967 0.018 -0.02784225 -0.06607708 0.018 -0.02830627 -0.06560191 0.018 -0.02874716 -0.06510537 0.018 -0.02916381 -0.06458867 0.018 -0.02955519 -0.0640531 0.018 -0.02992034 -0.0635 0.018 -0.03025833 -0.06293074 0.018 -0.03056833 -0.06234673 0.018 -0.03084958 -0.06174943 0.018 -0.03110136 -0.06114033 0.018 -0.03132306 -0.06052093 0.018 -0.03151411 -0.05989277 0.018 -0.03167406 -0.05925743 0.018 -0.0318025 -0.05861647 0.018 -0.03189911 -0.05797149 0.018 -0.03196365 -0.0573241 0.018 -0.03199596 -0.0566759 0.018 -0.03199596 -0.05602851 0.018 -0.03196365 -0.05538353 0.018 -0.03189911 -0.05474257 0.018 -0.0318025 -0.05410723 0.018 -0.03167406 -0.05347907 0.018 -0.03151411 -0.05285967 0.018 -0.03132306 -0.05225057 0.018 -0.03110136 -0.05165327 0.018 -0.03084958 -0.05106926 0.018 -0.03056833 -0.0505 0.018 -0.03025833 -0.0499469 0.018 -0.02992034 -0.04941133 0.018 -0.02955519 -0.04889463 0.018 -0.02916381 -0.04839808 0.018 -0.02874716 -0.04792292 0.018 -0.02830627 -0.04747033 0.018 -0.02784225 -0.04704142 0.018 -0.02735624 -0.04663728 0.018 -0.02684946 -0.0462589 0.018 -0.02632316 -0.04590722 0.018 -0.02577866 -0.04558312 0.018 -0.0252173 -0.0452874 0.018 -0.02464049 -0.04502081 0.018 -0.02404965 -0.044784 0.018 -0.02344626 -0.04457755 0.018 -0.02283182 -0.044402 0.018 -0.02220785 -0.04425776 0.018 -0.0215759 -0.0441452 0.018 -0.02093755 -0.0440646 0.018 -0.02029438 -0.04401616 0.018 -0.019648 -0.06433149 0.018 -0.0265166 -0.06469704 0.018 -0.02614181 -0.0639477 0.018 -0.0268727 -0.06504346 0.018 -0.02574927 -0.06354664 0.018 -0.02720923 -0.06536989 0.018 -0.02533995 -0.06312931 0.018 -0.02752535 -0.06567551 0.018 -0.02491486 -0.06269674 0.018 -0.02782027 -0.06595956 0.018 -0.02447507 -0.06225 0.018 -0.02809327 -0.06622133 0.018 -0.02402167 -0.06179021 0.018 -0.02834365 -0.06646017 0.018 -0.02355578 -0.06131852 0.018 -0.02857081 -0.0666755 0.018 -0.02307857 -0.06083608 0.018 -0.02877417 -0.06686678 0.018 -0.02259121 -0.06034411 0.018 -0.02895324 -0.06703352 0.018 -0.02209493 -0.05984383 0.018 -0.02910756 -0.06717531 0.018 -0.02159095 -0.05933647 0.018 -0.02923674 -0.06729181 0.018 -0.02108053 -0.05882331 0.018 -0.02934048 -0.06738272 0.018 -0.02056494 -0.05830561 0.018 -0.02941851 -0.06744782 0.018 -0.02004546 -0.05778466 0.018 -0.02947064 -0.06748695 0.018 -0.01952338 -0.05726177 0.018 -0.02949674 -0.0675 0.018 -0.019 -0.05673823 0.018 -0.02949674 -0.06748695 0.018 -0.01847662 -0.05621534 0.018 -0.02947064 -0.06744782 0.018 -0.01795454 -0.05569439 0.018 -0.02941851 -0.06738272 0.018 -0.01743506 -0.05517669 0.018 -0.02934048 -0.06729181 0.018 -0.01691947 -0.05466353 0.018 -0.02923674 -0.06717531 0.018 -0.01640905 -0.05415617 0.018 -0.02910756 -0.06703352 0.018 -0.01590507 -0.05365589 0.018 -0.02895324 -0.06686678 0.018 -0.01540879 -0.05316392 0.018 -0.02877417 -0.0666755 0.018 -0.01492143 -0.05268148 0.018 -0.02857081 -0.06646017 0.018 -0.01444422 -0.05220979 0.018 -0.02834365 -0.06622133 0.018 -0.01397833 -0.05175 0.018 -0.02809327 -0.06595956 0.018 -0.01352493 -0.05130326 0.018 -0.02782027 -0.06567551 0.018 -0.01308514 -0.05087069 0.018 -0.02752535 -0.06536989 0.018 -0.01266005 -0.05045336 0.018 -0.02720923 -0.06504346 0.018 -0.01225073 -0.0500523 0.018 -0.0268727 -0.06469704 0.018 -0.01185819 -0.04966851 0.018 -0.0265166 -0.06433149 0.018 -0.0114834 -0.04930296 0.018 -0.02614181 -0.0639477 0.018 -0.0111273 -0.04895653 0.018 -0.02574927 -0.06354664 0.018 -0.01079077 -0.06312931 0.018 -0.01047465 -0.04863011 0.018 -0.02533995 -0.06269674 0.018 -0.01017973 -0.04832449 0.018 -0.02491486 -0.04804045 0.018 -0.02447507 -0.06225 0.018 -0.009906734 -0.04777868 0.018 -0.02402167 -0.06179021 0.018 -0.009656346 -0.04753983 0.018 -0.02355578 -0.06131852 0.018 -0.009429189 -0.0473245 0.018 -0.02307857 -0.04713323 0.018 -0.02259121 -0.06034411 0.018 -0.009046762 -0.06083608 0.018 -0.009225825 -0.04696648 0.018 -0.02209493 -0.05984383 0.018 -0.008892446 -0.04682469 0.018 -0.02159095 -0.05933647 0.018 -0.008763257 -0.04670819 0.018 -0.02108053 -0.05830561 0.018 -0.008581489 -0.05882331 0.018 -0.008659518 -0.04661728 0.018 -0.02056494 -0.04655218 0.018 -0.02004546 -0.05778466 0.018 -0.00852936 -0.04651305 0.018 -0.01952338 -0.0465 0.018 -0.019 -0.05726177 0.018 -0.008503263 -0.05621534 0.018 -0.00852936 -0.05673823 0.018 -0.008503263 -0.04651305 0.018 -0.01847662 -0.04655218 0.018 -0.01795454 -0.05517669 0.018 -0.008659518 -0.05569439 0.018 -0.008581489 -0.04661728 0.018 -0.01743506 -0.05466353 0.018 -0.008763257 -0.04670819 0.018 -0.01691947 -0.04682469 0.018 -0.01640905 -0.04696648 0.018 -0.01590507 -0.05365589 0.018 -0.009046762 -0.05415617 0.018 -0.008892446 -0.04713323 0.018 -0.01540879 -0.0473245 0.018 -0.01492143 -0.05316392 0.018 -0.009225825 -0.05220979 0.018 -0.009656346 -0.05268148 0.018 -0.009429189 -0.04753983 0.018 -0.01444422 -0.04777868 0.018 -0.01397833 -0.05175 0.018 -0.009906734 -0.04804045 0.018 -0.01352493 -0.04832449 0.018 -0.01308514 -0.05130326 0.018 -0.01017973 -0.05045336 0.018 -0.01079077 -0.05087069 0.018 -0.01047465 -0.04863011 0.018 -0.01266005 -0.04895653 0.018 -0.01225073 -0.0500523 0.018 -0.0111273 -0.04930296 0.018 -0.01185819 -0.04966851 0.018 -0.0114834 -0.0465 0.0345 -0.019 -0.04651305 0.0345 -0.01847662 -0.04655218 0.0345 -0.01795454 -0.04661728 0.0345 -0.01743506 -0.04670819 0.0345 -0.01691947 -0.04682469 0.0345 -0.01640905 -0.04696648 0.0345 -0.01590507 -0.04713323 0.0345 -0.01540879 -0.0473245 0.0345 -0.01492143 -0.04753983 0.0345 -0.01444422 -0.04777868 0.0345 -0.01397833 -0.04804045 0.0345 -0.01352493 -0.04832449 0.0345 -0.01308514 -0.04863011 0.0345 -0.01266005 -0.04895653 0.0345 -0.01225073 -0.04930296 0.0345 -0.01185819 -0.04966851 0.0345 -0.0114834 -0.0500523 0.0345 -0.0111273 -0.05045336 0.0345 -0.01079077 -0.05087069 0.0345 -0.01047465 -0.05130326 0.0345 -0.01017973 -0.05175 0.0345 -0.009906734 -0.05220979 0.0345 -0.009656346 -0.05268148 0.0345 -0.009429189 -0.05316392 0.0345 -0.009225825 -0.05365589 0.0345 -0.009046762 -0.05415617 0.0345 -0.008892446 -0.05466353 0.0345 -0.008763257 -0.05517669 0.0345 -0.008659518 -0.05569439 0.0345 -0.008581489 -0.05621534 0.0345 -0.00852936 -0.05673823 0.0345 -0.008503263 -0.05726177 0.0345 -0.008503263 -0.05778466 0.0345 -0.00852936 -0.05830561 0.0345 -0.008581489 -0.05882331 0.0345 -0.008659518 -0.05933647 0.0345 -0.008763257 -0.05984383 0.0345 -0.008892446 -0.06034411 0.0345 -0.009046762 -0.06083608 0.0345 -0.009225825 -0.06131852 0.0345 -0.009429189 -0.06179021 0.0345 -0.009656346 -0.06225 0.0345 -0.009906734 -0.06269674 0.0345 -0.01017973 -0.06312931 0.0345 -0.01047465 -0.06354664 0.0345 -0.01079077 -0.0639477 0.0345 -0.0111273 -0.06433149 0.0345 -0.0114834 -0.06469704 0.0345 -0.01185819 -0.06504346 0.0345 -0.01225073 -0.06536989 0.0345 -0.01266005 -0.06567551 0.0345 -0.01308514 -0.06595956 0.0345 -0.01352493 -0.06622133 0.0345 -0.01397833 -0.06646017 0.0345 -0.01444422 -0.0666755 0.0345 -0.01492143 -0.06686678 0.0345 -0.01540879 -0.06703352 0.0345 -0.01590507 -0.06717531 0.0345 -0.01640905 -0.06729181 0.0345 -0.01691947 -0.06738272 0.0345 -0.01743506 -0.06744782 0.0345 -0.01795454 -0.06748695 0.0345 -0.01847662 -0.0675 0.0345 -0.019 -0.06748695 0.0345 -0.01952338 -0.06744782 0.0345 -0.02004546 -0.06738272 0.0345 -0.02056494 -0.06729181 0.0345 -0.02108053 -0.06717531 0.0345 -0.02159095 -0.06703352 0.0345 -0.02209493 -0.06686678 0.0345 -0.02259121 -0.0666755 0.0345 -0.02307857 -0.06646017 0.0345 -0.02355578 -0.06622133 0.0345 -0.02402167 -0.06595956 0.0345 -0.02447507 -0.06567551 0.0345 -0.02491486 -0.06536989 0.0345 -0.02533995 -0.06504346 0.0345 -0.02574927 -0.06469704 0.0345 -0.02614181 -0.06433149 0.0345 -0.0265166 -0.0639477 0.0345 -0.0268727 -0.06354664 0.0345 -0.02720923 -0.06312931 0.0345 -0.02752535 -0.06269674 0.0345 -0.02782027 -0.06225 0.0345 -0.02809327 -0.06179021 0.0345 -0.02834365 -0.06131852 0.0345 -0.02857081 -0.06083608 0.0345 -0.02877417 -0.06034411 0.0345 -0.02895324 -0.05984383 0.0345 -0.02910756 -0.05933647 0.0345 -0.02923674 -0.05882331 0.0345 -0.02934048 -0.05830561 0.0345 -0.02941851 -0.05778466 0.0345 -0.02947064 -0.05726177 0.0345 -0.02949674 -0.05673823 0.0345 -0.02949674 -0.05621534 0.0345 -0.02947064 -0.05569439 0.0345 -0.02941851 -0.05517669 0.0345 -0.02934048 -0.05466353 0.0345 -0.02923674 -0.05415617 0.0345 -0.02910756 -0.05365589 0.0345 -0.02895324 -0.05316392 0.0345 -0.02877417 -0.05268148 0.0345 -0.02857081 -0.05220979 0.0345 -0.02834365 -0.05175 0.0345 -0.02809327 -0.05130326 0.0345 -0.02782027 -0.05087069 0.0345 -0.02752535 -0.05045336 0.0345 -0.02720923 -0.0500523 0.0345 -0.0268727 -0.04966851 0.0345 -0.0265166 -0.04930296 0.0345 -0.02614181 -0.04895653 0.0345 -0.02574927 -0.04863011 0.0345 -0.02533995 -0.04832449 0.0345 -0.02491486 -0.04804045 0.0345 -0.02447507 -0.04777868 0.0345 -0.02402167 -0.04753983 0.0345 -0.02355578 -0.0473245 0.0345 -0.02307857 -0.04713323 0.0345 -0.02259121 -0.04696648 0.0345 -0.02209493 -0.04682469 0.0345 -0.02159095 -0.04670819 0.0345 -0.02108053 -0.04661728 0.0345 -0.02056494 -0.04655218 0.0345 -0.02004546 -0.04651305 0.0345 -0.01952338 -0.06359747 0.0345 -0.02512156 -0.06328413 0.0345 -0.0254428 -0.06295517 0.0345 -0.02574803 -0.0638944 0.0345 -0.02478509 -0.06261141 0.0345 -0.02603648 -0.06417419 0.0345 -0.02443424 -0.06225369 0.0345 -0.02630744 -0.06443615 0.0345 -0.02406988 -0.06188292 0.0345 -0.02656023 -0.06467962 0.0345 -0.02369292 -0.0615 0.0345 -0.02679423 -0.06490399 0.0345 -0.02330429 -0.0611059 0.0345 -0.02700885 -0.06510872 0.0345 -0.02290495 -0.06070158 0.0345 -0.02720355 -0.06529329 0.0345 -0.02249591 -0.06028807 0.0345 -0.02737786 -0.06545724 0.0345 -0.02207818 -0.05986638 0.0345 -0.02753135 -0.06560016 0.0345 -0.0216528 -0.05943756 0.0345 -0.02766362 -0.06572169 0.0345 -0.02122082 -0.05900269 0.0345 -0.02777435 -0.06582156 0.0345 -0.02078332 -0.05856283 0.0345 -0.02786327 -0.06589948 0.0345 -0.02034138 -0.05811909 0.0345 -0.02793015 -0.06595528 0.0345 -0.01989611 -0.05767257 0.0345 -0.02797483 -0.06598882 0.0345 -0.01944861 -0.05722438 0.0345 -0.0279972 -0.066 0.0345 -0.019 -0.05677562 0.0345 -0.0279972 -0.06598882 0.0345 -0.01855139 -0.05632743 0.0345 -0.02797483 -0.06595528 0.0345 -0.01810389 -0.05588091 0.0345 -0.02793015 -0.06589948 0.0345 -0.01765862 -0.05543717 0.0345 -0.02786327 -0.06582156 0.0345 -0.01721668 -0.05499731 0.0345 -0.02777435 -0.06572169 0.0345 -0.01677918 -0.05456244 0.0345 -0.02766362 -0.06560016 0.0345 -0.0163472 -0.05413362 0.0345 -0.02753135 -0.06545724 0.0345 -0.01592182 -0.05371193 0.0345 -0.02737786 -0.06529329 0.0345 -0.01550409 -0.05329842 0.0345 -0.02720355 -0.06510872 0.0345 -0.01509505 -0.0528941 0.0345 -0.02700885 -0.06490399 0.0345 -0.01469571 -0.0525 0.0345 -0.02679423 -0.06467962 0.0345 -0.01430708 -0.05211708 0.0345 -0.02656023 -0.06443615 0.0345 -0.01393012 -0.05174631 0.0345 -0.02630744 -0.06417419 0.0345 -0.01356576 -0.05138859 0.0345 -0.02603648 -0.0638944 0.0345 -0.01321491 -0.05104483 0.0345 -0.02574803 -0.06359747 0.0345 -0.01287845 -0.05071587 0.0345 -0.0254428 -0.06328413 0.0345 -0.0125572 -0.05040253 0.0345 -0.02512156 -0.06295517 0.0345 -0.01225197 -0.0501056 0.0345 -0.02478509 -0.06261141 0.0345 -0.01196352 -0.04982581 0.0345 -0.02443424 -0.06225369 0.0345 -0.01169256 -0.06188292 0.0345 -0.01143977 -0.04956385 0.0345 -0.02406988 -0.04932038 0.0345 -0.02369292 -0.0615 0.0345 -0.01120577 -0.049096 0.0345 -0.02330429 -0.06070158 0.0345 -0.01079645 -0.0611059 0.0345 -0.01099115 -0.04889128 0.0345 -0.02290495 -0.06028807 0.0345 -0.01062214 -0.04870671 0.0345 -0.02249591 -0.05986638 0.0345 -0.01046865 -0.04854277 0.0345 -0.02207818 -0.04839985 0.0345 -0.0216528 -0.05943756 0.0345 -0.01033638 -0.04827831 0.0345 -0.02122082 -0.05900269 0.0345 -0.01022565 -0.04817845 0.0345 -0.02078332 -0.05811909 0.0345 -0.01006985 -0.05856283 0.0345 -0.01013673 -0.04810052 0.0345 -0.02034138 -0.04804472 0.0345 -0.01989611 -0.04801119 0.0345 -0.01944861 -0.05767257 0.0345 -0.01002517 -0.05677562 0.0345 -0.0100028 -0.05722438 0.0345 -0.0100028 -0.048 0.0345 -0.019 -0.05632743 0.0345 -0.01002517 -0.04801119 0.0345 -0.01855139 -0.04804472 0.0345 -0.01810389 -0.04810052 0.0345 -0.01765862 -0.05588091 0.0345 -0.01006985 -0.05499731 0.0345 -0.01022565 -0.05543717 0.0345 -0.01013673 -0.04817845 0.0345 -0.01721668 -0.05456244 0.0345 -0.01033638 -0.04827831 0.0345 -0.01677918 -0.04839985 0.0345 -0.0163472 -0.05413362 0.0345 -0.01046865 -0.04854277 0.0345 -0.01592182 -0.04870671 0.0345 -0.01550409 -0.05371193 0.0345 -0.01062214 -0.05329842 0.0345 -0.01079645 -0.04889128 0.0345 -0.01509505 -0.049096 0.0345 -0.01469571 -0.0525 0.0345 -0.01120577 -0.0528941 0.0345 -0.01099115 -0.04932038 0.0345 -0.01430708 -0.05174631 0.0345 -0.01169256 -0.05211708 0.0345 -0.01143977 -0.04956385 0.0345 -0.01393012 -0.04982581 0.0345 -0.01356576 -0.05138859 0.0345 -0.01196352 -0.0501056 0.0345 -0.01321491 -0.05040253 0.0345 -0.01287845 -0.05071587 0.0345 -0.0125572 -0.05104483 0.0345 -0.01225197</float_array>
          <technique_common>
            <accessor count="2691" source="#cubeverts-array0-array" stride="3">
              <param type="float" name="X"/>
              <param type="float" name="Y"/>
              <param type="float" name="Z"/>
            </accessor>
          </technique_common>
        </source>
        <source id="cubenormals-array0">
          <float_array count="16194" id="cubenormals-array0-array">0 1 0 0 1 0 0 1 0 0 1 0 0 1 0 0 1 0 0 1 0 0 1 0 0 1 0 0 1 0 0 1 0 0 1 0 0 1 0 0 1 0 0 1 0 0 1 0 0 1 0 0 1 0 0 1 0 0 1 0 0 1 0 0 1 0 0 1 0 0 1 0 0 1 0 0 1 0 0 1 0 0 1 0 0 1 0 0 1 0 0 1 0 0 1 0 0 1 0 0 1 0 0 1 0 0 1 0 0 1 0 0 1 0 0 1 0 0 1 0 0 1 0 0 1 0 0 1 0 0 1 0 0 1 0 0 1 0 0 1 0 0 1 0 0 1 0 0 1 0 0 1 0 0 1 0 0 1 0 0 1 0 0 1 0 0 1 0 0 1 0 0 1 0 0 1 0 0 1 0 0 1 0 0 1 0 0 1 0 0 1 0 0 1 0 0 1 0 0 1 0 0 1 0 0 1 0 0 1 0 0 1 0 0 1 0 0 1 0 0 1 0 0 1 0 0 1 0 0 1 0 0 1 0 0 1 0 0 1 0 0 1 0 0 1 0 0 1 0 0 1 0 0 1 0 0 1 0 0 1 0 0 1 0 0 1 0 0 1 0 0 1 0 0 1 0 0 1 0 0 1 0 0 1 0 0 1 0 0 1 0 0 1 0 0 1 0 0 1 0 0 1 0 0 1 0 0 1 0 0 1 0 0 1 0 0 1 0 0 1 0 0 1 0 0 1 0 0 1 0 0 1 0 0 1 0 0 1 0 0 1 0 0 1 0 0 1 0 0 1 0 0 1 0 0 1 0 0 1 0 0 1 0 0 1 0 0 1 0 0 1 0 0 1 0 0 1 0 0 1 0 0 1 0 0 1 0 0 1 0 0 1 0 0 1 0 0 1 0 0 1 0 0 1 0 0 1 0 0 1 0 0 1 0 0 1 0 0 1 0 0 1 0 0 1 0 0 1 0 0 1 0 0 1 0 0 1 0 0 1 0 0 1 0 0 1 0 0 1 0 0 1 0 0 1 0 0 1 0 0 1 0 0 1 0 0 1 0 0 1 0 0 1 0 0 1 0 0 1 0 0 1 0 0 1 0 0 1 0 0 1 0 0 1 0 0 1 0 0 1 0 0 1 0 0 1 0 0 1 0 0 1 0 0 1 0 0 1 0 0 1 0 0 1 0 0 1 0 0 1 0 0 1 0 0 1 0 0 1 0 0 1 0 0 1 0 0 1 0 0 1 0 0 1 0 0 1 0 0 1 0 0 1 0 0 1 0 0 1 0 0 1 0 0 1 0 0 1 0 0 1 0 0 1 0 0 1 0 0 1 0 0 1 0 0 1 0 0 1 0 0 1 0 0 1 0 0 1 0 0 1 0 0 1 0 0 1 0 0 1 0 0 1 0 0 1 0 0 1 0 0 1 0 0 1 0 0 1 0 0 1 0 0 1 0 0 1 0 0 1 0 0 1 0 0 1 0 0 1 0 0 1 0 0 1 0 0 1 0 0 1 0 0 1 0 0 1 0 0 1 0 0 1 0 0 1 0 0 1 0 0 1 0 0 1 0 0 1 0 0 1 0 0 1 0 0 1 0 0 1 0 0 1 0 0 1 0 0 1 0 0 1 0 0 1 0 0 1 0 0 1 0 0 1 0 0 1 0 0 1 0 0 1 0 0 1 0 0 1 0 0 1 0 0 1 0 -0.9996891 0 -0.02493366 -0.9996891 0 -0.02493366 -0.9972039 0 -0.07472836 -0.9972039 0 -0.07472836 -0.9922397 0 -0.1243405 -0.9922397 0 -0.1243405 -0.984808 0 -0.1736469 -0.984808 0 -0.1736469 -0.9749274 0 -0.2225233 -0.9626249 -0 -0.2708383 -0.9749274 0 -0.2225233 -0.9626249 0 -0.2708383 -0.9479259 0 -0.3184909 -0.9479259 0 -0.3184909 -0.9308736 0 -0.3653415 -0.9308736 0 -0.3653415 -0.9115078 0 -0.4112828 -0.9115078 0 -0.4112828 -0.8898693 0 -0.4562156 -0.8898693 0 -0.4562156 -0.8660258 0 -0.4999993 -0.8660258 0 -0.4999993 -0.8400266 0 -0.5425452 -0.8400266 0 -0.5425452 -0.8119394 0 -0.5837417 -0.8119394 0 -0.5837417 -0.7818318 0 -0.6234894 -0.7818318 0 -0.6234894 -0.7497791 0 -0.6616881 -0.7497791 0 -0.6616881 -0.7158664 0 -0.6982372 -0.6801731 -0 -0.7330515 -0.7158664 0 -0.6982372 -0.6801731 0 -0.7330515 -0.6427876 0 -0.7660444 -0.6427876 0 -0.7660444 -0.603803 0 -0.7971335 -0.603803 0 -0.7971335 -0.5633221 0 -0.8262374 -0.5633221 0 -0.8262374 -0.5214348 0 -0.8532912 -0.5214348 0 -0.8532912 -0.4782529 0 -0.8782222 -0.4782529 0 -0.8782222 -0.4338857 0 -0.9009679 -0.4338857 0 -0.9009679 -0.388436 0 -0.9214757 -0.388436 0 -0.9214757 -0.3420185 0 -0.9396933 -0.2947556 -0 -0.9555726 -0.3420185 0 -0.9396933 -0.2947556 0 -0.9555726 -0.2467577 0 -0.9690773 -0.1981468 -0 -0.9801724 -0.2467577 0 -0.9690773 -0.1981468 0 -0.9801724 -0.1490413 0 -0.988831 -0.1490413 0 -0.988831 -0.09956829 0 -0.9950308 -0.09956829 0 -0.9950308 -0.04984567 0 -0.9987569 -0.04984567 0 -0.9987569 -0 0 -1 0.04984567 0 -0.9987569 0 0 -1 0.04984567 0 -0.9987569 0.09956829 0 -0.9950308 0.09956829 0 -0.9950308 0.1490413 0 -0.988831 0.1490413 0 -0.988831 0.1981468 0 -0.9801724 0.1981468 0 -0.9801724 0.2467577 0 -0.9690773 0.2467577 0 -0.9690773 0.2947556 0 -0.9555726 0.2947556 0 -0.9555726 0.3420185 0 -0.9396933 0.3420185 0 -0.9396933 0.388436 0 -0.9214757 0.388436 0 -0.9214757 0.4338857 0 -0.9009679 0.4338857 0 -0.9009679 0.4782529 0 -0.8782222 0.4782529 0 -0.8782222 0.5214348 0 -0.8532912 0.5214348 0 -0.8532912 0.5633221 0 -0.8262374 0.5633221 0 -0.8262374 0.603803 0 -0.7971335 0.603803 0 -0.7971335 0.6427876 0 -0.7660444 0.6427876 0 -0.7660444 0.6801695 0 -0.7330549 0.6801695 0 -0.7330549 0.71587 0 -0.6982335 0.71587 0 -0.6982335 0.7497827 0 -0.661684 0.7497827 0 -0.661684 0.7818318 0 -0.6234894 0.7818318 0 -0.6234894 0.811936 0 -0.5837466 0.811936 0 -0.5837466 0.8400233 0 -0.5425503 0.8400233 0 -0.5425503 0.8660258 0 -0.4999993 0.8660258 0 -0.4999993 0.8898722 0 -0.4562098 0.8898722 0 -0.4562098 0.9115078 0 -0.4112828 0.9115078 0 -0.4112828 0.9308711 0 -0.3653478 0.9308711 0 -0.3653478 0.9479281 0 -0.3184844 0.9479281 0 -0.3184844 0.9626268 0 -0.2708315 0.9626268 0 -0.2708315 0.9749274 0 -0.2225233 0.9749274 0 -0.2225233 0.984808 0 -0.1736469 0.984808 0 -0.1736469 0.9922387 0 -0.1243477 0.9972039 0 -0.07472836 0.9922387 0 -0.1243477 0.9972039 0 -0.07472836 0.9996891 0 -0.02493366 0.9996891 0 -0.02493366 0.9996891 0 0.02493366 0.9996891 0 0.02493366 0.9972039 -0 0.07472836 0.9972039 0 0.07472836 0.9922387 -0 0.1243477 0.9922387 0 0.1243477 0.984808 -0 0.1736469 0.984808 0 0.1736469 0.9749274 -0 0.2225233 0.9749274 0 0.2225233 0.9626266 0 0.270832 0.9626266 0 0.270832 0.9479283 -0 0.3184838 0.9479283 0 0.3184838 0.9308711 0 0.3653478 0.9308711 0 0.3653478 0.9115074 0 0.4112835 0.9115074 0 0.4112835 0.889873 -0 0.4562084 0.889873 0 0.4562084 0.8660248 -0 0.5000009 0.8660248 0 0.5000009 0.8400233 -0 0.5425503 0.8400233 0 0.5425503 0.8119366 0 0.5837456 0.8119366 0 0.5837456 0.7818318 -0 0.6234894 0.7818318 0 0.6234894 0.7497827 0 0.661684 0.7497827 0 0.661684 0.71587 -0 0.6982335 0.71587 0 0.6982335 0.6801705 -0 0.733054 0.6801705 0 0.733054 0.6427866 -0 0.7660453 0.6427866 0 0.7660453 0.603803 -0 0.7971335 0.603803 0 0.7971335 0.5633221 0 0.8262374 0.5633221 -0 0.8262374 0.5214362 0 0.8532903 0.5214362 -0 0.8532903 0.4782529 0 0.8782222 0.4782529 -0 0.8782222 0.4338857 0 0.9009679 0.4338857 -0 0.9009679 0.3884329 0 0.921477 0.3884329 -0 0.921477 0.34202 0 0.9396926 0.34202 0 0.9396926 0.2947573 -0 0.9555722 0.2947573 0 0.9555722 0.2467577 0 0.9690773 0.2467577 0 0.9690773 0.1981433 -0 0.9801731 0.1981433 0 0.9801731 0.1490448 -0 0.9888304 0.1490448 0 0.9888304 0.09956648 -0 0.9950309 0.09956648 0 0.9950309 0.04984567 -0 0.9987569 0.04984567 0 0.9987569 0 0 1 -0 0 1 -0.04984567 0 0.9987569 -0.04984567 0 0.9987569 -0.09956648 0 0.9950309 -0.09956648 0 0.9950309 -0.1490448 0 0.9888304 -0.1490448 0 0.9888304 -0.1981433 0 0.9801731 -0.1981433 0 0.9801731 -0.2467577 0 0.9690773 -0.2467577 0 0.9690773 -0.2947573 0 0.9555722 -0.2947573 0 0.9555722 -0.34202 0 0.9396926 -0.34202 0 0.9396926 -0.3884329 0 0.921477 -0.3884329 0 0.921477 -0.4338857 0 0.9009679 -0.4782529 0 0.8782222 -0.4338857 0 0.9009679 -0.4782529 0 0.8782222 -0.5214362 0 0.8532903 -0.5633221 0 0.8262374 -0.5214362 0 0.8532903 -0.5633221 0 0.8262374 -0.603803 0 0.7971335 -0.6427866 0 0.7660453 -0.603803 0 0.7971335 -0.6427866 0 0.7660453 -0.6801741 0 0.7330506 -0.6801741 0 0.7330506 -0.7158664 0 0.6982372 -0.7158664 0 0.6982372 -0.7497791 0 0.6616881 -0.7497791 0 0.6616881 -0.7818318 0 0.6234894 -0.7818318 0 0.6234894 -0.8119401 0 0.5837408 -0.8119401 0 0.5837408 -0.8400266 0 0.5425452 -0.8400266 0 0.5425452 -0.8660248 0 0.5000009 -0.8660248 0 0.5000009 -0.88987 0 0.4562142 -0.88987 0 0.4562142 -0.9115074 0 0.4112835 -0.9115074 0 0.4112835 -0.9308736 0 0.3653415 -0.9308736 0 0.3653415 -0.9479261 0 0.3184904 -0.9626247 0 0.2708387 -0.9479261 0 0.3184904 -0.9626247 0 0.2708387 -0.9749274 0 0.2225233 -0.984808 0 0.1736469 -0.9749274 0 0.2225233 -0.984808 0 0.1736469 -0.9922397 0 0.1243405 -0.9972039 0 0.07472836 -0.9922397 0 0.1243405 -0.9972039 0 0.07472836 -0.9996891 0 0.02493366 -0.9996891 0 0.02493366 0 1 0 0 1 0 0 1 0 0 1 0 0 1 0 0 1 0 0 1 0 0 1 0 0 1 0 0 1 0 0 1 0 0 1 0 0 1 0 0 1 0 0 1 0 0 1 0 0 1 0 0 1 0 0 1 0 0 1 0 0 1 0 0 1 0 0 1 0 0 1 0 0 1 0 0 1 0 0 1 0 0 1 0 0 1 0 0 1 0 0 1 0 0 1 0 0 1 0 0 1 0 0 1 0 0 1 0 0 1 0 0 1 0 0 1 0 0 1 0 0 1 0 0 1 0 0 1 0 0 1 0 0 1 0 0 1 0 0 1 0 0 1 0 0 1 0 0 1 0 0 1 0 0 1 0 0 1 0 0 1 0 0 1 0 0 1 0 0 1 0 0 1 0 0 1 0 0 1 0 0 1 0 0 1 0 0 1 0 0 1 0 0 1 0 0 1 0 0 1 0 0 1 0 0 1 0 0 1 0 0 1 0 0 1 0 0 1 0 0 1 0 0 1 0 0 1 0 0 1 0 0 1 0 0 1 0 0 1 0 0 1 0 0 1 0 0 1 0 0 1 0 0 1 0 0 1 0 0 1 0 0 1 0 0 1 0 0 1 0 0 1 0 0 1 0 0 1 0 0 1 0 0 1 0 0 1 0 0 1 0 0 1 0 0 1 0 0 1 0 0 1 0 0 1 0 0 1 0 0 1 0 0 1 0 0 1 0 0 1 0 0 1 0 0 1 0 0 1 0 0 1 0 0 1 0 0 1 0 0 1 0 0 1 0 0 1 0 0 1 0 0 1 0 0 1 0 0 1 0 0 1 0 0 1 0 0 1 0 0 1 0 0 1 0 0 1 0 0 1 0 0 1 0 0 1 0 0 1 0 0 1 0 0 1 0 0 1 0 0 1 0 0 1 0 0 1 0 0 1 0 0 1 0 0 1 0 0 1 0 0 1 0 0 1 0 0 1 0 0 1 0 0 1 0 0 1 0 0 1 0 0 1 0 0 1 0 0 1 0 0 1 0 0 1 0 0 1 0 0 1 0 0 1 0 0 1 0 0 1 0 0 1 0 0 1 0 0 1 0 0 1 0 0 1 0 0 1 0 0 1 0 0 1 0 0 1 0 0 1 0 0 1 0 0 1 0 0 1 0 0 1 0 0 1 0 0 1 0 0 1 0 0 1 0 0 1 0 0 1 0 0 1 0 0 1 0 0 1 0 0 1 0 0 1 0 0 1 0 0 1 0 0 1 0 0 1 0 0 1 0 0 1 0 0 1 0 0 1 0 0 1 0 0 1 0 0 1 0 0 1 0 0 1 0 0 1 0 0 1 0 0 1 0 0 1 0 0 1 0 0 1 0 0 1 0 0 1 0 0 1 0 0 1 0 0 1 0 0 1 0 0 1 0 0 1 0 0 1 0 0 1 0 0 1 0 0 1 0 0 1 0 0 1 0 0 1 0 0 1 0 0 1 0 0 1 0 0 1 0 0 1 0 0 1 0 0 1 0 0 1 0 0 1 0 0 1 0 0 1 0 0 1 0 0 1 0 0 1 0 0 1 0 0 1 0 0 1 0 0 1 0 0 1 0 0 1 0 0 1 0 0 1 0 0 1 0 0 1 0 0 1 0 0 1 0 0 1 0 0 1 0 0 1 0 0 1 0 0 1 0 0 1 0 0 1 0 0 1 0 0 1 0 0 1 0 0.9996933 0.02476642 0 0.9972406 0.07423765 2.429201e-05 0.9996892 0.02493077 -2.442964e-05 0.9923411 0.1235279 4.823576e-05 0.9972038 0.07472982 -4.856141e-05 0.9850071 0.1725139 7.186729e-05 0.9922392 0.124344 -7.235001e-05 0.9752561 0.2210777 9.511047e-05 0.9848077 0.1736484 -9.588162e-05 0.9631127 0.2690986 0.0001182105 0.9749281 0.2225204 -0.0001189091 0.9486064 0.3164582 0.0001409181 0.9626243 0.2708403 -0.0001416717 0.9317721 0.3630438 0.0001630796 0.9479272 0.318487 -0.0001643446 0.9126524 0.4087366 0.0001852486 0.9308739 0.3653406 -0.000186352 0.8912931 0.4534275 0.0002068552 0.9115056 0.4112875 -0.0002082717 0.8677477 0.4970048 0.0002282275 0.8898718 0.4562106 -0.0002297692 0.8660253 0.5000001 -0.0002511151 0.8420719 0.5393651 0.0002491343 0.8400257 0.5425466 -0.0002719073 0.8143319 0.5803993 0.0002699 0.811938 0.5837435 -0.0002925439 0.7845928 0.6200113 0.0002902098 0.7818316 0.6234896 -0.0003127542 0.7529284 0.6581024 0.0003102971 0.7497812 0.6616858 -0.0003325145 0.719418 0.6945772 0.0003301441 0.7158672 0.6982364 -0.0003520673 0.6841417 0.729349 0.0003495807 0.6801724 0.7330521 -0.0003713767 0.6471867 0.7623315 0.000368614 0.6427878 0.7660442 -0.0003902051 0.6086448 0.7934427 0.000387461 0.6038043 0.7971324 -0.0004088727 0.5686084 0.8226082 0.0004058477 0.5633194 0.826239 -0.000427179 0.5271784 0.8497545 0.0004238905 0.5214356 0.8532906 -0.0004451932 0.4844527 0.8748174 0.0004416702 0.4782533 0.8782218 -0.0004627699 0.4405407 0.8977325 0.0004591379 0.3955465 0.9184458 0.0004762809 0.4338838 0.9009687 -0.0004800915 0.3495831 0.9369052 0.0004931777 0.388435 0.9214759 -0.0004969743 0.3027613 0.9530662 0.000509605 0.3420202 0.9396924 -0.0005136783 0.2551948 0.9668895 0.0005256596 0.2947547 0.9555728 -0.0005301508 0.2070059 0.9783396 0.0005416576 0.2467576 0.9690772 -0.0005459585 0.1583061 0.9873899 0.0005571962 0.1981468 0.9801722 -0.0005616598 0.1092199 0.9940174 0.0005722924 0.1490414 0.9888307 -0.0005770368 0.05986425 0.9982063 0.0005872335 0.09956877 0.9950305 -0.000592061 0.01036223 0.9999461 0.0006016493 0.04984495 0.9987568 -0.0006068368 -0.03916546 0.9992325 0.0006158986 0 0.9999998 -0.0006212233 -0.08859561 0.9960675 0.0006299624 -0.04984495 0.9987568 -0.0006350997 -0.1378101 0.9904584 0.0006433115 -0.09956877 0.9950305 -0.0006490082 -0.1866858 0.9824194 0.0006566682 -0.1490414 0.9888307 -0.0006623549 -0.1981468 0.9801721 -0.0006755103 -0.2351044 0.9719699 0.0006694931 -0.2467575 0.969077 -0.0006882078 -0.2829444 0.9591361 0.0006821236 -0.2947547 0.9555727 -0.0007006436 -0.3300921 0.9439484 0.0006944553 -0.3420202 0.9396923 -0.0007126417 -0.3764278 0.9264457 0.000706433 -0.388435 0.9214758 -0.0007245516 -0.4218414 0.9066694 0.0007179407 -0.4338838 0.9009686 -0.0007360601 -0.4662196 0.8846686 0.0007291781 -0.4782532 0.8782216 -0.000747181 -0.5094551 0.8604969 0.0007402446 -0.5214355 0.8532904 -0.0007578994 -0.5514393 0.8342147 0.0007509163 -0.5633194 0.8262389 -0.0007682804 -0.5920706 0.8058858 0.0007613653 -0.6038042 0.7971323 -0.0007784203 -0.6312491 0.7755798 0.0007713313 -0.6427876 0.766044 -0.0007883754 -0.6680478 0.744118 0.0007301154 -0.6801722 0.7330518 -0.0008539179 -0.7024841 0.7116991 0.0007858971 -0.7158669 0.6982361 -0.0008997508 -0.7353487 0.6776884 0.0008217359 -0.7497809 0.6616855 -0.0009258985 -0.7665692 0.6421612 0.0008378809 -0.7818313 0.6234894 -0.0009321816 -0.7960747 0.6051977 0.0008343192 -0.8119377 0.5837433 -0.0009186537 -0.823799 0.5668815 0.0008109411 -0.8400254 0.5425463 -0.0008854637 -0.8496812 0.5272961 0.0007678499 -0.866025 0.4999999 -0.0008324133 -0.8736627 0.4865314 0.0007050163 -0.8898715 0.4562105 -0.0007595933 -0.8956899 0.4446788 0.0006223938 -0.9115055 0.4112875 -0.0006670239 -0.915713 0.4018326 0.0005199176 -0.9336891 0.3580844 0.0003977478 -0.9308738 0.3653405 -0.000554854 -0.9495754 0.3135386 0.0002557955 -0.9479271 0.318487 -0.0004227243 -0.9633384 0.2682891 9.408714e-05 -0.9626243 0.2708403 -0.0002709564 -0.9749465 0.2224396 -8.731738e-05 -0.9843733 0.1760942 8.30701e-05 -0.9749281 0.2225204 -9.937549e-05 -0.9915984 0.1293548 0.0002460602 -0.9848077 0.1736484 -0.0002604394 -0.9922391 0.124344 -0.0004136157 -0.9967142 0.08099679 0.0004145025 -0.9972037 0.07472982 -0.0004082055 -0.9995157 0.03111669 0.0004089822 -0.9996891 0.02493077 -0.0004027473 -0.9998224 -0.01884232 0.0004034948 -0.9996891 -0.02493077 -0.0003971012 -0.9976337 -0.06875171 0.0003980801 -0.9972037 -0.07472982 -0.0003916023 -0.9929549 -0.1184918 0.0003925133 -0.9922391 -0.124344 -0.0003860108 -0.9857981 -0.1679342 0.0003869298 -0.9848077 -0.1736484 -0.0003805539 -0.9761806 -0.2169591 0.0003811979 -0.974928 -0.2225204 -0.0003748876 -0.9641265 -0.265443 0.0003756342 -0.9626242 -0.2708403 -0.0003690779 -0.9496667 -0.3132618 0.0003700924 -0.9479272 -0.318487 -0.0003635512 -0.932836 -0.3603011 0.0003642533 -0.9308739 -0.3653406 -0.0003577614 -0.9136774 -0.40644 0.0003586218 -0.9115056 -0.4112875 -0.0003521031 -0.8922379 -0.4515654 0.0003527929 -0.8685724 -0.4955622 0.0003470866 -0.8898717 -0.4562106 -0.0003462536 -0.8427383 -0.5383233 0.0003412007 -0.8660253 -0.5000001 -0.0003405435 -0.8148007 -0.5797411 0.0003352913 -0.8400257 -0.5425465 -0.0003347937 -0.7848301 -0.6197109 0.0003295042 -0.811938 -0.5837435 -0.0003288723 -0.7529 -0.6581348 0.0003236332 -0.7818316 -0.6234896 -0.0003229829 -0.7190914 -0.6949155 0.0003177636 -0.7497812 -0.6616858 -0.0003170141 -0.6834882 -0.7299616 0.0003118691 -0.7158672 -0.6982364 -0.0003110051 -0.6461777 -0.763187 0.0003057322 -0.6801724 -0.7330521 -0.000305211 -0.6072555 -0.7945066 0.0002998188 -0.6427878 -0.7660443 -0.0002991309 -0.5668174 -0.8238435 0.0002938019 -0.6038044 -0.7971325 -0.0002930897 -0.5249649 -0.8511239 0.000287673 -0.5633195 -0.8262391 -0.0002870891 -0.4818017 -0.8762803 0.0002816455 -0.5214356 -0.8532906 -0.0002809683 -0.437437 -0.899249 0.0002754425 -0.4782533 -0.8782219 -0.0002749157 -0.4338838 -0.9009687 -0.000268883 -0.3919792 -0.919974 0.0002692036 -0.3884351 -0.9214761 -0.0002627065 -0.3455428 -0.938403 0.0002630564 -0.3420203 -0.9396926 -0.0002563949 -0.2982448 -0.9544894 0.0002569657 -0.2947547 -0.955573 -0.0002501548 -0.2502035 -0.9681932 0.000250734 -0.2467576 -0.9690772 -0.0002439866 -0.2015362 -0.979481 0.0002443993 -0.152365 -0.9883242 0.0002381734 -0.1981468 -0.9801723 -0.0002376588 -0.1028158 -0.9947004 0.0002318625 -0.1490414 -0.9888309 -0.0002313192 -0.05300947 -0.9985939 0.0002256477 -0.09956878 -0.9950306 -0.000224863 -0.003069545 -0.9999952 0.0002190564 -0.04984496 -0.9987569 -0.0002187037 0.04687674 -0.9989007 0.0002126787 0 -0.9999999 -0.0002122879 0.09670722 -0.9953128 0.0002063433 0.04984496 -0.9987569 -0.0002057833 0.1462947 -0.9892411 0.0001997869 0.09956878 -0.9950306 -0.0001994048 0.1955193 -0.9806998 0.0001933376 0.1490414 -0.9888309 -0.0001929128 0.2442542 -0.9697112 0.0001868217 0.1981468 -0.9801723 -0.0001863858 0.2923792 -0.9563025 0.0001802762 0.2467576 -0.9690773 -0.000179849 0.3397753 -0.9405066 0.0001737032 0.2947547 -0.955573 -0.0001732861 0.3863236 -0.9223633 0.0001670418 0.3420203 -0.9396926 -0.0001667513 0.4319073 -0.901918 0.0001603911 0.3884351 -0.9214761 -0.0001601526 0.4764124 -0.8792219 0.0001537307 0.4338838 -0.9009688 -0.0001534903 0.5197291 -0.8543311 0.0001470796 0.4782534 -0.8782219 -0.000146788 0.5617496 -0.8273073 0.0001402369 0.5214356 -0.8532906 -0.0001402092 0.6023667 -0.7982195 0.0001337108 0.5633196 -0.8262392 -0.0001332561 0.6414797 -0.76714 0.0001270018 0.6038044 -0.7971325 -0.0001264262 0.6789932 -0.7341446 0.0001200406 0.6427878 -0.7660443 -0.0001197719 0.7148114 -0.6993173 0.0001132809 0.6801725 -0.7330521 -0.0001128941 0.7488457 -0.6627444 0.0001063498 0.7158672 -0.6982364 -0.0001061123 0.7497813 -0.6616858 -9.920288e-05 0.7810097 -0.6245189 9.949084e-05 0.7818316 -0.6234896 -9.252447e-05 0.8112267 -0.5847319 9.235239e-05 0.8119381 -0.5837436 -8.552737e-05 0.8394172 -0.5434875 8.546731e-05 0.8400257 -0.5425466 -7.854224e-05 0.8655134 -0.5008858 7.851833e-05 0.8660254 -0.5000001 -7.151721e-05 0.8894492 -0.457034 7.154963e-05 0.8898718 -0.4562107 -6.444838e-05 0.9111649 -0.4120419 6.457342e-05 0.9115056 -0.4112875 -5.73078e-05 0.9306063 -0.3660217 5.760202e-05 0.9308739 -0.3653406 -5.036648e-05 0.9477257 -0.3190865 5.037801e-05 0.9479272 -0.318487 -4.311037e-05 0.9624788 -0.2713569 4.341481e-05 0.9626243 -0.2708403 -3.607738e-05 0.9748303 -0.2229481 3.616907e-05 0.9749281 -0.2225204 -2.893881e-05 0.9847485 -0.1739842 2.897192e-05 0.9922089 -0.1245851 2.178151e-05 0.9848077 -0.1736484 -2.173649e-05 0.9922392 -0.124344 -1.442856e-05 0.9971927 -0.0748768 1.463853e-05 0.999688 -0.02497887 7.197715e-06 0.9972038 -0.07472982 -7.364702e-06 0.9996892 -0.02493077 0 0 0 -1 0 0 -1 0 0 -1 0 0 -1 0 0 -1 0 0 -1 0 0 -1 0 0 -1 0 0 -1 0 0 -1 0 0 -1 0 0 -1 0 0 -1 0 0 -1 0 0 -1 0 0 -1 0 0 -1 0 0 -1 0 0 -1 0 0 -1 0 0 -1 0 0 -1 0 0 -1 0 0 -1 0 0 -1 0 0 -1 0 0 -1 0 0 -1 0 0 -1 0 -0 -1 0 -0 -1 0 0 -1 0 0 -1 0 0 -1 0 0 -1 0 -0 -1 0 -0 -1 0 -0 -1 0 0 -1 0 -0 -1 0 -0 -1 0 -0 -1 0 0 -1 0 0 -1 0 0 -1 0 0 -1 0 0 -1 0 0 -1 0 0 -1 0 -0 -1 0 -0 -1 0 -0 -1 0 0 -1 0 0 -1 0 -0 -1 0 -0 -1 0 -0 -1 0 0 -1 0 -0 -1 0 0 -1 0 0 -1 0 0 -1 0 0 -1 0 0 -1 0 0 -1 0 -0 -1 0 -0 -1 0 0 -1 0 -0 -1 0 -0 -1 0 -0 -1 0 -0 -1 0 0 -1 0 -0 -1 0 -0 -1 0 -0 -1 0 -0 -1 0 0 -1 0 0 -1 0 0 -1 0 -0 -1 0 -0 -1 0 -0 -1 0 0 -1 0 0 -1 0 0 -1 -0 -0 -1 0 0 -1 -0 -0 -1 0 0 -1 0 0 -1 -0 -0 -1 -0 -0 -1 -0 -0 -1 0 0 -1 0 0 -1 0 0 -1 0 0 -1 0 0 -1 0 0 -1 0 0 -1 0 0 -1 0 0 -1 -0 -0 -1 -0 -0 -1 0 0 -1 0 0 -1 -0 -0 -1 -0 -0 -1 0 -0 -1 -0 -0 -1 -0 -0 -1 0 0 -1 0 0 -1 0 0 -1 -0 -0 -1 0 0 -1 -0 -0 -1 0 0 -1 0 0 -1 0 0 -1 -0 -0 -1 -0 -0 -1 0 -0 -1 0 0 1 0 0 1 0 0 1 0 0 1 0 0 1 0 0 1 0 0 1 0 0 1 0 0 1 0 0 1 0 0 1 0 0 1 0 0 1 0 0 1 0 0 1 0 0 1 0 0 1 0 0 1 0 0 1 0 0 1 0 0 1 0 0 1 0 0 1 0 0 1 0 0 1 0 0 1 0 0 1 0 0 1 0 0 1 0 0 1 0 0 1 0 0 1 0 0 1 0 0 1 0 0 1 0 0 1 0 0 1 0 0 1 0 0 1 0 0 1 0 0 1 0 0 1 0 0 1 0 0 1 0 0 1 0 0 1 0 0 1 0 0 1 0 0 1 0 0 1 0 0 1 0 0 1 0 0 1 0 0 1 0 0 1 0 0 1 0 0 1 0 0 1 0 0 1 0 0 1 0 0 1 0 0 1 0 0 1 0 0 1 0 0 1 0 0 1 0 0 1 0 0 1 0 0 1 0 0 1 0 0 1 0 0 1 0 0 1 0 0 1 0 0 1 0 0 1 0 0 1 0 0 1 0 0 1 0 0 1 0 0 1 0 0 1 0 0 1 0 0 1 0 0 1 0 0 1 0 0 1 0 0 1 0 0 1 0 0 1 0 0 1 0 0 1 0 0 1 0 0 1 0 0 1 0 0 1 0 0 1 0 0 1 0 0 1 0 0 1 0 0 1 0 0 1 0 0 1 0 0 1 0 0 1 0 0 1 0 0 1 0 0 1 0 0 1 0 0 1 0 0 1 0 0 1 0 0 1 0 0 1 0 0 1 0 0 1 0 0 1 0 0 1 0 0 1 0 0 1 0 0 1 0 0 1 0 0 1 0 0 1 0 0 1 0 0 1 0 0 1 0 0 1 0 0 1 0 0 1 0 0 1 0 0 1 0 0 1 0 0 1 0 0 1 0 0 1 0 0 1 0 0 1 0 0 1 0 0 1 0 0 1 0 0 1 0 0 1 0 0 1 0 0 1 0 0 1 0 0 1 0 0 1 0 0 1 0 0 1 0 0 1 0 0 1 0 0 1 0 0 1 0 0 1 0 0 1 0 0 1 0 0 1 0 0 1 0 0 1 0 0 1 0 0 1 0 0 1 0 0 1 0 0 1 0 0 1 0 0 1 0 0 1 0 0 1 0 0 1 0 0 1 0 0 1 0 0 1 0 0 1 0 0 1 0 0 1 0 0 1 0 0 1 0 0 1 0 0 1 0 0 1 0 0 1 0 0 1 0 0 1 0 0 1 0 0 1 0 0 1 0 0 1 0 0 -1 0 0 -1 0 0 -1 0 0 -1 0 0 -1 0 0 -1 0 0 -1 0 0 -1 0 0 -1 0 0 -1 0 0 -1 0 0 -1 0 0 -1 0 0 -1 0 0 -1 0 0 -1 0 0 -1 -0.7418299 -0.670588 0 -0.74183 -0.670588 2.417466e-08 -0.7418301 -0.670588 0 -0.7248611 -0.688895 0 -0.7248611 -0.688895 0 -0.6895788 -0.7242106 -0 -0.6895788 -0.7242106 0 -0.652578 -0.7577215 0 -0.652578 -0.7577215 0 -0.6139507 -0.7893444 0 -0.6139507 -0.7893444 0 -0.5737941 -0.8189995 0 -0.5737941 -0.8189995 0 -0.5322084 -0.8466133 0 -0.5322084 -0.8466133 0 -0.4892934 -0.8721193 0 -0.4892934 -0.8721193 0 -0.4451614 -0.8954503 0 -0.4451614 -0.8954503 0 -0.3999209 -0.9165496 0 -0.3999209 -0.9165496 0 -0.3536818 -0.9353659 0 -0.3536818 -0.9353659 0 -0.3065618 -0.9518508 0 -0.2586795 -0.9659632 -0 -0.3065618 -0.9518508 0 -0.2586795 -0.9659632 0 -0.2101496 -0.9776692 -0 -0.2101496 -0.9776692 0 -0.1610983 -0.9869384 0 -0.1610983 -0.9869384 0 -0.1116437 -0.9937483 0 -0.1116437 -0.9937483 0 -0.06191222 -0.9980816 0 -0.01202787 -0.9999277 -0 -0.06191222 -0.9980816 0 -0.01202787 -0.9999277 0 0.03788895 -0.999282 0 0.03788895 -0.999282 0 0.08771215 -0.9961458 0 0.08771215 -0.9961458 0 0.1373138 -0.9905276 0 0.1373138 -0.9905276 0 0.1865734 -0.9824411 0 0.2353708 -0.9719056 0 0.1865734 -0.9824411 0 0.2353708 -0.9719056 0 0.2835796 -0.9589487 0 0.2835796 -0.9589487 0 0.3310834 -0.9436015 0 0.3777589 -0.925904 0 0.3310834 -0.9436015 0 0.3777589 -0.925904 0 0.4234971 -0.9058975 0 0.4681759 -0.8836353 0 0.4234971 -0.9058975 0 0.4681759 -0.8836353 0 0.5116909 -0.8591697 0 0.5116909 -0.8591697 0 0.5539297 -0.8325633 0 0.5539297 -0.8325633 0 0.5947889 -0.8038819 0 0.5947889 -0.8038819 0 0.6341648 -0.7731979 0 0.6341648 -0.7731979 0 0.6719611 -0.7405865 0 0.6719611 -0.7405865 0 0.7080818 -0.7061304 0 0.7080818 -0.7061304 0 0.742439 -0.6699136 0 0.742439 -0.6699136 0 0.7749457 -0.6320278 0 0.7749457 -0.6320278 0 0.8055216 -0.5925664 0 0.8055216 -0.5925664 0 0.8340894 -0.5516294 0 0.8340894 -0.5516294 0 0.8605783 -0.5093181 0 0.8605783 -0.5093181 0 0.8849244 -0.4657347 0 0.8849244 -0.4657347 0 0.9070632 -0.4209944 0 0.9070632 -0.4209944 0 0.9269429 -0.3752024 0 0.9269429 -0.3752024 0 0.9445124 -0.328476 0 0.9445124 -0.328476 0 0.9597278 -0.2809317 0 0.9597278 -0.2809317 0 0.9725518 -0.2326866 0 0.9725518 -0.2326866 0 0.9829524 -0.1838607 0 0.9829524 -0.1838607 0 0.9909028 -0.1345799 0 0.9909028 -0.1345799 0 0.9963845 -0.0849593 0 0.9963845 -0.0849593 0 0.9993827 -0.03513033 0 0.9993827 -0.03513033 0 0.9998906 0.01478649 -0 0.9998906 0.01478649 0 0.9979068 0.06466892 0 0.9934363 0.1143871 0 0.9979068 0.06466892 -0 0.9934363 0.1143871 0 0.9864898 0.1638224 0 0.9864898 0.1638224 0 0.9770855 0.2128472 0 0.9770855 0.2128472 -0 0.9652457 0.2613445 0 0.9652457 0.2613445 -0 0.9510008 0.3091886 0 0.9510008 0.3091886 -0 0.9343858 0.3562627 0 0.9343858 0.3562627 -0 0.9154427 0.4024485 0 0.9154427 0.4024485 -0 0.8942173 0.4476331 0 0.8707653 0.4916989 0 0.8942173 0.4476331 -0 0.8707653 0.4916989 0 0.8451413 0.5345429 0 0.8174118 0.5760539 0 0.8451413 0.5345429 -0 0.8174118 0.5760539 0 0.7876462 0.6161277 -0 0.7876462 0.6161277 0 0.7559174 0.6546671 -0 0.7559174 0.6546671 0 0.7223042 0.6915754 0 0.7223042 0.6915754 0 0.6868912 0.7267603 -0 0.6868912 0.7267603 0 0.6497669 0.7601335 -0 0.6497669 0.7601335 0 0.6110234 0.7916126 -0 0.6110234 0.7916126 0 0.5707567 0.8211192 0 0.5707567 0.8211192 0 0.5290675 0.8485796 -0 0.5290675 0.8485796 0 0.4860611 0.8739248 -0 0.4860611 0.8739248 0 0.4418427 0.8970926 0 0.4418427 0.8970926 0 0.3965224 0.9180251 -0 0.3965224 0.9180251 0 0.3502145 0.9366696 -0 0.3502145 0.9366696 0 0.3030351 0.9529794 -0 0.3030351 0.9529794 0 0.2550976 0.9669153 -0 0.2550976 0.9669153 0 0.2065275 0.9784409 0 0.2065275 0.9784409 0 0.1574417 0.9875283 -0 0.1574417 0.9875283 0 0.1327433 0.9911504 -0 0.1327434 0.9911504 -2.934383e-08 0.1327434 0.9911504 0 1 0 0 1 0 0 1 0 0 1 0 0 0 -1 0 0 -1 0 -0 -1 0 -0 -1 0 0 -1 0 0 -1 0 -0 -1 0 -0 -1 0 0 -1 0 0 -1 0 -0 -1 0 -0 -1 0 0 -1 0 0 -1 0 -0 -1 0 -0 -1 0 0 -1 0 0 -1 0 -0 -1 0 -0 -1 0 0 -1 0 0 -1 0 -0 -1 0 -0 -1 0 0 -1 0 0 -1 0 -0 -1 0 -0 -1 0 0 -1 0 0 -1 0 -0 -1 0 -0 -1 0 0 -1 0 0 -1 0 -0 -1 0 0 -1 0 -0 -1 0 0 -1 0 -0 -1 0 0 -1 0 -0 -1 0 0 -1 0 -0 -1 0 0 -1 0 -0 -1 0 0 -1 0 -0 -1 0 0 -1 0 -0 -1 0 0 -1 0 -0 -1 0 -0 -1 0 0 -1 0 0 -1 0 0 -1 0 -0 -1 0 0 -1 0 -0 -1 0 0 -1 0 0 -1 0 0 -1 0 0 -1 0 0 -1 0 0 -1 0 0 -1 0 0 -1 0 0 -1 0 -0 -1 0 -0 -1 0 0 -1 0 0 -1 0 -0 -1 0 0 -1 0 0 -1 0 -0 -1 0 0 -1 0 0 -1 0 -0 -1 0 0 -1 0 0 -1 0 -0 -1 0 0 -1 0 0 -1 0 -0 -1 0 0 -1 0 0 -1 0 0 -1 0 0 -1 0 0 -1 0 -0 -1 0 -0 -1 0 0 -1 0 0 -1 0 -0 -1 0 0 -1 0 0 -1 0 0 -1 0 -0 -1 0 0 -1 0 0 -1 0 0 -1 0 -0 -1 0 0 -1 0 0 -1 0 0 -1 0 -0 -1 0 0 -1 0 0 -1 0 0 -1 0 -0 -1 0 0 -1 0 0 -1 0 0 -1 0 0 -1 0 0 -1 0 0 -1 0 0 -1 0 -0 -1 0 0 -1 0 0 -1 0 0 -1 0 0 -1 0 -0 -1 0 -0 -1 0 0 -1 0 0 -1 0 0 -1 0 -0 -1 0 0 -1 0 0 -1 0 0 -1 0 0 -1 0 -0 -1 0 0 -1 0 0 -1 0 0 -1 0 0 -1 0 -0 -1 0 0 -1 0 0 -1 0 0 -1 0 0 -1 0 0 -1 0 0 -1 0 0 -1 0 0 -1 0 0 -1 0 -0 -1 0 -0 -1 0 0 -1 0 0 -1 0 0 -1 0 0 -1 0 -0 -1 0 0 -1 0 0 -1 0 0 -1 0 0 -1 0 -0 -1 0 0 -1 0 0 -1 0 0 -1 0 0 -1 0 0 -1 0 0 -1 0 0 -1 0 0 -1 0 -0 -1 0 0 -1 0 0 -1 0 0 -1 0 0 -1 0 0 -1 0 0 -1 0 0 -1 0 0 -1 0 0 -1 0 0 -1 0 0 -1 0 0 -1 0 0 -1 0 0 -1 0 0 -1 0 0 -1 0 0 -1 0 0 -1 0 0 -1 0 0 -1 0 0 -1 0 0 -1 0 0 -1 0 0 -1 0 0 -1 0 0 -1 0 0 -1 0 0 -1 0 0 -1 0 0 -1 0 0 -1 0 0 -1 0 0 -1 0 0 -1 0 0 -1 0 0 -1 0 0 -1 0 0 -1 0 0 -1 0 0 -1 0 0 -1 0 0 -1 0 0 -1 0 0 -1 0 0 -1 0 0 -1 0 0 -1 0 0 -1 0 0 -1 0 0 -1 0 0 -1 0 0 -1 0 0 -1 0 0 -1 0 0 -1 0 0 -1 0 0 -1 0 0 -1 0 0 -1 0 0 -1 0 0 -1 0 0 -1 0 0 -1 0 0 -1 0 0 -1 0 0 -1 0 0 -1 0 0 -1 0 0 -1 0 0 -1 0 0 -1 0 0 -1 0 0 -1 0 0 -1 0 0 -1 0 0 -1 0 0 -1 0 0 -1 0 0 -1 0 0 -1 0 -0 -1 0 0 -1 0 0 -1 0 0 -1 0 0 -1 0 0 -1 0 0 -1 0 0 -1 0 0 -1 0 0 -1 0 0 -1 0 0 -1 0 0 -1 0 0 -1 0 0 -1 0 0 -1 0 0 -1 0 0 -1 0 0 -1 0 0 -1 0 0 -1 0 0 -1 0 0 -1 0 0 -1 0 0 -1 0 0 -1 0 0 -1 0 0 -1 0 0 -1 0 0 -1 0 0 -1 0 0 -1 0 0 -1 0 0 -1 0 0 -1 0 0 -1 0 0 -1 0 0 -1 0 0 -1 0 0 -1 0 0 -1 0 0 -1 0 0 -1 0 0 -1 0 0 -1 0 0 -1 0 0 -1 0 0 -1 0 0 -1 0 0 -1 0 0 -1 0 0 -1 0 0 -1 0 0 -1 0 0 -1 0 0 -1 0 0 -1 0 0 -1 0 0 -1 0 0 -1 0 0 -1 0 0 -1 0 0 -1 0 0 -1 0 0 -1 0 0 -1 0 0 -1 0 0 -1 0 0 -1 0 0 -1 0 0 -1 0 -0 -1 0 0 -1 0 -0 -1 0 0 -1 0 -0 -1 0 0 -1 0 -0 -1 0 0 -1 0 -0 -1 0 -0 -1 0 0 -1 0 0 -1 0 0 -1 0 0 -1 0 -0 -1 0 -0 -1 0 0 -1 0 0 -1 0 0 -1 0 -0 -1 0 -0 -1 0 0 -1 0 0 -1 0 -0 -1 0 -0 -1 0 0 -1 0 0 -1 0 0 -1 0 -0 -1 0 -0 -1 0 0 -1 0 0 -1 0 0 -1 0 0 -1 0 -0 -1 0 -0 -1 0 0 -1 0 0 -1 0 0 -1 0 -0 -1 0 -0 -1 0 0 -1 0 0 -1 0 -0 -1 0 0 -1 0 -0 -1 0 0 -1 0 0 -1 0 0 -1 0 -0 -1 0 -0 -1 0 0 -1 0 0 -1 0 -0 -1 0 0 -1 0 -0 -1 0 0 -1 0 0 -1 0 0 -1 0 -0 -1 0 -0 -1 0 0 -1 0 0 -1 0 0 -1 0 -0 -1 0 0 -1 0 -0 -1 0 0 -1 0 0 -1 0 -0 -1 0 0 -1 0 -0 -1 0 0 -1 0 0 -1 0 -0 -1 0 -0 -1 0 -0 -1 0 0 -1 0 0 -1 0 0 -1 0 0 -1 0 -0 -1 0 -0 -1 0 -0 -1 0 0 -1 0 -0 -1 0 -0 -1 0 0 -1 0 0 -1 0 0 -1 0 0 -1 0 0 -1 0 0 -1 0 0 -1 0 0 -1 0 0 -1 0 0 -1 0 0 -1 0 -0 -1 0 0 -1 0 0 -1 0 0 -1 0 0 -1 0 0 -1 0 -0 -1 0 0 -1 0 0 -1 0 0 -1 0 0 -1 0 -0 -1 0 0 -1 0 -0 -1 0 0 -1 0 0 -1 0 0 -1 0 -0 -1 0 -0 -1 0 0 -1 0 0 -1 0 0 -1 0 -0 -1 0 0 -1 0 -0 -1 0 0 -1 0 0 -1 0 0 -1 0 -0 -1 0 -0 -1 0 0 -1 0 0 -1 0 -0 -1 0 -0 -1 0 0 -1 0 0 -1 0 0 -1 0 -0 -1 0 -0 -1 0 0 -1 0 0 -1 0 -0 -1 0 -0 -1 0 0 -1 0 0 -1 0 0 -1 0 -0 -1 0 -0 -1 0 0 -1 0 0 -1 0 -0 -1 0 -0 -1 0 0 -1 0 0 -1 0 0 -1 0 -0 -1 0 -0 -1 0 0 -1 0 0 -1 0 -0 -1 0 -0 -1 0 0 -1 0 0 -1 0 -0 -1 0 0 -1 0 -0 -1 0 0 -1 0 0 -1 0 -0 -1 0 -0 -1 0 0 -1 0 0 -1 0 0 -1 0 -0 -1 0 -0 -1 0 0 -1 0 0 -1 0 0 -1 0 -0 -1 0 -0 -1 0 0 -1 0 0 -1 0 -0 -1 0 -0 -1 0 0 -1 0 0 -1 0 -0 -1 0 -0 -1 0 0 -1 0 0 -1 0 0 -1 0 -0 -1 0 -0 -1 0 0 -1 0 0 -1 0 0 -1 0 -0 -1 0 -0 -1 0 0 -1 0 0 -1 0 -0 -1 0 -0 -1 0 0 -1 0 0 -1 0 0 -1 0 -0 -1 0 -0 -1 0 0 -1 0 0 -1 0 -0 -1 0 -0 -1 0 0 -1 0 -0 -1 0 -0 -1 0 0 -1 0 0 -1 0 -0 -1 0 -0 -1 0 0 -1 0 -0 -1 0 0 -1 0 -0 -1 0 0 -1 0 -0 -1 0 -0 -1 0 0 -1 0 0 -1 0 0 -1 0 -0 -1 0 -0 -1 0 0 -1 0 -0 -1 0 0 -1 0 0 -1 0 -0 -1 0 0 -1 0 0 -1 0 0 -1 0 0 -1 0 0 -1 0 0 -1 0 0 -1 0 0 -1 0 0 -1 0 0 -1 0 0 -1 0 0 -1 0 0 -1 0 0 -1 0 0 -1 0 0 -1 0 0 -1 0 0 -1 0 0 -1 0 0 -1 0 0 -1 0 0 -1 0 0 -1 0 0 -1 0 0 -1 0 0 -1 0 0 -1 0 0 -1 0 0 -1 0 0 -1 0 0 -1 0 0 -1 0 0 -1 0 0 -1 0 0 -1 0 0 -1 0 0 -1 0 0 -1 0 0 -1 0 0 -1 0 0 -1 0 0 -1 0 0 -1 0 0 -1 0 0 -1 0 0 -1 0 0 -1 0 0 -1 0 0 -1 0 0 -1 0 0 -1 0 0 -1 0 0 -1 0 0 -1 0 0 -1 0 0 -1 0 0 -1 0 0 -1 0 0 -1 0 0 -1 0 0 -1 0 0 -1 0 0 -1 0 0 -1 0 0 -1 0 0 -1 0 0 -1 0 0 -1 0 0 -1 0 0 -1 0 0 -1 0 0 -1 0 0 -1 0 0 -1 0 0 -1 0 0 -1 0 0 -1 0 0 -1 0 0 -1 0 0 -1 0 0 -1 0 0 -1 0 0 -1 0 0 -1 0 0 -1 0 0 -1 0 0 -1 0 0 -1 0 0 -1 0 0 -1 0 0 -1 0 0 0 1 0 0 1 0 0 1 0 0 1 0 0 1 0 0 1 0 0 1 0 0 1 0 0 1 0 0 1 0 0 1 0 0 1 0 0 1 0 0 1 0 0 1 0 0 1 0 0 1 0 0 1 0 0 1 0 0 1 0 0 1 0 0 1 0 0 1 0 0 1 0 0 1 0 0 1 0 0 1 0 0 1 0 0 1 0 0 1 0 0 1 0 0 1 0 0 1 0 0 1 0 0 1 0 0 1 0 0 1 0 0 1 0 0 1 0 0 1 0 0 1 0 0 1 0 0 1 0 0 1 0 0 1 0 0 1 0 0 1 0 0 1 0 0 1 0 0 1 0 0 1 0 0 1 0 0 1 0 0 1 0 0 1 0 0 1 0 0 1 0 0 1 0 0 1 0 0 1 0 0 1 0 0 1 0 0 1 0 0 1 0 0 1 0 0 1 0 0 1 0 0 1 0 0 1 0 0 1 0 0 1 0 0 1 0 0 1 0 0 1 0 0 1 0 0 1 0 0 1 0 0 1 0 0 1 0 0 1 0 1 0 0 1 0 0 1 0 0 0 -1 0 0 -1 0 1 0 0 1 0 0 1 0 0 1 0 0 1 0 0 1 0 0 1 0 0 1 0 0 1 0 0 1 0 0 1 0 0 1 0 0 1 0 0 1 0 0 1 0 0 1 0 0 1 0 0 1 0 0 1 0 0 1 0 0 1 0 0 1 0 0 1 0 0 1 0 0 1 0 0 1 0 0 1 0 0 1 0 0 1 0 0 1 0 0 1 0 0 1 0 0 1 0 0 1 0 0 1 0 0 1 0 0 1 0 0 1 0 0 1 0 0 1 0 0 1 0 0 1 0 0 1 0 0 1 0 0 1 0 0 1 0 0 1 0 0 1 0 0 1 0 0 1 0 0 1 0 0 1 0 0 1 0 0 1 0 0 1 0 0 1 0 0 1 0 0 1 0 0 1 0 0 1 0 0 1 0 0 1 0 0 1 0 0 1 0 0 1 0 0 1 0 0 1 0 0 1 0 0 1 0 0 1 0 0 1 0 0 1 0 0 1 0 0 1 0 0 1 0 0 1 0 0 1 0 0 1 0 0 1 0 0 1 0 0 1 0 0 1 0 0 1 0 0 1 0 0 1 0 0 1 0 0 1 0 0 1 0 0 1 0 0 1 0 0 1 0 0 1 0 0 1 0 0 1 0 0 1 0 0 1 0 0 1 0 0 1 0 0 1 0 0 1 0 0 1 0 0 1 0 0 1 0 0 1 0 0 1 0 0 1 0 0 1 0 0 1 0 0 1 0 0 1 0 0 1 0 0 1 0 0 1 0 0 1 0 0 1 0 0 1 0 0 1 0 0 1 0 0 1 0 0 1 0 0 1 0 0 1 0 0 1 0 0 1 0 0 1 0 0 1 0 0 1 0 0 1 0 0 1 0 0 1 0 0 1 0 0 1 0 0 1 0 0 1 0 0 1 0 0 1 0 0 1 0 0 1 0 0 1 0 0 1 0 0 1 0 0 1 0 0 1 0 0 1 0 0 1 0 0 1 0 0 1 0 0 1 0 0 1 0 0 1 0 0 1 0 0 1 0 0 1 0 0 1 0 0 1 0 0 1 0 0 1 0 0 1 0 0 1 0 0 1 0 0 1 0 0 1 0 0 1 0 0 1 0 0 1 0 0 1 0 0 1 0 0 1 0 0 1 0 0 1 0 0 1 0 0 1 0 0 1 0 0 1 0 0 1 0 0 1 0 0 1 0 0 1 0 0 1 0 0 1 0 0 1 0 0 1 0 0 1 0 0 1 0 0 1 0 0 1 0 0 1 0 0 1 0 0 1 0 0 1 0 0 1 0 0 1 0 0 1 0 0 1 0 0 1 0 0 1 0 0 1 0 0 1 0 0 1 0 0 1 0 0 1 0 0 1 0 0 1 0 0 1 0 0 1 0 0 1 0 0 1 0 0 1 0 0 1 0 0 1 0 0 1 0 0 1 0 0 1 0 0 1 0 0 1 0 0 1 0 0 1 0 0 1 0 0 1 0 0 1 0 0 1 0 0 1 0 0 1 0 0 1 0 0 1 0 0 1 0 0 1 0 0 1 0 0 1 0 0 1 0 0 1 0 0 1 0 0 1 0 0 1 0 0 1 0 0 1 0 0 1 0 0 1 0 0 1 0 0 1 0 0 1 0 0 1 0 0 1 0 0 1 0 0 1 0 0 1 0 0 1 0 0 1 0 0 1 0 0 1 0 0 1 0 0 1 0 0 1 0 0 1 0 0 1 0 0 1 0 0 1 0 0 1 0 0 1 0 0 1 0 0 1 0 0 1 0 0 1 0 0 1 0 0 1 0 0 1 0 0 1 0 0 1 0 0 1 0 0 1 0 0 1 0 0 1 0 0 1 0 0 1 0 0 1 0 0 1 0 0 1 0 0 1 0 0 1 0 0 1 0 0 1 0 0 1 0 0 1 0 0 1 0 0 1 0 0 1 0 0 1 0 0 1 0 0 1 0 0 1 0 0 1 0 0 1 0 0 1 0 0 1 0 0 1 0 0 1 0 0 1 0 0 1 0 0 1 0 0 1 0 0 1 0 0 1 0 0 1 0 0 1 0 0 1 0 0 1 0 0 1 0 0 1 0 0 1 0 0 1 0 0 1 0 0 1 0 0 1 0 0 1 0 0 1 0 0 1 0 0 1 0 0 1 0 0 1 0 0 1 0 0 1 0 0 1 0 0 1 0 0 1 0 0 1 0 0 1 0 0 1 0 0 1 0 0 1 0 0 1 0 0 1 0 0 1 0 0 1 0 0 1 0 0 1 0 0 1 0 0 1 0 0 1 0 0 1 0 0 1 0 0 1 0 0 1 0 0 1 0 0 1 0 0 1 0 0 1 0 0 1 0 0 1 0 0 1 0 0 1 0 0 1 0 0 1 0 0 1 0 0 1 0 0 1 0 0 1 0 0 1 0 0 1 0 0 1 0 0 1 0 0 1 0 0 1 0 0 1 0 0 1 0 0 1 0 0 1 0 0 1 0 0 1 0 0 1 0 0 1 0 0 1 0 0 1 0 0 1 0 0 1 0 0 1 0 0 1 0 0 1 0 0 1 0 0 1 0 0 1 0 0 1 0 0 1 0 0 1 0 0 1 0 0 1 0 0 1 0 0 1 0 0 1 0 0 1 0 0 1 0 0 1 0 0 1 0 0 1 0 0 1 0 0 1 0 0 1 0 0 1 0 0 1 0 0 1 0 0 1 0 0 1 0 0 1 0 0 1 0 0 1 0 0 1 0 0 1 0 0 1 0 0 1 0 0 1 0 0 1 0 0 1 0 0 1 0 0 1 0 0 1 0 0 1 0 0 1 0 0 1 0 0 1 0 0 1 0 0 1 0 0 1 0 0 1 0 0 1 0 0 1 0 0 1 0 0 1 0 0 1 0 0 1 0 0 1 0 0 1 0 0 1 0 0 1 0 0 1 0 0 1 0 0 1 0 0 1 0 0 1 0 0 1 0 0 1 0 0 1 0 0 1 0 0 1 0 0 1 0 0 1 0 0 1 0 0 1 0 0 1 0 0 1 0 0 1 0 0 1 0 0 1 0 0 1 0 0 1 0 0 1 0 0 1 0 0 1 0 0 1 0 0 1 0 0 1 0 0 1 0 0 1 0 0 1 0 0 1 0 0 1 0 0 1 0 0 1 0 0 1 0 0 1 0 0 1 0 0 1 0 0 1 0 0 1 0 0 1 0 0 1 0 0 1 0 0 1 0 0 1 0 0 1 0 0 1 0 0 1 0 0 1 0 0 1 0 0 1 0 0 1 0 0 1 0 0 1 0 0 1 0 0 1 0 0 1 0 0 1 0 0 1 0 0 1 0 0 1 0 0 1 0 0 1 0 0 1 0 0 1 0 0 1 0 0 1 0 0 1 0 0 1 0 0 1 0 0 1 0 0 1 0 0 1 0 0 1 0 0 1 0 0 1 0 0 1 0 0 1 0 0 1 0 0 1 0 0 1 0 0 1 0 0 1 0 0 1 0 0 1 0 0 1 0 0 1 0 0 1 0 0 1 0 0 1 0 0 1 0 0 1 0 0 1 0 0 1 0 0 1 0 0 1 0 0 1 0 0 1 0 0 1 0 0 1 0 0 1 0 0 1 0 0 1 0 0 1 0 0 1 0 0 1 0 0 1 0 0 1 0 0 1 0 0 1 0 0 1 0 0 1 0 0 1 0 0 1 0 0 1 0 0 1 0 0 1 0 0 1 0 0 1 0 0 1 0 0 1 0 0 1 0 0 1 0 0 1 0 0 1 0 0 1 0 0 1 0 0 1 0 0 1 0 0 1 0 0 1 0 0 1 0 0 1 0 0 1 0 0 1 0 0 1 0 0 1 0 0 1 0 0 1 0 0 1 0 0 1 0 0 1 0 0 1 0 0 1 0 0 1 0 0 1 0 0 1 0 0 1 0 0 1 0 0 1 0 0 1 0 0 1 0 0 1 0 0 1 0 0 1 0 0 1 0 0 1 0 0 1 0 0 1 0 0 1 0 0 1 0 0 1 0 0 1 0 0 1 0 0 1 0 0 1 0 0 1 0 0 1 0 0 1 0 0 1 0 0 1 0 0 1 0 0 1 0 0 1 0 0 1 0 0 1 0 0 1 0 0 1 0 0 1 0 0 1 0 0 1 0 0 1 0 0 1 0 0 1 0 0 1 0 0 1 0 0 1 0 0 1 0 0 1 0 0 1 0 0 1 0 -0 1 0 -0 1 0 0 1 0 0 1 0 0 1 0 0 1 0 0 1 0 0 1 0 0 1 0 0 1 0 0 1 0 0 1 0 0 1 0 0 1 0 0 1 0 0 1 0 0 1 0 0 1 0 0 1 0 0 0 -1 0 0 -1 -1 0 0 -1 0 0 -1 0 0 -1 0 0 -0.9996889 0 -0.02494097 -0.9996889 0 -0.02494097 -0.9972054 0 -0.07470828 -0.9972054 0 -0.07470828 -0.9922371 0 -0.1243603 -0.9922371 0 -0.1243603 -0.9848108 0 -0.1736309 -0.9848108 0 -0.1736309 -0.9749286 0 -0.2225181 -0.9749286 0 -0.2225181 -0.9626166 0 -0.2708675 -0.9479365 -0 -0.3184593 -0.9626166 0 -0.2708675 -0.9479365 0 -0.3184593 -0.9308691 0 -0.3653529 -0.9308691 0 -0.3653529 -0.9115022 0 -0.411295 -0.9115022 0 -0.411295 -0.889874 0 -0.4562064 -0.889874 0 -0.4562064 -0.8660231 0 -0.5000041 -0.8660231 0 -0.5000041 -0.8400276 0 -0.5425437 -0.8400276 0 -0.5425437 -0.8119392 0 -0.583742 -0.8119392 0 -0.583742 -0.7818334 -0 -0.6234875 -0.7818334 0 -0.6234875 -0.7497738 -0 -0.6616943 -0.7497738 0 -0.6616943 -0.715869 0 -0.6982346 -0.715869 0 -0.6982346 -0.6801773 -0 -0.7330476 -0.6801773 0 -0.7330476 -0.6427824 0 -0.7660488 -0.6427824 0 -0.7660488 -0.6038121 0 -0.7971267 -0.6038121 0 -0.7971267 -0.5633078 0 -0.8262472 -0.5633078 0 -0.8262472 -0.5214436 0 -0.8532857 -0.5214436 0 -0.8532857 -0.4782576 0 -0.8782196 -0.4782576 0 -0.8782196 -0.4338819 0 -0.9009697 -0.4338819 0 -0.9009697 -0.3884346 0 -0.9214762 -0.3884346 0 -0.9214762 -0.3420223 0 -0.9396918 -0.3420223 0 -0.9396918 -0.294748 0 -0.955575 -0.294748 0 -0.955575 -0.2467606 0 -0.9690765 -0.2467606 0 -0.9690765 -0.1981492 0 -0.9801719 -0.1981492 0 -0.9801719 -0.1490407 0 -0.988831 -0.1490407 0 -0.988831 -0.09956716 0 -0.9950309 -0.09956716 0 -0.9950309 -0.04984622 0 -0.9987569 -0.04984622 0 -0.9987569 -0 0 -1 0 0 -1 0.04984622 0 -0.9987569 0.09956716 0 -0.9950309 0.04984622 0 -0.9987569 0.09956716 0 -0.9950309 0.1490407 0 -0.988831 0.1490407 0 -0.988831 0.1981492 0 -0.9801719 0.1981492 0 -0.9801719 0.2467606 0 -0.9690765 0.2467606 0 -0.9690765 0.294748 0 -0.955575 0.294748 0 -0.955575 0.3420223 0 -0.9396918 0.3420223 0 -0.9396918 0.3884346 0 -0.9214762 0.3884346 0 -0.9214762 0.4338819 0 -0.9009697 0.4338819 0 -0.9009697 0.4782576 0 -0.8782196 0.4782576 0 -0.8782196 0.5214436 0 -0.8532857 0.5214436 0 -0.8532857 0.5633078 0 -0.8262472 0.5633078 0 -0.8262472 0.6038121 0 -0.7971267 0.6038121 0 -0.7971267 0.6427824 0 -0.7660488 0.6427824 0 -0.7660488 0.6801773 0 -0.7330476 0.6801773 0 -0.7330476 0.715869 0 -0.6982346 0.715869 0 -0.6982346 0.7497738 0 -0.6616943 0.7497738 0 -0.6616943 0.7818334 0 -0.6234875 0.7818334 0 -0.6234875 0.8119392 0 -0.583742 0.8119392 0 -0.583742 0.8400276 0 -0.5425437 0.8660231 0 -0.5000041 0.8400276 0 -0.5425437 0.8660231 0 -0.5000041 0.889874 0 -0.4562064 0.889874 0 -0.4562064 0.9115022 0 -0.411295 0.9115022 0 -0.411295 0.9308691 0 -0.3653529 0.9308691 0 -0.3653529 0.9479365 0 -0.3184593 0.9479365 0 -0.3184593 0.9626166 0 -0.2708675 0.9626166 0 -0.2708675 0.9749286 0 -0.2225181 0.9749286 0 -0.2225181 0.9848108 0 -0.1736309 0.9848108 0 -0.1736309 0.9922371 0 -0.1243603 0.9922371 0 -0.1243603 0.9972054 0 -0.07470828 0.9972054 0 -0.07470828 0.9996889 0 -0.02494097 0.9996889 0 -0.02494097 0.9996889 -0 0.02494097 0.9996889 0 0.02494097 0.9972054 -0 0.07470828 0.9972054 0 0.07470828 0.9922371 -0 0.1243603 0.9922371 0 0.1243603 0.9848108 -0 0.1736309 0.9848108 0 0.1736309 0.9749286 -0 0.2225181 0.9749286 0 0.2225181 0.9626167 -0 0.2708672 0.9626167 0 0.2708672 0.9479364 -0 0.3184597 0.9479364 0 0.3184597 0.930869 -0 0.3653531 0.930869 0 0.3653531 0.9115026 -0 0.4112943 0.9115026 0 0.4112943 0.8898736 -0 0.4562072 0.8898736 0 0.4562072 0.8660235 -0 0.5000033 0.8660235 0 0.5000033 0.8400272 -0 0.5425444 0.8400272 0 0.5425444 0.8119397 -0 0.5837412 0.8119397 0 0.5837412 0.7818326 -0 0.6234884 0.7818326 0 0.6234884 0.7497736 -0 0.6616945 0.7497736 0 0.6616945 0.7158692 -0 0.6982344 0.7158692 0 0.6982344 0.6801783 -0 0.7330467 0.6801783 0 0.7330467 0.6427821 -0 0.7660491 0.6427821 0 0.7660491 0.6038124 -0 0.7971265 0.6038124 0 0.7971265 0.5633069 0 0.8262478 0.5633069 -0 0.8262478 0.5214446 0 0.8532852 0.5214446 -0 0.8532852 0.4782574 0 0.8782197 0.4782574 -0 0.8782197 0.433881 0 0.9009702 0.433881 -0 0.9009702 0.3884351 0 0.9214761 0.3884351 -0 0.9214761 0.3420225 -0 0.9396917 0.3420225 0 0.9396917 0.2947467 -0 0.9555754 0.2947467 0 0.9555754 0.2467615 -0 0.9690762 0.2467615 0 0.9690762 0.1981489 -0 0.9801719 0.1981489 0 0.9801719 0.1490419 -0 0.9888309 0.1490419 0 0.9888309 0.09956716 -0 0.9950309 0.09956716 0 0.9950309 0.04984652 -0 0.9987569 0.04984652 0 0.9987569 0 0 1 -0 0 1 -0.04984652 0 0.9987569 -0.04984652 0 0.9987569 -0.09956716 0 0.9950309 -0.09956716 0 0.9950309 -0.1490419 0 0.9888309 -0.1490419 0 0.9888309 -0.1981489 0 0.9801719 -0.1981489 0 0.9801719 -0.2467615 0 0.9690762 -0.2947467 0 0.9555754 -0.2467615 0 0.9690762 -0.2947467 0 0.9555754 -0.3420225 0 0.9396917 -0.3420225 0 0.9396917 -0.3884351 0 0.9214761 -0.3884351 0 0.9214761 -0.433881 0 0.9009702 -0.433881 0 0.9009702 -0.4782574 0 0.8782197 -0.4782574 0 0.8782197 -0.5214446 0 0.8532852 -0.5214446 0 0.8532852 -0.5633069 0 0.8262478 -0.5633069 0 0.8262478 -0.6038124 0 0.7971265 -0.6038124 0 0.7971265 -0.6427821 0 0.7660491 -0.6427821 0 0.7660491 -0.6801783 0 0.7330467 -0.6801783 0 0.7330467 -0.7158692 0 0.6982344 -0.7158692 0 0.6982344 -0.7497736 0 0.6616945 -0.7497736 0 0.6616945 -0.7818326 0 0.6234884 -0.7818326 0 0.6234884 -0.8119397 0 0.5837412 -0.8119397 0 0.5837412 -0.8400272 0 0.5425444 -0.8400272 0 0.5425444 -0.8660235 0 0.5000033 -0.8660235 0 0.5000033 -0.8898736 0 0.4562072 -0.8898736 0 0.4562072 -0.9115026 0 0.4112943 -0.9115026 0 0.4112943 -0.930869 0 0.3653531 -0.930869 0 0.3653531 -0.9479364 0 0.3184597 -0.9479364 0 0.3184597 -0.9626167 0 0.2708672 -0.9626167 0 0.2708672 -0.9749286 0 0.2225181 -0.9749286 0 0.2225181 -0.9848108 0 0.1736309 -0.9848108 0 0.1736309 -0.9922371 0 0.1243603 -0.9922371 0 0.1243603 -0.9972054 0 0.07470828 -0.9972054 0 0.07470828 -0.9996889 0 0.02494097 -0.9996889 0 0.02494097 -0.9996892 0 -0.02492919 -0.9996892 0 -0.02492919 -0.9972039 0 -0.07472879 -0.9972039 0 -0.07472879 -0.9922389 0 -0.1243458 -0.9922389 0 -0.1243458 -0.9848072 0 -0.1736512 -0.9848072 0 -0.1736512 -0.974928 0 -0.2225204 -0.974928 0 -0.2225204 -0.962625 0 -0.2708375 -0.9479266 -0 -0.318489 -0.962625 0 -0.2708375 -0.9479266 0 -0.318489 -0.9308742 0 -0.36534 -0.9308742 0 -0.36534 -0.9115068 0 -0.411285 -0.9115068 0 -0.411285 -0.8898714 0 -0.4562115 -0.8898714 0 -0.4562115 -0.8660246 0 -0.5000013 -0.8660246 0 -0.5000013 -0.8400263 0 -0.5425457 -0.8400263 0 -0.5425457 -0.8119392 0 -0.583742 -0.8119392 0 -0.583742 -0.7818291 -0 -0.623493 -0.7818291 0 -0.623493 -0.7497826 -0 -0.6616843 -0.7497826 0 -0.6616843 -0.7158669 0 -0.6982367 -0.7158669 0 -0.6982367 -0.6801728 -0 -0.7330517 -0.6801728 0 -0.7330517 -0.6427853 0 -0.7660463 -0.6427853 0 -0.7660463 -0.6038067 0 -0.7971307 -0.6038067 0 -0.7971307 -0.5633186 0 -0.8262398 -0.5633186 0 -0.8262398 -0.5214362 0 -0.8532903 -0.5214362 0 -0.8532903 -0.4782552 0 -0.8782209 -0.4782552 0 -0.8782209 -0.4338829 0 -0.9009693 -0.4338829 0 -0.9009693 -0.3884338 0 -0.9214767 -0.3884338 0 -0.9214767 -0.342021 0 -0.9396924 -0.342021 0 -0.9396924 -0.2947558 0 -0.9555726 -0.2947558 0 -0.9555726 -0.2467567 0 -0.9690774 -0.2467567 0 -0.9690774 -0.1981463 0 -0.9801724 -0.1981463 0 -0.9801724 -0.149042 0 -0.9888309 -0.149042 0 -0.9888309 -0.09956796 0 -0.9950308 -0.09956796 0 -0.9950308 -0.04984589 0 -0.9987569 -0.04984589 0 -0.9987569 -0 0 -1 0 0 -1 0.04984589 0 -0.9987569 0.09956796 0 -0.9950308 0.04984589 0 -0.9987569 0.09956796 0 -0.9950308 0.149042 0 -0.9888309 0.149042 0 -0.9888309 0.1981463 0 -0.9801724 0.1981463 0 -0.9801724 0.2467567 0 -0.9690774 0.2467567 0 -0.9690774 0.2947558 0 -0.9555726 0.2947558 0 -0.9555726 0.342021 0 -0.9396924 0.342021 0 -0.9396924 0.3884338 0 -0.9214767 0.3884338 0 -0.9214767 0.4338829 0 -0.9009693 0.4338829 0 -0.9009693 0.4782552 0 -0.8782209 0.4782552 0 -0.8782209 0.5214362 0 -0.8532903 0.5214362 0 -0.8532903 0.5633186 0 -0.8262398 0.5633186 0 -0.8262398 0.6038039 0 -0.7971328 0.6038039 0 -0.7971328 0.6427911 0 -0.7660415 0.6427911 0 -0.7660415 0.6801699 0 -0.7330545 0.6801699 0 -0.7330545 0.7158699 0 -0.6982337 0.7158699 0 -0.6982337 0.7497767 0 -0.6616909 0.7497767 0 -0.6616909 0.7818319 0 -0.6234893 0.7818319 0 -0.6234893 0.8119392 0 -0.583742 0.8119392 0 -0.583742 0.8400263 0 -0.5425457 0.8660272 0 -0.4999969 0.8400263 0 -0.5425457 0.8660272 0 -0.4999969 0.8898714 0 -0.4562115 0.8898714 0 -0.4562115 0.9115068 0 -0.411285 0.9115068 0 -0.411285 0.9308721 0 -0.365345 0.9308721 0 -0.365345 0.9479266 0 -0.318489 0.9479266 0 -0.318489 0.9626235 0 -0.270843 0.9626235 0 -0.270843 0.9749293 0 -0.2225148 0.9749293 0 -0.2225148 0.9848082 0 -0.1736455 0.9848082 0 -0.1736455 0.9922382 0 -0.1243516 0.9922382 0 -0.1243516 0.9972039 0 -0.07472879 0.9972039 0 -0.07472879 0.9996892 0 -0.02492919 0.9996892 0 -0.02492919 0.9996892 -0 0.02492919 0.9996892 0 0.02492919 0.9972039 -0 0.07472879 0.9972039 0 0.07472879 0.9922382 -0 0.1243516 0.9922382 0 0.1243516 0.9848082 -0 0.1736455 0.9848082 0 0.1736455 0.9749293 -0 0.2225151 0.9749293 0 0.2225151 0.9626237 -0 0.2708426 0.9626237 0 0.2708426 0.9479268 -0 0.3184885 0.9479268 0 0.3184885 0.930872 -0 0.3653455 0.930872 0 0.3653455 0.9115066 -0 0.4112855 0.9115066 0 0.4112855 0.889872 -0 0.4562103 0.889872 0 0.4562103 0.8660269 -0 0.4999976 0.8660269 0 0.4999976 0.8400258 -0 0.5425463 0.8400258 0 0.5425463 0.8119392 -0 0.583742 0.8119392 0 0.583742 0.7818325 -0 0.6234886 0.7818325 0 0.6234886 0.7497761 -0 0.6616916 0.7497761 0 0.6616916 0.7158706 -0 0.6982329 0.7158706 0 0.6982329 0.6801707 -0 0.7330538 0.6801707 0 0.7330538 0.6427903 -0 0.7660423 0.6427903 0 0.7660423 0.6038048 -0 0.7971322 0.6038048 0 0.7971322 0.5633186 0 0.8262398 0.5633186 -0 0.8262398 0.5214341 0 0.8532916 0.5214341 -0 0.8532916 0.4782552 0 0.8782209 0.4782552 -0 0.8782209 0.4338852 0 0.9009681 0.4338852 -0 0.9009681 0.3884319 0 0.9214774 0.3884319 -0 0.9214774 0.3420216 -0 0.9396921 0.3420216 0 0.9396921 0.2947545 -0 0.955573 0.2947545 0 0.955573 0.2467581 -0 0.9690771 0.2467581 0 0.9690771 0.1981478 -0 0.9801722 0.1981478 0 0.9801722 0.1490391 -0 0.9888313 0.1490391 0 0.9888313 0.09957014 -0 0.9950305 0.09957014 0 0.9950305 0.04984662 -0 0.9987569 0.04984662 0 0.9987569 0 0 1 -0 0 1 -0.04984662 0 0.9987569 -0.04984662 0 0.9987569 -0.09957014 0 0.9950305 -0.09957014 0 0.9950305 -0.1490391 0 0.9888313 -0.1490391 0 0.9888313 -0.1981478 0 0.9801722 -0.1981478 0 0.9801722 -0.2467581 0 0.9690771 -0.2947545 0 0.955573 -0.2467581 0 0.9690771 -0.2947545 0 0.955573 -0.3420216 0 0.9396921 -0.3420216 0 0.9396921 -0.3884319 0 0.9214774 -0.3884319 0 0.9214774 -0.4338852 0 0.9009681 -0.4338852 0 0.9009681 -0.4782552 0 0.8782209 -0.4782552 0 0.8782209 -0.5214341 0 0.8532916 -0.5214341 0 0.8532916 -0.5633186 0 0.8262398 -0.5633186 0 0.8262398 -0.6038077 0 0.79713 -0.6038077 0 0.79713 -0.6427845 0 0.7660471 -0.6427845 0 0.7660471 -0.6801736 0 0.7330511 -0.6801736 0 0.7330511 -0.7158677 0 0.698236 -0.7158677 0 0.698236 -0.749782 0 0.661685 -0.749782 0 0.661685 -0.7818296 0 0.6234922 -0.7818296 0 0.6234922 -0.8119392 0 0.583742 -0.8119392 0 0.583742 -0.8400258 0 0.5425463 -0.8400258 0 0.5425463 -0.8660242 0 0.5000019 -0.8660242 0 0.5000019 -0.889872 0 0.4562103 -0.889872 0 0.4562103 -0.9115066 0 0.4112855 -0.9115066 0 0.4112855 -0.930874 0 0.3653405 -0.930874 0 0.3653405 -0.9479268 0 0.3184885 -0.9479268 0 0.3184885 -0.9626251 0 0.2708372 -0.9626251 0 0.2708372 -0.974928 0 0.2225207 -0.974928 0 0.2225207 -0.9848072 0 0.1736512 -0.9848072 0 0.1736512 -0.9922389 0 0.1243458 -0.9922389 0 0.1243458 -0.9972039 0 0.07472879 -0.9972039 0 0.07472879 -0.9996892 0 0.02492919 -0.9996892 0 0.02492919 -0.999689 0 -0.02494106 -0.999689 0 -0.02494106 -0.9972025 0 -0.07474668 -0.9972025 0 -0.07474668 -0.9922419 0 -0.1243219 -0.9922419 0 -0.1243219 -0.9848042 0 -0.1736686 -0.9848042 0 -0.1736686 -0.9749373 0 -0.22248 -0.9749373 0 -0.22248 -0.9626262 0 -0.2708336 -0.9479251 -0 -0.3184933 -0.9626262 0 -0.2708336 -0.9479251 0 -0.3184933 -0.9308554 0 -0.3653879 -0.9308554 0 -0.3653879 -0.911532 0 -0.411229 -0.911532 0 -0.411229 -0.8898757 0 -0.4562033 -0.8898757 0 -0.4562033 -0.8660027 0 -0.5000392 -0.8660027 0 -0.5000392 -0.8400481 0 -0.5425119 -0.8400481 0 -0.5425119 -0.8119397 0 -0.5837412 -0.8119397 0 -0.5837412 -0.7818158 -0 -0.6235095 -0.7818158 0 -0.6235095 -0.7497725 -0 -0.6616956 -0.7497725 0 -0.6616956 -0.7158883 0 -0.6982149 -0.7158883 0 -0.6982149 -0.6801605 -0 -0.7330632 -0.6801605 0 -0.7330632 -0.6427807 0 -0.7660503 -0.6427807 0 -0.7660503 -0.6038124 0 -0.7971265 -0.6038124 0 -0.7971265 -0.5633036 0 -0.82625 -0.5633036 0 -0.82625 -0.5214376 0 -0.8532894 -0.5214376 0 -0.8532894 -0.478261 0 -0.8782177 -0.478261 0 -0.8782177 -0.433868 0 -0.9009765 -0.433868 0 -0.9009765 -0.3884529 0 -0.9214686 -0.3884529 0 -0.9214686 -0.3420102 0 -0.9396962 -0.3420102 0 -0.9396962 -0.2947618 0 -0.9555708 -0.2947618 0 -0.9555708 -0.2467639 0 -0.9690756 -0.2467639 0 -0.9690756 -0.198146 0 -0.9801726 -0.198146 0 -0.9801726 -0.1490325 0 -0.9888323 -0.1490325 0 -0.9888323 -0.09957189 0 -0.9950303 -0.09957189 0 -0.9950303 -0.04984223 0 -0.9987571 -0.04984223 0 -0.9987571 -0 0 -1 0 0 -1 0.04984223 0 -0.9987571 0.09957189 0 -0.9950303 0.04984223 0 -0.9987571 0.09957189 0 -0.9950303 0.1490325 0 -0.9888323 0.1490325 0 -0.9888323 0.198146 0 -0.9801726 0.198146 0 -0.9801726 0.2467639 0 -0.9690756 0.2467639 0 -0.9690756 0.2947618 0 -0.9555708 0.2947618 0 -0.9555708 0.3420102 0 -0.9396962 0.3420102 0 -0.9396962 0.3884529 0 -0.9214686 0.3884529 0 -0.9214686 0.433868 0 -0.9009765 0.433868 0 -0.9009765 0.478261 0 -0.8782177 0.478261 0 -0.8782177 0.5214376 0 -0.8532894 0.5214376 0 -0.8532894 0.5633036 0 -0.82625 0.5633036 0 -0.82625 0.6038124 0 -0.7971265 0.6038124 0 -0.7971265 0.6427807 0 -0.7660503 0.6427807 0 -0.7660503 0.6801605 0 -0.7330632 0.6801605 0 -0.7330632 0.7158883 0 -0.6982149 0.7158883 0 -0.6982149 0.7497725 0 -0.6616956 0.7497725 0 -0.6616956 0.7818158 0 -0.6235095 0.7818158 0 -0.6235095 0.8119397 0 -0.5837412 0.8119397 0 -0.5837412 0.8400481 0 -0.5425119 0.8660027 0 -0.5000392 0.8400481 0 -0.5425119 0.8660027 0 -0.5000392 0.8898757 0 -0.4562033 0.8898757 0 -0.4562033 0.911532 0 -0.411229 0.911532 0 -0.411229 0.9308554 0 -0.3653879 0.9308554 0 -0.3653879 0.9479251 0 -0.3184933 0.9479251 0 -0.3184933 0.9626262 0 -0.2708336 0.9626262 0 -0.2708336 0.9749373 0 -0.22248 0.9749373 0 -0.22248 0.9848042 0 -0.1736686 0.9848042 0 -0.1736686 0.9922419 0 -0.1243219 0.9922419 0 -0.1243219 0.9972025 0 -0.07474668 0.9972025 0 -0.07474668 0.999689 0 -0.02494106 0.999689 0 -0.02494106 0.999689 -0 0.02494106 0.999689 0 0.02494106 0.9972025 -0 0.07474668 0.9972025 0 0.07474668 0.9922419 -0 0.1243219 0.9922419 0 0.1243219 0.9848042 -0 0.1736686 0.9848042 0 0.1736686 0.9749373 -0 0.22248 0.9749373 0 0.22248 0.9626262 -0 0.2708336 0.9626262 0 0.2708336 0.9479251 -0 0.3184933 0.9479251 0 0.3184933 0.9308554 -0 0.3653879 0.9308554 0 0.3653879 0.911532 -0 0.411229 0.911532 0 0.411229 0.8898757 -0 0.4562033 0.8898757 0 0.4562033 0.8660027 -0 0.5000392 0.8660027 0 0.5000392 0.8400481 -0 0.5425119 0.8400481 0 0.5425119 0.8119397 -0 0.5837412 0.8119397 0 0.5837412 0.7818158 -0 0.6235095 0.7818158 0 0.6235095 0.7497725 -0 0.6616956 0.7497725 0 0.6616956 0.7158883 -0 0.6982149 0.7158883 0 0.6982149 0.6801605 -0 0.7330632 0.6801605 0 0.7330632 0.6427807 -0 0.7660503 0.6427807 0 0.7660503 0.6038124 -0 0.7971265 0.6038124 0 0.7971265 0.5633036 0 0.82625 0.5633036 -0 0.82625 0.5214376 0 0.8532894 0.5214376 -0 0.8532894 0.478261 0 0.8782177 0.478261 -0 0.8782177 0.433868 0 0.9009765 0.433868 -0 0.9009765 0.3884529 0 0.9214686 0.3884529 -0 0.9214686 0.3420102 -0 0.9396962 0.3420102 0 0.9396962 0.2947618 -0 0.9555708 0.2947618 0 0.9555708 0.2467639 -0 0.9690756 0.2467639 0 0.9690756 0.198146 -0 0.9801726 0.198146 0 0.9801726 0.1490325 -0 0.9888323 0.1490325 0 0.9888323 0.09957189 -0 0.9950303 0.09957189 0 0.9950303 0.04984223 -0 0.9987571 0.04984223 0 0.9987571 0 0 1 -0 0 1 -0.04984223 0 0.9987571 -0.04984223 0 0.9987571 -0.09957189 0 0.9950303 -0.09957189 0 0.9950303 -0.1490325 0 0.9888323 -0.1490325 0 0.9888323 -0.198146 0 0.9801726 -0.198146 0 0.9801726 -0.2467639 0 0.9690756 -0.2947618 0 0.9555708 -0.2467639 0 0.9690756 -0.2947618 0 0.9555708 -0.3420102 0 0.9396962 -0.3420102 0 0.9396962 -0.3884529 0 0.9214686 -0.3884529 0 0.9214686 -0.433868 0 0.9009765 -0.433868 0 0.9009765 -0.478261 0 0.8782177 -0.478261 0 0.8782177 -0.5214376 0 0.8532894 -0.5214376 0 0.8532894 -0.5633036 0 0.82625 -0.5633036 0 0.82625 -0.6038124 0 0.7971265 -0.6038124 0 0.7971265 -0.6427807 0 0.7660503 -0.6427807 0 0.7660503 -0.6801605 0 0.7330632 -0.6801605 0 0.7330632 -0.7158883 0 0.6982149 -0.7158883 0 0.6982149 -0.7497725 0 0.6616956 -0.7497725 0 0.6616956 -0.7818158 0 0.6235095 -0.7818158 0 0.6235095 -0.8119397 0 0.5837412 -0.8119397 0 0.5837412 -0.8400481 0 0.5425119 -0.8400481 0 0.5425119 -0.8660027 0 0.5000392 -0.8660027 0 0.5000392 -0.8898757 0 0.4562033 -0.8898757 0 0.4562033 -0.911532 0 0.411229 -0.911532 0 0.411229 -0.9308554 0 0.3653879 -0.9308554 0 0.3653879 -0.9479251 0 0.3184933 -0.9479251 0 0.3184933 -0.9626262 0 0.2708336 -0.9626262 0 0.2708336 -0.9749373 0 0.22248 -0.9749373 0 0.22248 -0.9848042 0 0.1736686 -0.9848042 0 0.1736686 -0.9922419 0 0.1243219 -0.9922419 0 0.1243219 -0.9972025 0 0.07474668 -0.9972025 0 0.07474668 -0.999689 0 0.02494106 -0.999689 0 0.02494106 -0.9996889 0 -0.02494058 -0.9996889 0 -0.02494058 -0.9972053 0 -0.07471006 -0.9972053 0 -0.07471006 -0.9922372 0 -0.1243596 -0.9922372 0 -0.1243596 -0.9848113 0 -0.1736282 -0.9848113 0 -0.1736282 -0.974928 0 -0.2225204 -0.974928 0 -0.2225204 -0.9626176 0 -0.2708641 -0.9479347 -0 -0.3184648 -0.9626176 0 -0.2708641 -0.9479347 0 -0.3184648 -0.9308709 0 -0.3653482 -0.9308709 0 -0.3653482 -0.9115002 0 -0.4112997 -0.9115002 0 -0.4112997 -0.8898757 0 -0.4562033 -0.8660193 -0 -0.5000106 -0.8898757 0 -0.4562033 -0.8660193 0 -0.5000106 -0.8400307 0 -0.5425389 -0.8400307 0 -0.5425389 -0.8119332 0 -0.5837504 -0.8119332 0 -0.5837504 -0.7818419 0 -0.6234767 -0.7818419 0 -0.6234767 -0.7497642 0 -0.6617051 -0.7497642 0 -0.6617051 -0.7158692 0 -0.6982344 -0.7158692 0 -0.6982344 -0.6801796 0 -0.7330455 -0.6427919 -0 -0.7660409 -0.6801796 0 -0.7330455 -0.6427919 0 -0.7660409 -0.6038002 0 -0.7971357 -0.6038002 0 -0.7971357 -0.5633297 0 -0.8262322 -0.5214376 -0 -0.8532894 -0.5633297 0 -0.8262322 -0.4782463 -0 -0.8782257 -0.5214376 0 -0.8532894 -0.4782463 0 -0.8782257 -0.4338984 0 -0.9009618 -0.4338984 0 -0.9009618 -0.3884229 0 -0.9214812 -0.3884229 0 -0.9214812 -0.3420225 0 -0.9396917 -0.3420225 0 -0.9396917 -0.2947336 0 -0.9555794 -0.2947336 0 -0.9555794 -0.2467727 0 -0.9690734 -0.2467727 0 -0.9690734 -0.1981535 0 -0.9801711 -0.1981535 0 -0.9801711 -0.1490325 0 -0.9888323 -0.1490325 0 -0.9888323 -0.09957189 0 -0.9950303 -0.09957189 0 -0.9950303 -0.04984413 0 -0.9987571 -0.04984413 0 -0.9987571 -0 0 -1 0.04984413 0 -0.9987571 0 0 -1 0.04984413 0 -0.9987571 0.09957189 0 -0.9950303 0.09957189 0 -0.9950303 0.1490325 0 -0.9888323 0.1490325 0 -0.9888323 0.1981535 0 -0.9801711 0.1981535 0 -0.9801711 0.2467727 0 -0.9690734 0.2467727 0 -0.9690734 0.2947336 0 -0.9555794 0.2947336 0 -0.9555794 0.3420225 0 -0.9396917 0.3420225 0 -0.9396917 0.3884229 0 -0.9214812 0.3884229 0 -0.9214812 0.4338984 0 -0.9009618 0.4338984 0 -0.9009618 0.4782463 0 -0.8782257 0.4782463 0 -0.8782257 0.5214376 0 -0.8532894 0.5214376 0 -0.8532894 0.5633297 0 -0.8262322 0.5633297 0 -0.8262322 0.6038002 0 -0.7971357 0.6038002 0 -0.7971357 0.6427919 0 -0.7660409 0.6427919 0 -0.7660409 0.6801796 0 -0.7330455 0.6801796 0 -0.7330455 0.7158692 0 -0.6982344 0.7158692 0 -0.6982344 0.7497642 0 -0.6617051 0.7497642 0 -0.6617051 0.7818419 0 -0.6234767 0.7818419 0 -0.6234767 0.8119332 0 -0.5837504 0.8119332 0 -0.5837504 0.8400307 0 -0.5425389 0.8660193 0 -0.5000106 0.8400307 0 -0.5425389 0.8660193 0 -0.5000106 0.8898757 0 -0.4562033 0.8898757 0 -0.4562033 0.9115002 0 -0.4112997 0.9115002 0 -0.4112997 0.9308709 0 -0.3653482 0.9308709 0 -0.3653482 0.9479347 0 -0.3184648 0.9479347 0 -0.3184648 0.9626176 0 -0.2708641 0.9626176 0 -0.2708641 0.974928 0 -0.2225204 0.974928 0 -0.2225204 0.9848113 0 -0.1736282 0.9848113 0 -0.1736282 0.9922372 0 -0.1243596 0.9922372 0 -0.1243596 0.9972053 0 -0.07471006 0.9972053 0 -0.07471006 0.9996889 0 -0.02494058 0.9996889 0 -0.02494058 0.9996889 -0 0.02494058 0.9996889 0 0.02494058 0.9972053 -0 0.07471006 0.9972053 0 0.07471006 0.9922372 -0 0.1243596 0.9922372 0 0.1243596 0.9848113 -0 0.1736282 0.9848113 0 0.1736282 0.974928 -0 0.2225204 0.974928 0 0.2225204 0.9626176 -0 0.2708641 0.9626176 0 0.2708641 0.9479347 -0 0.3184648 0.9479347 0 0.3184648 0.9308709 -0 0.3653482 0.9308709 0 0.3653482 0.9115002 -0 0.4112997 0.9115002 0 0.4112997 0.8898757 -0 0.4562033 0.8898757 0 0.4562033 0.8660193 -0 0.5000106 0.8660193 0 0.5000106 0.8400307 -0 0.5425389 0.8400307 0 0.5425389 0.8119332 -0 0.5837504 0.8119332 0 0.5837504 0.7818419 -0 0.6234767 0.7818419 0 0.6234767 0.7497642 -0 0.6617051 0.7497642 0 0.6617051 0.7158692 -0 0.6982344 0.7158692 0 0.6982344 0.6801796 -0 0.7330455 0.6801796 0 0.7330455 0.6427919 -0 0.7660409 0.6427919 0 0.7660409 0.6038002 -0 0.7971357 0.6038002 0 0.7971357 0.5633297 0 0.8262322 0.5633297 -0 0.8262322 0.5214376 0 0.8532894 0.5214376 -0 0.8532894 0.4782463 0 0.8782257 0.4782463 -0 0.8782257 0.4338984 0 0.9009618 0.4338984 -0 0.9009618 0.3884229 0 0.9214812 0.3884229 -0 0.9214812 0.3420225 -0 0.9396917 0.3420225 0 0.9396917 0.2947336 -0 0.9555794 0.2947336 0 0.9555794 0.2467727 -0 0.9690734 0.2467727 0 0.9690734 0.1981535 -0 0.9801711 0.1981535 0 0.9801711 0.1490325 -0 0.9888323 0.1490325 0 0.9888323 0.09957189 -0 0.9950303 0.09957189 0 0.9950303 0.04984413 -0 0.9987571 0.04984413 0 0.9987571 0 0 1 -0 0 1 -0.04984413 0 0.9987571 -0.04984413 0 0.9987571 -0.09957189 0 0.9950303 -0.09957189 0 0.9950303 -0.1490325 0 0.9888323 -0.1490325 0 0.9888323 -0.1981535 0 0.9801711 -0.1981535 0 0.9801711 -0.2467727 0 0.9690734 -0.2467727 0 0.9690734 -0.2947336 0 0.9555794 -0.2947336 0 0.9555794 -0.3420225 0 0.9396917 -0.3420225 0 0.9396917 -0.3884229 0 0.9214812 -0.3884229 0 0.9214812 -0.4338984 0 0.9009618 -0.4338984 0 0.9009618 -0.4782463 0 0.8782257 -0.4782463 0 0.8782257 -0.5214376 0 0.8532894 -0.5214376 0 0.8532894 -0.5633297 0 0.8262322 -0.5633297 0 0.8262322 -0.6038002 0 0.7971357 -0.6038002 0 0.7971357 -0.6427919 0 0.7660409 -0.6427919 0 0.7660409 -0.6801796 0 0.7330455 -0.6801796 0 0.7330455 -0.7158692 0 0.6982344 -0.7158692 0 0.6982344 -0.7497642 0 0.6617051 -0.7497642 0 0.6617051 -0.7818419 0 0.6234767 -0.7818419 0 0.6234767 -0.8119332 0 0.5837504 -0.8119332 0 0.5837504 -0.8400307 0 0.5425389 -0.8400307 0 0.5425389 -0.8660193 0 0.5000106 -0.8660193 0 0.5000106 -0.8898757 0 0.4562033 -0.8898757 0 0.4562033 -0.9115002 0 0.4112997 -0.9115002 0 0.4112997 -0.9308709 0 0.3653482 -0.9308709 0 0.3653482 -0.9479347 0 0.3184648 -0.9479347 0 0.3184648 -0.9626176 0 0.2708641 -0.9626176 0 0.2708641 -0.974928 0 0.2225204 -0.974928 0 0.2225204 -0.9848113 0 0.1736282 -0.9848113 0 0.1736282 -0.9922372 0 0.1243596 -0.9922372 0 0.1243596 -0.9972053 0 0.07471006 -0.9972053 0 0.07471006 -0.9996889 0 0.02494058 -0.9996889 0 0.02494058 -0.999689 0 -0.02494106 -0.999689 0 -0.02494106 -0.9972054 0 -0.07470864 -0.9972054 0 -0.07470864 -0.9922372 0 -0.1243596 -0.9922372 0 -0.1243596 -0.9848107 0 -0.1736315 -0.9848107 0 -0.1736315 -0.974929 0 -0.2225163 -0.974929 0 -0.2225163 -0.9626162 0 -0.2708691 -0.9479367 -0 -0.318459 -0.9626162 0 -0.2708691 -0.9479367 0 -0.318459 -0.9308684 0 -0.3653547 -0.9308684 0 -0.3653547 -0.9115034 0 -0.4112926 -0.9115034 0 -0.4112926 -0.8898757 0 -0.4562033 -0.8898757 0 -0.4562033 -0.8660193 0 -0.5000106 -0.8660193 0 -0.5000106 -0.8400307 0 -0.5425389 -0.8400307 0 -0.5425389 -0.8119397 0 -0.5837412 -0.8119397 0 -0.5837412 -0.7818345 -0 -0.6234861 -0.7818345 0 -0.6234861 -0.7497725 -0 -0.6616956 -0.7497725 0 -0.6616956 -0.7158692 0 -0.6982344 -0.7158692 0 -0.6982344 -0.6801796 -0 -0.7330455 -0.6801796 0 -0.7330455 -0.6427807 0 -0.7660503 -0.6427807 0 -0.7660503 -0.6038124 0 -0.7971265 -0.6038124 0 -0.7971265 -0.5633036 0 -0.82625 -0.5633036 0 -0.82625 -0.5214376 0 -0.8532894 -0.5214376 0 -0.8532894 -0.478261 0 -0.8782177 -0.478261 0 -0.8782177 -0.4338829 0 -0.9009693 -0.4338829 0 -0.9009693 -0.3884392 0 -0.9214744 -0.3884392 0 -0.9214744 -0.3420225 0 -0.9396917 -0.3420225 0 -0.9396917 -0.294751 0 -0.9555741 -0.294751 0 -0.9555741 -0.2467547 0 -0.9690779 -0.2467547 0 -0.9690779 -0.1981535 0 -0.9801711 -0.1981535 0 -0.9801711 -0.1490325 0 -0.9888323 -0.1490325 0 -0.9888323 -0.09957189 0 -0.9950303 -0.09957189 0 -0.9950303 -0.04984413 0 -0.9987571 -0.04984413 0 -0.9987571 -0 0 -1 0 0 -1 0.04984413 0 -0.9987571 0.09957189 0 -0.9950303 0.04984413 0 -0.9987571 0.09957189 0 -0.9950303 0.1490325 0 -0.9888323 0.1490325 0 -0.9888323 0.1981535 0 -0.9801711 0.1981535 0 -0.9801711 0.2467547 0 -0.9690779 0.2467547 0 -0.9690779 0.294751 0 -0.9555741 0.294751 0 -0.9555741 0.3420225 0 -0.9396917 0.3420225 0 -0.9396917 0.3884392 0 -0.9214744 0.3884392 0 -0.9214744 0.4338829 0 -0.9009693 0.4338829 0 -0.9009693 0.478261 0 -0.8782177 0.478261 0 -0.8782177 0.5214376 0 -0.8532894 0.5214376 0 -0.8532894 0.5633036 0 -0.82625 0.5633036 0 -0.82625 0.6038124 0 -0.7971265 0.6038124 0 -0.7971265 0.6427807 0 -0.7660503 0.6427807 0 -0.7660503 0.6801796 0 -0.7330455 0.6801796 0 -0.7330455 0.7158692 0 -0.6982344 0.7158692 0 -0.6982344 0.7497725 0 -0.6616956 0.7497725 0 -0.6616956 0.7818345 0 -0.6234861 0.7818345 0 -0.6234861 0.8119397 0 -0.5837412 0.8119397 0 -0.5837412 0.8400307 0 -0.5425389 0.8660193 0 -0.5000106 0.8400307 0 -0.5425389 0.8660193 0 -0.5000106 0.8898757 0 -0.4562033 0.8898757 0 -0.4562033 0.9115034 0 -0.4112926 0.9115034 0 -0.4112926 0.9308684 0 -0.3653547 0.9308684 0 -0.3653547 0.9479367 0 -0.318459 0.9479367 0 -0.318459 0.9626162 0 -0.2708691 0.9626162 0 -0.2708691 0.974929 0 -0.2225163 0.974929 0 -0.2225163 0.9848107 0 -0.1736315 0.9848107 0 -0.1736315 0.9922372 0 -0.1243596 0.9922372 0 -0.1243596 0.9972054 0 -0.07470864 0.9972054 0 -0.07470864 0.999689 0 -0.02494106 0.999689 0 -0.02494106 0.999689 -0 0.02494106 0.999689 0 0.02494106 0.9972054 -0 0.07470864 0.9972054 0 0.07470864 0.9922372 -0 0.1243596 0.9922372 0 0.1243596 0.9848107 -0 0.1736315 0.9848107 0 0.1736315 0.974929 -0 0.2225163 0.974929 0 0.2225163 0.9626162 -0 0.2708691 0.9626162 0 0.2708691 0.9479367 -0 0.318459 0.9479367 0 0.318459 0.9308684 -0 0.3653547 0.9308684 0 0.3653547 0.9115034 -0 0.4112926 0.9115034 0 0.4112926 0.8898757 -0 0.4562033 0.8898757 0 0.4562033 0.8660193 -0 0.5000106 0.8660193 0 0.5000106 0.8400307 -0 0.5425389 0.8400307 0 0.5425389 0.8119397 -0 0.5837412 0.8119397 0 0.5837412 0.7818345 -0 0.6234861 0.7818345 0 0.6234861 0.7497725 -0 0.6616956 0.7497725 0 0.6616956 0.7158692 -0 0.6982344 0.7158692 0 0.6982344 0.6801796 -0 0.7330455 0.6801796 0 0.7330455 0.6427807 -0 0.7660503 0.6427807 0 0.7660503 0.6038124 -0 0.7971265 0.6038124 0 0.7971265 0.5633036 0 0.82625 0.5633036 -0 0.82625 0.5214376 0 0.8532894 0.5214376 -0 0.8532894 0.478261 0 0.8782177 0.478261 -0 0.8782177 0.4338829 0 0.9009693 0.4338829 -0 0.9009693 0.3884392 0 0.9214744 0.3884392 -0 0.9214744 0.3420225 -0 0.9396917 0.3420225 0 0.9396917 0.294751 -0 0.9555741 0.294751 0 0.9555741 0.2467547 -0 0.9690779 0.2467547 0 0.9690779 0.1981535 -0 0.9801711 0.1981535 0 0.9801711 0.1490325 -0 0.9888323 0.1490325 0 0.9888323 0.09957189 -0 0.9950303 0.09957189 0 0.9950303 0.04984413 -0 0.9987571 0.04984413 0 0.9987571 0 0 1 -0 0 1 -0.04984413 0 0.9987571 -0.04984413 0 0.9987571 -0.09957189 0 0.9950303 -0.09957189 0 0.9950303 -0.1490325 0 0.9888323 -0.1490325 0 0.9888323 -0.1981535 0 0.9801711 -0.1981535 0 0.9801711 -0.2467547 0 0.9690779 -0.294751 0 0.9555741 -0.2467547 0 0.9690779 -0.294751 0 0.9555741 -0.3420225 0 0.9396917 -0.3420225 0 0.9396917 -0.3884392 0 0.9214744 -0.3884392 0 0.9214744 -0.4338829 0 0.9009693 -0.4338829 0 0.9009693 -0.478261 0 0.8782177 -0.478261 0 0.8782177 -0.5214376 0 0.8532894 -0.5214376 0 0.8532894 -0.5633036 0 0.82625 -0.5633036 0 0.82625 -0.6038124 0 0.7971265 -0.6038124 0 0.7971265 -0.6427807 0 0.7660503 -0.6427807 0 0.7660503 -0.6801796 0 0.7330455 -0.6801796 0 0.7330455 -0.7158692 0 0.6982344 -0.7158692 0 0.6982344 -0.7497725 0 0.6616956 -0.7497725 0 0.6616956 -0.7818345 0 0.6234861 -0.7818345 0 0.6234861 -0.8119397 0 0.5837412 -0.8119397 0 0.5837412 -0.8400307 0 0.5425389 -0.8400307 0 0.5425389 -0.8660193 0 0.5000106 -0.8660193 0 0.5000106 -0.8898757 0 0.4562033 -0.8898757 0 0.4562033 -0.9115034 0 0.4112926 -0.9115034 0 0.4112926 -0.9308684 0 0.3653547 -0.9308684 0 0.3653547 -0.9479367 0 0.318459 -0.9479367 0 0.318459 -0.9626162 0 0.2708691 -0.9626162 0 0.2708691 -0.974929 0 0.2225163 -0.974929 0 0.2225163 -0.9848107 0 0.1736315 -0.9848107 0 0.1736315 -0.9922372 0 0.1243596 -0.9922372 0 0.1243596 -0.9972054 0 0.07470864 -0.9972054 0 0.07470864 -0.999689 0 0.02494106 -0.999689 0 0.02494106 -0 -1 0 0 -1 0 0 -1 0 0 -1 0 0 -1 0 -0 -1 0 0 -1 0 0 -1 0 -0 -1 0 0 -1 0 0 -1 0 0 -1 0 0 -1 0 0 -1 0 -0 -1 0 0 -1 0 0 -1 0 -0 -1 0 0 -1 0 0 -1 0 -0 -1 0 0 -1 0 0 -1 0 0 -1 0 0 -1 0 0 -1 0 -0 -1 0 0 -1 0 0 -1 0 -0 -1 0 0 -1 0 0 -1 0 0 -1 0 0 -1 0 -0 -1 0 0 -1 0 -0 -1 0 0 -1 0 0 -1 0 0 -1 0 0 -1 0 -0 -1 0 0 -1 0 0 -1 0 -0 -1 0 0 -1 0 0 -1 0 0 -1 0 0 -1 0 0 -1 0 -0 -1 0 0 -1 0 -0 -1 0 0 -1 0 0 -1 0 0 -1 0 0 -1 0 -0 -1 0 0 -1 0 0 -1 0 0 -1 0 0 -1 0 -0 -1 0 0 -1 0 0 -1 0 0 -1 0 0 -1 0 0 -1 0 -0 -1 0 0 -1 0 0 -1 0 -0 -1 0 0 -1 0 0 -1 0 0 -1 0 -0 -1 0 0 -1 0 0 -1 0 0 -1 0 -0 -1 0 -0 -1 0 0 -1 0 0 -1 0 0 -1 0 0 -1 0 0 -1 0 -0 -1 0 0 -1 0 0 -1 0 0 -1 0 -0 -1 0 0 -1 0 0 -1 0 0 -1 0 -0 -1 0 0 -1 0 0 -1 0 0 -1 0 -0 -1 0 0 -1 0 0 -1 0 0 -1 0 -0 -1 0 0 -1 0 0 -1 0 0 -1 0 -0 -1 0 0 -1 0 0 -1 0 0 -1 0 -0 -1 0 0 -1 0 0 -1 0 0 -1 0 -0 -1 0 0 -1 0 0 -1 0 0 -1 0 0 -1 0 0 -1 0 0 -1 0 0 -1 0 -0 -1 0 0 -1 0 -0 -1 0 0 -1 0 0 -1 0 0 -1 0 0 -1 0 0 -1 0 0 -1 0 0 -1 0 0 -1 0 0 -1 0 0 -1 0 0 -1 0 0 -1 0 0 -1 0 0 -1 0 0 -1 0 0 -1 0 0 -1 0 0 -1 0 0 -1 0 0 -1 0 -0 -1 0 0 -1 0 0 -1 0 0 -1 0 -0 -1 0 0 -1 0 0 -1 0 0 -1 0 -0 -1 0 0 -1 0 0 -1 0 0 -1 0 -0 -1 0 -0 -1 0 0 -1 0 0 -1 0 0 -1 0 0 -1 0 0 -1 0 0 -1 0 -0 -1 0 0 -1 0 0 -1 0 -0 -1 0 0 -1 0 0 -1 0 0 -1 0 0 -1 0 -0 -1 0 -0 -1 0 0 -1 0 0 -1 0 0 -1 0 0 -1 0 0 -1 0 0 -1 0 -0 -1 0 0 -1 0 0 -1 0 0 -1 0 0 -1 0 -0 -1 0 0 -1 0 0 -1 0 0 -1 0 0 -1 0 0 -1 0 0 -1 0 0 -1 0 -0 -1 0 0 -1 0 0 -1 0 0 -1 0 0 -1 0 0 -1 0 -0 -1 0 0 -1 0 0 -1 0 0 -1 0 0 -1 0 -0 -1 0 0 -1 0 0 -1 0 0 -1 0 0 -1 0 0 -1 0 0 -1 0 -0 -1 0 0 -1 0 0 -1 0 0 -1 0 -0 -1 0 0 -1 0 0 -1 0 -0 -1 0 0 -1 0 0 -1 0 0 -1 0 -0 -1 0 0 -1 0 0 -1 0 0 -1 0 -0 -1 0 0 -1 0 0 -1 0 -0 -1 0 0 -1 0 0 -1 0 0 -1 0 0 -1 0 -0 -1 0 0 -1 0 0 -1 0 0 -1 0 -0 -1 0 0 -1 0 0 -1 0 0 -1 0 0 -1 0 -0 -1 0 0 -1 0 0 -1 0 -0 -1 0 0 -1 0 0 -1 0 0 -1 0 -0 -1 0 -0.9996891 0 -0.02493366 -0.9996891 0 -0.02493366 -0.9972039 0 -0.07472836 -0.9972039 0 -0.07472836 -0.9922397 0 -0.1243405 -0.9922397 0 -0.1243405 -0.984808 0 -0.1736469 -0.984808 0 -0.1736469 -0.9749274 0 -0.2225233 -0.9626249 -0 -0.2708383 -0.9749274 0 -0.2225233 -0.9626249 0 -0.2708383 -0.9479259 0 -0.3184909 -0.9479259 0 -0.3184909 -0.9308736 0 -0.3653415 -0.9308736 0 -0.3653415 -0.9115078 0 -0.4112828 -0.9115078 0 -0.4112828 -0.8898693 0 -0.4562156 -0.8898693 0 -0.4562156 -0.8660258 0 -0.4999993 -0.8660258 0 -0.4999993 -0.8400266 0 -0.5425452 -0.8400266 0 -0.5425452 -0.8119394 0 -0.5837417 -0.8119394 0 -0.5837417 -0.7818318 0 -0.6234894 -0.7818318 0 -0.6234894 -0.7497791 0 -0.6616881 -0.7497791 0 -0.6616881 -0.7158664 0 -0.6982372 -0.6801731 -0 -0.7330515 -0.7158664 0 -0.6982372 -0.6801731 0 -0.7330515 -0.6427876 0 -0.7660444 -0.6427876 0 -0.7660444 -0.603803 0 -0.7971335 -0.603803 0 -0.7971335 -0.5633221 0 -0.8262374 -0.5633221 0 -0.8262374 -0.5214348 0 -0.8532912 -0.5214348 0 -0.8532912 -0.4782529 0 -0.8782222 -0.4782529 0 -0.8782222 -0.4338857 0 -0.9009679 -0.4338857 0 -0.9009679 -0.388436 0 -0.9214757 -0.388436 0 -0.9214757 -0.3420185 0 -0.9396933 -0.2947556 -0 -0.9555726 -0.3420185 0 -0.9396933 -0.2947556 0 -0.9555726 -0.2467577 0 -0.9690773 -0.1981468 -0 -0.9801724 -0.2467577 0 -0.9690773 -0.1981468 0 -0.9801724 -0.1490413 0 -0.988831 -0.1490413 0 -0.988831 -0.09956829 0 -0.9950308 -0.09956829 0 -0.9950308 -0.04984567 0 -0.9987569 -0.04984567 0 -0.9987569 -0 0 -1 0.04984567 0 -0.9987569 0 0 -1 0.04984567 0 -0.9987569 0.09956829 0 -0.9950308 0.09956829 0 -0.9950308 0.1490413 0 -0.988831 0.1490413 0 -0.988831 0.1981468 0 -0.9801724 0.1981468 0 -0.9801724 0.2467577 0 -0.9690773 0.2467577 0 -0.9690773 0.2947556 0 -0.9555726 0.2947556 0 -0.9555726 0.3420185 0 -0.9396933 0.3420185 0 -0.9396933 0.388436 0 -0.9214757 0.388436 0 -0.9214757 0.4338857 0 -0.9009679 0.4338857 0 -0.9009679 0.4782529 0 -0.8782222 0.4782529 0 -0.8782222 0.5214348 0 -0.8532912 0.5214348 0 -0.8532912 0.5633221 0 -0.8262374 0.5633221 0 -0.8262374 0.603803 0 -0.7971335 0.603803 0 -0.7971335 0.6427876 0 -0.7660444 0.6427876 0 -0.7660444 0.6801695 0 -0.7330549 0.6801695 0 -0.7330549 0.71587 0 -0.6982335 0.71587 0 -0.6982335 0.7497827 0 -0.661684 0.7497827 0 -0.661684 0.7818318 0 -0.6234894 0.7818318 0 -0.6234894 0.811936 0 -0.5837466 0.811936 0 -0.5837466 0.8400233 0 -0.5425503 0.8400233 0 -0.5425503 0.8660258 0 -0.4999993 0.8660258 0 -0.4999993 0.8898722 0 -0.4562098 0.8898722 0 -0.4562098 0.9115078 0 -0.4112828 0.9115078 0 -0.4112828 0.9308711 0 -0.3653478 0.9308711 0 -0.3653478 0.9479281 0 -0.3184844 0.9479281 0 -0.3184844 0.9626268 0 -0.2708315 0.9626268 0 -0.2708315 0.9749274 0 -0.2225233 0.9749274 0 -0.2225233 0.984808 0 -0.1736469 0.984808 0 -0.1736469 0.9922387 0 -0.1243477 0.9972039 0 -0.07472836 0.9922387 0 -0.1243477 0.9972039 0 -0.07472836 0.9996891 0 -0.02493366 0.9996891 0 -0.02493366 0.9996891 0 0.02493366 0.9996891 0 0.02493366 0.9972039 -0 0.07472836 0.9972039 0 0.07472836 0.9922387 -0 0.1243477 0.9922387 0 0.1243477 0.984808 -0 0.1736469 0.984808 0 0.1736469 0.9749274 -0 0.2225233 0.9749274 0 0.2225233 0.9626266 0 0.270832 0.9626266 0 0.270832 0.9479283 -0 0.3184838 0.9479283 0 0.3184838 0.9308711 0 0.3653478 0.9308711 0 0.3653478 0.9115074 0 0.4112835 0.9115074 0 0.4112835 0.889873 -0 0.4562084 0.889873 0 0.4562084 0.8660248 -0 0.5000009 0.8660248 0 0.5000009 0.8400233 -0 0.5425503 0.8400233 0 0.5425503 0.8119366 0 0.5837456 0.8119366 0 0.5837456 0.7818318 -0 0.6234894 0.7818318 0 0.6234894 0.7497827 0 0.661684 0.7497827 0 0.661684 0.71587 -0 0.6982335 0.71587 0 0.6982335 0.6801705 -0 0.733054 0.6801705 0 0.733054 0.6427866 -0 0.7660453 0.6427866 0 0.7660453 0.603803 -0 0.7971335 0.603803 0 0.7971335 0.5633221 0 0.8262374 0.5633221 -0 0.8262374 0.5214362 0 0.8532903 0.5214362 -0 0.8532903 0.4782529 0 0.8782222 0.4782529 -0 0.8782222 0.4338857 0 0.9009679 0.4338857 -0 0.9009679 0.3884329 0 0.921477 0.3884329 -0 0.921477 0.34202 0 0.9396926 0.34202 0 0.9396926 0.2947573 -0 0.9555722 0.2947573 0 0.9555722 0.2467577 0 0.9690773 0.2467577 0 0.9690773 0.1981433 -0 0.9801731 0.1981433 0 0.9801731 0.1490448 -0 0.9888304 0.1490448 0 0.9888304 0.09956648 -0 0.9950309 0.09956648 0 0.9950309 0.04984567 -0 0.9987569 0.04984567 0 0.9987569 0 0 1 -0 0 1 -0.04984567 0 0.9987569 -0.04984567 0 0.9987569 -0.09956648 0 0.9950309 -0.09956648 0 0.9950309 -0.1490448 0 0.9888304 -0.1490448 0 0.9888304 -0.1981433 0 0.9801731 -0.1981433 0 0.9801731 -0.2467577 0 0.9690773 -0.2467577 0 0.9690773 -0.2947573 0 0.9555722 -0.2947573 0 0.9555722 -0.34202 0 0.9396926 -0.34202 0 0.9396926 -0.3884329 0 0.921477 -0.3884329 0 0.921477 -0.4338857 0 0.9009679 -0.4782529 0 0.8782222 -0.4338857 0 0.9009679 -0.4782529 0 0.8782222 -0.5214362 0 0.8532903 -0.5633221 0 0.8262374 -0.5214362 0 0.8532903 -0.5633221 0 0.8262374 -0.603803 0 0.7971335 -0.6427866 0 0.7660453 -0.603803 0 0.7971335 -0.6427866 0 0.7660453 -0.6801741 0 0.7330506 -0.6801741 0 0.7330506 -0.7158664 0 0.6982372 -0.7158664 0 0.6982372 -0.7497791 0 0.6616881 -0.7497791 0 0.6616881 -0.7818318 0 0.6234894 -0.7818318 0 0.6234894 -0.8119401 0 0.5837408 -0.8119401 0 0.5837408 -0.8400266 0 0.5425452 -0.8400266 0 0.5425452 -0.8660248 0 0.5000009 -0.8660248 0 0.5000009 -0.88987 0 0.4562142 -0.88987 0 0.4562142 -0.9115074 0 0.4112835 -0.9115074 0 0.4112835 -0.9308736 0 0.3653415 -0.9308736 0 0.3653415 -0.9479261 0 0.3184904 -0.9626247 0 0.2708387 -0.9479261 0 0.3184904 -0.9626247 0 0.2708387 -0.9749274 0 0.2225233 -0.984808 0 0.1736469 -0.9749274 0 0.2225233 -0.984808 0 0.1736469 -0.9922397 0 0.1243405 -0.9972039 0 0.07472836 -0.9922397 0 0.1243405 -0.9972039 0 0.07472836 -0.9996891 0 0.02493366 -0.9996891 0 0.02493366 0 -1 0 0 -1 0 -0 -1 0 0 -1 0 0 -1 0 -0 -1 0 0 -1 0 0 -1 0 0 -1 0 -0 -1 0 0 -1 0 0 -1 0 0 -1 0 -0 -1 0 0 -1 0 0 -1 0 0 -1 0 -0 -1 0 0 -1 0 0 -1 0 0 -1 0 0 -1 0 -0 -1 0 0 -1 0 0 -1 0 -0 -1 0 0 -1 0 0 -1 0 -0 -1 0 0 -1 0 0 -1 0 0 -1 0 -0 -1 0 0 -1 0 0 -1 0 0 -1 0 -0 -1 0 0 -1 0 0 -1 0 0 -1 0 -0 -1 0 0 -1 0 0 -1 0 0 -1 0 0 -1 0 0 -1 0 0 -1 0 0 -1 0 0 -1 0 -0 -1 0 0 -1 0 0 -1 0 0 -1 0 0 -1 0 0 -1 0 0 -1 0 0 -1 0 -0 -1 0 0 -1 0 0 -1 0 0 -1 0 -0 -1 0 0 -1 0 0 -1 0 0 -1 0 0 -1 0 0 -1 0 -0 -1 0 -0 -1 0 0 -1 0 0 -1 0 0 -1 0 0 -1 0 0 -1 0 0 -1 0 -0 -1 0 0 -1 0 0 -1 0 0 -1 0 0 -1 0 -0 -1 0 -0 -1 0 0 -1 0 0 -1 0 0 -1 0 0 -1 0 0 -1 0 -0 -1 0 0 -1 0 0 -1 0 -0 -1 0 0 -1 0 0 -1 0 0 -1 0 0 -1 0 -0 -1 0 0 -1 0 0 -1 0 0 -1 0 -0 -1 0 0 -1 0 0 -1 0 -0 -1 0 0 -1 0 0 -1 0 0 -1 0 -0 -1 0 0 -1 0 0 -1 0 0 -1 0 -0 -1 0 0 -1 0 0 -1 0 0 -1 0 0 -1 0 0 -1 0 0 -1 0 0 -1 0 0 -1 0 0 -1 0 0 -1 0 0 -1 0 -0 -1 0 0 -1 0 -0 -1 0 0 -1 0 0 -1 0 0 -1 0 -0 -1 0 0 -1 0 0 -1 0 0 -1 0 0 -1 0 0 -1 0 0 -1 0 0 -1 0 0 -1 0 0 -1 0 0 -1 0 0 -1 0 0 -1 0 0 -1 0 0 -1 0 0 -1 0 0 -1 0 -0 -1 0 0 -1 0 0 -1 0 0 -1 0 -0 -1 0 -0 -1 0 0 -1 0 0 -1 0 0 -1 0 -0 -1 0 0 -1 0 0 -1 0 -0 -1 0 0 -1 0 0 -1 0 0 -1 0 0 -1 0 0 -1 0 0 -1 0 -0 -1 0 0 -1 0 0 -1 0 0 -1 0 -0 -1 0 0 -1 0 0 -1 0 0 -1 0 0 -1 0 -0 -1 0 -0 -1 0 0 -1 0 0 -1 0 0 -1 0 0 -1 0 0 -1 0 0 -1 0 0 -1 0 -0 -1 0 0 -1 0 0 -1 0 0 -1 0 -0 -1 0 0 -1 0 0 -1 0 0 -1 0 0 -1 0 0 -1 0 0 -1 0 0 -1 0 0 -1 0 0 -1 0 -0 -1 0 0 -1 0 0 -1 0 0 -1 0 0 -1 0 0 -1 0 0 -1 0 0 -1 0 -0 -1 0 0 -1 0 0 -1 0 0 -1 0 0 -1 0 -0 -1 0 0 -1 0 0 -1 0 0 -1 0 0 -1 0 0 -1 0 0 -1 0 -0 -1 0 0 -1 0 0 -1 0 -0 -1 0 0 -1 0 0 -1 0 -0 -1 0 0 -1 0 0 -1 0 0 -1 0 0 -1 0 0 -1 0 0 -1 0 -0 -1 0 0 -1 0 -0 -1 0 0 -1 0 0 -1 0 0 -1 0 -0 -1 0 0 -1 0 0 -1 0 0 -1 0 -0 -1 0 0 -1 0 0 -1 0 0 -1 0 0 -1 0 -0 -1 0 0 -1 0 0 -1 0 0 -1 0 -0 -1 0 0 -1 0 0 -1 0 -0 -1 0 -0.9996891 0 -0.02493251 -0.9996891 0 -0.02493251 -0.9972039 0 -0.0747293 -0.9922398 -0 -0.1243392 -0.9972039 0 -0.0747293 -0.9922398 0 -0.1243392 -0.9848071 0 -0.1736517 -0.9749275 -0 -0.2225227 -0.9848071 0 -0.1736517 -0.9626244 -0 -0.2708399 -0.9749275 0 -0.2225227 -0.9626244 0 -0.2708399 -0.9479277 0 -0.3184857 -0.9479277 0 -0.3184857 -0.9308736 0 -0.3653415 -0.9115055 -0 -0.4112879 -0.9308736 0 -0.3653415 -0.9115055 0 -0.4112879 -0.8898739 0 -0.4562067 -0.8898739 0 -0.4562067 -0.8660249 0 -0.500001 -0.8660249 0 -0.500001 -0.8400256 0 -0.5425468 -0.8400256 0 -0.5425468 -0.811939 0 -0.5837423 -0.811939 0 -0.5837423 -0.7818315 0 -0.6234897 -0.7818315 0 -0.6234897 -0.7497777 0 -0.6616898 -0.7497777 0 -0.6616898 -0.715867 0 -0.6982366 -0.715867 0 -0.6982366 -0.6801752 0 -0.7330496 -0.6801752 0 -0.7330496 -0.6427873 0 -0.7660446 -0.6427873 0 -0.7660446 -0.6038029 0 -0.7971337 -0.6038029 0 -0.7971337 -0.5633198 0 -0.8262389 -0.5214363 -0 -0.8532902 -0.5633198 0 -0.8262389 -0.5214363 0 -0.8532902 -0.4782542 0 -0.8782214 -0.4338828 -0 -0.9009693 -0.4782542 0 -0.8782214 -0.4338828 0 -0.9009693 -0.3884371 0 -0.9214752 -0.3420184 -0 -0.9396932 -0.3884371 0 -0.9214752 -0.3420184 0 -0.9396932 -0.2947555 0 -0.9555727 -0.2947555 0 -0.9555727 -0.2467577 0 -0.9690772 -0.1981452 -0 -0.9801726 -0.2467577 0 -0.9690772 -0.1490433 -0 -0.9888307 -0.1981452 0 -0.9801726 -0.1490433 0 -0.9888307 -0.09956768 0 -0.9950308 -0.04984603 -0 -0.9987569 -0.09956768 0 -0.9950308 -0.04984603 0 -0.9987569 -0 0 -1 0.04984603 0 -0.9987569 0 0 -1 0.04984603 0 -0.9987569 0.09956768 0 -0.9950308 0.1490433 0 -0.9888307 0.09956768 0 -0.9950308 0.1490433 0 -0.9888307 0.1981452 0 -0.9801726 0.1981452 0 -0.9801726 0.2467577 0 -0.9690772 0.2467577 0 -0.9690772 0.2947555 0 -0.9555727 0.2947555 0 -0.9555727 0.3420184 0 -0.9396932 0.3420184 0 -0.9396932 0.3884371 0 -0.9214752 0.3884371 0 -0.9214752 0.4338828 0 -0.9009693 0.4338828 0 -0.9009693 0.4782542 0 -0.8782214 0.4782542 0 -0.8782214 0.5214363 0 -0.8532902 0.5214363 0 -0.8532902 0.5633198 0 -0.8262389 0.5633198 0 -0.8262389 0.6038029 0 -0.7971337 0.6038029 0 -0.7971337 0.6427873 0 -0.7660446 0.6427873 0 -0.7660446 0.6801752 0 -0.7330496 0.6801752 0 -0.7330496 0.715867 0 -0.6982366 0.715867 0 -0.6982366 0.7497777 0 -0.6616898 0.7497777 0 -0.6616898 0.7818315 0 -0.6234897 0.7818315 0 -0.6234897 0.811939 0 -0.5837423 0.811939 0 -0.5837423 0.8400256 0 -0.5425468 0.8400256 0 -0.5425468 0.8660286 0 -0.4999945 0.8660286 0 -0.4999945 0.8898704 0 -0.4562134 0.8898704 0 -0.4562134 0.9115023 0 -0.4112949 0.9115023 0 -0.4112949 0.9308736 0 -0.3653415 0.9308736 0 -0.3653415 0.9479277 0 -0.3184857 0.9479277 0 -0.3184857 0.9626266 0 -0.270832 0.9626266 0 -0.270832 0.9749256 0 -0.2225307 0.9749256 0 -0.2225307 0.9848101 0 -0.1736352 0.9848101 0 -0.1736352 0.9922387 0 -0.1243476 0.9922387 0 -0.1243476 0.9972032 0 -0.07473775 0.9972032 0 -0.07473775 0.9996893 0 -0.02492401 0.9996893 0 -0.02492401 0.9996893 -0 0.02492401 0.9996893 0 0.02492401 0.9972032 -0 0.07473775 0.9972032 0 0.07473775 0.9922387 -0 0.1243476 0.9922387 0 0.1243476 0.9848101 -0 0.1736352 0.9848101 0 0.1736352 0.9749256 -0 0.2225307 0.9749256 0 0.2225307 0.9626266 -0 0.270832 0.9626266 0 0.270832 0.9479279 -0 0.3184851 0.9479279 0 0.3184851 0.930873 -0 0.3653429 0.930873 0 0.3653429 0.9115023 -0 0.4112949 0.9115023 0 0.4112949 0.8898704 -0 0.4562134 0.8898704 0 0.4562134 0.8660291 -0 0.4999936 0.8660291 0 0.4999936 0.8400263 -0 0.5425458 0.8400263 0 0.5425458 0.811939 -0 0.5837423 0.811939 0 0.5837423 0.7818299 -0 0.6234918 0.7818299 0 0.6234918 0.7497796 -0 0.6616877 0.7497796 0 0.6616877 0.715867 -0 0.6982366 0.715867 0 0.6982366 0.6801752 -0 0.7330496 0.6801752 0 0.7330496 0.6427861 -0 0.7660457 0.6427861 0 0.7660457 0.6038029 -0 0.7971337 0.6038029 0 0.7971337 0.5633213 0 0.826238 0.5633213 -0 0.826238 0.5214363 0 0.8532902 0.5214363 -0 0.8532902 0.4782526 0 0.8782223 0.4782526 -0 0.8782223 0.4338828 0 0.9009693 0.4338828 -0 0.9009693 0.3884353 0 0.921476 0.3884353 -0 0.921476 0.3420184 -0 0.9396932 0.3420184 0 0.9396932 0.2947575 -0 0.9555721 0.2947575 0 0.9555721 0.2467577 -0 0.9690772 0.2467577 0 0.9690772 0.1981452 -0 0.9801726 0.1981452 0 0.9801726 0.1490433 -0 0.9888307 0.1490433 0 0.9888307 0.09956768 -0 0.9950308 0.09956768 0 0.9950308 0.04984392 0 0.9987571 0.04984392 0 0.9987571 0 0 1 -0 0 1 -0.04984392 0 0.9987571 -0.04984392 0 0.9987571 -0.09956768 0 0.9950308 -0.09956768 0 0.9950308 -0.1490433 0 0.9888307 -0.1490433 0 0.9888307 -0.2467577 0 0.9690772 -0.1981452 0 0.9801726 -0.1981452 0 0.9801726 -0.2467577 0 0.9690772 -0.2947575 0 0.9555721 -0.2947575 0 0.9555721 -0.3420184 0 0.9396932 -0.3420184 0 0.9396932 -0.3884353 0 0.921476 -0.4338828 0 0.9009693 -0.3884353 0 0.921476 -0.4338828 0 0.9009693 -0.4782526 0 0.8782223 -0.4782526 0 0.8782223 -0.5214363 0 0.8532902 -0.5214363 0 0.8532902 -0.5633213 0 0.826238 -0.6038029 0 0.7971337 -0.5633213 0 0.826238 -0.6038029 0 0.7971337 -0.6427861 0 0.7660457 -0.6801752 0 0.7330496 -0.6427861 0 0.7660457 -0.6801752 0 0.7330496 -0.715867 0 0.6982366 -0.715867 0 0.6982366 -0.7497796 0 0.6616877 -0.7497796 0 0.6616877 -0.7818299 0 0.6234918 -0.7818299 0 0.6234918 -0.811939 0 0.5837423 -0.811939 0 0.5837423 -0.8400263 0 0.5425458 -0.8400263 0 0.5425458 -0.8660254 0 0.5 -0.8660254 0 0.5 -0.8898739 0 0.4562067 -0.8898739 0 0.4562067 -0.9115055 0 0.4112879 -0.9115055 0 0.4112879 -0.930873 0 0.3653429 -0.930873 0 0.3653429 -0.9479279 0 0.3184851 -0.9479279 0 0.3184851 -0.9626244 0 0.2708399 -0.9626244 0 0.2708399 -0.9749275 0 0.2225227 -0.9749275 0 0.2225227 -0.9848071 0 0.1736517 -0.9848071 0 0.1736517 -0.9922398 0 0.1243392 -0.9922398 0 0.1243392 -0.9972039 0 0.0747293 -0.9972039 0 0.0747293 -0.9996891 0 0.02493251 -0.9996891 0 0.02493251 -0.9996892 0 0.02493007 -0.9996892 0 0.02493007 -0.9972034 0 0.0747354 -0.9972034 0 0.0747354 -0.9922392 0 0.1243441 -0.9848079 0 0.1736469 -0.9922392 0 0.1243441 -0.9848079 0 0.1736469 -0.9749298 0 0.2225129 -0.9749298 0 0.2225129 -0.9626238 0 0.270842 -0.947925 0 0.3184938 -0.9626238 0 0.270842 -0.947925 0 0.3184938 -0.9308746 0 0.3653386 -0.9115063 0 0.411286 -0.9308746 0 0.3653386 -0.9115063 0 0.411286 -0.8898739 0 0.4562066 -0.8660254 0 0.4999999 -0.8898739 0 0.4562066 -0.8660254 0 0.4999999 -0.8400254 0 0.5425472 -0.8400254 0 0.5425472 -0.8119388 0 0.5837426 -0.8119388 0 0.5837426 -0.7818307 0 0.6234908 -0.7818307 0 0.6234908 -0.7497791 0 0.6616881 -0.7497791 0 0.6616881 -0.7158664 0 0.6982373 -0.7158664 0 0.6982373 -0.6801746 0 0.73305 -0.6801746 0 0.73305 -0.6427876 0 0.7660444 -0.6427876 0 0.7660444 -0.6038019 0 0.7971345 -0.6038019 0 0.7971345 -0.563323 0 0.8262367 -0.563323 0 0.8262367 -0.5214339 0 0.8532917 -0.5214339 0 0.8532917 -0.4782527 0 0.8782222 -0.4782527 0 0.8782222 -0.433884 0 0.9009688 -0.433884 0 0.9009688 -0.3884345 0 0.9214763 -0.3884345 0 0.9214763 -0.3420208 0 0.9396924 -0.2947556 0 0.9555727 -0.3420208 0 0.9396924 -0.2947556 0 0.9555727 -0.2467566 0 0.9690775 -0.1981474 0 0.9801723 -0.2467566 0 0.9690775 -0.1490413 0 0.988831 -0.1981474 0 0.9801723 -0.1490413 0 0.988831 -0.09956825 0 0.9950308 -0.09956825 0 0.9950308 -0.04984563 0 0.9987569 0 0 1 -0.04984563 0 0.9987569 0.04984563 0 0.9987569 0 0 1 0.09956825 0 0.9950308 0.04984563 0 0.9987569 0.09956825 0 0.9950308 0.1490413 0 0.988831 0.1981474 0 0.9801723 0.1490413 0 0.988831 0.2467566 0 0.9690775 0.1981474 0 0.9801723 0.2467566 0 0.9690775 0.2947556 0 0.9555727 0.2947556 0 0.9555727 0.3420208 0 0.9396924 0.3420208 0 0.9396924 0.3884345 0 0.9214763 0.3884345 0 0.9214763 0.433884 0 0.9009688 0.433884 0 0.9009688 0.4782527 0 0.8782222 0.4782527 0 0.8782222 0.5214363 0 0.8532902 0.5214363 0 0.8532902 0.563318 0 0.8262402 0.563318 0 0.8262402 0.6038045 0 0.7971324 0.6038045 0 0.7971324 0.6427876 0 0.7660444 0.6427876 0 0.7660444 0.6801746 0 0.73305 0.6801746 0 0.73305 0.7158664 0 0.6982373 0.7158664 0 0.6982373 0.7497819 0 0.6616851 0.7497819 0 0.6616851 0.7818307 0 0.6234908 0.7818307 0 0.6234908 0.8119362 0 0.5837462 0.8119362 0 0.5837462 0.8400278 0 0.5425432 0.8400278 0 0.5425432 0.8660254 0 0.4999999 0.8660254 0 0.4999999 0.8898717 0 0.4562109 0.8898717 0 0.4562109 0.9115063 0 0.411286 0.9115063 0 0.411286 0.9308728 0 0.3653434 0.9308728 0 0.3653434 0.9479282 0 0.3184839 0.9479282 0 0.3184839 0.9626238 0 0.270842 0.9626238 0 0.270842 0.9749274 0 0.2225233 0.9749274 0 0.2225233 0.9848079 0 0.1736469 0.9848079 0 0.1736469 0.9922392 0 0.1243441 0.9922392 0 0.1243441 0.9972038 0 0.07472997 0.9972038 0 0.07472997 0.9996892 0 0.02493007 0.9996892 0 0.02493007 0.9996892 0 -0.02493007 0.9996892 0 -0.02493007 0.9972038 0 -0.07472997 0.9972038 0 -0.07472997 0.9922392 0 -0.1243441 0.9922392 0 -0.1243441 0.9848079 0 -0.1736469 0.9848079 0 -0.1736469 0.9749274 0 -0.2225233 0.9749274 0 -0.2225233 0.9626237 0 -0.2708423 0.9626237 0 -0.2708423 0.9479284 0 -0.3184835 0.9479284 0 -0.3184835 0.9308728 0 -0.3653434 0.9308728 0 -0.3653434 0.9115066 0 -0.4112855 0.9115066 0 -0.4112855 0.8898717 0 -0.4562109 0.8898717 0 -0.4562109 0.8660251 0 -0.5000005 0.8660251 0 -0.5000005 0.8400275 0 -0.5425439 0.8400275 0 -0.5425439 0.8119372 0 -0.5837449 0.8119372 0 -0.5837449 0.7818307 0 -0.6234908 0.7818307 0 -0.6234908 0.7497819 0 -0.6616851 0.7158664 0 -0.6982373 0.7497819 0 -0.6616851 0.7158664 0 -0.6982373 0.680174 0 -0.7330508 0.680174 0 -0.7330508 0.6427876 0 -0.7660444 0.6038045 0 -0.7971324 0.6427876 0 -0.7660444 0.6038045 0 -0.7971324 0.5633175 0 -0.8262405 0.5214363 0 -0.8532902 0.5633175 0 -0.8262405 0.5214363 0 -0.8532902 0.4782543 0 -0.8782214 0.4338828 0 -0.9009693 0.4782543 0 -0.8782214 0.4338828 0 -0.9009693 0.3884369 0 -0.9214754 0.3420208 0 -0.9396924 0.3884369 0 -0.9214754 0.3420208 0 -0.9396924 0.2947513 0 -0.955574 0.2947513 0 -0.955574 0.2467585 0 -0.969077 0.2467585 0 -0.969077 0.1981461 0 -0.9801726 0.1981461 0 -0.9801726 0.149044 0 -0.9888306 0.09956756 0 -0.9950308 0.149044 0 -0.9888306 0.09956756 0 -0.9950308 0.04984358 0 -0.998757 0.04984358 0 -0.998757 0 0 -1 0 0 -1 -0.04984358 -0 -0.998757 -0.09956756 -0 -0.9950308 -0.04984358 0 -0.998757 -0.09956756 -0 -0.9950308 -0.149044 -0 -0.9888306 -0.1981461 -0 -0.9801726 -0.149044 0 -0.9888306 -0.1981461 -0 -0.9801726 -0.2467585 -0 -0.969077 -0.2947513 -0 -0.955574 -0.2467585 0 -0.969077 -0.2947513 -0 -0.955574 -0.3420208 -0 -0.9396924 -0.3420208 0 -0.9396924 -0.3884369 -0 -0.9214754 -0.3884369 0 -0.9214754 -0.4338828 -0 -0.9009693 -0.4782543 -0 -0.8782214 -0.4338828 0 -0.9009693 -0.4782543 -0 -0.8782214 -0.5214339 -0 -0.8532917 -0.5633225 -0 -0.826237 -0.5214339 0 -0.8532917 -0.5633225 -0 -0.826237 -0.6038019 -0 -0.7971345 -0.6038019 0 -0.7971345 -0.6427876 -0 -0.7660444 -0.6427876 0 -0.7660444 -0.680174 -0 -0.7330508 -0.680174 0 -0.7330508 -0.7158664 -0 -0.6982373 -0.7158664 0 -0.6982373 -0.7497791 0 -0.6616881 -0.7497791 -0 -0.6616881 -0.7818307 0 -0.6234908 -0.7818307 -0 -0.6234908 -0.8119397 0 -0.5837412 -0.8119397 -0 -0.5837412 -0.8400249 -0 -0.5425478 -0.8400249 -0 -0.5425478 -0.8660251 0 -0.5000005 -0.8660251 -0 -0.5000005 -0.8898739 0 -0.4562066 -0.8898739 -0 -0.4562066 -0.9115066 0 -0.4112855 -0.9115066 -0 -0.4112855 -0.9308746 0 -0.3653386 -0.9308746 -0 -0.3653386 -0.9479251 0 -0.3184933 -0.9479251 -0 -0.3184933 -0.9626237 -0 -0.2708423 -0.9626237 -0 -0.2708423 -0.9749298 0 -0.2225129 -0.9749298 -0 -0.2225129 -0.9848079 0 -0.1736469 -0.9848079 -0 -0.1736469 -0.9922392 -0 -0.1243441 -0.9922392 0 -0.1243441 -0.9972034 0 -0.0747354 -0.9972034 -0 -0.0747354 -0.9996892 -0 -0.02493007 -0.9996892 -0 -0.02493007</float_array>
          <technique_common>
            <accessor count="5398" source="#cubenormals-array0-array" stride="3">
              <param type="float" name="X"/>
              <param type="float" name="Y"/>
              <param type="float" name="Z"/>
            </accessor>
          </technique_common>
        </source>
        <vertices id="cubeverts-array0-vertices">
          <input semantic="POSITION" source="#cubeverts-array0"/>
        </vertices>
        <triangles count="5398" material="ref_Body013">
          <input offset="0" semantic="VERTEX" source="#cubeverts-array0-vertices"/>
          <input offset="1" semantic="NORMAL" source="#cubenormals-array0"/>
          <p>0 0 1 0 2 0 3 1 2 1 4 1 3 2 0 2 2 2 5 3 1 3 0 3 5 4 6 4 1 4 7 5 4 5 8 5 7 6 3 6 4 6 9 7 6 7 5 7 9 8 10 8 6 8 11 9 8 9 12 9 11 10 7 10 8 10 13 11 14 11 10 11 13 12 10 12 9 12 15 13 12 13 16 13 15 14 11 14 12 14 17 15 18 15 14 15 17 16 14 16 13 16 19 17 16 17 20 17 19 18 15 18 16 18 21 19 22 19 18 19 21 20 18 20 17 20 23 21 20 21 24 21 23 22 19 22 20 22 25 23 26 23 22 23 25 24 22 24 21 24 27 25 24 25 28 25 27 26 23 26 24 26 29 27 30 27 26 27 29 28 26 28 25 28 31 29 27 29 28 29 31 30 28 30 32 30 33 31 34 31 30 31 33 32 30 32 29 32 35 33 32 33 36 33 35 34 31 34 32 34 37 35 38 35 34 35 37 36 34 36 33 36 39 37 35 37 36 37 39 38 36 38 40 38 41 39 38 39 37 39 41 40 42 40 38 40 43 41 40 41 44 41 43 42 39 42 40 42 45 43 42 43 41 43 45 44 46 44 42 44 47 45 44 45 48 45 47 46 43 46 44 46 49 47 46 47 45 47 49 48 50 48 46 48 51 49 48 49 52 49 51 50 47 50 48 50 53 51 50 51 49 51 53 52 54 52 50 52 55 53 52 53 56 53 55 54 51 54 52 54 57 55 54 55 53 55 57 56 58 56 54 56 59 57 56 57 60 57 59 58 55 58 56 58 61 59 58 59 57 59 61 60 62 60 58 60 63 61 60 61 64 61 63 62 59 62 60 62 65 63 66 63 62 63 65 64 62 64 61 64 67 65 64 65 68 65 67 66 63 66 64 66 69 67 66 67 65 67 69 68 70 68 66 68 71 69 68 69 72 69 71 70 67 70 68 70 73 71 70 71 69 71 73 72 74 72 70 72 75 73 72 73 76 73 75 74 71 74 72 74 77 75 74 75 73 75 77 76 78 76 74 76 79 77 76 77 80 77 79 78 75 78 76 78 81 79 78 79 77 79 81 80 82 80 78 80 83 81 80 81 84 81 83 82 79 82 80 82 85 83 82 83 81 83 85 84 86 84 82 84 87 85 84 85 88 85 87 86 83 86 84 86 89 87 86 87 85 87 89 88 90 88 86 88 91 89 88 89 92 89 91 90 87 90 88 90 93 91 90 91 89 91 93 92 94 92 90 92 95 93 92 93 96 93 95 94 91 94 92 94 97 95 94 95 93 95 97 96 98 96 94 96 99 97 95 97 96 97 99 98 96 98 100 98 101 99 98 99 97 99 101 100 102 100 98 100 103 101 100 101 104 101 103 102 99 102 100 102 105 103 102 103 101 103 105 104 106 104 102 104 107 105 104 105 108 105 107 106 103 106 104 106 109 107 106 107 105 107 110 108 108 108 111 108 110 109 107 109 108 109 112 110 106 110 109 110 112 111 113 111 106 111 114 112 113 112 112 112 115 113 111 113 116 113 115 114 110 114 111 114 117 115 114 115 112 115 118 116 116 116 119 116 118 117 115 117 116 117 120 118 114 118 117 118 121 119 120 119 117 119 122 120 118 120 119 120 123 121 118 121 122 121 124 122 120 122 121 122 125 123 124 123 121 123 126 124 123 124 122 124 127 125 126 125 122 125 128 126 125 126 129 126 128 127 124 127 125 127 130 128 126 128 127 128 131 129 130 129 127 129 132 130 128 130 129 130 132 131 129 131 133 131 134 132 130 132 131 132 134 133 135 133 130 133 136 134 132 134 133 134 136 135 133 135 137 135 138 136 135 136 134 136 138 137 139 137 135 137 140 138 136 138 137 138 140 139 137 139 141 139 142 140 139 140 138 140 142 141 143 141 139 141 144 142 141 142 145 142 144 143 140 143 141 143 146 144 143 144 142 144 146 145 147 145 143 145 148 146 145 146 149 146 148 147 144 147 145 147 150 148 147 148 146 148 150 149 151 149 152 149 150 150 152 150 147 150 153 151 149 151 154 151 153 152 148 152 149 152 155 153 151 153 150 153 156 154 154 154 157 154 156 155 153 155 154 155 158 156 151 156 155 156 158 157 159 157 151 157 160 158 157 158 161 158 160 159 156 159 157 159 162 160 163 160 159 160 162 161 159 161 158 161 164 162 161 162 165 162 164 163 160 163 161 163 166 164 167 164 168 164 166 165 168 165 163 165 166 166 163 166 162 166 169 167 165 167 170 167 169 168 164 168 165 168 171 169 167 169 166 169 172 170 170 170 173 170 172 171 169 171 170 171 174 172 167 172 171 172 174 173 175 173 167 173 176 174 173 174 177 174 176 175 172 175 173 175 178 176 175 176 174 176 178 177 179 177 175 177 180 178 177 178 181 178 180 179 176 179 177 179 182 180 179 180 178 180 182 181 183 181 179 181 184 182 180 182 181 182 184 183 181 183 185 183 186 184 183 184 182 184 186 185 187 185 183 185 188 186 185 186 189 186 188 187 184 187 185 187 190 188 191 188 187 188 190 189 187 189 186 189 192 190 189 190 193 190 192 191 193 191 194 191 192 192 188 192 189 192 195 193 196 193 191 193 195 194 191 194 190 194 197 195 192 195 194 195 198 196 199 196 196 196 198 197 196 197 195 197 200 198 194 198 201 198 200 199 197 199 194 199 202 200 199 200 198 200 202 201 203 201 199 201 204 202 201 202 205 202 204 203 200 203 201 203 206 204 203 204 202 204 206 205 207 205 203 205 208 206 205 206 209 206 208 207 209 207 210 207 208 208 204 208 205 208 211 209 207 209 206 209 211 210 212 210 207 210 213 211 208 211 210 211 214 212 212 212 211 212 214 213 215 213 216 213 214 214 216 214 212 214 217 215 213 215 210 215 217 216 210 216 218 216 217 217 218 217 219 217 220 218 215 218 214 218 221 219 217 219 219 219 222 220 215 220 220 220 222 221 223 221 224 221 222 222 224 222 215 222 225 223 221 223 219 223 225 224 219 224 226 224 227 225 223 225 222 225 227 226 228 226 223 226 229 227 226 227 230 227 229 228 225 228 226 228 231 229 228 229 227 229 231 230 232 230 228 230 233 231 229 231 230 231 233 232 230 232 234 232 235 233 232 233 231 233 236 234 233 234 234 234 236 235 234 235 237 235 238 236 232 236 235 236 238 237 239 237 232 237 240 238 236 238 237 238 240 239 237 239 241 239 242 240 239 240 238 240 242 241 243 241 239 241 244 242 240 242 241 242 244 243 241 243 245 243 246 244 247 244 243 244 246 245 243 245 242 245 248 246 245 246 249 246 248 247 244 247 245 247 250 248 249 248 251 248 250 249 251 249 247 249 250 250 248 250 249 250 250 251 247 251 246 251 252 252 253 252 189 252 189 253 253 253 193 253 193 254 254 254 194 254 253 255 254 255 193 255 194 256 255 256 201 256 254 257 255 257 194 257 201 258 256 258 205 258 255 259 256 259 201 259 205 260 257 260 209 260 209 261 257 261 210 261 256 262 257 262 205 262 257 263 258 263 210 263 210 264 259 264 218 264 258 265 259 265 210 265 218 266 260 266 219 266 259 267 260 267 218 267 219 268 261 268 226 268 260 269 261 269 219 269 226 270 262 270 230 270 261 271 262 271 226 271 262 272 263 272 230 272 230 273 263 273 234 273 263 274 264 274 234 274 234 275 264 275 237 275 264 276 265 276 237 276 237 277 265 277 241 277 265 278 266 278 241 278 241 279 266 279 245 279 245 280 267 280 249 280 266 281 267 281 245 281 249 282 268 282 251 282 251 283 268 283 247 283 267 284 268 284 249 284 268 285 269 285 247 285 247 286 270 286 243 286 269 287 270 287 247 287 243 288 271 288 239 288 270 289 271 289 243 289 239 290 272 290 232 290 271 291 272 291 239 291 232 292 273 292 228 292 272 293 273 293 232 293 228 294 274 294 223 294 273 295 274 295 228 295 223 296 275 296 224 296 274 297 275 297 223 297 224 298 276 298 215 298 275 299 276 299 224 299 215 300 277 300 216 300 216 301 277 301 212 301 276 302 277 302 215 302 277 303 278 303 212 303 212 304 279 304 207 304 207 305 279 305 203 305 278 306 279 306 212 306 279 307 280 307 203 307 203 308 281 308 199 308 280 309 281 309 203 309 199 310 282 310 196 310 281 311 282 311 199 311 196 312 283 312 191 312 282 313 283 313 196 313 191 314 284 314 187 314 187 315 284 315 183 315 283 316 284 316 191 316 284 317 285 317 183 317 183 318 286 318 179 318 285 319 286 319 183 319 179 320 287 320 175 320 286 321 287 321 179 321 175 322 288 322 167 322 287 323 288 323 175 323 167 324 289 324 168 324 288 325 289 325 167 325 289 326 290 326 168 326 168 327 290 327 163 327 290 328 291 328 163 328 163 329 291 329 159 329 291 330 292 330 159 330 159 331 292 331 151 331 292 332 293 332 151 332 151 333 293 333 152 333 293 334 294 334 152 334 152 335 294 335 147 335 294 336 295 336 147 336 147 337 295 337 143 337 295 338 296 338 143 338 143 339 296 339 139 339 296 340 297 340 139 340 139 341 297 341 135 341 297 342 298 342 135 342 135 343 298 343 130 343 298 344 299 344 130 344 130 345 299 345 126 345 126 346 300 346 123 346 299 347 300 347 126 347 123 348 301 348 118 348 300 349 301 349 123 349 118 350 302 350 115 350 301 351 302 351 118 351 115 352 303 352 110 352 302 353 303 353 115 353 110 354 304 354 107 354 303 355 304 355 110 355 107 356 305 356 103 356 304 357 305 357 107 357 103 358 306 358 99 358 305 359 306 359 103 359 99 360 307 360 95 360 306 361 307 361 99 361 95 362 308 362 91 362 307 363 308 363 95 363 91 364 309 364 87 364 308 365 309 365 91 365 87 366 310 366 83 366 309 367 310 367 87 367 83 368 311 368 79 368 310 369 311 369 83 369 79 370 312 370 75 370 311 371 312 371 79 371 75 372 313 372 71 372 71 373 313 373 67 373 312 374 313 374 75 374 313 375 314 375 67 375 314 376 315 376 67 376 67 377 315 377 63 377 63 378 315 378 59 378 315 379 316 379 59 379 316 380 317 380 59 380 59 381 317 381 55 381 317 382 318 382 55 382 55 383 318 383 51 383 318 384 319 384 51 384 51 385 319 385 47 385 319 386 320 386 47 386 47 387 320 387 43 387 43 388 320 388 39 388 320 389 321 389 39 389 321 390 322 390 39 390 39 391 322 391 35 391 35 392 322 392 31 392 322 393 323 393 31 393 31 394 323 394 27 394 323 395 324 395 27 395 324 396 325 396 27 396 27 397 325 397 23 397 325 398 326 398 23 398 23 399 326 399 19 399 326 400 327 400 19 400 19 401 327 401 15 401 15 402 327 402 11 402 327 403 328 403 11 403 328 404 329 404 11 404 11 405 329 405 7 405 7 406 329 406 3 406 329 407 330 407 3 407 330 408 331 408 3 408 3 409 331 409 0 409 331 410 332 410 0 410 0 411 332 411 5 411 332 412 333 412 5 412 5 413 333 413 9 413 333 414 334 414 9 414 9 415 334 415 13 415 13 416 335 416 17 416 334 417 335 417 13 417 17 418 336 418 21 418 335 419 336 419 17 419 21 420 337 420 25 420 336 421 337 421 21 421 25 422 338 422 29 422 337 423 338 423 25 423 29 424 339 424 33 424 338 425 339 425 29 425 33 426 339 426 37 426 339 427 340 427 37 427 340 428 341 428 37 428 37 429 341 429 41 429 41 430 341 430 45 430 341 431 342 431 45 431 342 432 343 432 45 432 45 433 343 433 49 433 343 434 344 434 49 434 49 435 344 435 53 435 344 436 345 436 53 436 53 437 345 437 57 437 345 438 346 438 57 438 57 439 346 439 61 439 346 440 347 440 61 440 61 441 347 441 65 441 65 442 347 442 69 442 347 443 348 443 69 443 348 444 349 444 69 444 69 445 349 445 73 445 349 446 350 446 73 446 73 447 350 447 77 447 350 448 351 448 77 448 77 449 351 449 81 449 81 450 352 450 85 450 351 451 352 451 81 451 85 452 353 452 89 452 352 453 353 453 85 453 89 454 354 454 93 454 353 455 354 455 89 455 93 456 355 456 97 456 354 457 355 457 93 457 97 458 356 458 101 458 101 459 356 459 105 459 355 460 356 460 97 460 356 461 357 461 105 461 105 462 358 462 109 462 109 463 358 463 112 463 357 464 358 464 105 464 358 465 359 465 112 465 112 466 360 466 117 466 117 467 360 467 121 467 359 468 360 468 112 468 360 469 361 469 121 469 121 470 362 470 125 470 361 471 362 471 121 471 125 472 363 472 129 472 362 473 363 473 125 473 363 474 364 474 129 474 129 475 364 475 133 475 364 476 365 476 133 476 133 477 365 477 137 477 365 478 366 478 137 478 137 479 366 479 141 479 366 480 367 480 141 480 141 481 367 481 145 481 145 482 368 482 149 482 367 483 368 483 145 483 149 484 369 484 154 484 368 485 369 485 149 485 154 486 370 486 157 486 369 487 370 487 154 487 157 488 371 488 161 488 370 489 371 489 157 489 161 490 372 490 165 490 165 491 372 491 170 491 371 492 372 492 161 492 372 493 373 493 170 493 170 494 374 494 173 494 173 495 374 495 177 495 373 496 374 496 170 496 374 497 375 497 177 497 177 498 376 498 181 498 181 499 376 499 185 499 375 500 376 500 177 500 376 501 377 501 185 501 185 502 252 502 189 502 377 503 252 503 185 503 378 504 330 504 329 504 378 505 331 505 330 505 378 506 379 506 331 506 380 507 331 507 379 507 380 508 332 508 331 508 381 509 378 509 329 509 381 510 329 510 328 510 382 511 333 511 332 511 382 512 332 512 380 512 383 513 381 513 328 513 383 514 328 514 327 514 384 515 333 515 382 515 384 516 334 516 333 516 385 517 383 517 327 517 385 518 327 518 326 518 386 519 334 519 384 519 386 520 335 520 334 520 387 521 385 521 326 521 388 522 335 522 386 522 388 523 336 523 335 523 389 524 325 524 324 524 389 525 326 525 325 525 389 526 387 526 326 526 390 527 336 527 388 527 390 528 337 528 336 528 391 529 389 529 324 529 392 530 337 530 390 530 392 531 338 531 337 531 393 532 391 532 324 532 393 533 324 533 323 533 394 534 338 534 392 534 394 535 339 535 338 535 395 536 393 536 323 536 395 537 323 537 322 537 396 538 339 538 394 538 396 539 340 539 339 539 397 540 395 540 322 540 397 541 322 541 321 541 398 542 340 542 396 542 398 543 341 543 340 543 399 544 397 544 321 544 399 545 320 545 319 545 399 546 321 546 320 546 400 547 341 547 398 547 400 548 342 548 341 548 401 549 399 549 319 549 402 550 342 550 400 550 402 551 343 551 342 551 402 552 344 552 343 552 403 553 401 553 319 553 403 554 318 554 317 554 403 555 319 555 318 555 404 556 344 556 402 556 405 557 403 557 317 557 406 558 344 558 404 558 406 559 345 559 344 559 407 560 317 560 316 560 407 561 405 561 317 561 408 562 345 562 406 562 408 563 346 563 345 563 408 564 347 564 346 564 409 565 407 565 316 565 409 566 316 566 315 566 410 567 347 567 408 567 411 568 315 568 314 568 411 569 409 569 315 569 412 570 347 570 410 570 412 571 348 571 347 571 412 572 349 572 348 572 413 573 314 573 313 573 413 574 411 574 314 574 414 575 349 575 412 575 415 576 313 576 312 576 415 577 413 577 313 577 416 578 349 578 414 578 416 579 350 579 349 579 417 580 311 580 310 580 417 581 312 581 311 581 417 582 415 582 312 582 418 583 350 583 416 583 418 584 351 584 350 584 418 585 352 585 351 585 419 586 417 586 310 586 420 587 352 587 418 587 421 588 419 588 310 588 421 589 309 589 308 589 421 590 310 590 309 590 422 591 353 591 352 591 422 592 352 592 420 592 423 593 421 593 308 593 424 594 354 594 353 594 424 595 353 595 422 595 425 596 423 596 308 596 425 597 307 597 306 597 425 598 308 598 307 598 426 599 355 599 354 599 426 600 354 600 424 600 427 601 425 601 306 601 305 602 427 602 306 602 428 603 356 603 355 603 428 604 355 604 426 604 429 605 427 605 305 605 430 606 357 606 356 606 430 607 356 607 428 607 431 608 305 608 304 608 431 609 429 609 305 609 432 610 358 610 357 610 432 611 357 611 430 611 433 612 431 612 304 612 433 613 304 613 303 613 434 614 359 614 358 614 434 615 358 615 432 615 302 616 433 616 303 616 435 617 433 617 302 617 360 618 359 618 434 618 436 619 360 619 434 619 437 620 302 620 301 620 437 621 435 621 302 621 361 622 360 622 436 622 438 623 361 623 436 623 439 624 301 624 300 624 439 625 437 625 301 625 440 626 362 626 361 626 440 627 361 627 438 627 299 628 441 628 439 628 299 629 439 629 300 629 442 630 362 630 440 630 363 631 362 631 442 631 298 632 443 632 441 632 298 633 441 633 299 633 364 634 363 634 442 634 364 635 442 635 444 635 445 636 443 636 298 636 297 637 445 637 298 637 365 638 364 638 444 638 365 639 444 639 446 639 447 640 445 640 297 640 296 641 447 641 297 641 448 642 447 642 296 642 366 643 365 643 446 643 366 644 446 644 449 644 295 645 448 645 296 645 367 646 366 646 449 646 367 647 449 647 450 647 294 648 448 648 295 648 294 649 451 649 448 649 368 650 450 650 452 650 368 651 367 651 450 651 293 652 451 652 294 652 293 653 453 653 454 653 293 654 454 654 451 654 369 655 368 655 452 655 369 656 452 656 455 656 292 657 453 657 293 657 292 658 456 658 453 658 370 659 369 659 455 659 370 660 455 660 457 660 291 661 458 661 456 661 291 662 456 662 292 662 371 663 457 663 459 663 371 664 370 664 457 664 290 665 458 665 291 665 372 666 459 666 460 666 372 667 371 667 459 667 289 668 461 668 458 668 289 669 458 669 290 669 373 670 460 670 462 670 373 671 372 671 460 671 288 672 463 672 461 672 288 673 461 673 289 673 374 674 462 674 464 674 374 675 373 675 462 675 287 676 463 676 288 676 287 677 465 677 466 677 287 678 466 678 463 678 375 679 374 679 464 679 375 680 464 680 467 680 375 681 467 681 468 681 286 682 465 682 287 682 376 683 375 683 468 683 376 684 468 684 469 684 285 685 465 685 286 685 285 686 470 686 465 686 377 687 376 687 469 687 284 688 470 688 285 688 284 689 471 689 472 689 284 690 472 690 470 690 252 691 377 691 469 691 252 692 469 692 473 692 283 693 471 693 284 693 283 694 474 694 471 694 253 695 473 695 475 695 253 696 252 696 473 696 282 697 474 697 283 697 254 698 475 698 476 698 254 699 476 699 477 699 254 700 253 700 475 700 281 701 474 701 282 701 281 702 478 702 474 702 255 703 254 703 477 703 280 704 479 704 480 704 280 705 480 705 478 705 280 706 478 706 281 706 256 707 477 707 481 707 256 708 255 708 477 708 279 709 479 709 280 709 279 710 482 710 479 710 257 711 481 711 483 711 257 712 483 712 484 712 257 713 256 713 481 713 278 714 485 714 482 714 278 715 482 715 279 715 258 716 484 716 486 716 258 717 257 717 484 717 277 718 485 718 278 718 259 719 486 719 487 719 259 720 258 720 486 720 276 721 485 721 277 721 276 722 488 722 485 722 260 723 259 723 487 723 275 724 488 724 276 724 275 725 489 725 488 725 261 726 260 726 487 726 261 727 487 727 490 727 261 728 490 728 491 728 274 729 489 729 275 729 274 730 492 730 493 730 274 731 493 731 489 731 262 732 491 732 494 732 262 733 261 733 491 733 273 734 492 734 274 734 263 735 262 735 494 735 272 736 492 736 273 736 272 737 495 737 496 737 272 738 496 738 492 738 264 739 263 739 494 739 264 740 494 740 497 740 264 741 497 741 498 741 271 742 495 742 272 742 265 743 264 743 498 743 270 744 495 744 271 744 270 745 499 745 495 745 266 746 498 746 500 746 266 747 500 747 501 747 266 748 265 748 498 748 269 749 499 749 270 749 269 750 502 750 503 750 269 751 503 751 499 751 267 752 266 752 501 752 268 753 502 753 269 753 268 754 501 754 502 754 268 755 267 755 501 755 504 756 505 756 506 756 506 757 507 757 508 757 505 758 507 758 506 758 508 759 509 759 510 759 507 760 509 760 508 760 510 761 511 761 512 761 509 762 511 762 510 762 512 763 513 763 514 763 511 764 513 764 512 764 514 765 515 765 516 765 513 766 515 766 514 766 516 767 517 767 518 767 515 768 517 768 516 768 518 769 519 769 520 769 517 770 519 770 518 770 520 771 521 771 522 771 519 772 521 772 520 772 522 773 523 773 524 773 521 774 523 774 522 774 524 775 525 775 526 775 523 776 525 776 524 776 525 777 527 777 526 777 526 778 527 778 528 778 527 779 529 779 528 779 528 780 529 780 530 780 529 781 531 781 530 781 530 782 531 782 532 782 531 783 533 783 532 783 532 784 533 784 534 784 533 785 535 785 534 785 534 786 535 786 536 786 535 787 537 787 536 787 536 788 537 788 538 788 537 789 539 789 538 789 538 790 539 790 540 790 539 791 541 791 540 791 540 792 541 792 542 792 541 793 543 793 542 793 542 794 543 794 544 794 543 795 545 795 544 795 544 796 545 796 546 796 545 797 547 797 546 797 546 798 547 798 548 798 547 799 549 799 548 799 548 800 549 800 550 800 550 801 551 801 552 801 549 802 551 802 550 802 552 803 553 803 554 803 551 804 553 804 552 804 554 805 555 805 556 805 553 806 555 806 554 806 556 807 557 807 558 807 555 808 557 808 556 808 558 809 559 809 560 809 557 810 559 810 558 810 560 811 561 811 562 811 559 812 561 812 560 812 562 813 563 813 564 813 561 814 563 814 562 814 564 815 565 815 566 815 563 816 565 816 564 816 566 817 567 817 568 817 565 818 567 818 566 818 568 819 569 819 570 819 567 820 569 820 568 820 570 821 571 821 572 821 569 822 571 822 570 822 572 823 573 823 574 823 571 824 573 824 572 824 574 825 575 825 576 825 573 826 575 826 574 826 575 827 577 827 576 827 576 828 577 828 578 828 577 829 579 829 578 829 578 830 579 830 580 830 579 831 581 831 580 831 580 832 581 832 582 832 581 833 583 833 582 833 582 834 583 834 584 834 583 835 585 835 584 835 584 836 585 836 586 836 585 837 587 837 586 837 586 838 587 838 588 838 587 839 589 839 588 839 588 840 589 840 590 840 589 841 591 841 590 841 590 842 591 842 592 842 591 843 593 843 592 843 592 844 593 844 594 844 593 845 595 845 594 845 594 846 595 846 596 846 595 847 597 847 596 847 596 848 597 848 598 848 597 849 599 849 598 849 598 850 599 850 600 850 599 851 601 851 600 851 600 852 601 852 602 852 601 853 603 853 602 853 602 854 603 854 604 854 603 855 605 855 604 855 604 856 605 856 606 856 605 857 607 857 606 857 606 858 607 858 608 858 607 859 609 859 608 859 608 860 609 860 610 860 609 861 611 861 610 861 610 862 611 862 612 862 611 863 613 863 612 863 612 864 613 864 614 864 613 865 615 865 614 865 614 866 615 866 616 866 616 867 617 867 618 867 615 868 617 868 616 868 618 869 619 869 620 869 617 870 619 870 618 870 620 871 621 871 622 871 619 872 621 872 620 872 622 873 623 873 624 873 624 874 623 874 625 874 621 875 623 875 622 875 625 876 626 876 627 876 623 877 626 877 625 877 626 878 628 878 627 878 627 879 628 879 629 879 628 880 630 880 629 880 629 881 630 881 631 881 630 882 632 882 631 882 631 883 632 883 633 883 632 884 634 884 633 884 633 885 634 885 635 885 634 886 636 886 635 886 635 887 636 887 637 887 636 888 638 888 637 888 637 889 638 889 639 889 638 890 640 890 639 890 639 891 640 891 641 891 640 892 642 892 641 892 641 893 642 893 643 893 642 894 644 894 643 894 643 895 644 895 645 895 644 896 646 896 645 896 645 897 646 897 647 897 646 898 648 898 647 898 647 899 648 899 649 899 648 900 650 900 649 900 649 901 650 901 651 901 651 902 652 902 653 902 650 903 652 903 651 903 653 904 654 904 655 904 652 905 654 905 653 905 655 906 656 906 657 906 654 907 656 907 655 907 657 908 658 908 659 908 656 909 658 909 657 909 659 910 660 910 661 910 658 911 660 911 659 911 661 912 662 912 663 912 660 913 662 913 661 913 663 914 664 914 665 914 662 915 664 915 663 915 665 916 666 916 667 916 664 917 666 917 665 917 667 918 668 918 669 918 666 919 668 919 667 919 669 920 670 920 671 920 668 921 670 921 669 921 671 922 672 922 673 922 670 923 672 923 671 923 673 924 674 924 675 924 672 925 674 925 673 925 675 926 676 926 677 926 674 927 676 927 675 927 676 928 678 928 677 928 677 929 678 929 679 929 678 930 680 930 679 930 679 931 680 931 681 931 680 932 682 932 681 932 681 933 682 933 683 933 682 934 684 934 683 934 683 935 684 935 685 935 684 936 686 936 685 936 685 937 686 937 687 937 687 938 688 938 689 938 686 939 688 939 687 939 689 940 690 940 691 940 688 941 690 941 689 941 691 942 692 942 693 942 690 943 692 943 691 943 693 944 694 944 695 944 692 945 694 945 693 945 695 946 696 946 697 946 694 947 696 947 695 947 697 948 698 948 699 948 696 949 698 949 697 949 699 950 700 950 701 950 698 951 700 951 699 951 701 952 702 952 703 952 700 953 702 953 701 953 703 954 704 954 705 954 702 955 704 955 703 955 705 956 706 956 707 956 704 957 706 957 705 957 707 958 708 958 709 958 706 959 708 959 707 959 709 960 710 960 711 960 708 961 710 961 709 961 711 962 712 962 713 962 710 963 712 963 711 963 713 964 714 964 715 964 712 965 714 965 713 965 715 966 716 966 717 966 714 967 716 967 715 967 717 968 718 968 719 968 716 969 718 969 717 969 719 970 720 970 721 970 718 971 720 971 719 971 721 972 722 972 723 972 720 973 722 973 721 973 723 974 724 974 725 974 722 975 724 975 723 975 725 976 726 976 727 976 724 977 726 977 725 977 727 978 728 978 729 978 726 979 728 979 727 979 728 980 730 980 729 980 729 981 730 981 731 981 730 982 732 982 731 982 731 983 732 983 733 983 732 984 734 984 733 984 733 985 734 985 735 985 734 986 736 986 735 986 735 987 736 987 737 987 736 988 738 988 737 988 737 989 738 989 739 989 738 990 740 990 739 990 739 991 740 991 741 991 740 992 742 992 741 992 741 993 742 993 743 993 742 994 744 994 743 994 743 995 744 995 745 995 744 996 746 996 745 996 745 997 746 997 747 997 746 998 748 998 747 998 747 999 748 999 749 999 748 1000 750 1000 749 1000 749 1001 750 1001 751 1001 751 1002 752 1002 753 1002 750 1003 752 1003 751 1003 752 1004 754 1004 753 1004 753 1005 754 1005 755 1005 755 1006 756 1006 504 1006 754 1007 756 1007 755 1007 756 1008 505 1008 504 1008 664 1009 668 1009 666 1009 660 1010 658 1010 662 1010 662 1011 658 1011 664 1011 668 1012 672 1012 670 1012 668 1013 674 1013 672 1013 652 1014 650 1014 654 1014 650 1015 648 1015 654 1015 676 1016 680 1016 678 1016 664 1017 644 1017 668 1017 658 1018 644 1018 664 1018 668 1019 644 1019 674 1019 648 1020 644 1020 654 1020 646 1021 644 1021 648 1021 654 1022 644 1022 656 1022 656 1023 644 1023 658 1023 676 1024 686 1024 680 1024 680 1025 686 1025 682 1025 682 1026 686 1026 684 1026 640 1027 638 1027 642 1027 642 1028 638 1028 644 1028 686 1029 690 1029 688 1029 686 1030 694 1030 690 1030 690 1031 694 1031 692 1031 634 1032 632 1032 636 1032 636 1033 632 1033 638 1033 638 1034 632 1034 644 1034 676 1035 696 1035 686 1035 674 1036 696 1036 676 1036 686 1037 696 1037 694 1037 630 1038 628 1038 632 1038 628 1039 626 1039 632 1039 698 1040 704 1040 700 1040 700 1041 704 1041 702 1041 698 1042 706 1042 704 1042 696 1043 706 1043 698 1043 626 1044 619 1044 632 1044 621 1045 619 1045 623 1045 623 1046 619 1046 626 1046 632 1047 619 1047 644 1047 617 1048 615 1048 619 1048 615 1049 613 1049 619 1049 613 1050 611 1050 619 1050 706 1051 718 1051 708 1051 708 1052 718 1052 710 1052 710 1053 718 1053 712 1053 712 1054 718 1054 714 1054 714 1055 718 1055 716 1055 696 1056 718 1056 706 1056 674 1057 718 1057 696 1057 611 1058 605 1058 619 1058 607 1059 605 1059 609 1059 609 1060 605 1060 611 1060 720 1061 726 1061 722 1061 722 1062 726 1062 724 1062 605 1063 599 1063 619 1063 601 1064 599 1064 603 1064 603 1065 599 1065 605 1065 726 1066 730 1066 728 1066 597 1067 595 1067 599 1067 718 1068 734 1068 720 1068 730 1069 734 1069 732 1069 674 1070 734 1070 718 1070 720 1071 734 1071 726 1071 644 1072 734 1072 674 1072 726 1073 734 1073 730 1073 593 1074 591 1074 595 1074 595 1075 591 1075 599 1075 644 1076 736 1076 734 1076 599 1077 589 1077 619 1077 591 1078 589 1078 599 1078 583 1079 581 1079 585 1079 585 1080 581 1080 587 1080 742 1081 746 1081 744 1081 587 1082 579 1082 589 1082 589 1083 579 1083 619 1083 581 1084 579 1084 587 1084 577 1085 575 1085 579 1085 748 1086 752 1086 750 1086 752 1087 756 1087 754 1087 748 1088 756 1088 752 1088 571 1089 569 1089 573 1089 573 1090 569 1090 575 1090 575 1091 569 1091 579 1091 748 1092 505 1092 756 1092 748 1093 507 1093 505 1093 746 1094 507 1094 748 1094 567 1095 565 1095 569 1095 746 1096 509 1096 507 1096 565 1097 563 1097 569 1097 509 1098 513 1098 511 1098 746 1099 513 1099 509 1099 563 1100 557 1100 569 1100 559 1101 557 1101 561 1101 561 1102 557 1102 563 1102 513 1103 517 1103 515 1103 746 1104 517 1104 513 1104 736 1105 519 1105 738 1105 738 1106 519 1106 740 1106 740 1107 519 1107 742 1107 644 1108 519 1108 736 1108 746 1109 519 1109 517 1109 742 1110 519 1110 746 1110 619 1111 519 1111 644 1111 555 1112 553 1112 557 1112 557 1113 553 1113 569 1113 519 1114 523 1114 521 1114 619 1115 523 1115 519 1115 549 1116 547 1116 551 1116 551 1117 547 1117 553 1117 569 1118 545 1118 579 1118 553 1119 545 1119 569 1119 547 1120 545 1120 553 1120 523 1121 529 1121 525 1121 525 1122 529 1122 527 1122 523 1123 531 1123 529 1123 543 1124 541 1124 545 1124 523 1125 533 1125 531 1125 541 1126 539 1126 545 1126 523 1127 535 1127 533 1127 619 1128 537 1128 523 1128 523 1129 537 1129 535 1129 545 1130 537 1130 579 1130 539 1131 537 1131 545 1131 579 1132 537 1132 619 1132 757 1133 661 1133 663 1133 758 1134 757 1134 663 1134 758 1135 663 1135 665 1135 759 1136 629 1136 631 1136 759 1137 631 1137 633 1137 759 1138 633 1138 635 1138 759 1139 635 1139 637 1139 759 1140 637 1140 639 1140 759 1141 639 1141 641 1141 759 1142 641 1142 643 1142 759 1143 643 1143 645 1143 759 1144 645 1144 647 1144 759 1145 647 1145 649 1145 759 1146 649 1146 651 1146 759 1147 651 1147 653 1147 759 1148 653 1148 655 1148 759 1149 655 1149 657 1149 759 1150 657 1150 659 1150 759 1151 659 1151 661 1151 759 1152 661 1152 757 1152 760 1153 665 1153 667 1153 760 1154 758 1154 665 1154 761 1155 760 1155 667 1155 761 1156 667 1156 669 1156 762 1157 761 1157 669 1157 762 1158 669 1158 671 1158 763 1159 671 1159 673 1159 763 1160 762 1160 671 1160 764 1161 763 1161 673 1161 764 1162 673 1162 675 1162 627 1163 629 1163 759 1163 765 1164 675 1164 677 1164 765 1165 764 1165 675 1165 766 1166 765 1166 677 1166 766 1167 677 1167 679 1167 767 1168 679 1168 681 1168 767 1169 766 1169 679 1169 768 1170 767 1170 681 1170 768 1171 681 1171 683 1171 769 1172 683 1172 685 1172 769 1173 768 1173 683 1173 770 1174 685 1174 687 1174 770 1175 769 1175 685 1175 771 1176 687 1176 689 1176 771 1177 770 1177 687 1177 772 1178 689 1178 691 1178 772 1179 771 1179 689 1179 773 1180 772 1180 691 1180 773 1181 691 1181 693 1181 774 1182 693 1182 695 1182 774 1183 773 1183 693 1183 775 1184 695 1184 697 1184 775 1185 774 1185 695 1185 776 1186 775 1186 697 1186 776 1187 697 1187 699 1187 777 1188 699 1188 701 1188 777 1189 776 1189 699 1189 778 1190 777 1190 701 1190 778 1191 701 1191 703 1191 779 1192 778 1192 703 1192 779 1193 703 1193 705 1193 780 1194 779 1194 705 1194 780 1195 705 1195 707 1195 781 1196 780 1196 707 1196 781 1197 707 1197 709 1197 782 1198 781 1198 709 1198 782 1199 709 1199 711 1199 783 1200 782 1200 711 1200 783 1201 711 1201 713 1201 784 1202 783 1202 713 1202 784 1203 713 1203 715 1203 785 1204 784 1204 715 1204 785 1205 715 1205 717 1205 786 1206 785 1206 717 1206 786 1207 717 1207 719 1207 787 1208 786 1208 719 1208 787 1209 719 1209 721 1209 788 1210 787 1210 721 1210 788 1211 721 1211 723 1211 789 1212 788 1212 723 1212 725 1213 789 1213 723 1213 790 1214 789 1214 725 1214 727 1215 790 1215 725 1215 791 1216 790 1216 727 1216 729 1217 792 1217 791 1217 729 1218 791 1218 727 1218 731 1219 793 1219 792 1219 731 1220 792 1220 729 1220 733 1221 794 1221 793 1221 733 1222 793 1222 731 1222 735 1223 795 1223 794 1223 735 1224 794 1224 733 1224 737 1225 796 1225 795 1225 737 1226 795 1226 735 1226 739 1227 797 1227 796 1227 739 1228 796 1228 737 1228 741 1229 798 1229 797 1229 741 1230 797 1230 739 1230 743 1231 799 1231 798 1231 743 1232 798 1232 741 1232 745 1233 799 1233 743 1233 745 1234 800 1234 799 1234 747 1235 800 1235 745 1235 747 1236 801 1236 800 1236 802 1237 578 1237 580 1237 802 1238 580 1238 582 1238 802 1239 582 1239 584 1239 802 1240 584 1240 586 1240 802 1241 586 1241 588 1241 802 1242 588 1242 590 1242 802 1243 590 1243 592 1243 802 1244 592 1244 594 1244 802 1245 594 1245 596 1245 576 1246 578 1246 802 1246 749 1247 801 1247 747 1247 749 1248 803 1248 801 1248 574 1249 576 1249 802 1249 751 1250 803 1250 749 1250 751 1251 804 1251 803 1251 572 1252 574 1252 802 1252 753 1253 804 1253 751 1253 753 1254 805 1254 804 1254 570 1255 572 1255 802 1255 755 1256 806 1256 805 1256 755 1257 805 1257 753 1257 568 1258 570 1258 802 1258 504 1259 807 1259 806 1259 504 1260 806 1260 755 1260 566 1261 568 1261 802 1261 506 1262 808 1262 807 1262 506 1263 807 1263 504 1263 564 1264 566 1264 802 1264 508 1265 808 1265 506 1265 508 1266 809 1266 808 1266 562 1267 564 1267 802 1267 562 1268 802 1268 810 1268 510 1269 809 1269 508 1269 510 1270 811 1270 809 1270 560 1271 562 1271 810 1271 560 1272 810 1272 812 1272 512 1273 811 1273 510 1273 512 1274 813 1274 811 1274 558 1275 560 1275 812 1275 558 1276 812 1276 814 1276 514 1277 815 1277 813 1277 514 1278 813 1278 512 1278 556 1279 558 1279 814 1279 516 1280 815 1280 514 1280 516 1281 816 1281 815 1281 554 1282 814 1282 817 1282 554 1283 556 1283 814 1283 518 1284 816 1284 516 1284 518 1285 818 1285 816 1285 552 1286 554 1286 817 1286 552 1287 817 1287 819 1287 520 1288 818 1288 518 1288 520 1289 820 1289 818 1289 550 1290 552 1290 819 1290 550 1291 819 1291 821 1291 522 1292 820 1292 520 1292 522 1293 822 1293 820 1293 548 1294 550 1294 821 1294 548 1295 821 1295 823 1295 524 1296 822 1296 522 1296 524 1297 824 1297 822 1297 546 1298 548 1298 823 1298 546 1299 823 1299 825 1299 526 1300 824 1300 524 1300 526 1301 826 1301 824 1301 544 1302 546 1302 825 1302 544 1303 825 1303 827 1303 528 1304 826 1304 526 1304 528 1305 828 1305 826 1305 542 1306 544 1306 827 1306 542 1307 827 1307 829 1307 530 1308 830 1308 828 1308 530 1309 828 1309 528 1309 540 1310 542 1310 829 1310 540 1311 829 1311 831 1311 532 1312 830 1312 530 1312 532 1313 832 1313 830 1313 538 1314 540 1314 831 1314 538 1315 831 1315 833 1315 534 1316 832 1316 532 1316 534 1317 834 1317 832 1317 536 1318 538 1318 833 1318 536 1319 834 1319 534 1319 536 1320 833 1320 834 1320 835 1321 625 1321 627 1321 835 1322 624 1322 625 1322 835 1323 622 1323 624 1323 835 1324 620 1324 622 1324 835 1325 618 1325 620 1325 835 1326 616 1326 618 1326 835 1327 614 1327 616 1327 835 1328 612 1328 614 1328 835 1329 836 1329 612 1329 836 1330 610 1330 612 1330 836 1331 608 1331 610 1331 836 1332 606 1332 608 1332 836 1333 604 1333 606 1333 836 1334 602 1334 604 1334 836 1335 600 1335 602 1335 836 1336 598 1336 600 1336 836 1337 596 1337 598 1337 627 1338 759 1338 837 1338 627 1339 837 1339 838 1339 835 1340 627 1340 838 1340 759 1341 757 1341 837 1341 837 1342 757 1342 839 1342 839 1343 757 1343 840 1343 757 1344 758 1344 840 1344 840 1345 760 1345 841 1345 758 1346 760 1346 840 1346 841 1347 761 1347 842 1347 760 1348 761 1348 841 1348 842 1349 762 1349 843 1349 761 1350 762 1350 842 1350 843 1351 763 1351 844 1351 762 1352 763 1352 843 1352 844 1353 764 1353 845 1353 763 1354 764 1354 844 1354 845 1355 765 1355 846 1355 764 1356 765 1356 845 1356 846 1357 766 1357 847 1357 765 1358 766 1358 846 1358 847 1359 767 1359 848 1359 766 1360 767 1360 847 1360 848 1361 768 1361 849 1361 849 1362 768 1362 850 1362 767 1363 768 1363 848 1363 768 1364 769 1364 850 1364 850 1365 769 1365 851 1365 769 1366 770 1366 851 1366 851 1367 771 1367 852 1367 770 1368 771 1368 851 1368 852 1369 772 1369 853 1369 771 1370 772 1370 852 1370 853 1371 773 1371 854 1371 854 1372 773 1372 855 1372 772 1373 773 1373 853 1373 773 1374 774 1374 855 1374 774 1375 775 1375 855 1375 855 1376 775 1376 856 1376 856 1377 776 1377 857 1377 775 1378 776 1378 856 1378 857 1379 777 1379 858 1379 776 1380 777 1380 857 1380 858 1381 778 1381 859 1381 859 1382 778 1382 860 1382 777 1383 778 1383 858 1383 778 1384 779 1384 860 1384 860 1385 780 1385 861 1385 779 1386 780 1386 860 1386 861 1387 781 1387 862 1387 862 1388 781 1388 863 1388 780 1389 781 1389 861 1389 781 1390 782 1390 863 1390 863 1391 783 1391 864 1391 864 1392 783 1392 865 1392 782 1393 783 1393 863 1393 783 1394 784 1394 865 1394 865 1395 785 1395 866 1395 784 1396 785 1396 865 1396 866 1397 786 1397 867 1397 785 1398 786 1398 866 1398 867 1399 787 1399 868 1399 786 1400 787 1400 867 1400 868 1401 788 1401 869 1401 787 1402 788 1402 868 1402 869 1403 789 1403 870 1403 788 1404 789 1404 869 1404 870 1405 790 1405 871 1405 789 1406 790 1406 870 1406 871 1407 791 1407 872 1407 790 1408 791 1408 871 1408 872 1409 792 1409 873 1409 791 1410 792 1410 872 1410 873 1411 793 1411 874 1411 792 1412 793 1412 873 1412 793 1413 794 1413 874 1413 874 1414 794 1414 875 1414 794 1415 795 1415 875 1415 875 1416 795 1416 876 1416 795 1417 796 1417 876 1417 876 1418 796 1418 877 1418 796 1419 797 1419 877 1419 877 1420 797 1420 878 1420 797 1421 798 1421 878 1421 878 1422 798 1422 879 1422 798 1423 799 1423 879 1423 879 1424 799 1424 880 1424 799 1425 800 1425 880 1425 880 1426 800 1426 881 1426 800 1427 801 1427 881 1427 881 1428 801 1428 882 1428 801 1429 803 1429 882 1429 882 1430 803 1430 883 1430 803 1431 804 1431 883 1431 883 1432 804 1432 884 1432 884 1433 805 1433 885 1433 804 1434 805 1434 884 1434 885 1435 805 1435 886 1435 805 1436 806 1436 886 1436 806 1437 807 1437 886 1437 886 1438 807 1438 887 1438 887 1439 808 1439 888 1439 888 1440 808 1440 889 1440 807 1441 808 1441 887 1441 808 1442 809 1442 889 1442 889 1443 809 1443 890 1443 809 1444 811 1444 890 1444 890 1445 813 1445 891 1445 811 1446 813 1446 890 1446 891 1447 815 1447 892 1447 813 1448 815 1448 891 1448 892 1449 816 1449 893 1449 815 1450 816 1450 892 1450 893 1451 818 1451 894 1451 816 1452 818 1452 893 1452 894 1453 820 1453 895 1453 818 1454 820 1454 894 1454 895 1455 822 1455 896 1455 896 1456 822 1456 897 1456 820 1457 822 1457 895 1457 822 1458 824 1458 897 1458 897 1459 826 1459 898 1459 898 1460 826 1460 899 1460 824 1461 826 1461 897 1461 826 1462 828 1462 899 1462 828 1463 830 1463 899 1463 899 1464 830 1464 900 1464 830 1465 832 1465 900 1465 900 1466 832 1466 901 1466 901 1467 832 1467 902 1467 832 1468 834 1468 902 1468 834 1469 833 1469 902 1469 902 1470 833 1470 903 1470 833 1471 831 1471 903 1471 903 1472 831 1472 904 1472 831 1473 829 1473 904 1473 904 1474 829 1474 905 1474 905 1475 829 1475 906 1475 829 1476 827 1476 906 1476 827 1477 825 1477 906 1477 906 1478 825 1478 907 1478 825 1479 823 1479 907 1479 907 1480 823 1480 908 1480 908 1481 823 1481 909 1481 823 1482 821 1482 909 1482 821 1483 819 1483 909 1483 909 1484 819 1484 910 1484 819 1485 817 1485 910 1485 910 1486 817 1486 911 1486 817 1487 814 1487 911 1487 911 1488 814 1488 912 1488 814 1489 812 1489 912 1489 912 1490 812 1490 913 1490 913 1491 812 1491 914 1491 812 1492 810 1492 914 1492 810 1493 802 1493 914 1493 914 1494 802 1494 915 1494 802 1495 596 1495 915 1495 596 1496 916 1496 915 1496 596 1497 836 1497 916 1497 917 1498 835 1498 918 1498 917 1499 918 1499 919 1499 836 1500 917 1500 920 1500 836 1501 835 1501 917 1501 921 1502 922 1502 923 1502 924 1503 925 1503 923 1503 926 1504 923 1504 922 1504 927 1505 923 1505 925 1505 928 1506 921 1506 923 1506 929 1507 924 1507 923 1507 930 1508 923 1508 926 1508 931 1509 923 1509 927 1509 932 1510 928 1510 923 1510 933 1511 929 1511 923 1511 934 1512 923 1512 930 1512 935 1513 923 1513 931 1513 936 1514 932 1514 923 1514 937 1515 933 1515 923 1515 938 1516 923 1516 934 1516 939 1517 923 1517 935 1517 940 1518 936 1518 923 1518 941 1519 937 1519 923 1519 942 1520 923 1520 938 1520 943 1521 923 1521 939 1521 944 1522 940 1522 923 1522 945 1523 941 1523 923 1523 946 1524 923 1524 942 1524 947 1525 923 1525 943 1525 948 1526 944 1526 923 1526 949 1527 945 1527 923 1527 950 1528 923 1528 946 1528 951 1529 923 1529 947 1529 952 1530 948 1530 923 1530 953 1531 949 1531 923 1531 954 1532 923 1532 950 1532 955 1533 923 1533 951 1533 956 1534 952 1534 923 1534 957 1535 953 1535 923 1535 958 1536 923 1536 954 1536 959 1537 957 1537 923 1537 960 1538 923 1538 958 1538 961 1539 959 1539 923 1539 962 1540 923 1540 960 1540 963 1541 961 1541 923 1541 964 1542 923 1542 962 1542 965 1543 963 1543 923 1543 966 1544 923 1544 964 1544 967 1545 965 1545 923 1545 968 1546 923 1546 966 1546 969 1547 967 1547 923 1547 970 1548 923 1548 968 1548 971 1549 972 1549 923 1549 973 1550 923 1550 972 1550 974 1551 971 1551 923 1551 975 1552 923 1552 973 1552 976 1553 923 1553 955 1553 976 1554 974 1554 923 1554 976 1555 955 1555 977 1555 978 1556 956 1556 923 1556 978 1557 923 1557 975 1557 978 1558 979 1558 956 1558 980 1559 976 1559 977 1559 980 1560 977 1560 981 1560 838 1561 982 1561 983 1561 838 1562 984 1562 982 1562 838 1563 985 1563 984 1563 838 1564 986 1564 985 1564 838 1565 987 1565 986 1565 838 1566 988 1566 987 1566 838 1567 989 1567 988 1567 838 1568 970 1568 989 1568 838 1569 923 1569 970 1569 990 1570 979 1570 978 1570 990 1571 991 1571 979 1571 990 1572 992 1572 991 1572 993 1573 980 1573 981 1573 993 1574 994 1574 995 1574 993 1575 981 1575 994 1575 996 1576 992 1576 990 1576 996 1577 997 1577 992 1577 996 1578 998 1578 997 1578 999 1579 993 1579 995 1579 999 1580 1000 1580 1001 1580 999 1581 995 1581 1000 1581 1002 1582 998 1582 996 1582 1002 1583 1003 1583 998 1583 1002 1584 1004 1584 1003 1584 1005 1585 999 1585 1001 1585 1005 1586 1006 1586 1007 1586 1005 1587 1008 1587 1006 1587 1005 1588 1001 1588 1008 1588 1009 1589 1010 1589 1004 1589 1009 1590 1011 1590 1010 1590 1009 1591 1004 1591 1002 1591 1012 1592 1005 1592 1007 1592 1012 1593 1013 1593 1014 1593 1012 1594 1007 1594 1013 1594 1015 1595 1011 1595 1009 1595 1015 1596 1016 1596 1011 1596 1015 1597 1017 1597 1016 1597 1015 1598 1018 1598 1017 1598 1019 1599 1012 1599 1014 1599 1019 1600 1020 1600 1021 1600 1019 1601 1022 1601 1020 1601 1019 1602 1014 1602 1022 1602 1023 1603 1018 1603 1015 1603 1023 1604 1024 1604 1018 1604 1023 1605 1025 1605 1024 1605 1023 1606 1026 1606 1025 1606 1027 1607 1019 1607 1021 1607 1027 1608 1028 1608 1029 1608 1027 1609 1030 1609 1028 1609 1027 1610 1021 1610 1030 1610 1031 1611 1026 1611 1023 1611 1031 1612 1032 1612 1026 1612 1031 1613 1033 1613 1032 1613 1031 1614 1034 1614 1033 1614 1035 1615 1036 1615 1037 1615 1035 1616 1038 1616 1036 1616 1035 1617 1039 1617 1038 1617 1035 1618 1029 1618 1039 1618 1035 1619 1027 1619 1029 1619 1040 1620 1041 1620 1034 1620 1040 1621 1042 1621 1041 1621 1040 1622 1043 1622 1042 1622 1040 1623 1044 1623 1043 1623 1040 1624 1034 1624 1031 1624 1045 1625 1035 1625 1037 1625 1045 1626 1046 1626 1047 1626 1045 1627 1048 1627 1046 1627 1045 1628 1037 1628 1048 1628 1049 1629 1044 1629 1040 1629 1049 1630 1050 1630 1044 1630 1049 1631 1051 1631 1050 1631 1049 1632 1052 1632 1051 1632 1049 1633 1053 1633 1052 1633 1054 1634 1045 1634 1047 1634 1054 1635 1055 1635 1056 1635 1054 1636 1057 1636 1055 1636 1054 1637 1058 1637 1057 1637 1054 1638 1047 1638 1058 1638 1059 1639 1053 1639 1049 1639 1059 1640 1060 1640 1053 1640 1059 1641 1061 1641 1060 1641 1059 1642 1062 1642 1061 1642 1059 1643 1063 1643 1062 1643 1064 1644 1065 1644 1066 1644 1064 1645 1067 1645 1065 1645 1064 1646 1068 1646 1067 1646 1064 1647 1069 1647 1068 1647 1064 1648 1056 1648 1069 1648 1064 1649 1054 1649 1056 1649 1070 1650 1063 1650 1059 1650 1070 1651 1071 1651 1063 1651 1070 1652 1072 1652 1071 1652 1070 1653 1073 1653 1072 1653 1070 1654 1074 1654 1073 1654 1075 1655 1064 1655 1066 1655 1075 1656 1076 1656 1077 1656 1075 1657 1078 1657 1076 1657 1075 1658 1079 1658 1078 1658 1075 1659 1066 1659 1079 1659 1080 1660 1074 1660 1070 1660 1080 1661 1081 1661 1074 1661 1080 1662 1082 1662 1081 1662 1080 1663 1083 1663 1082 1663 1080 1664 1084 1664 1083 1664 1080 1665 1085 1665 1084 1665 1086 1666 1087 1666 1088 1666 1086 1667 1077 1667 1087 1667 1086 1668 1089 1668 1090 1668 1086 1669 1088 1669 1089 1669 1086 1670 1075 1670 1077 1670 1091 1671 1092 1671 1085 1671 1091 1672 1093 1672 1092 1672 1091 1673 1094 1673 1093 1673 1091 1674 1095 1674 1094 1674 1091 1675 1085 1675 1080 1675 1096 1676 1086 1676 1090 1676 1096 1677 1097 1677 1098 1677 1096 1678 1099 1678 1097 1678 1096 1679 1100 1679 1099 1679 1096 1680 1090 1680 1100 1680 1101 1681 1102 1681 1095 1681 1101 1682 1103 1682 1102 1682 1101 1683 1104 1683 1103 1683 1101 1684 1105 1684 1104 1684 1101 1685 1095 1685 1091 1685 1106 1686 1096 1686 1098 1686 1106 1687 1107 1687 1108 1687 1106 1688 1109 1688 1107 1688 1106 1689 1110 1689 1109 1689 1106 1690 1111 1690 1110 1690 1106 1691 1098 1691 1111 1691 1112 1692 1113 1692 1105 1692 1112 1693 1114 1693 1113 1693 1112 1694 1115 1694 1114 1694 1112 1695 1116 1695 1115 1695 1112 1696 1105 1696 1101 1696 1117 1697 1118 1697 1119 1697 1117 1698 1120 1698 1118 1698 1117 1699 1121 1699 1120 1699 1117 1700 1108 1700 1121 1700 1117 1701 1106 1701 1108 1701 1122 1702 1116 1702 1112 1702 1122 1703 1123 1703 1116 1703 1122 1704 1124 1704 1123 1704 1122 1705 1125 1705 1124 1705 1122 1706 1126 1706 1125 1706 1127 1707 1117 1707 1119 1707 1127 1708 1128 1708 1129 1708 1127 1709 1130 1709 1128 1709 1127 1710 1119 1710 1130 1710 1131 1711 1132 1711 1126 1711 1131 1712 1133 1712 1132 1712 1131 1713 1134 1713 1133 1713 1131 1714 1135 1714 1134 1714 1131 1715 1126 1715 1122 1715 1136 1716 1127 1716 1129 1716 1136 1717 1137 1717 1138 1717 1136 1718 1139 1718 1137 1718 1136 1719 1140 1719 1139 1719 1136 1720 1129 1720 1140 1720 1141 1721 1142 1721 1135 1721 1141 1722 1143 1722 1142 1722 1141 1723 1144 1723 1143 1723 1141 1724 1135 1724 1131 1724 1145 1725 1136 1725 1138 1725 1145 1726 1146 1726 1147 1726 1145 1727 1148 1727 1146 1727 1145 1728 1138 1728 1148 1728 1149 1729 1150 1729 1144 1729 1149 1730 1151 1730 1150 1730 1149 1731 1144 1731 1141 1731 1149 1732 1152 1732 1151 1732 835 1733 1153 1733 1154 1733 835 1734 1155 1734 1153 1734 835 1735 1156 1735 1155 1735 835 1736 1157 1736 1156 1736 835 1737 1158 1737 1157 1737 835 1738 1159 1738 1158 1738 835 1739 1160 1739 1159 1739 835 1740 1161 1740 1160 1740 835 1741 1162 1741 1161 1741 835 1742 1163 1742 1162 1742 835 1743 1164 1743 1163 1743 835 1744 1165 1744 1164 1744 835 1745 1166 1745 1165 1745 835 1746 1167 1746 1166 1746 835 1747 1168 1747 1167 1747 835 1748 1169 1748 1168 1748 835 1749 1170 1749 1169 1749 835 1750 838 1750 983 1750 835 1751 1171 1751 1170 1751 835 1752 983 1752 1171 1752 1172 1753 1145 1753 1147 1753 1172 1754 1173 1754 1174 1754 1172 1755 1175 1755 1173 1755 1172 1756 1147 1756 1175 1756 1176 1757 1152 1757 1149 1757 1176 1758 1177 1758 1152 1758 1176 1759 1178 1759 1177 1759 1176 1760 1179 1760 1178 1760 1180 1761 1181 1761 1182 1761 1180 1762 1174 1762 1181 1762 1180 1763 1172 1763 1174 1763 1183 1764 1184 1764 1179 1764 1183 1765 1185 1765 1184 1765 1183 1766 1179 1766 1176 1766 1186 1767 1187 1767 1188 1767 1186 1768 1189 1768 1187 1768 1186 1769 1182 1769 1189 1769 1186 1770 1180 1770 1182 1770 1190 1771 1191 1771 1185 1771 1190 1772 1192 1772 1191 1772 1190 1773 1185 1773 1183 1773 1193 1774 1194 1774 1195 1774 1193 1775 1188 1775 1194 1775 1193 1776 1186 1776 1188 1776 1196 1777 1197 1777 1192 1777 1196 1778 1198 1778 1197 1778 1196 1779 1192 1779 1190 1779 1199 1780 1193 1780 1195 1780 1200 1781 1198 1781 1196 1781 1200 1782 1154 1782 1198 1782 1200 1783 835 1783 1154 1783 1201 1784 835 1784 1200 1784 1202 1785 835 1785 1201 1785 1203 1786 835 1786 1202 1786 1204 1787 835 1787 1203 1787 1205 1788 1206 1788 1199 1788 1205 1789 1207 1789 1206 1789 1205 1790 1208 1790 1207 1790 1205 1791 1209 1791 1208 1791 1205 1792 1210 1792 1211 1792 1205 1793 1212 1793 1210 1793 1205 1794 1213 1794 1212 1794 1205 1795 1214 1795 1213 1795 1205 1796 1215 1796 1214 1796 1205 1797 1216 1797 1215 1797 1205 1798 1217 1798 1216 1798 1205 1799 1218 1799 1217 1799 1205 1800 1219 1800 1218 1800 1205 1801 1220 1801 1219 1801 1205 1802 1221 1802 1220 1802 1205 1803 1222 1803 1221 1803 1205 1804 1223 1804 1222 1804 1205 1805 1224 1805 1223 1805 1205 1806 1225 1806 1224 1806 1205 1807 1226 1807 1225 1807 1205 1808 1227 1808 1226 1808 1205 1809 1228 1809 1227 1809 1205 1810 1229 1810 1228 1810 1205 1811 1230 1811 1229 1811 1205 1812 1231 1812 1230 1812 1205 1813 1232 1813 1231 1813 1205 1814 1233 1814 1232 1814 1205 1815 1234 1815 1233 1815 1205 1816 1235 1816 1234 1816 1205 1817 1236 1817 1235 1817 1205 1818 1237 1818 1236 1818 1205 1819 1195 1819 1237 1819 1205 1820 1199 1820 1195 1820 1238 1821 1209 1821 1205 1821 1239 1822 835 1822 1204 1822 1240 1823 1238 1823 1205 1823 1241 1824 835 1824 1239 1824 1242 1825 1240 1825 1205 1825 1243 1826 835 1826 1241 1826 1244 1827 1242 1827 1205 1827 1245 1828 835 1828 1243 1828 1246 1829 1244 1829 1205 1829 1247 1830 1246 1830 1205 1830 1248 1831 1249 1831 1250 1831 1248 1832 1251 1832 1249 1832 1252 1833 1253 1833 1254 1833 1252 1834 1254 1834 1255 1834 1256 1835 1249 1835 1251 1835 1257 1836 1254 1836 1253 1836 1258 1837 1248 1837 1250 1837 1259 1838 1252 1838 1255 1838 1260 1839 1261 1839 1249 1839 1260 1840 1249 1840 1256 1840 1262 1841 1254 1841 1257 1841 1263 1842 1258 1842 1250 1842 1264 1843 1259 1843 1255 1843 1265 1844 1261 1844 1260 1844 1266 1845 1254 1845 1262 1845 1266 1846 1267 1846 1254 1846 1268 1847 1263 1847 1250 1847 1269 1848 1264 1848 1255 1848 1270 1849 1261 1849 1265 1849 1271 1850 1267 1850 1266 1850 1272 1851 1268 1851 1250 1851 1272 1852 1250 1852 1273 1852 1274 1853 1255 1853 1275 1853 1274 1854 1269 1854 1255 1854 1276 1855 1261 1855 1270 1855 1277 1856 1267 1856 1271 1856 1278 1857 1272 1857 1273 1857 1279 1858 1274 1858 1275 1858 1280 1859 1281 1859 1261 1859 1280 1860 1261 1860 1276 1860 1282 1861 1267 1861 1277 1861 1283 1862 1278 1862 1273 1862 1284 1863 1279 1863 1275 1863 1285 1864 1281 1864 1280 1864 1286 1865 1287 1865 1267 1865 1286 1866 1267 1866 1282 1866 1288 1867 1283 1867 1273 1867 1289 1868 1275 1868 1290 1868 1289 1869 1284 1869 1275 1869 1291 1870 1281 1870 1285 1870 1292 1871 1287 1871 1286 1871 1293 1872 1288 1872 1273 1872 1294 1873 1289 1873 1290 1873 1295 1874 1281 1874 1291 1874 1295 1875 1296 1875 1281 1875 1297 1876 1287 1876 1292 1876 1298 1877 1273 1877 1299 1877 1298 1878 1293 1878 1273 1878 1300 1879 1294 1879 1290 1879 1301 1880 1296 1880 1295 1880 1302 1881 1287 1881 1297 1881 1303 1882 1298 1882 1299 1882 1304 1883 1300 1883 1290 1883 1304 1884 1290 1884 1305 1884 1306 1885 1296 1885 1301 1885 1307 1886 1308 1886 1287 1886 1307 1887 1287 1887 1302 1887 1309 1888 1303 1888 1299 1888 1310 1889 1304 1889 1305 1889 1311 1890 1296 1890 1306 1890 1311 1891 1312 1891 1296 1891 1313 1892 1308 1892 1307 1892 1314 1893 1309 1893 1299 1893 1315 1894 1310 1894 1305 1894 1316 1895 1312 1895 1311 1895 1317 1896 1308 1896 1313 1896 1318 1897 1299 1897 1319 1897 1318 1898 1314 1898 1299 1898 1320 1899 1305 1899 1321 1899 1320 1900 1315 1900 1305 1900 1322 1901 1323 1901 1312 1901 1322 1902 1312 1902 1316 1902 1324 1903 1308 1903 1317 1903 1325 1904 1318 1904 1319 1904 1326 1905 1320 1905 1321 1905 1327 1906 1323 1906 1322 1906 1328 1907 1308 1907 1324 1907 1329 1908 1325 1908 1319 1908 1330 1909 1321 1909 1331 1909 1330 1910 1326 1910 1321 1910 1332 1911 1323 1911 1327 1911 1333 1912 1334 1912 1308 1912 1333 1913 1308 1913 1328 1913 1335 1914 1329 1914 1319 1914 1336 1915 1330 1915 1331 1915 1337 1916 1338 1916 1323 1916 1337 1917 1323 1917 1332 1917 1339 1918 1334 1918 1333 1918 1340 1919 1319 1919 1341 1919 1340 1920 1335 1920 1319 1920 1342 1921 1331 1921 1247 1921 1342 1922 1336 1922 1331 1922 1343 1923 1338 1923 1337 1923 1344 1924 1334 1924 1339 1924 1345 1925 1340 1925 1341 1925 1346 1926 1342 1926 1247 1926 1347 1927 1348 1927 1338 1927 1347 1928 1338 1928 1343 1928 1349 1929 1334 1929 1344 1929 1350 1930 1345 1930 1341 1930 1351 1931 1346 1931 1247 1931 1351 1932 1247 1932 1205 1932 1352 1933 1348 1933 1347 1933 1353 1934 1354 1934 1334 1934 1353 1935 1334 1935 1349 1935 1355 1936 1350 1936 1341 1936 1356 1937 1351 1937 1205 1937 1357 1938 1348 1938 1352 1938 1357 1939 1245 1939 1348 1939 1358 1940 1354 1940 1353 1940 1359 1941 1355 1941 1341 1941 1359 1942 1341 1942 1360 1942 1361 1943 1356 1943 1205 1943 1362 1944 1245 1944 1357 1944 1362 1945 835 1945 1245 1945 1363 1946 1354 1946 1358 1946 1364 1947 1359 1947 1360 1947 1365 1948 1361 1948 1205 1948 1366 1949 835 1949 1362 1949 1367 1950 1354 1950 1363 1950 1368 1951 1364 1951 1360 1951 1369 1952 1365 1952 1205 1952 1370 1953 835 1953 1366 1953 1371 1954 1354 1954 1367 1954 1371 1955 1372 1955 1354 1955 1373 1956 1368 1956 1360 1956 1374 1957 1369 1957 1205 1957 1375 1958 835 1958 1370 1958 1376 1959 1372 1959 1371 1959 1377 1960 1373 1960 1360 1960 1378 1961 1374 1961 1205 1961 1379 1962 835 1962 1375 1962 1380 1963 1372 1963 1376 1963 1381 1964 1360 1964 1382 1964 1381 1965 1377 1965 1360 1965 1383 1966 1378 1966 1205 1966 1384 1967 835 1967 1379 1967 1385 1968 1372 1968 1380 1968 1386 1969 1381 1969 1382 1969 1387 1970 1383 1970 1205 1970 1388 1971 835 1971 1384 1971 1389 1972 1390 1972 1372 1972 1389 1973 1372 1973 1385 1973 1391 1974 1386 1974 1382 1974 1392 1975 1387 1975 1205 1975 1393 1976 835 1976 1388 1976 1394 1977 1390 1977 1389 1977 1395 1978 1391 1978 1382 1978 1396 1979 1392 1979 1205 1979 1397 1980 835 1980 1393 1980 1398 1981 1390 1981 1394 1981 1399 1982 1395 1982 1382 1982 1399 1983 1382 1983 1400 1983 1401 1984 1396 1984 1205 1984 1402 1985 835 1985 1397 1985 1403 1986 1390 1986 1398 1986 1404 1987 1399 1987 1400 1987 1405 1988 1401 1988 1205 1988 1406 1989 835 1989 1402 1989 1407 1990 1408 1990 1390 1990 1407 1991 1390 1991 1403 1991 1409 1992 1404 1992 1400 1992 1410 1993 1405 1993 1205 1993 1411 1994 835 1994 1406 1994 1412 1995 1408 1995 1407 1995 1413 1996 1400 1996 1414 1996 1413 1997 1409 1997 1400 1997 1415 1998 1410 1998 1205 1998 1416 1999 835 1999 1411 1999 1417 2000 1408 2000 1412 2000 1418 2001 1413 2001 1414 2001 1419 2002 1415 2002 1205 2002 1420 2003 835 2003 1416 2003 1421 2004 1408 2004 1417 2004 1422 2005 1418 2005 1414 2005 1423 2006 1419 2006 1205 2006 1424 2007 835 2007 1420 2007 1425 2008 1408 2008 1421 2008 1425 2009 1426 2009 1408 2009 1427 2010 1422 2010 1414 2010 1428 2011 1423 2011 1205 2011 1429 2012 835 2012 1424 2012 1430 2013 1426 2013 1425 2013 1431 2014 1414 2014 1432 2014 1431 2015 1427 2015 1414 2015 1433 2016 1428 2016 1205 2016 1434 2017 835 2017 1429 2017 1435 2018 1426 2018 1430 2018 1436 2019 1431 2019 1432 2019 1437 2020 1433 2020 1205 2020 1438 2021 835 2021 1434 2021 1439 2022 1440 2022 1426 2022 1439 2023 1426 2023 1435 2023 1441 2024 1436 2024 1432 2024 1442 2025 1437 2025 1205 2025 1443 2026 1440 2026 1439 2026 1444 2027 1432 2027 1445 2027 1444 2028 1441 2028 1432 2028 1446 2029 1442 2029 1205 2029 1447 2030 1440 2030 1443 2030 1448 2031 1444 2031 1445 2031 1449 2032 1446 2032 1205 2032 1450 2033 1440 2033 1447 2033 1450 2034 1451 2034 1440 2034 1452 2035 1448 2035 1445 2035 1453 2036 1449 2036 1205 2036 1454 2037 1451 2037 1450 2037 1455 2038 1452 2038 1445 2038 1455 2039 1445 2039 1456 2039 1457 2040 1453 2040 1205 2040 1458 2041 1451 2041 1454 2041 1459 2042 1455 2042 1456 2042 1460 2043 1457 2043 1205 2043 1461 2044 1451 2044 1458 2044 1461 2045 1462 2045 1451 2045 1463 2046 1456 2046 1464 2046 1463 2047 1459 2047 1456 2047 1465 2048 1460 2048 1205 2048 1466 2049 1462 2049 1461 2049 1467 2050 1463 2050 1464 2050 1468 2051 1469 2051 1462 2051 1468 2052 1462 2052 1466 2052 1470 2053 1467 2053 1464 2053 1471 2054 1469 2054 1468 2054 1472 2055 1470 2055 1464 2055 1472 2056 1464 2056 1473 2056 1474 2057 1475 2057 1469 2057 1474 2058 1469 2058 1471 2058 1476 2059 1472 2059 1473 2059 1477 2060 1475 2060 1474 2060 1478 2061 1476 2061 1473 2061 1478 2062 1473 2062 1479 2062 1480 2063 1475 2063 1477 2063 918 2064 1480 2064 1481 2064 918 2065 1482 2065 1478 2065 918 2066 1483 2066 1482 2066 918 2067 1484 2067 1483 2067 918 2068 1485 2068 1484 2068 918 2069 1486 2069 1485 2069 918 2070 1487 2070 1486 2070 918 2071 1488 2071 1487 2071 918 2072 1489 2072 1488 2072 918 2073 1490 2073 1489 2073 918 2074 1491 2074 1490 2074 918 2075 1492 2075 1491 2075 918 2076 1493 2076 1492 2076 918 2077 1494 2077 1493 2077 918 2078 1495 2078 1494 2078 918 2079 1496 2079 1495 2079 918 2080 1497 2080 1496 2080 918 2081 1498 2081 1497 2081 918 2082 1499 2082 1498 2082 918 2083 1500 2083 1499 2083 918 2084 1501 2084 1500 2084 918 2085 1502 2085 1501 2085 918 2086 1503 2086 1502 2086 918 2087 1504 2087 1503 2087 918 2088 1505 2088 1475 2088 918 2089 1506 2089 1505 2089 918 2090 1507 2090 1506 2090 918 2091 1508 2091 1507 2091 918 2092 1509 2092 1508 2092 918 2093 1510 2093 1509 2093 918 2094 1511 2094 1510 2094 918 2095 1478 2095 1479 2095 918 2096 1512 2096 1511 2096 918 2097 1513 2097 1512 2097 918 2098 1479 2098 1513 2098 918 2099 1514 2099 1515 2099 918 2100 1516 2100 1514 2100 918 2101 1517 2101 1516 2101 918 2102 1518 2102 1517 2102 918 2103 1519 2103 1518 2103 918 2104 1520 2104 1519 2104 918 2105 1521 2105 1520 2105 918 2106 1522 2106 1521 2106 918 2107 1523 2107 1522 2107 918 2108 1524 2108 1523 2108 918 2109 1525 2109 1524 2109 918 2110 1526 2110 1525 2110 918 2111 1527 2111 1526 2111 918 2112 1528 2112 1527 2112 918 2113 1529 2113 1528 2113 918 2114 1530 2114 1529 2114 918 2115 1531 2115 1530 2115 918 2116 1532 2116 1531 2116 918 2117 1533 2117 1532 2117 918 2118 1534 2118 1533 2118 918 2119 1535 2119 1534 2119 918 2120 1475 2120 1480 2120 918 2121 1536 2121 1535 2121 918 2122 1537 2122 1536 2122 918 2123 1538 2123 1537 2123 918 2124 1481 2124 1538 2124 923 2125 1205 2125 1211 2125 923 2126 1211 2126 969 2126 1205 2127 918 2127 1539 2127 1539 2128 918 2128 1515 2128 1205 2129 1539 2129 1540 2129 1205 2130 1540 2130 1465 2130 918 2131 835 2131 1541 2131 1541 2132 835 2132 1542 2132 1542 2133 835 2133 1543 2133 1543 2134 835 2134 1544 2134 1544 2135 835 2135 1545 2135 1545 2136 835 2136 1546 2136 1546 2137 835 2137 1547 2137 1547 2138 835 2138 1548 2138 1548 2139 835 2139 1438 2139 918 2140 1541 2140 1549 2140 918 2141 1549 2141 1550 2141 918 2142 1550 2142 1551 2142 918 2143 1551 2143 1552 2143 918 2144 1552 2144 1504 2144 843 2145 839 2145 840 2145 843 2146 840 2146 841 2146 843 2147 841 2147 842 2147 844 2148 839 2148 843 2148 848 2149 844 2149 845 2149 848 2150 845 2150 846 2150 848 2151 846 2151 847 2151 852 2152 850 2152 851 2152 853 2153 849 2153 850 2153 853 2154 850 2154 852 2154 855 2155 848 2155 849 2155 855 2156 853 2156 854 2156 855 2157 849 2157 853 2157 855 2158 844 2158 848 2158 857 2159 855 2159 856 2159 857 2160 844 2160 855 2160 859 2161 857 2161 858 2161 861 2162 859 2162 860 2162 862 2163 844 2163 857 2163 862 2164 857 2164 859 2164 862 2165 859 2165 861 2165 916 2166 1553 2166 923 2166 916 2167 923 2167 838 2167 866 2168 863 2168 864 2168 866 2169 864 2169 865 2169 867 2170 862 2170 863 2170 867 2171 863 2171 866 2171 870 2172 868 2172 869 2172 871 2173 868 2173 870 2173 873 2174 867 2174 868 2174 873 2175 871 2175 872 2175 873 2176 868 2176 871 2176 875 2177 873 2177 874 2177 875 2178 844 2178 862 2178 875 2179 862 2179 867 2179 875 2180 867 2180 873 2180 876 2181 839 2181 844 2181 876 2182 844 2182 875 2182 877 2183 839 2183 876 2183 879 2184 877 2184 878 2184 881 2185 879 2185 880 2185 881 2186 877 2186 879 2186 882 2187 877 2187 881 2187 883 2188 877 2188 882 2188 885 2189 883 2189 884 2189 885 2190 839 2190 877 2190 885 2191 877 2191 883 2191 888 2192 886 2192 887 2192 915 2193 837 2193 839 2193 915 2194 916 2194 838 2194 915 2195 838 2195 837 2195 914 2196 915 2196 839 2196 890 2197 888 2197 889 2197 890 2198 886 2198 888 2198 891 2199 886 2199 890 2199 892 2200 886 2200 891 2200 893 2201 886 2201 892 2201 893 2202 885 2202 886 2202 910 2203 911 2203 912 2203 910 2204 912 2204 913 2204 910 2205 913 2205 914 2205 895 2206 893 2206 894 2206 908 2207 910 2207 914 2207 908 2208 909 2208 910 2208 908 2209 914 2209 839 2209 897 2210 893 2210 895 2210 897 2211 895 2211 896 2211 906 2212 907 2212 908 2212 899 2213 885 2213 893 2213 899 2214 893 2214 897 2214 899 2215 897 2215 898 2215 899 2216 839 2216 885 2216 902 2217 839 2217 899 2217 902 2218 908 2218 839 2218 902 2219 906 2219 908 2219 902 2220 899 2220 900 2220 902 2221 900 2221 901 2221 902 2222 903 2222 904 2222 902 2223 904 2223 905 2223 902 2224 905 2224 906 2224 836 2225 920 2225 1554 2225 836 2226 1554 2226 1553 2226 916 2227 836 2227 1553 2227 1554 2228 917 2228 1555 2228 1554 2229 920 2229 917 2229 1556 2230 1557 2230 1558 2230 1559 2231 1560 2231 1558 2231 1561 2232 1558 2232 1557 2232 1562 2233 1558 2233 1560 2233 1563 2234 1556 2234 1558 2234 1564 2235 1559 2235 1558 2235 1565 2236 1558 2236 1561 2236 1566 2237 1558 2237 1562 2237 1567 2238 1563 2238 1558 2238 1568 2239 1564 2239 1558 2239 1569 2240 1558 2240 1565 2240 1570 2241 1558 2241 1566 2241 1571 2242 1567 2242 1558 2242 1572 2243 1568 2243 1558 2243 1573 2244 1558 2244 1569 2244 1574 2245 1558 2245 1570 2245 1575 2246 1571 2246 1558 2246 1576 2247 1572 2247 1558 2247 1577 2248 1558 2248 1573 2248 1578 2249 1558 2249 1574 2249 1579 2250 1575 2250 1558 2250 1580 2251 1576 2251 1558 2251 1581 2252 1558 2252 1577 2252 1582 2253 1558 2253 1578 2253 1583 2254 1579 2254 1558 2254 1584 2255 1580 2255 1558 2255 1585 2256 1558 2256 1581 2256 1586 2257 1558 2257 1582 2257 1587 2258 1583 2258 1558 2258 1588 2259 1584 2259 1558 2259 1589 2260 1558 2260 1585 2260 1590 2261 1558 2261 1586 2261 1591 2262 1587 2262 1558 2262 1592 2263 1588 2263 1558 2263 1593 2264 1558 2264 1589 2264 1594 2265 1558 2265 1590 2265 1595 2266 1591 2266 1558 2266 1596 2267 1592 2267 1558 2267 1597 2268 1558 2268 1593 2268 1598 2269 1558 2269 1594 2269 1599 2270 1596 2270 1558 2270 1600 2271 1558 2271 1597 2271 1601 2272 1599 2272 1558 2272 1602 2273 1558 2273 1600 2273 1603 2274 1604 2274 1558 2274 1605 2275 1601 2275 1558 2275 1606 2276 1558 2276 1604 2276 1607 2277 1558 2277 1602 2277 1608 2278 1603 2278 1558 2278 1609 2279 1605 2279 1558 2279 1610 2280 1558 2280 1606 2280 1611 2281 1558 2281 1607 2281 1612 2282 1608 2282 1558 2282 1613 2283 1609 2283 1558 2283 1614 2284 1558 2284 1610 2284 1615 2285 1613 2285 1558 2285 1616 2286 1612 2286 1558 2286 1617 2287 1558 2287 1614 2287 1618 2288 1616 2288 1558 2288 1619 2289 1558 2289 1617 2289 1620 2290 1558 2290 1598 2290 1620 2291 1618 2291 1558 2291 1621 2292 1558 2292 1619 2292 1621 2293 1622 2293 1623 2293 1621 2294 1595 2294 1558 2294 1621 2295 1623 2295 1595 2295 1624 2296 1598 2296 1625 2296 1624 2297 1625 2297 1626 2297 1624 2298 1626 2298 1627 2298 1624 2299 1620 2299 1598 2299 1628 2300 1622 2300 1621 2300 1628 2301 1629 2301 1630 2301 1628 2302 1630 2302 1622 2302 1631 2303 1624 2303 1627 2303 1631 2304 1627 2304 1632 2304 1631 2305 1632 2305 1633 2305 1634 2306 1629 2306 1628 2306 1634 2307 1635 2307 1636 2307 1634 2308 1636 2308 1637 2308 1634 2309 1637 2309 1629 2309 1638 2310 1639 2310 1640 2310 1638 2311 1631 2311 1633 2311 1638 2312 1633 2312 1641 2312 1638 2313 1641 2313 1639 2313 1642 2314 1635 2314 1634 2314 1642 2315 1643 2315 1644 2315 1642 2316 1644 2316 1645 2316 1642 2317 1645 2317 1635 2317 1646 2318 1640 2318 1647 2318 1646 2319 1647 2319 1648 2319 1646 2320 1648 2320 1649 2320 1646 2321 1649 2321 1650 2321 1646 2322 1638 2322 1640 2322 1651 2323 1643 2323 1642 2323 1651 2324 1652 2324 1653 2324 1651 2325 1653 2325 1654 2325 1651 2326 1654 2326 1655 2326 1651 2327 1655 2327 1643 2327 1656 2328 1650 2328 1657 2328 1656 2329 1646 2329 1650 2329 1656 2330 1657 2330 1658 2330 1656 2331 1658 2331 1659 2331 1660 2332 1661 2332 1662 2332 1660 2333 1662 2333 1663 2333 1660 2334 1663 2334 1664 2334 1660 2335 1664 2335 1652 2335 1660 2336 1652 2336 1651 2336 1665 2337 1656 2337 1659 2337 1665 2338 1659 2338 1666 2338 1665 2339 1666 2339 1667 2339 1665 2340 1667 2340 1668 2340 1665 2341 1668 2341 1669 2341 1665 2342 1669 2342 1670 2342 1671 2343 1661 2343 1660 2343 1671 2344 1672 2344 1673 2344 1671 2345 1673 2345 1674 2345 1671 2346 1674 2346 1675 2346 1671 2347 1675 2347 1661 2347 1676 2348 1670 2348 1677 2348 1676 2349 1677 2349 1678 2349 1676 2350 1678 2350 1679 2350 1676 2351 1679 2351 1680 2351 1676 2352 1665 2352 1670 2352 1681 2353 1682 2353 1683 2353 1681 2354 1683 2354 1684 2354 1681 2355 1684 2355 1685 2355 1681 2356 1685 2356 1686 2356 1681 2357 1686 2357 1672 2357 1681 2358 1672 2358 1671 2358 1687 2359 1680 2359 1688 2359 1687 2360 1688 2360 1689 2360 1687 2361 1689 2361 1690 2361 1687 2362 1690 2362 1691 2362 1687 2363 1691 2363 1692 2363 1687 2364 1676 2364 1680 2364 1693 2365 1694 2365 1695 2365 1693 2366 1682 2366 1681 2366 1693 2367 1695 2367 1696 2367 1693 2368 1696 2368 1697 2368 1693 2369 1697 2369 1698 2369 1693 2370 1698 2370 1682 2370 1699 2371 1692 2371 1700 2371 1699 2372 1700 2372 1701 2372 1699 2373 1701 2373 1702 2373 1699 2374 1702 2374 1703 2374 1699 2375 1703 2375 1704 2375 1699 2376 1687 2376 1692 2376 1705 2377 1694 2377 1693 2377 1705 2378 1706 2378 1707 2378 1705 2379 1707 2379 1708 2379 1705 2380 1708 2380 1709 2380 1705 2381 1709 2381 1710 2381 1705 2382 1710 2382 1694 2382 1711 2383 1712 2383 1713 2383 1711 2384 1713 2384 1714 2384 1711 2385 1714 2385 1715 2385 1711 2386 1704 2386 1716 2386 1711 2387 1716 2387 1717 2387 1711 2388 1717 2388 1712 2388 1711 2389 1699 2389 1704 2389 1718 2390 1719 2390 1720 2390 1718 2391 1720 2391 1721 2391 1718 2392 1721 2392 1722 2392 1718 2393 1722 2393 1723 2393 1718 2394 1723 2394 1724 2394 1718 2395 1724 2395 1706 2395 1718 2396 1706 2396 1705 2396 1725 2397 1715 2397 1726 2397 1725 2398 1726 2398 1727 2398 1725 2399 1727 2399 1728 2399 1725 2400 1728 2400 1729 2400 1725 2401 1729 2401 1730 2401 1725 2402 1711 2402 1715 2402 1731 2403 1732 2403 1733 2403 1731 2404 1733 2404 1734 2404 1731 2405 1734 2405 1735 2405 1731 2406 1735 2406 1736 2406 1731 2407 1736 2407 1719 2407 1731 2408 1719 2408 1718 2408 1737 2409 1730 2409 1738 2409 1737 2410 1738 2410 1739 2410 1737 2411 1739 2411 1740 2411 1737 2412 1740 2412 1741 2412 1737 2413 1741 2413 1742 2413 1737 2414 1725 2414 1730 2414 1743 2415 1732 2415 1731 2415 1743 2416 1744 2416 1745 2416 1743 2417 1745 2417 1746 2417 1743 2418 1746 2418 1747 2418 1743 2419 1747 2419 1748 2419 1743 2420 1748 2420 1732 2420 1749 2421 1742 2421 1750 2421 1749 2422 1750 2422 1751 2422 1749 2423 1751 2423 1752 2423 1749 2424 1752 2424 1753 2424 1749 2425 1737 2425 1742 2425 1754 2426 1744 2426 1743 2426 1754 2427 1755 2427 1756 2427 1754 2428 1756 2428 1757 2428 1754 2429 1757 2429 1758 2429 1754 2430 1758 2430 1744 2430 1759 2431 1749 2431 1753 2431 1759 2432 1753 2432 1760 2432 1759 2433 1760 2433 1761 2433 1759 2434 1761 2434 1762 2434 1759 2435 1762 2435 1763 2435 1759 2436 1763 2436 1764 2436 1765 2437 1766 2437 1767 2437 1765 2438 1767 2438 1768 2438 1765 2439 1768 2439 1769 2439 1765 2440 1769 2440 1755 2440 1765 2441 1755 2441 1754 2441 1770 2442 1764 2442 1771 2442 1770 2443 1771 2443 1772 2443 1770 2444 1772 2444 1773 2444 1770 2445 1759 2445 1764 2445 1774 2446 1766 2446 1765 2446 1774 2447 1775 2447 1776 2447 1774 2448 1776 2448 1777 2448 1774 2449 1777 2449 1778 2449 1774 2450 1778 2450 1766 2450 1779 2451 1773 2451 1780 2451 1779 2452 1780 2452 1781 2452 1779 2453 1781 2453 1782 2453 1779 2454 1782 2454 1783 2454 1779 2455 1770 2455 1773 2455 1784 2456 1785 2456 1786 2456 1784 2457 1786 2457 1787 2457 1784 2458 1787 2458 1775 2458 1784 2459 1775 2459 1774 2459 1788 2460 1783 2460 1789 2460 1788 2461 1789 2461 1790 2461 1788 2462 1790 2462 1791 2462 1788 2463 1779 2463 1783 2463 1792 2464 1785 2464 1784 2464 1792 2465 1793 2465 1785 2465 1792 2466 1794 2466 1795 2466 1792 2467 1795 2467 1793 2467 1796 2468 1791 2468 1797 2468 1796 2469 1797 2469 1798 2469 1796 2470 1788 2470 1791 2470 1799 2471 1800 2471 1801 2471 1799 2472 1801 2472 1794 2472 1799 2473 1794 2473 1792 2473 1802 2474 1796 2474 1798 2474 1802 2475 1798 2475 1803 2475 1802 2476 1803 2476 1804 2476 1802 2477 1804 2477 1805 2477 1806 2478 1807 2478 1808 2478 1806 2479 1808 2479 1800 2479 1806 2480 1800 2480 1799 2480 1809 2481 1802 2481 1805 2481 1555 2482 1809 2482 1805 2482 1555 2483 1805 2483 1810 2483 1555 2484 1810 2484 1811 2484 1555 2485 1811 2485 1812 2485 1555 2486 1812 2486 1813 2486 1555 2487 1813 2487 1814 2487 1555 2488 1814 2488 1815 2488 1555 2489 1815 2489 1816 2489 1555 2490 1816 2490 1817 2490 1555 2491 1817 2491 1818 2491 1555 2492 1818 2492 1819 2492 1555 2493 1819 2493 1820 2493 1555 2494 1820 2494 1821 2494 1555 2495 1821 2495 1822 2495 1555 2496 1822 2496 1823 2496 1555 2497 1823 2497 1824 2497 1555 2498 1824 2498 1825 2498 1555 2499 1825 2499 1826 2499 1555 2500 1826 2500 1827 2500 1555 2501 1827 2501 1828 2501 1555 2502 1828 2502 1829 2502 1555 2503 1829 2503 1830 2503 1555 2504 1830 2504 1831 2504 1555 2505 1831 2505 1832 2505 1555 2506 1832 2506 1833 2506 1555 2507 1833 2507 1834 2507 1555 2508 1834 2508 1615 2508 1555 2509 1615 2509 1558 2509 1555 2510 1835 2510 1809 2510 1555 2511 1836 2511 1835 2511 1555 2512 1837 2512 1836 2512 1555 2513 1838 2513 1837 2513 1555 2514 1839 2514 1838 2514 919 2515 1840 2515 1841 2515 919 2516 1841 2516 1842 2516 919 2517 1842 2517 1843 2517 919 2518 1843 2518 1844 2518 919 2519 1844 2519 1845 2519 919 2520 1845 2520 1846 2520 919 2521 1846 2521 1847 2521 919 2522 1847 2522 1848 2522 919 2523 1848 2523 1849 2523 919 2524 1849 2524 1850 2524 919 2525 1850 2525 1851 2525 919 2526 1851 2526 1852 2526 919 2527 1852 2527 1853 2527 919 2528 1853 2528 1854 2528 919 2529 1854 2529 1855 2529 919 2530 1855 2530 1856 2530 919 2531 1856 2531 1857 2531 919 2532 1857 2532 1858 2532 919 2533 1858 2533 1859 2533 919 2534 1859 2534 1860 2534 919 2535 1860 2535 1861 2535 919 2536 1861 2536 1862 2536 919 2537 1862 2537 1863 2537 919 2538 1863 2538 1807 2538 919 2539 1864 2539 1865 2539 919 2540 1866 2540 1864 2540 919 2541 1867 2541 1866 2541 919 2542 1868 2542 1867 2542 919 2543 1869 2543 1868 2543 919 2544 1806 2544 1869 2544 919 2545 1807 2545 1806 2545 1870 2546 1839 2546 1555 2546 1871 2547 919 2547 1865 2547 1872 2548 1870 2548 1555 2548 1873 2549 919 2549 1871 2549 1874 2550 1872 2550 1555 2550 1875 2551 919 2551 1873 2551 1876 2552 1874 2552 1555 2552 1877 2553 919 2553 1875 2553 1878 2554 1876 2554 1555 2554 1879 2555 919 2555 1877 2555 1880 2556 1878 2556 1555 2556 1881 2557 919 2557 1879 2557 1882 2558 1880 2558 1555 2558 1883 2559 1884 2559 1885 2559 1886 2560 1887 2560 1888 2560 1889 2561 1883 2561 1885 2561 1890 2562 1888 2562 1887 2562 1890 2563 1891 2563 1888 2563 1892 2564 1884 2564 1883 2564 1893 2565 1886 2565 1888 2565 1894 2566 1889 2566 1885 2566 1895 2567 1891 2567 1890 2567 1896 2568 1884 2568 1892 2568 1897 2569 1893 2569 1888 2569 1897 2570 1888 2570 1898 2570 1899 2571 1894 2571 1885 2571 1900 2572 1891 2572 1895 2572 1901 2573 1884 2573 1896 2573 1902 2574 1897 2574 1898 2574 1903 2575 1885 2575 1904 2575 1903 2576 1899 2576 1885 2576 1905 2577 1891 2577 1900 2577 1906 2578 1884 2578 1901 2578 1907 2579 1902 2579 1898 2579 1908 2580 1903 2580 1904 2580 1909 2581 1891 2581 1905 2581 1910 2582 1911 2582 1884 2582 1910 2583 1884 2583 1906 2583 1912 2584 1907 2584 1898 2584 1913 2585 1908 2585 1904 2585 1914 2586 1891 2586 1909 2586 1914 2587 1915 2587 1891 2587 1916 2588 1911 2588 1910 2588 1917 2589 1912 2589 1898 2589 1918 2590 1913 2590 1904 2590 1919 2591 1915 2591 1914 2591 1920 2592 1911 2592 1916 2592 1921 2593 1898 2593 1922 2593 1921 2594 1917 2594 1898 2594 1923 2595 1904 2595 1924 2595 1923 2596 1918 2596 1904 2596 1925 2597 1915 2597 1919 2597 1926 2598 1911 2598 1920 2598 1927 2599 1921 2599 1922 2599 1928 2600 1923 2600 1924 2600 1929 2601 1930 2601 1915 2601 1929 2602 1915 2602 1925 2602 1931 2603 1911 2603 1926 2603 1932 2604 1927 2604 1922 2604 1933 2605 1928 2605 1924 2605 1934 2606 1930 2606 1929 2606 1935 2607 1911 2607 1931 2607 1935 2608 1936 2608 1911 2608 1937 2609 1932 2609 1922 2609 1938 2610 1933 2610 1924 2610 1939 2611 1930 2611 1934 2611 1940 2612 1936 2612 1935 2612 1941 2613 1937 2613 1922 2613 1942 2614 1924 2614 1943 2614 1942 2615 1938 2615 1924 2615 1944 2616 1930 2616 1939 2616 1945 2617 1936 2617 1940 2617 1946 2618 1941 2618 1922 2618 1946 2619 1922 2619 1947 2619 1948 2620 1942 2620 1943 2620 1949 2621 1930 2621 1944 2621 1949 2622 1950 2622 1930 2622 1951 2623 1936 2623 1945 2623 1952 2624 1946 2624 1947 2624 1953 2625 1948 2625 1943 2625 1954 2626 1950 2626 1949 2626 1955 2627 1936 2627 1951 2627 1956 2628 1952 2628 1947 2628 1957 2629 1943 2629 1958 2629 1957 2630 1953 2630 1943 2630 1959 2631 1950 2631 1954 2631 1960 2632 1936 2632 1955 2632 1961 2633 1956 2633 1947 2633 1962 2634 1957 2634 1958 2634 1963 2635 1950 2635 1959 2635 1963 2636 1964 2636 1950 2636 1965 2637 1966 2637 1936 2637 1965 2638 1936 2638 1960 2638 1967 2639 1961 2639 1947 2639 1968 2640 1962 2640 1958 2640 1969 2641 1964 2641 1963 2641 1970 2642 1966 2642 1965 2642 1971 2643 1967 2643 1947 2643 1972 2644 1958 2644 1973 2644 1972 2645 1968 2645 1958 2645 1974 2646 1975 2646 1964 2646 1974 2647 1964 2647 1969 2647 1976 2648 1966 2648 1970 2648 1977 2649 1971 2649 1947 2649 1977 2650 1947 2650 1978 2650 1979 2651 1972 2651 1973 2651 1980 2652 1975 2652 1974 2652 1981 2653 1966 2653 1976 2653 1982 2654 1977 2654 1978 2654 1983 2655 1973 2655 1882 2655 1983 2656 1979 2656 1973 2656 1984 2657 1975 2657 1980 2657 1985 2658 1966 2658 1981 2658 1986 2659 1982 2659 1978 2659 1987 2660 1983 2660 1882 2660 1988 2661 1881 2661 1975 2661 1988 2662 1975 2662 1984 2662 1988 2663 919 2663 1881 2663 1989 2664 1990 2664 1966 2664 1989 2665 1966 2665 1985 2665 1991 2666 1986 2666 1978 2666 1992 2667 1987 2667 1882 2667 1992 2668 1882 2668 1555 2668 1993 2669 919 2669 1988 2669 1994 2670 1990 2670 1989 2670 1995 2671 1991 2671 1978 2671 1996 2672 1992 2672 1555 2672 1997 2673 919 2673 1993 2673 1998 2674 1990 2674 1994 2674 1999 2675 1978 2675 2000 2675 1999 2676 1995 2676 1978 2676 2001 2677 1996 2677 1555 2677 2002 2678 919 2678 1997 2678 2003 2679 1990 2679 1998 2679 2004 2680 1999 2680 2000 2680 2005 2681 2001 2681 1555 2681 2006 2682 919 2682 2002 2682 2007 2683 1990 2683 2003 2683 2008 2684 2004 2684 2000 2684 2009 2685 2005 2685 1555 2685 2010 2686 919 2686 2006 2686 2011 2687 2012 2687 1990 2687 2011 2688 1990 2688 2007 2688 2013 2689 2008 2689 2000 2689 2014 2690 2009 2690 1555 2690 2015 2691 919 2691 2010 2691 2016 2692 2012 2692 2011 2692 2017 2693 2013 2693 2000 2693 2018 2694 2014 2694 1555 2694 2019 2695 919 2695 2015 2695 2020 2696 2012 2696 2016 2696 2021 2697 2017 2697 2000 2697 2021 2698 2000 2698 2022 2698 2023 2699 2018 2699 1555 2699 2024 2700 919 2700 2019 2700 2025 2701 2012 2701 2020 2701 2026 2702 2021 2702 2022 2702 2027 2703 2023 2703 1555 2703 2028 2704 919 2704 2024 2704 2029 2705 2012 2705 2025 2705 2030 2706 2026 2706 2022 2706 2031 2707 2027 2707 1555 2707 2032 2708 919 2708 2028 2708 2033 2709 2034 2709 2012 2709 2033 2710 2012 2710 2029 2710 2035 2711 2030 2711 2022 2711 2036 2712 2031 2712 1555 2712 2037 2713 919 2713 2032 2713 2038 2714 2034 2714 2033 2714 2039 2715 2022 2715 2040 2715 2039 2716 2035 2716 2022 2716 2041 2717 2036 2717 1555 2717 2042 2718 919 2718 2037 2718 2043 2719 2034 2719 2038 2719 2044 2720 2039 2720 2040 2720 2045 2721 2041 2721 1555 2721 2046 2722 919 2722 2042 2722 2047 2723 2034 2723 2043 2723 2048 2724 2044 2724 2040 2724 2049 2725 2045 2725 1555 2725 2050 2726 919 2726 2046 2726 2051 2727 2052 2727 2034 2727 2051 2728 2034 2728 2047 2728 2053 2729 2048 2729 2040 2729 2054 2730 2049 2730 1555 2730 2055 2731 919 2731 2050 2731 2056 2732 2052 2732 2051 2732 2057 2733 2053 2733 2040 2733 2058 2734 2054 2734 1555 2734 2059 2735 919 2735 2055 2735 2060 2736 2052 2736 2056 2736 2061 2737 2040 2737 2062 2737 2061 2738 2057 2738 2040 2738 2063 2739 2058 2739 1555 2739 2064 2740 919 2740 2059 2740 2065 2741 2052 2741 2060 2741 2066 2742 2061 2742 2062 2742 2067 2743 2063 2743 1555 2743 2068 2744 919 2744 2064 2744 2069 2745 2070 2745 2052 2745 2069 2746 2052 2746 2065 2746 2071 2747 2066 2747 2062 2747 2072 2748 2067 2748 1555 2748 2073 2749 919 2749 2068 2749 2074 2750 2070 2750 2069 2750 2075 2751 2062 2751 2076 2751 2075 2752 2071 2752 2062 2752 2077 2753 2072 2753 1555 2753 2078 2754 2070 2754 2074 2754 2079 2755 2075 2755 2076 2755 2080 2756 2077 2756 1555 2756 2081 2757 2070 2757 2078 2757 2082 2758 2079 2758 2076 2758 2083 2759 2080 2759 1555 2759 2084 2760 2085 2760 2070 2760 2084 2761 2070 2761 2081 2761 2086 2762 2082 2762 2076 2762 2087 2763 2083 2763 1555 2763 2088 2764 2085 2764 2084 2764 2089 2765 2076 2765 2090 2765 2089 2766 2086 2766 2076 2766 2091 2767 2087 2767 1555 2767 2092 2768 2085 2768 2088 2768 2093 2769 2089 2769 2090 2769 2094 2770 2091 2770 1555 2770 2095 2771 2096 2771 2085 2771 2095 2772 2085 2772 2092 2772 2097 2773 2093 2773 2090 2773 2098 2774 2096 2774 2095 2774 2099 2775 2090 2775 2100 2775 2099 2776 2097 2776 2090 2776 2101 2777 2096 2777 2098 2777 2102 2778 2099 2778 2100 2778 2103 2779 2104 2779 2096 2779 2103 2780 2096 2780 2101 2780 2105 2781 2102 2781 2100 2781 2105 2782 2100 2782 2106 2782 2107 2783 2104 2783 2103 2783 2108 2784 2105 2784 2106 2784 2109 2785 2110 2785 2104 2785 2109 2786 2104 2786 2107 2786 2111 2787 2108 2787 2106 2787 2112 2788 2110 2788 2109 2788 2113 2789 2106 2789 2114 2789 2113 2790 2111 2790 2106 2790 2115 2791 2110 2791 2112 2791 917 2792 2116 2792 2117 2792 917 2793 2117 2793 2118 2793 917 2794 2118 2794 2119 2794 917 2795 2119 2795 2120 2795 917 2796 2120 2796 2121 2796 917 2797 2121 2797 2122 2797 917 2798 2122 2798 2123 2798 917 2799 2123 2799 2124 2799 917 2800 2124 2800 2125 2800 917 2801 2125 2801 2126 2801 917 2802 2127 2802 2110 2802 917 2803 2126 2803 2128 2803 917 2804 2129 2804 2127 2804 917 2805 2128 2805 2130 2805 917 2806 2131 2806 2129 2806 917 2807 2130 2807 2132 2807 917 2808 2133 2808 2131 2808 917 2809 2132 2809 2134 2809 917 2810 2135 2810 2133 2810 917 2811 2134 2811 2136 2811 917 2812 2137 2812 2135 2812 917 2813 2136 2813 2138 2813 917 2814 2139 2814 2137 2814 917 2815 2138 2815 2140 2815 917 2816 2141 2816 2139 2816 917 2817 2140 2817 2142 2817 917 2818 2143 2818 2141 2818 917 2819 2142 2819 2113 2819 917 2820 2144 2820 2143 2820 917 2821 2145 2821 2144 2821 917 2822 2114 2822 2145 2822 917 2823 2115 2823 2146 2823 917 2824 2146 2824 2147 2824 917 2825 2147 2825 2148 2825 917 2826 2148 2826 2149 2826 917 2827 2149 2827 2150 2827 917 2828 2150 2828 2151 2828 917 2829 2151 2829 2152 2829 917 2830 2152 2830 2153 2830 917 2831 2153 2831 2154 2831 917 2832 2154 2832 2155 2832 917 2833 2155 2833 2156 2833 917 2834 2156 2834 2157 2834 917 2835 2157 2835 2158 2835 917 2836 2158 2836 2159 2836 917 2837 2159 2837 2160 2837 917 2838 2160 2838 2161 2838 917 2839 2161 2839 2162 2839 917 2840 2162 2840 2163 2840 917 2841 2163 2841 2164 2841 917 2842 2164 2842 2165 2842 917 2843 2165 2843 2166 2843 917 2844 2166 2844 2167 2844 917 2845 2167 2845 2168 2845 917 2846 2168 2846 2169 2846 917 2847 2113 2847 2114 2847 917 2848 2110 2848 2115 2848 919 2849 1558 2849 2170 2849 2170 2850 1558 2850 1611 2850 919 2851 2170 2851 2171 2851 919 2852 2171 2852 1840 2852 1555 2853 917 2853 2172 2853 2172 2854 917 2854 2169 2854 1555 2855 2172 2855 2173 2855 1555 2856 2173 2856 2094 2856 917 2857 919 2857 2174 2857 2174 2858 919 2858 2175 2858 2175 2859 919 2859 2176 2859 2176 2860 919 2860 2177 2860 2177 2861 919 2861 2178 2861 2178 2862 919 2862 2179 2862 2179 2863 919 2863 2180 2863 2180 2864 919 2864 2073 2864 917 2865 2174 2865 2181 2865 917 2866 2181 2866 2182 2866 917 2867 2182 2867 2183 2867 917 2868 2183 2868 2184 2868 917 2869 2184 2869 2185 2869 917 2870 2185 2870 2186 2870 917 2871 2186 2871 2116 2871 1205 2872 919 2872 918 2872 1558 2873 919 2873 1205 2873 1555 2874 923 2874 1553 2874 1555 2875 1553 2875 1554 2875 1205 2876 1555 2876 1558 2876 1205 2877 923 2877 1555 2877 1185 2878 1191 2878 2098 2878 2098 2879 1191 2879 2101 2879 2101 2880 1192 2880 2103 2880 1191 2881 1192 2881 2101 2881 2103 2882 1197 2882 2107 2882 1192 2883 1197 2883 2103 2883 2107 2884 1198 2884 2109 2884 1197 2885 1198 2885 2107 2885 2109 2886 1154 2886 2112 2886 1198 2887 1154 2887 2109 2887 2112 2888 1153 2888 2115 2888 2115 2889 1153 2889 2146 2889 1154 2890 1153 2890 2112 2890 1153 2891 1155 2891 2146 2891 2146 2892 1156 2892 2147 2892 1155 2893 1156 2893 2146 2893 2147 2894 1157 2894 2148 2894 1156 2895 1157 2895 2147 2895 2148 2896 1158 2896 2149 2896 1157 2897 1158 2897 2148 2897 1158 2898 1159 2898 2149 2898 2149 2899 1159 2899 2150 2899 1159 2900 1160 2900 2150 2900 2150 2901 1160 2901 2151 2901 1160 2902 1161 2902 2151 2902 2151 2903 1161 2903 2152 2903 2152 2904 1161 2904 2153 2904 1161 2905 1162 2905 2153 2905 2153 2906 1162 2906 2154 2906 1162 2907 1163 2907 2154 2907 1163 2908 1164 2908 2154 2908 2154 2909 1164 2909 2155 2909 2155 2910 1164 2910 2156 2910 1164 2911 1165 2911 2156 2911 2156 2912 1166 2912 2157 2912 1165 2913 1166 2913 2156 2913 2157 2914 1167 2914 2158 2914 1166 2915 1167 2915 2157 2915 2158 2916 1168 2916 2159 2916 1167 2917 1168 2917 2158 2917 2159 2918 1169 2918 2160 2918 1168 2919 1169 2919 2159 2919 2160 2920 1170 2920 2161 2920 1169 2921 1170 2921 2160 2921 2161 2922 1171 2922 2162 2922 1170 2923 1171 2923 2161 2923 2162 2924 983 2924 2163 2924 1171 2925 983 2925 2162 2925 2163 2926 982 2926 2164 2926 983 2927 982 2927 2163 2927 2164 2928 984 2928 2165 2928 982 2929 984 2929 2164 2929 2165 2930 985 2930 2166 2930 984 2931 985 2931 2165 2931 2166 2932 986 2932 2167 2932 985 2933 986 2933 2166 2933 2167 2934 987 2934 2168 2934 986 2935 987 2935 2167 2935 2168 2936 988 2936 2169 2936 987 2937 988 2937 2168 2937 2169 2938 989 2938 2172 2938 988 2939 989 2939 2169 2939 2172 2940 970 2940 2173 2940 989 2941 970 2941 2172 2941 2173 2942 968 2942 2094 2942 2094 2943 968 2943 2091 2943 970 2944 968 2944 2173 2944 968 2945 966 2945 2091 2945 2091 2946 964 2946 2087 2946 966 2947 964 2947 2091 2947 2087 2948 962 2948 2083 2948 964 2949 962 2949 2087 2949 2083 2950 960 2950 2080 2950 962 2951 960 2951 2083 2951 960 2952 958 2952 2080 2952 2080 2953 958 2953 2077 2953 2077 2954 958 2954 2072 2954 958 2955 954 2955 2072 2955 954 2956 950 2956 2072 2956 2072 2957 950 2957 2067 2957 950 2958 946 2958 2067 2958 2067 2959 946 2959 2063 2959 946 2960 942 2960 2063 2960 2063 2961 942 2961 2058 2961 942 2962 938 2962 2058 2962 2058 2963 938 2963 2054 2963 938 2964 934 2964 2054 2964 2054 2965 934 2965 2049 2965 934 2966 930 2966 2049 2966 2049 2967 930 2967 2045 2967 930 2968 926 2968 2045 2968 2045 2969 926 2969 2041 2969 926 2970 922 2970 2041 2970 2041 2971 922 2971 2036 2971 2036 2972 921 2972 2031 2972 922 2973 921 2973 2036 2973 2031 2974 928 2974 2027 2974 921 2975 928 2975 2031 2975 2027 2976 932 2976 2023 2976 928 2977 932 2977 2027 2977 2023 2978 936 2978 2018 2978 932 2979 936 2979 2023 2979 2018 2980 940 2980 2014 2980 2014 2981 940 2981 2009 2981 936 2982 940 2982 2018 2982 940 2983 944 2983 2009 2983 2009 2984 948 2984 2005 2984 944 2985 948 2985 2009 2985 2005 2986 952 2986 2001 2986 948 2987 952 2987 2005 2987 2001 2988 956 2988 1996 2988 952 2989 956 2989 2001 2989 1996 2990 979 2990 1992 2990 956 2991 979 2991 1996 2991 1992 2992 991 2992 1987 2992 979 2993 991 2993 1992 2993 1987 2994 992 2994 1983 2994 991 2995 992 2995 1987 2995 1983 2996 997 2996 1979 2996 992 2997 997 2997 1983 2997 1979 2998 998 2998 1972 2998 997 2999 998 2999 1979 2999 998 3000 1003 3000 1972 3000 1972 3001 1003 3001 1968 3001 1003 3002 1004 3002 1968 3002 1968 3003 1004 3003 1962 3003 1004 3004 1010 3004 1962 3004 1962 3005 1010 3005 1957 3005 1010 3006 1011 3006 1957 3006 1957 3007 1011 3007 1953 3007 1011 3008 1016 3008 1953 3008 1953 3009 1016 3009 1948 3009 1016 3010 1017 3010 1948 3010 1948 3011 1017 3011 1942 3011 1017 3012 1018 3012 1942 3012 1942 3013 1018 3013 1938 3013 1018 3014 1024 3014 1938 3014 1938 3015 1024 3015 1933 3015 1024 3016 1025 3016 1933 3016 1933 3017 1025 3017 1928 3017 1025 3018 1026 3018 1928 3018 1928 3019 1026 3019 1923 3019 1026 3020 1032 3020 1923 3020 1923 3021 1032 3021 1918 3021 1032 3022 1033 3022 1918 3022 1918 3023 1033 3023 1913 3023 1033 3024 1034 3024 1913 3024 1913 3025 1034 3025 1908 3025 1034 3026 1041 3026 1908 3026 1908 3027 1041 3027 1903 3027 1041 3028 1042 3028 1903 3028 1903 3029 1042 3029 1899 3029 1042 3030 1043 3030 1899 3030 1899 3031 1043 3031 1894 3031 1043 3032 1044 3032 1894 3032 1894 3033 1044 3033 1889 3033 1044 3034 1050 3034 1889 3034 1889 3035 1050 3035 1883 3035 1050 3036 1051 3036 1883 3036 1883 3037 1051 3037 1892 3037 1051 3038 1052 3038 1892 3038 1892 3039 1052 3039 1896 3039 1052 3040 1053 3040 1896 3040 1896 3041 1053 3041 1901 3041 1901 3042 1060 3042 1906 3042 1053 3043 1060 3043 1901 3043 1906 3044 1061 3044 1910 3044 1060 3045 1061 3045 1906 3045 1910 3046 1062 3046 1916 3046 1061 3047 1062 3047 1910 3047 1916 3048 1063 3048 1920 3048 1062 3049 1063 3049 1916 3049 1920 3050 1071 3050 1926 3050 1063 3051 1071 3051 1920 3051 1071 3052 1072 3052 1926 3052 1926 3053 1072 3053 1931 3053 1072 3054 1073 3054 1931 3054 1931 3055 1073 3055 1935 3055 1073 3056 1074 3056 1935 3056 1935 3057 1074 3057 1940 3057 1074 3058 1081 3058 1940 3058 1940 3059 1081 3059 1945 3059 1081 3060 1082 3060 1945 3060 1945 3061 1082 3061 1951 3061 1082 3062 1083 3062 1951 3062 1951 3063 1083 3063 1955 3063 1083 3064 1084 3064 1955 3064 1955 3065 1084 3065 1960 3065 1084 3066 1085 3066 1960 3066 1960 3067 1085 3067 1965 3067 1085 3068 1092 3068 1965 3068 1965 3069 1092 3069 1970 3069 1092 3070 1093 3070 1970 3070 1970 3071 1093 3071 1976 3071 1093 3072 1094 3072 1976 3072 1976 3073 1094 3073 1981 3073 1094 3074 1095 3074 1981 3074 1981 3075 1095 3075 1985 3075 1985 3076 1102 3076 1989 3076 1989 3077 1102 3077 1994 3077 1095 3078 1102 3078 1985 3078 1102 3079 1103 3079 1994 3079 1994 3080 1104 3080 1998 3080 1103 3081 1104 3081 1994 3081 1998 3082 1105 3082 2003 3082 1104 3083 1105 3083 1998 3083 2003 3084 1113 3084 2007 3084 1105 3085 1113 3085 2003 3085 2007 3086 1114 3086 2011 3086 1113 3087 1114 3087 2007 3087 2011 3088 1115 3088 2016 3088 1114 3089 1115 3089 2011 3089 2016 3090 1116 3090 2020 3090 1115 3091 1116 3091 2016 3091 2020 3092 1123 3092 2025 3092 1116 3093 1123 3093 2020 3093 2025 3094 1124 3094 2029 3094 1123 3095 1124 3095 2025 3095 2029 3096 1125 3096 2033 3096 1124 3097 1125 3097 2029 3097 2033 3098 1126 3098 2038 3098 1125 3099 1126 3099 2033 3099 1126 3100 1132 3100 2038 3100 2038 3101 1132 3101 2043 3101 1132 3102 1133 3102 2043 3102 2043 3103 1133 3103 2047 3103 1133 3104 1134 3104 2047 3104 2047 3105 1134 3105 2051 3105 1134 3106 1135 3106 2051 3106 2051 3107 1135 3107 2056 3107 1135 3108 1142 3108 2056 3108 2056 3109 1142 3109 2060 3109 2060 3110 1143 3110 2065 3110 1142 3111 1143 3111 2060 3111 2065 3112 1144 3112 2069 3112 1143 3113 1144 3113 2065 3113 2069 3114 1150 3114 2074 3114 1144 3115 1150 3115 2069 3115 2074 3116 1151 3116 2078 3116 1150 3117 1151 3117 2074 3117 2078 3118 1152 3118 2081 3118 1151 3119 1152 3119 2078 3119 2081 3120 1177 3120 2084 3120 1152 3121 1177 3121 2081 3121 2084 3122 1178 3122 2088 3122 1177 3123 1178 3123 2084 3123 2088 3124 1179 3124 2092 3124 1178 3125 1179 3125 2088 3125 2092 3126 1184 3126 2095 3126 1179 3127 1184 3127 2092 3127 1184 3128 1185 3128 2095 3128 2095 3129 1185 3129 2098 3129 1319 3130 1299 3130 2187 3130 2187 3131 1299 3131 2188 3131 2188 3132 1273 3132 2189 3132 1299 3133 1273 3133 2188 3133 2189 3134 1250 3134 2190 3134 1273 3135 1250 3135 2189 3135 2190 3136 1249 3136 2191 3136 1250 3137 1249 3137 2190 3137 2191 3138 1261 3138 2192 3138 1249 3139 1261 3139 2191 3139 2192 3140 1281 3140 2193 3140 2193 3141 1281 3141 2194 3141 1261 3142 1281 3142 2192 3142 1281 3143 1296 3143 2194 3143 2194 3144 1312 3144 2195 3144 1296 3145 1312 3145 2194 3145 2195 3146 1323 3146 2196 3146 1312 3147 1323 3147 2195 3147 2196 3148 1338 3148 2197 3148 1323 3149 1338 3149 2196 3149 1338 3150 1348 3150 2197 3150 2197 3151 1348 3151 2198 3151 1348 3152 1245 3152 2198 3152 2198 3153 1245 3153 2199 3153 1245 3154 1243 3154 2199 3154 2199 3155 1243 3155 2200 3155 2200 3156 1243 3156 2201 3156 1243 3157 1241 3157 2201 3157 2201 3158 1241 3158 2202 3158 1241 3159 1239 3159 2202 3159 1239 3160 1204 3160 2202 3160 2202 3161 1204 3161 2203 3161 2203 3162 1204 3162 2204 3162 1204 3163 1203 3163 2204 3163 2204 3164 1202 3164 2205 3164 1203 3165 1202 3165 2204 3165 2205 3166 1201 3166 2206 3166 1202 3167 1201 3167 2205 3167 2206 3168 1200 3168 2207 3168 1201 3169 1200 3169 2206 3169 2207 3170 1196 3170 2208 3170 1200 3171 1196 3171 2207 3171 2208 3172 1190 3172 2209 3172 1196 3173 1190 3173 2208 3173 2209 3174 1183 3174 2210 3174 1190 3175 1183 3175 2209 3175 2210 3176 1176 3176 2211 3176 1183 3177 1176 3177 2210 3177 2211 3178 1149 3178 2212 3178 1176 3179 1149 3179 2211 3179 2212 3180 1141 3180 2213 3180 1149 3181 1141 3181 2212 3181 2213 3182 1131 3182 2214 3182 1141 3183 1131 3183 2213 3183 2214 3184 1122 3184 2215 3184 1131 3185 1122 3185 2214 3185 2215 3186 1112 3186 2216 3186 1122 3187 1112 3187 2215 3187 2216 3188 1101 3188 2217 3188 1112 3189 1101 3189 2216 3189 2217 3190 1091 3190 2218 3190 1101 3191 1091 3191 2217 3191 2218 3192 1080 3192 2219 3192 1091 3193 1080 3193 2218 3193 2219 3194 1070 3194 2220 3194 2220 3195 1070 3195 2221 3195 1080 3196 1070 3196 2219 3196 1070 3197 1059 3197 2221 3197 2221 3198 1049 3198 2222 3198 1059 3199 1049 3199 2221 3199 2222 3200 1040 3200 2223 3200 1049 3201 1040 3201 2222 3201 2223 3202 1031 3202 2224 3202 1040 3203 1031 3203 2223 3203 1031 3204 1023 3204 2224 3204 2224 3205 1023 3205 2225 3205 2225 3206 1023 3206 2226 3206 1023 3207 1015 3207 2226 3207 1015 3208 1009 3208 2226 3208 2226 3209 1009 3209 2227 3209 1009 3210 1002 3210 2227 3210 2227 3211 1002 3211 2228 3211 1002 3212 996 3212 2228 3212 2228 3213 996 3213 2229 3213 996 3214 990 3214 2229 3214 2229 3215 990 3215 2230 3215 990 3216 978 3216 2230 3216 2230 3217 978 3217 2231 3217 978 3218 975 3218 2231 3218 2231 3219 975 3219 2232 3219 975 3220 973 3220 2232 3220 2232 3221 973 3221 2233 3221 973 3222 972 3222 2233 3222 2233 3223 972 3223 2234 3223 2234 3224 971 3224 2235 3224 972 3225 971 3225 2234 3225 2235 3226 974 3226 2236 3226 971 3227 974 3227 2235 3227 2236 3228 976 3228 2237 3228 974 3229 976 3229 2236 3229 2237 3230 980 3230 2238 3230 976 3231 980 3231 2237 3231 2238 3232 993 3232 2239 3232 2239 3233 993 3233 2240 3233 980 3234 993 3234 2238 3234 993 3235 999 3235 2240 3235 2240 3236 1005 3236 2241 3236 999 3237 1005 3237 2240 3237 2241 3238 1012 3238 2242 3238 1005 3239 1012 3239 2241 3239 2242 3240 1019 3240 2243 3240 1012 3241 1019 3241 2242 3241 2243 3242 1027 3242 2244 3242 1019 3243 1027 3243 2243 3243 2244 3244 1035 3244 2245 3244 1027 3245 1035 3245 2244 3245 2245 3246 1045 3246 2246 3246 1035 3247 1045 3247 2245 3247 2246 3248 1054 3248 2247 3248 1045 3249 1054 3249 2246 3249 2247 3250 1064 3250 2248 3250 1054 3251 1064 3251 2247 3251 1064 3252 1075 3252 2248 3252 2248 3253 1075 3253 2249 3253 1075 3254 1086 3254 2249 3254 2249 3255 1086 3255 2250 3255 1086 3256 1096 3256 2250 3256 2250 3257 1096 3257 2251 3257 1096 3258 1106 3258 2251 3258 2251 3259 1106 3259 2252 3259 1106 3260 1117 3260 2252 3260 2252 3261 1117 3261 2253 3261 1117 3262 1127 3262 2253 3262 2253 3263 1127 3263 2254 3263 1127 3264 1136 3264 2254 3264 2254 3265 1136 3265 2255 3265 1136 3266 1145 3266 2255 3266 2255 3267 1145 3267 2256 3267 1145 3268 1172 3268 2256 3268 2256 3269 1172 3269 2257 3269 1172 3270 1180 3270 2257 3270 2257 3271 1180 3271 2258 3271 1180 3272 1186 3272 2258 3272 2258 3273 1186 3273 2259 3273 1186 3274 1193 3274 2259 3274 2259 3275 1193 3275 2260 3275 1193 3276 1199 3276 2260 3276 2260 3277 1199 3277 2261 3277 1199 3278 1206 3278 2261 3278 2261 3279 1206 3279 2262 3279 1206 3280 1207 3280 2262 3280 2262 3281 1207 3281 2263 3281 1207 3282 1208 3282 2263 3282 2263 3283 1208 3283 2264 3283 1208 3284 1209 3284 2264 3284 2264 3285 1209 3285 2265 3285 1209 3286 1238 3286 2265 3286 2265 3287 1238 3287 2266 3287 1238 3288 1240 3288 2266 3288 2266 3289 1240 3289 2267 3289 1240 3290 1242 3290 2267 3290 2267 3291 1242 3291 2268 3291 1242 3292 1244 3292 2268 3292 2268 3293 1244 3293 2269 3293 2269 3294 1246 3294 2270 3294 1244 3295 1246 3295 2269 3295 2270 3296 1247 3296 2271 3296 1246 3297 1247 3297 2270 3297 2271 3298 1331 3298 2272 3298 1247 3299 1331 3299 2271 3299 2272 3300 1321 3300 2273 3300 1331 3301 1321 3301 2272 3301 2273 3302 1305 3302 2274 3302 1321 3303 1305 3303 2273 3303 1305 3304 1290 3304 2274 3304 2274 3305 1290 3305 2275 3305 1290 3306 1275 3306 2275 3306 2275 3307 1275 3307 2276 3307 1275 3308 1255 3308 2276 3308 2276 3309 1255 3309 2277 3309 1255 3310 1254 3310 2277 3310 2277 3311 1254 3311 2278 3311 1254 3312 1267 3312 2278 3312 2278 3313 1267 3313 2279 3313 1267 3314 1287 3314 2279 3314 2279 3315 1287 3315 2280 3315 1287 3316 1308 3316 2280 3316 2280 3317 1308 3317 2281 3317 1308 3318 1334 3318 2281 3318 2281 3319 1334 3319 2282 3319 1334 3320 1354 3320 2282 3320 2282 3321 1354 3321 2283 3321 1354 3322 1372 3322 2283 3322 2283 3323 1372 3323 2284 3323 1372 3324 1390 3324 2284 3324 2284 3325 1390 3325 2285 3325 1390 3326 1408 3326 2285 3326 2285 3327 1408 3327 2286 3327 2286 3328 1426 3328 2287 3328 2287 3329 1426 3329 2288 3329 1408 3330 1426 3330 2286 3330 1426 3331 1440 3331 2288 3331 2288 3332 1451 3332 2289 3332 1440 3333 1451 3333 2288 3333 2289 3334 1462 3334 2290 3334 1451 3335 1462 3335 2289 3335 2290 3336 1469 3336 2291 3336 1462 3337 1469 3337 2290 3337 2291 3338 1475 3338 2292 3338 1469 3339 1475 3339 2291 3339 2292 3340 1505 3340 2293 3340 1475 3341 1505 3341 2292 3341 2293 3342 1506 3342 2294 3342 1505 3343 1506 3343 2293 3343 2294 3344 1507 3344 2295 3344 1506 3345 1507 3345 2294 3345 2295 3346 1508 3346 2296 3346 1507 3347 1508 3347 2295 3347 2296 3348 1509 3348 2297 3348 1508 3349 1509 3349 2296 3349 2297 3350 1510 3350 2298 3350 1509 3351 1510 3351 2297 3351 1510 3352 1511 3352 2298 3352 2298 3353 1511 3353 2299 3353 1511 3354 1512 3354 2299 3354 2299 3355 1512 3355 2300 3355 1512 3356 1513 3356 2300 3356 2300 3357 1513 3357 2301 3357 1513 3358 1479 3358 2301 3358 2301 3359 1479 3359 2302 3359 1479 3360 1473 3360 2302 3360 2302 3361 1473 3361 2303 3361 2303 3362 1464 3362 2304 3362 1473 3363 1464 3363 2303 3363 2304 3364 1456 3364 2305 3364 1464 3365 1456 3365 2304 3365 2305 3366 1445 3366 2306 3366 1456 3367 1445 3367 2305 3367 2306 3368 1432 3368 2307 3368 1445 3369 1432 3369 2306 3369 2307 3370 1414 3370 2308 3370 1432 3371 1414 3371 2307 3371 2308 3372 1400 3372 2309 3372 1414 3373 1400 3373 2308 3373 2309 3374 1382 3374 2310 3374 1400 3375 1382 3375 2309 3375 2310 3376 1360 3376 2311 3376 1382 3377 1360 3377 2310 3377 2311 3378 1341 3378 2312 3378 1360 3379 1341 3379 2311 3379 1341 3380 1319 3380 2312 3380 2312 3381 1319 3381 2187 3381 1088 3382 1087 3382 1712 3382 1712 3383 1087 3383 1713 3383 1713 3384 1077 3384 1714 3384 1087 3385 1077 3385 1713 3385 1714 3386 1076 3386 1715 3386 1077 3387 1076 3387 1714 3387 1715 3388 1078 3388 1726 3388 1076 3389 1078 3389 1715 3389 1726 3390 1079 3390 1727 3390 1078 3391 1079 3391 1726 3391 1727 3392 1066 3392 1728 3392 1728 3393 1066 3393 1729 3393 1079 3394 1066 3394 1727 3394 1066 3395 1065 3395 1729 3395 1729 3396 1067 3396 1730 3396 1065 3397 1067 3397 1729 3397 1730 3398 1068 3398 1738 3398 1067 3399 1068 3399 1730 3399 1738 3400 1069 3400 1739 3400 1068 3401 1069 3401 1738 3401 1069 3402 1056 3402 1739 3402 1739 3403 1056 3403 1740 3403 1056 3404 1055 3404 1740 3404 1740 3405 1055 3405 1741 3405 1055 3406 1057 3406 1741 3406 1741 3407 1057 3407 1742 3407 1742 3408 1057 3408 1750 3408 1057 3409 1058 3409 1750 3409 1750 3410 1058 3410 1751 3410 1058 3411 1047 3411 1751 3411 1047 3412 1046 3412 1751 3412 1751 3413 1046 3413 1752 3413 1752 3414 1046 3414 1753 3414 1046 3415 1048 3415 1753 3415 1753 3416 1037 3416 1760 3416 1048 3417 1037 3417 1753 3417 1760 3418 1036 3418 1761 3418 1037 3419 1036 3419 1760 3419 1761 3420 1038 3420 1762 3420 1036 3421 1038 3421 1761 3421 1762 3422 1039 3422 1763 3422 1038 3423 1039 3423 1762 3423 1763 3424 1029 3424 1764 3424 1039 3425 1029 3425 1763 3425 1764 3426 1028 3426 1771 3426 1029 3427 1028 3427 1764 3427 1771 3428 1030 3428 1772 3428 1028 3429 1030 3429 1771 3429 1772 3430 1021 3430 1773 3430 1030 3431 1021 3431 1772 3431 1773 3432 1020 3432 1780 3432 1021 3433 1020 3433 1773 3433 1780 3434 1022 3434 1781 3434 1020 3435 1022 3435 1780 3435 1781 3436 1014 3436 1782 3436 1022 3437 1014 3437 1781 3437 1782 3438 1013 3438 1783 3438 1014 3439 1013 3439 1782 3439 1783 3440 1007 3440 1789 3440 1013 3441 1007 3441 1783 3441 1789 3442 1006 3442 1790 3442 1007 3443 1006 3443 1789 3443 1790 3444 1008 3444 1791 3444 1006 3445 1008 3445 1790 3445 1791 3446 1001 3446 1797 3446 1797 3447 1001 3447 1798 3447 1008 3448 1001 3448 1791 3448 1001 3449 1000 3449 1798 3449 1798 3450 995 3450 1803 3450 1000 3451 995 3451 1798 3451 1803 3452 994 3452 1804 3452 995 3453 994 3453 1803 3453 1804 3454 981 3454 1805 3454 994 3455 981 3455 1804 3455 981 3456 977 3456 1805 3456 1805 3457 977 3457 1810 3457 1810 3458 977 3458 1811 3458 977 3459 955 3459 1811 3459 955 3460 951 3460 1811 3460 1811 3461 951 3461 1812 3461 951 3462 947 3462 1812 3462 1812 3463 947 3463 1813 3463 947 3464 943 3464 1813 3464 1813 3465 943 3465 1814 3465 943 3466 939 3466 1814 3466 1814 3467 939 3467 1815 3467 939 3468 935 3468 1815 3468 1815 3469 935 3469 1816 3469 935 3470 931 3470 1816 3470 1816 3471 931 3471 1817 3471 931 3472 927 3472 1817 3472 1817 3473 927 3473 1818 3473 927 3474 925 3474 1818 3474 1818 3475 925 3475 1819 3475 1819 3476 924 3476 1820 3476 925 3477 924 3477 1819 3477 1820 3478 929 3478 1821 3478 924 3479 929 3479 1820 3479 1821 3480 933 3480 1822 3480 929 3481 933 3481 1821 3481 1822 3482 937 3482 1823 3482 933 3483 937 3483 1822 3483 1823 3484 941 3484 1824 3484 1824 3485 941 3485 1825 3485 937 3486 941 3486 1823 3486 941 3487 945 3487 1825 3487 1825 3488 949 3488 1826 3488 945 3489 949 3489 1825 3489 1826 3490 953 3490 1827 3490 949 3491 953 3491 1826 3491 1827 3492 957 3492 1828 3492 953 3493 957 3493 1827 3493 1828 3494 959 3494 1829 3494 957 3495 959 3495 1828 3495 1829 3496 961 3496 1830 3496 959 3497 961 3497 1829 3497 1830 3498 963 3498 1831 3498 961 3499 963 3499 1830 3499 1831 3500 965 3500 1832 3500 963 3501 965 3501 1831 3501 1832 3502 967 3502 1833 3502 965 3503 967 3503 1832 3503 967 3504 969 3504 1833 3504 1833 3505 969 3505 1834 3505 969 3506 1211 3506 1834 3506 1834 3507 1211 3507 1615 3507 1211 3508 1210 3508 1615 3508 1615 3509 1210 3509 1613 3509 1210 3510 1212 3510 1613 3510 1613 3511 1212 3511 1609 3511 1212 3512 1213 3512 1609 3512 1609 3513 1213 3513 1605 3513 1213 3514 1214 3514 1605 3514 1605 3515 1214 3515 1601 3515 1214 3516 1215 3516 1601 3516 1601 3517 1215 3517 1599 3517 1215 3518 1216 3518 1599 3518 1599 3519 1216 3519 1596 3519 1216 3520 1217 3520 1596 3520 1596 3521 1217 3521 1592 3521 1217 3522 1218 3522 1592 3522 1592 3523 1218 3523 1588 3523 1218 3524 1219 3524 1588 3524 1588 3525 1219 3525 1584 3525 1219 3526 1220 3526 1584 3526 1584 3527 1220 3527 1580 3527 1220 3528 1221 3528 1580 3528 1580 3529 1221 3529 1576 3529 1221 3530 1222 3530 1576 3530 1576 3531 1222 3531 1572 3531 1222 3532 1223 3532 1572 3532 1572 3533 1223 3533 1568 3533 1223 3534 1224 3534 1568 3534 1568 3535 1224 3535 1564 3535 1224 3536 1225 3536 1564 3536 1564 3537 1225 3537 1559 3537 1225 3538 1226 3538 1559 3538 1559 3539 1226 3539 1560 3539 1226 3540 1227 3540 1560 3540 1560 3541 1227 3541 1562 3541 1227 3542 1228 3542 1562 3542 1562 3543 1228 3543 1566 3543 1228 3544 1229 3544 1566 3544 1566 3545 1229 3545 1570 3545 1570 3546 1230 3546 1574 3546 1229 3547 1230 3547 1570 3547 1574 3548 1231 3548 1578 3548 1230 3549 1231 3549 1574 3549 1578 3550 1232 3550 1582 3550 1231 3551 1232 3551 1578 3551 1582 3552 1233 3552 1586 3552 1232 3553 1233 3553 1582 3553 1586 3554 1234 3554 1590 3554 1233 3555 1234 3555 1586 3555 1234 3556 1235 3556 1590 3556 1590 3557 1235 3557 1594 3557 1235 3558 1236 3558 1594 3558 1594 3559 1236 3559 1598 3559 1236 3560 1237 3560 1598 3560 1598 3561 1237 3561 1625 3561 1237 3562 1195 3562 1625 3562 1625 3563 1195 3563 1626 3563 1195 3564 1194 3564 1626 3564 1626 3565 1194 3565 1627 3565 1194 3566 1188 3566 1627 3566 1627 3567 1188 3567 1632 3567 1188 3568 1187 3568 1632 3568 1632 3569 1187 3569 1633 3569 1187 3570 1189 3570 1633 3570 1633 3571 1189 3571 1641 3571 1189 3572 1182 3572 1641 3572 1641 3573 1182 3573 1639 3573 1182 3574 1181 3574 1639 3574 1639 3575 1181 3575 1640 3575 1181 3576 1174 3576 1640 3576 1640 3577 1174 3577 1647 3577 1174 3578 1173 3578 1647 3578 1647 3579 1173 3579 1648 3579 1648 3580 1175 3580 1649 3580 1649 3581 1175 3581 1650 3581 1173 3582 1175 3582 1648 3582 1175 3583 1147 3583 1650 3583 1650 3584 1146 3584 1657 3584 1147 3585 1146 3585 1650 3585 1657 3586 1148 3586 1658 3586 1146 3587 1148 3587 1657 3587 1658 3588 1138 3588 1659 3588 1148 3589 1138 3589 1658 3589 1659 3590 1137 3590 1666 3590 1138 3591 1137 3591 1659 3591 1666 3592 1139 3592 1667 3592 1137 3593 1139 3593 1666 3593 1667 3594 1140 3594 1668 3594 1139 3595 1140 3595 1667 3595 1668 3596 1129 3596 1669 3596 1140 3597 1129 3597 1668 3597 1669 3598 1128 3598 1670 3598 1129 3599 1128 3599 1669 3599 1670 3600 1130 3600 1677 3600 1128 3601 1130 3601 1670 3601 1677 3602 1119 3602 1678 3602 1130 3603 1119 3603 1677 3603 1119 3604 1118 3604 1678 3604 1678 3605 1118 3605 1679 3605 1118 3606 1120 3606 1679 3606 1679 3607 1120 3607 1680 3607 1120 3608 1121 3608 1680 3608 1680 3609 1121 3609 1688 3609 1121 3610 1108 3610 1688 3610 1688 3611 1108 3611 1689 3611 1108 3612 1107 3612 1689 3612 1689 3613 1107 3613 1690 3613 1690 3614 1109 3614 1691 3614 1107 3615 1109 3615 1690 3615 1691 3616 1110 3616 1692 3616 1109 3617 1110 3617 1691 3617 1692 3618 1111 3618 1700 3618 1110 3619 1111 3619 1692 3619 1700 3620 1098 3620 1701 3620 1111 3621 1098 3621 1700 3621 1701 3622 1097 3622 1702 3622 1098 3623 1097 3623 1701 3623 1702 3624 1099 3624 1703 3624 1097 3625 1099 3625 1702 3625 1703 3626 1100 3626 1704 3626 1099 3627 1100 3627 1703 3627 1704 3628 1090 3628 1716 3628 1100 3629 1090 3629 1704 3629 1716 3630 1089 3630 1717 3630 1090 3631 1089 3631 1716 3631 1089 3632 1088 3632 1717 3632 1717 3633 1088 3633 1712 3633 1468 3634 1466 3634 1793 3634 1793 3635 1466 3635 1785 3635 1785 3636 1461 3636 1786 3636 1466 3637 1461 3637 1785 3637 1786 3638 1458 3638 1787 3638 1461 3639 1458 3639 1786 3639 1787 3640 1454 3640 1775 3640 1458 3641 1454 3641 1787 3641 1775 3642 1450 3642 1776 3642 1454 3643 1450 3643 1775 3643 1776 3644 1447 3644 1777 3644 1777 3645 1447 3645 1778 3645 1450 3646 1447 3646 1776 3646 1447 3647 1443 3647 1778 3647 1778 3648 1439 3648 1766 3648 1443 3649 1439 3649 1778 3649 1766 3650 1435 3650 1767 3650 1439 3651 1435 3651 1766 3651 1767 3652 1430 3652 1768 3652 1768 3653 1430 3653 1769 3653 1435 3654 1430 3654 1767 3654 1430 3655 1425 3655 1769 3655 1425 3656 1421 3656 1769 3656 1769 3657 1421 3657 1755 3657 1421 3658 1417 3658 1755 3658 1755 3659 1417 3659 1756 3659 1417 3660 1412 3660 1756 3660 1756 3661 1412 3661 1757 3661 1757 3662 1407 3662 1758 3662 1412 3663 1407 3663 1757 3663 1758 3664 1403 3664 1744 3664 1407 3665 1403 3665 1758 3665 1744 3666 1398 3666 1745 3666 1745 3667 1398 3667 1746 3667 1403 3668 1398 3668 1744 3668 1398 3669 1394 3669 1746 3669 1394 3670 1389 3670 1746 3670 1746 3671 1389 3671 1747 3671 1747 3672 1385 3672 1748 3672 1748 3673 1385 3673 1732 3673 1389 3674 1385 3674 1747 3674 1732 3675 1380 3675 1733 3675 1385 3676 1380 3676 1732 3676 1380 3677 1376 3677 1733 3677 1733 3678 1371 3678 1734 3678 1376 3679 1371 3679 1733 3679 1734 3680 1367 3680 1735 3680 1371 3681 1367 3681 1734 3681 1735 3682 1363 3682 1736 3682 1367 3683 1363 3683 1735 3683 1736 3684 1358 3684 1719 3684 1363 3685 1358 3685 1736 3685 1719 3686 1353 3686 1720 3686 1358 3687 1353 3687 1719 3687 1720 3688 1349 3688 1721 3688 1353 3689 1349 3689 1720 3689 1721 3690 1344 3690 1722 3690 1349 3691 1344 3691 1721 3691 1722 3692 1339 3692 1723 3692 1344 3693 1339 3693 1722 3693 1723 3694 1333 3694 1724 3694 1339 3695 1333 3695 1723 3695 1724 3696 1328 3696 1706 3696 1706 3697 1328 3697 1707 3697 1333 3698 1328 3698 1724 3698 1328 3699 1324 3699 1707 3699 1707 3700 1317 3700 1708 3700 1324 3701 1317 3701 1707 3701 1708 3702 1313 3702 1709 3702 1317 3703 1313 3703 1708 3703 1709 3704 1307 3704 1710 3704 1313 3705 1307 3705 1709 3705 1710 3706 1302 3706 1694 3706 1307 3707 1302 3707 1710 3707 1302 3708 1297 3708 1694 3708 1694 3709 1297 3709 1695 3709 1297 3710 1292 3710 1695 3710 1695 3711 1292 3711 1696 3711 1292 3712 1286 3712 1696 3712 1696 3713 1286 3713 1697 3713 1286 3714 1282 3714 1697 3714 1697 3715 1282 3715 1698 3715 1282 3716 1277 3716 1698 3716 1698 3717 1277 3717 1682 3717 1277 3718 1271 3718 1682 3718 1682 3719 1271 3719 1683 3719 1271 3720 1266 3720 1683 3720 1683 3721 1266 3721 1684 3721 1266 3722 1262 3722 1684 3722 1684 3723 1262 3723 1685 3723 1262 3724 1257 3724 1685 3724 1685 3725 1257 3725 1686 3725 1257 3726 1253 3726 1686 3726 1686 3727 1253 3727 1672 3727 1672 3728 1252 3728 1673 3728 1253 3729 1252 3729 1672 3729 1673 3730 1259 3730 1674 3730 1252 3731 1259 3731 1673 3731 1674 3732 1264 3732 1675 3732 1259 3733 1264 3733 1674 3733 1675 3734 1269 3734 1661 3734 1264 3735 1269 3735 1675 3735 1661 3736 1274 3736 1662 3736 1662 3737 1274 3737 1663 3737 1269 3738 1274 3738 1661 3738 1274 3739 1279 3739 1663 3739 1663 3740 1284 3740 1664 3740 1279 3741 1284 3741 1663 3741 1664 3742 1289 3742 1652 3742 1284 3743 1289 3743 1664 3743 1652 3744 1294 3744 1653 3744 1289 3745 1294 3745 1652 3745 1653 3746 1300 3746 1654 3746 1294 3747 1300 3747 1653 3747 1654 3748 1304 3748 1655 3748 1300 3749 1304 3749 1654 3749 1655 3750 1310 3750 1643 3750 1304 3751 1310 3751 1655 3751 1643 3752 1315 3752 1644 3752 1310 3753 1315 3753 1643 3753 1644 3754 1320 3754 1645 3754 1315 3755 1320 3755 1644 3755 1320 3756 1326 3756 1645 3756 1645 3757 1326 3757 1635 3757 1326 3758 1330 3758 1635 3758 1635 3759 1330 3759 1636 3759 1330 3760 1336 3760 1636 3760 1636 3761 1336 3761 1637 3761 1336 3762 1342 3762 1637 3762 1637 3763 1342 3763 1629 3763 1342 3764 1346 3764 1629 3764 1629 3765 1346 3765 1630 3765 1346 3766 1351 3766 1630 3766 1630 3767 1351 3767 1622 3767 1351 3768 1356 3768 1622 3768 1622 3769 1356 3769 1623 3769 1356 3770 1361 3770 1623 3770 1623 3771 1361 3771 1595 3771 1361 3772 1365 3772 1595 3772 1595 3773 1365 3773 1591 3773 1365 3774 1369 3774 1591 3774 1591 3775 1369 3775 1587 3775 1369 3776 1374 3776 1587 3776 1587 3777 1374 3777 1583 3777 1374 3778 1378 3778 1583 3778 1583 3779 1378 3779 1579 3779 1378 3780 1383 3780 1579 3780 1579 3781 1383 3781 1575 3781 1383 3782 1387 3782 1575 3782 1575 3783 1387 3783 1571 3783 1387 3784 1392 3784 1571 3784 1571 3785 1392 3785 1567 3785 1392 3786 1396 3786 1567 3786 1567 3787 1396 3787 1563 3787 1396 3788 1401 3788 1563 3788 1563 3789 1401 3789 1556 3789 1401 3790 1405 3790 1556 3790 1556 3791 1405 3791 1557 3791 1405 3792 1410 3792 1557 3792 1557 3793 1410 3793 1561 3793 1410 3794 1415 3794 1561 3794 1561 3795 1415 3795 1565 3795 1415 3796 1419 3796 1565 3796 1565 3797 1419 3797 1569 3797 1569 3798 1423 3798 1573 3798 1419 3799 1423 3799 1569 3799 1573 3800 1428 3800 1577 3800 1423 3801 1428 3801 1573 3801 1577 3802 1433 3802 1581 3802 1428 3803 1433 3803 1577 3803 1581 3804 1437 3804 1585 3804 1433 3805 1437 3805 1581 3805 1585 3806 1442 3806 1589 3806 1437 3807 1442 3807 1585 3807 1442 3808 1446 3808 1589 3808 1589 3809 1446 3809 1593 3809 1446 3810 1449 3810 1593 3810 1593 3811 1449 3811 1597 3811 1449 3812 1453 3812 1597 3812 1597 3813 1453 3813 1600 3813 1453 3814 1457 3814 1600 3814 1600 3815 1457 3815 1602 3815 1457 3816 1460 3816 1602 3816 1602 3817 1460 3817 1607 3817 1460 3818 1465 3818 1607 3818 1607 3819 1465 3819 1611 3819 1465 3820 1540 3820 1611 3820 1611 3821 1540 3821 2170 3821 1540 3822 1539 3822 2170 3822 2170 3823 1539 3823 2171 3823 1539 3824 1515 3824 2171 3824 2171 3825 1515 3825 1840 3825 1515 3826 1514 3826 1840 3826 1840 3827 1514 3827 1841 3827 1514 3828 1516 3828 1841 3828 1841 3829 1516 3829 1842 3829 1516 3830 1517 3830 1842 3830 1842 3831 1517 3831 1843 3831 1843 3832 1518 3832 1844 3832 1517 3833 1518 3833 1843 3833 1844 3834 1519 3834 1845 3834 1518 3835 1519 3835 1844 3835 1845 3836 1520 3836 1846 3836 1519 3837 1520 3837 1845 3837 1846 3838 1521 3838 1847 3838 1520 3839 1521 3839 1846 3839 1847 3840 1522 3840 1848 3840 1521 3841 1522 3841 1847 3841 1848 3842 1523 3842 1849 3842 1522 3843 1523 3843 1848 3843 1849 3844 1524 3844 1850 3844 1523 3845 1524 3845 1849 3845 1850 3846 1525 3846 1851 3846 1524 3847 1525 3847 1850 3847 1851 3848 1526 3848 1852 3848 1525 3849 1526 3849 1851 3849 1852 3850 1527 3850 1853 3850 1526 3851 1527 3851 1852 3851 1853 3852 1528 3852 1854 3852 1527 3853 1528 3853 1853 3853 1854 3854 1529 3854 1855 3854 1528 3855 1529 3855 1854 3855 1855 3856 1530 3856 1856 3856 1529 3857 1530 3857 1855 3857 1530 3858 1531 3858 1856 3858 1856 3859 1531 3859 1857 3859 1531 3860 1532 3860 1857 3860 1857 3861 1532 3861 1858 3861 1532 3862 1533 3862 1858 3862 1858 3863 1533 3863 1859 3863 1533 3864 1534 3864 1859 3864 1859 3865 1534 3865 1860 3865 1860 3866 1535 3866 1861 3866 1534 3867 1535 3867 1860 3867 1861 3868 1536 3868 1862 3868 1535 3869 1536 3869 1861 3869 1862 3870 1537 3870 1863 3870 1536 3871 1537 3871 1862 3871 1863 3872 1538 3872 1807 3872 1537 3873 1538 3873 1863 3873 1807 3874 1481 3874 1808 3874 1538 3875 1481 3875 1807 3875 1808 3876 1480 3876 1800 3876 1481 3877 1480 3877 1808 3877 1800 3878 1477 3878 1801 3878 1480 3879 1477 3879 1800 3879 1801 3880 1474 3880 1794 3880 1477 3881 1474 3881 1801 3881 1794 3882 1471 3882 1795 3882 1474 3883 1471 3883 1794 3883 1795 3884 1468 3884 1793 3884 1471 3885 1468 3885 1795 3885 1541 3886 1542 3886 2174 3886 2174 3887 1542 3887 2181 3887 2181 3888 1543 3888 2182 3888 1542 3889 1543 3889 2181 3889 2182 3890 1544 3890 2183 3890 1543 3891 1544 3891 2182 3891 2183 3892 1545 3892 2184 3892 1544 3893 1545 3893 2183 3893 2184 3894 1546 3894 2185 3894 1545 3895 1546 3895 2184 3895 2185 3896 1547 3896 2186 3896 2186 3897 1547 3897 2116 3897 1546 3898 1547 3898 2185 3898 1547 3899 1548 3899 2116 3899 2116 3900 1438 3900 2117 3900 1548 3901 1438 3901 2116 3901 2117 3902 1434 3902 2118 3902 1438 3903 1434 3903 2117 3903 2118 3904 1429 3904 2119 3904 1434 3905 1429 3905 2118 3905 1429 3906 1424 3906 2119 3906 2119 3907 1424 3907 2120 3907 1424 3908 1420 3908 2120 3908 2120 3909 1420 3909 2121 3909 1420 3910 1416 3910 2121 3910 2121 3911 1416 3911 2122 3911 2122 3912 1416 3912 2123 3912 1416 3913 1411 3913 2123 3913 2123 3914 1411 3914 2124 3914 1411 3915 1406 3915 2124 3915 1406 3916 1402 3916 2124 3916 2124 3917 1402 3917 2125 3917 2125 3918 1402 3918 2126 3918 1402 3919 1397 3919 2126 3919 2126 3920 1393 3920 2128 3920 1397 3921 1393 3921 2126 3921 2128 3922 1388 3922 2130 3922 1393 3923 1388 3923 2128 3923 2130 3924 1384 3924 2132 3924 1388 3925 1384 3925 2130 3925 2132 3926 1379 3926 2134 3926 1384 3927 1379 3927 2132 3927 2134 3928 1375 3928 2136 3928 1379 3929 1375 3929 2134 3929 2136 3930 1370 3930 2138 3930 1375 3931 1370 3931 2136 3931 2138 3932 1366 3932 2140 3932 1370 3933 1366 3933 2138 3933 2140 3934 1362 3934 2142 3934 1366 3935 1362 3935 2140 3935 2142 3936 1357 3936 2113 3936 1362 3937 1357 3937 2142 3937 2113 3938 1352 3938 2111 3938 1357 3939 1352 3939 2113 3939 2111 3940 1347 3940 2108 3940 1352 3941 1347 3941 2111 3941 2108 3942 1343 3942 2105 3942 1347 3943 1343 3943 2108 3943 2105 3944 1337 3944 2102 3944 1343 3945 1337 3945 2105 3945 2102 3946 1332 3946 2099 3946 1337 3947 1332 3947 2102 3947 2099 3948 1327 3948 2097 3948 1332 3949 1327 3949 2099 3949 2097 3950 1322 3950 2093 3950 2093 3951 1322 3951 2089 3951 1327 3952 1322 3952 2097 3952 1322 3953 1316 3953 2089 3953 2089 3954 1311 3954 2086 3954 1316 3955 1311 3955 2089 3955 2086 3956 1306 3956 2082 3956 1311 3957 1306 3957 2086 3957 2082 3958 1301 3958 2079 3958 1306 3959 1301 3959 2082 3959 1301 3960 1295 3960 2079 3960 2079 3961 1295 3961 2075 3961 2075 3962 1295 3962 2071 3962 1295 3963 1291 3963 2071 3963 1291 3964 1285 3964 2071 3964 2071 3965 1285 3965 2066 3965 1285 3966 1280 3966 2066 3966 2066 3967 1280 3967 2061 3967 1280 3968 1276 3968 2061 3968 2061 3969 1276 3969 2057 3969 1276 3970 1270 3970 2057 3970 2057 3971 1270 3971 2053 3971 1270 3972 1265 3972 2053 3972 2053 3973 1265 3973 2048 3973 1265 3974 1260 3974 2048 3974 2048 3975 1260 3975 2044 3975 1260 3976 1256 3976 2044 3976 2044 3977 1256 3977 2039 3977 1256 3978 1251 3978 2039 3978 2039 3979 1251 3979 2035 3979 2035 3980 1248 3980 2030 3980 1251 3981 1248 3981 2035 3981 2030 3982 1258 3982 2026 3982 1248 3983 1258 3983 2030 3983 2026 3984 1263 3984 2021 3984 1258 3985 1263 3985 2026 3985 2021 3986 1268 3986 2017 3986 1263 3987 1268 3987 2021 3987 2017 3988 1272 3988 2013 3988 2013 3989 1272 3989 2008 3989 1268 3990 1272 3990 2017 3990 1272 3991 1278 3991 2008 3991 2008 3992 1283 3992 2004 3992 1278 3993 1283 3993 2008 3993 2004 3994 1288 3994 1999 3994 1283 3995 1288 3995 2004 3995 1999 3996 1293 3996 1995 3996 1288 3997 1293 3997 1999 3997 1995 3998 1298 3998 1991 3998 1293 3999 1298 3999 1995 3999 1991 4000 1303 4000 1986 4000 1298 4001 1303 4001 1991 4001 1986 4002 1309 4002 1982 4002 1303 4003 1309 4003 1986 4003 1982 4004 1314 4004 1977 4004 1309 4005 1314 4005 1982 4005 1977 4006 1318 4006 1971 4006 1314 4007 1318 4007 1977 4007 1318 4008 1325 4008 1971 4008 1971 4009 1325 4009 1967 4009 1325 4010 1329 4010 1967 4010 1967 4011 1329 4011 1961 4011 1329 4012 1335 4012 1961 4012 1961 4013 1335 4013 1956 4013 1335 4014 1340 4014 1956 4014 1956 4015 1340 4015 1952 4015 1340 4016 1345 4016 1952 4016 1952 4017 1345 4017 1946 4017 1345 4018 1350 4018 1946 4018 1946 4019 1350 4019 1941 4019 1350 4020 1355 4020 1941 4020 1941 4021 1355 4021 1937 4021 1355 4022 1359 4022 1937 4022 1937 4023 1359 4023 1932 4023 1359 4024 1364 4024 1932 4024 1932 4025 1364 4025 1927 4025 1364 4026 1368 4026 1927 4026 1927 4027 1368 4027 1921 4027 1368 4028 1373 4028 1921 4028 1921 4029 1373 4029 1917 4029 1373 4030 1377 4030 1917 4030 1917 4031 1377 4031 1912 4031 1377 4032 1381 4032 1912 4032 1912 4033 1381 4033 1907 4033 1381 4034 1386 4034 1907 4034 1907 4035 1386 4035 1902 4035 1386 4036 1391 4036 1902 4036 1902 4037 1391 4037 1897 4037 1391 4038 1395 4038 1897 4038 1897 4039 1395 4039 1893 4039 1395 4040 1399 4040 1893 4040 1893 4041 1399 4041 1886 4041 1399 4042 1404 4042 1886 4042 1886 4043 1404 4043 1887 4043 1404 4044 1409 4044 1887 4044 1887 4045 1409 4045 1890 4045 1409 4046 1413 4046 1890 4046 1890 4047 1413 4047 1895 4047 1413 4048 1418 4048 1895 4048 1895 4049 1418 4049 1900 4049 1900 4050 1422 4050 1905 4050 1418 4051 1422 4051 1900 4051 1905 4052 1427 4052 1909 4052 1422 4053 1427 4053 1905 4053 1909 4054 1431 4054 1914 4054 1427 4055 1431 4055 1909 4055 1914 4056 1436 4056 1919 4056 1431 4057 1436 4057 1914 4057 1919 4058 1441 4058 1925 4058 1436 4059 1441 4059 1919 4059 1441 4060 1444 4060 1925 4060 1925 4061 1444 4061 1929 4061 1444 4062 1448 4062 1929 4062 1929 4063 1448 4063 1934 4063 1448 4064 1452 4064 1934 4064 1934 4065 1452 4065 1939 4065 1452 4066 1455 4066 1939 4066 1939 4067 1455 4067 1944 4067 1455 4068 1459 4068 1944 4068 1944 4069 1459 4069 1949 4069 1459 4070 1463 4070 1949 4070 1949 4071 1463 4071 1954 4071 1463 4072 1467 4072 1954 4072 1954 4073 1467 4073 1959 4073 1467 4074 1470 4074 1959 4074 1959 4075 1470 4075 1963 4075 1470 4076 1472 4076 1963 4076 1963 4077 1472 4077 1969 4077 1472 4078 1476 4078 1969 4078 1969 4079 1476 4079 1974 4079 1476 4080 1478 4080 1974 4080 1974 4081 1478 4081 1980 4081 1478 4082 1482 4082 1980 4082 1980 4083 1482 4083 1984 4083 1984 4084 1483 4084 1988 4084 1988 4085 1483 4085 1993 4085 1482 4086 1483 4086 1984 4086 1483 4087 1484 4087 1993 4087 1993 4088 1485 4088 1997 4088 1484 4089 1485 4089 1993 4089 1997 4090 1486 4090 2002 4090 1485 4091 1486 4091 1997 4091 2002 4092 1487 4092 2006 4092 1486 4093 1487 4093 2002 4093 2006 4094 1488 4094 2010 4094 1487 4095 1488 4095 2006 4095 2010 4096 1489 4096 2015 4096 1488 4097 1489 4097 2010 4097 2015 4098 1490 4098 2019 4098 1489 4099 1490 4099 2015 4099 2019 4100 1491 4100 2024 4100 1490 4101 1491 4101 2019 4101 2024 4102 1492 4102 2028 4102 1491 4103 1492 4103 2024 4103 2028 4104 1493 4104 2032 4104 1492 4105 1493 4105 2028 4105 2032 4106 1494 4106 2037 4106 1493 4107 1494 4107 2032 4107 1494 4108 1495 4108 2037 4108 2037 4109 1495 4109 2042 4109 1495 4110 1496 4110 2042 4110 2042 4111 1496 4111 2046 4111 1496 4112 1497 4112 2046 4112 2046 4113 1497 4113 2050 4113 1497 4114 1498 4114 2050 4114 2050 4115 1498 4115 2055 4115 1498 4116 1499 4116 2055 4116 2055 4117 1499 4117 2059 4117 2059 4118 1500 4118 2064 4118 1499 4119 1500 4119 2059 4119 2064 4120 1501 4120 2068 4120 1500 4121 1501 4121 2064 4121 2068 4122 1502 4122 2073 4122 1501 4123 1502 4123 2068 4123 2073 4124 1503 4124 2180 4124 1502 4125 1503 4125 2073 4125 2180 4126 1504 4126 2179 4126 1503 4127 1504 4127 2180 4127 2179 4128 1552 4128 2178 4128 1504 4129 1552 4129 2179 4129 2178 4130 1551 4130 2177 4130 1552 4131 1551 4131 2178 4131 2177 4132 1550 4132 2176 4132 1551 4133 1550 4133 2177 4133 2176 4134 1549 4134 2175 4134 1550 4135 1549 4135 2176 4135 1549 4136 1541 4136 2175 4136 2175 4137 1541 4137 2174 4137 2313 4138 2314 4138 2266 4138 2266 4139 2314 4139 2265 4139 2266 4140 2315 4140 2313 4140 2267 4141 2315 4141 2266 4141 2268 4142 2315 4142 2267 4142 2314 4143 2316 4143 2265 4143 2265 4144 2316 4144 2264 4144 2268 4145 2317 4145 2315 4145 2316 4146 2318 4146 2264 4146 2263 4147 2318 4147 2262 4147 2264 4148 2318 4148 2263 4148 2268 4149 2319 4149 2317 4149 2269 4150 2319 4150 2268 4150 2270 4151 2319 4151 2269 4151 2318 4152 2320 4152 2262 4152 2270 4153 2321 4153 2319 4153 2271 4154 2321 4154 2270 4154 2320 4155 2322 4155 2262 4155 2262 4156 2322 4156 2261 4156 2271 4157 2323 4157 2321 4157 2322 4158 2324 4158 2261 4158 2260 4159 2324 4159 2259 4159 2261 4160 2324 4160 2260 4160 2271 4161 2325 4161 2323 4161 2272 4162 2325 4162 2271 4162 2273 4163 2325 4163 2272 4163 2324 4164 2326 4164 2259 4164 2259 4165 2326 4165 2258 4165 2273 4166 2327 4166 2325 4166 2326 4167 2328 4167 2258 4167 2273 4168 2329 4168 2327 4168 2274 4169 2329 4169 2273 4169 2275 4170 2329 4170 2274 4170 2258 4171 2330 4171 2257 4171 2328 4172 2330 4172 2258 4172 2275 4173 2331 4173 2329 4173 2330 4174 2332 4174 2257 4174 2257 4175 2332 4175 2256 4175 2275 4176 2333 4176 2331 4176 2276 4177 2333 4177 2275 4177 2277 4178 2333 4178 2276 4178 2332 4179 2334 4179 2256 4179 2256 4180 2334 4180 2255 4180 2277 4181 2335 4181 2333 4181 2334 4182 2336 4182 2255 4182 2255 4183 2336 4183 2254 4183 2277 4184 2337 4184 2335 4184 2278 4185 2337 4185 2277 4185 2279 4186 2337 4186 2278 4186 2254 4187 2338 4187 2253 4187 2336 4188 2338 4188 2254 4188 2279 4189 2339 4189 2337 4189 2338 4190 2340 4190 2253 4190 2253 4191 2340 4191 2252 4191 2279 4192 2341 4192 2339 4192 2280 4193 2341 4193 2279 4193 2252 4194 2342 4194 2251 4194 2340 4195 2342 4195 2252 4195 2280 4196 2343 4196 2341 4196 2281 4197 2343 4197 2280 4197 2250 4198 2344 4198 2249 4198 2251 4199 2344 4199 2250 4199 2342 4200 2344 4200 2251 4200 2281 4201 2345 4201 2343 4201 2282 4202 2345 4202 2281 4202 2344 4203 2346 4203 2249 4203 2249 4204 2346 4204 2248 4204 2282 4205 2347 4205 2345 4205 2283 4206 2347 4206 2282 4206 2346 4207 2348 4207 2248 4207 2283 4208 2349 4208 2347 4208 2284 4209 2349 4209 2283 4209 2248 4210 2350 4210 2247 4210 2348 4211 2350 4211 2248 4211 2284 4212 2351 4212 2349 4212 2285 4213 2351 4213 2284 4213 2350 4214 2352 4214 2247 4214 2247 4215 2352 4215 2246 4215 2285 4216 2353 4216 2351 4216 2286 4217 2353 4217 2285 4217 2287 4218 2353 4218 2286 4218 2352 4219 2354 4219 2246 4219 2246 4220 2354 4220 2245 4220 2287 4221 2355 4221 2353 4221 2354 4222 2356 4222 2245 4222 2245 4223 2356 4223 2244 4223 2288 4224 2357 4224 2287 4224 2287 4225 2357 4225 2355 4225 2356 4226 2358 4226 2244 4226 2244 4227 2358 4227 2243 4227 2289 4228 2359 4228 2288 4228 2288 4229 2359 4229 2357 4229 2358 4230 2360 4230 2243 4230 2243 4231 2360 4231 2242 4231 2290 4232 2361 4232 2289 4232 2289 4233 2361 4233 2359 4233 2360 4234 2362 4234 2242 4234 2242 4235 2362 4235 2241 4235 2291 4236 2363 4236 2290 4236 2290 4237 2363 4237 2361 4237 2241 4238 2364 4238 2240 4238 2362 4239 2364 4239 2241 4239 2292 4240 2365 4240 2291 4240 2291 4241 2365 4241 2363 4241 2364 4242 2366 4242 2240 4242 2240 4243 2366 4243 2239 4243 2293 4244 2367 4244 2292 4244 2292 4245 2367 4245 2365 4245 2366 4246 2368 4246 2239 4246 2239 4247 2368 4247 2238 4247 2294 4248 2369 4248 2293 4248 2293 4249 2369 4249 2367 4249 2238 4250 2370 4250 2237 4250 2368 4251 2370 4251 2238 4251 2295 4252 2371 4252 2294 4252 2294 4253 2371 4253 2369 4253 2370 4254 2372 4254 2237 4254 2237 4255 2372 4255 2236 4255 2295 4256 2296 4256 2371 4256 2296 4257 2373 4257 2371 4257 2372 4258 2374 4258 2236 4258 2236 4259 2374 4259 2235 4259 2297 4260 2375 4260 2296 4260 2296 4261 2375 4261 2373 4261 2376 4262 2234 4262 2374 4262 2374 4263 2234 4263 2235 4263 2297 4264 2377 4264 2375 4264 2297 4265 2298 4265 2377 4265 2376 4266 2378 4266 2234 4266 2378 4267 2233 4267 2234 4267 2298 4268 2299 4268 2377 4268 2377 4269 2299 4269 2379 4269 2378 4270 2380 4270 2233 4270 2380 4271 2232 4271 2233 4271 2380 4272 2381 4272 2232 4272 2299 4273 2300 4273 2379 4273 2379 4274 2300 4274 2382 4274 2381 4275 2231 4275 2232 4275 2381 4276 2383 4276 2231 4276 2300 4277 2301 4277 2382 4277 2382 4278 2301 4278 2384 4278 2301 4279 2385 4279 2384 4279 2383 4280 2230 4280 2231 4280 2301 4281 2302 4281 2385 4281 2383 4282 2229 4282 2230 4282 2386 4283 2229 4283 2383 4283 2385 4284 2303 4284 2387 4284 2302 4285 2303 4285 2385 4285 2386 4286 2228 4286 2229 4286 2388 4287 2228 4287 2386 4287 2303 4288 2304 4288 2387 4288 2387 4289 2304 4289 2389 4289 2388 4290 2227 4290 2228 4290 2390 4291 2227 4291 2388 4291 2389 4292 2305 4292 2391 4292 2391 4293 2305 4293 2392 4293 2304 4294 2305 4294 2389 4294 2393 4295 2226 4295 2394 4295 2394 4296 2226 4296 2390 4296 2390 4297 2226 4297 2227 4297 2392 4298 2306 4298 2395 4298 2305 4299 2306 4299 2392 4299 2393 4300 2225 4300 2226 4300 2306 4301 2307 4301 2395 4301 2393 4302 2224 4302 2225 4302 2396 4303 2224 4303 2393 4303 2395 4304 2308 4304 2397 4304 2307 4305 2308 4305 2395 4305 2398 4306 2223 4306 2396 4306 2396 4307 2223 4307 2224 4307 2397 4308 2309 4308 2399 4308 2308 4309 2309 4309 2397 4309 2398 4310 2222 4310 2223 4310 2400 4311 2222 4311 2401 4311 2401 4312 2222 4312 2398 4312 2309 4313 2310 4313 2399 4313 2399 4314 2310 4314 2402 4314 2402 4315 2310 4315 2403 4315 2400 4316 2221 4316 2222 4316 2310 4317 2311 4317 2403 4317 2400 4318 2220 4318 2221 4318 2404 4319 2220 4319 2400 4319 2311 4320 2312 4320 2403 4320 2403 4321 2312 4321 2405 4321 2405 4322 2312 4322 2406 4322 2404 4323 2219 4323 2220 4323 2407 4324 2219 4324 2404 4324 2312 4325 2187 4325 2406 4325 2407 4326 2218 4326 2219 4326 2408 4327 2218 4327 2409 4327 2409 4328 2218 4328 2407 4328 2406 4329 2188 4329 2410 4329 2187 4330 2188 4330 2406 4330 2408 4331 2217 4331 2218 4331 2188 4332 2189 4332 2410 4332 2410 4333 2189 4333 2411 4333 2412 4334 2216 4334 2413 4334 2413 4335 2216 4335 2408 4335 2408 4336 2216 4336 2217 4336 2411 4337 2190 4337 2414 4337 2189 4338 2190 4338 2411 4338 2412 4339 2215 4339 2216 4339 2415 4340 2215 4340 2412 4340 2414 4341 2191 4341 2416 4341 2416 4342 2191 4342 2417 4342 2190 4343 2191 4343 2414 4343 2415 4344 2214 4344 2215 4344 2417 4345 2192 4345 2418 4345 2191 4346 2192 4346 2417 4346 2415 4347 2213 4347 2214 4347 2419 4348 2213 4348 2420 4348 2420 4349 2213 4349 2415 4349 2192 4350 2193 4350 2418 4350 2419 4351 2212 4351 2213 4351 2418 4352 2194 4352 2421 4352 2421 4353 2194 4353 2422 4353 2193 4354 2194 4354 2418 4354 2419 4355 2211 4355 2212 4355 2423 4356 2211 4356 2419 4356 2194 4357 2195 4357 2422 4357 2423 4358 2210 4358 2211 4358 2424 4359 2210 4359 2425 4359 2425 4360 2210 4360 2423 4360 2195 4361 2196 4361 2422 4361 2422 4362 2196 4362 2426 4362 2424 4363 2209 4363 2210 4363 2426 4364 2197 4364 2427 4364 2196 4365 2197 4365 2426 4365 2428 4366 2208 4366 2424 4366 2424 4367 2208 4367 2209 4367 2197 4368 2198 4368 2427 4368 2427 4369 2198 4369 2429 4369 2429 4370 2198 4370 2430 4370 2428 4371 2207 4371 2208 4371 2431 4372 2207 4372 2428 4372 2198 4373 2199 4373 2430 4373 2431 4374 2206 4374 2207 4374 2432 4375 2206 4375 2433 4375 2433 4376 2206 4376 2431 4376 2199 4377 2200 4377 2430 4377 2430 4378 2200 4378 2434 4378 2434 4379 2200 4379 2435 4379 2432 4380 2205 4380 2206 4380 2436 4381 2205 4381 2432 4381 2200 4382 2201 4382 2435 4382 2436 4383 2204 4383 2205 4383 2435 4384 2202 4384 2437 4384 2201 4385 2202 4385 2435 4385 2437 4386 2203 4386 2438 4386 2438 4387 2203 4387 2436 4387 2436 4388 2203 4388 2204 4388 2202 4389 2203 4389 2437 4389 2406 4390 2410 4390 2439 4390 2439 4391 2410 4391 2440 4391 2440 4392 2411 4392 2441 4392 2410 4393 2411 4393 2440 4393 2441 4394 2414 4394 2442 4394 2411 4395 2414 4395 2441 4395 2442 4396 2416 4396 2443 4396 2414 4397 2416 4397 2442 4397 2443 4398 2417 4398 2444 4398 2444 4399 2417 4399 2445 4399 2416 4400 2417 4400 2443 4400 2417 4401 2418 4401 2445 4401 2445 4402 2421 4402 2446 4402 2418 4403 2421 4403 2445 4403 2446 4404 2422 4404 2447 4404 2421 4405 2422 4405 2446 4405 2447 4406 2426 4406 2448 4406 2422 4407 2426 4407 2447 4407 2448 4408 2427 4408 2449 4408 2426 4409 2427 4409 2448 4409 2427 4410 2429 4410 2449 4410 2449 4411 2429 4411 2450 4411 2429 4412 2430 4412 2450 4412 2450 4413 2430 4413 2451 4413 2430 4414 2434 4414 2451 4414 2451 4415 2434 4415 2452 4415 2434 4416 2435 4416 2452 4416 2452 4417 2435 4417 2453 4417 2453 4418 2437 4418 2454 4418 2435 4419 2437 4419 2453 4419 2454 4420 2438 4420 2455 4420 2455 4421 2438 4421 2456 4421 2437 4422 2438 4422 2454 4422 2438 4423 2436 4423 2456 4423 2456 4424 2432 4424 2457 4424 2436 4425 2432 4425 2456 4425 2457 4426 2433 4426 2458 4426 2432 4427 2433 4427 2457 4427 2458 4428 2431 4428 2459 4428 2433 4429 2431 4429 2458 4429 2459 4430 2428 4430 2460 4430 2431 4431 2428 4431 2459 4431 2460 4432 2424 4432 2461 4432 2428 4433 2424 4433 2460 4433 2461 4434 2425 4434 2462 4434 2424 4435 2425 4435 2461 4435 2462 4436 2423 4436 2463 4436 2425 4437 2423 4437 2462 4437 2463 4438 2419 4438 2464 4438 2464 4439 2419 4439 2465 4439 2423 4440 2419 4440 2463 4440 2419 4441 2420 4441 2465 4441 2465 4442 2415 4442 2466 4442 2466 4443 2415 4443 2467 4443 2420 4444 2415 4444 2465 4444 2415 4445 2412 4445 2467 4445 2467 4446 2413 4446 2468 4446 2412 4447 2413 4447 2467 4447 2468 4448 2408 4448 2469 4448 2413 4449 2408 4449 2468 4449 2469 4450 2409 4450 2470 4450 2408 4451 2409 4451 2469 4451 2470 4452 2407 4452 2471 4452 2471 4453 2407 4453 2472 4453 2409 4454 2407 4454 2470 4454 2407 4455 2404 4455 2472 4455 2472 4456 2400 4456 2473 4456 2404 4457 2400 4457 2472 4457 2473 4458 2401 4458 2474 4458 2400 4459 2401 4459 2473 4459 2474 4460 2398 4460 2475 4460 2401 4461 2398 4461 2474 4461 2475 4462 2396 4462 2476 4462 2398 4463 2396 4463 2475 4463 2396 4464 2393 4464 2476 4464 2476 4465 2393 4465 2477 4465 2393 4466 2394 4466 2477 4466 2477 4467 2394 4467 2478 4467 2394 4468 2390 4468 2478 4468 2478 4469 2390 4469 2479 4469 2390 4470 2388 4470 2479 4470 2479 4471 2388 4471 2480 4471 2388 4472 2386 4472 2480 4472 2480 4473 2386 4473 2481 4473 2386 4474 2383 4474 2481 4474 2481 4475 2383 4475 2482 4475 2383 4476 2381 4476 2482 4476 2482 4477 2381 4477 2483 4477 2381 4478 2380 4478 2483 4478 2483 4479 2380 4479 2484 4479 2380 4480 2378 4480 2484 4480 2484 4481 2378 4481 2485 4481 2378 4482 2376 4482 2485 4482 2485 4483 2376 4483 2486 4483 2486 4484 2374 4484 2487 4484 2376 4485 2374 4485 2486 4485 2487 4486 2372 4486 2488 4486 2374 4487 2372 4487 2487 4487 2488 4488 2370 4488 2489 4488 2372 4489 2370 4489 2488 4489 2489 4490 2368 4490 2490 4490 2370 4491 2368 4491 2489 4491 2490 4492 2366 4492 2491 4492 2368 4493 2366 4493 2490 4493 2491 4494 2364 4494 2492 4494 2366 4495 2364 4495 2491 4495 2492 4496 2362 4496 2493 4496 2364 4497 2362 4497 2492 4497 2493 4498 2360 4498 2494 4498 2362 4499 2360 4499 2493 4499 2494 4500 2358 4500 2495 4500 2360 4501 2358 4501 2494 4501 2495 4502 2356 4502 2496 4502 2358 4503 2356 4503 2495 4503 2496 4504 2354 4504 2497 4504 2356 4505 2354 4505 2496 4505 2497 4506 2352 4506 2498 4506 2354 4507 2352 4507 2497 4507 2498 4508 2350 4508 2499 4508 2352 4509 2350 4509 2498 4509 2499 4510 2348 4510 2500 4510 2500 4511 2348 4511 2501 4511 2350 4512 2348 4512 2499 4512 2348 4513 2346 4513 2501 4513 2346 4514 2344 4514 2501 4514 2501 4515 2344 4515 2502 4515 2502 4516 2344 4516 2503 4516 2344 4517 2342 4517 2503 4517 2342 4518 2340 4518 2503 4518 2503 4519 2340 4519 2504 4519 2340 4520 2338 4520 2504 4520 2504 4521 2338 4521 2505 4521 2338 4522 2336 4522 2505 4522 2505 4523 2336 4523 2506 4523 2336 4524 2334 4524 2506 4524 2506 4525 2334 4525 2507 4525 2507 4526 2334 4526 2508 4526 2334 4527 2332 4527 2508 4527 2332 4528 2330 4528 2508 4528 2508 4529 2330 4529 2509 4529 2509 4530 2330 4530 2510 4530 2330 4531 2328 4531 2510 4531 2510 4532 2328 4532 2511 4532 2328 4533 2326 4533 2511 4533 2326 4534 2324 4534 2511 4534 2511 4535 2324 4535 2512 4535 2324 4536 2322 4536 2512 4536 2512 4537 2322 4537 2513 4537 2322 4538 2320 4538 2513 4538 2513 4539 2320 4539 2514 4539 2514 4540 2320 4540 2515 4540 2320 4541 2318 4541 2515 4541 2318 4542 2316 4542 2515 4542 2515 4543 2316 4543 2516 4543 2516 4544 2316 4544 2517 4544 2316 4545 2314 4545 2517 4545 2314 4546 2313 4546 2517 4546 2517 4547 2313 4547 2518 4547 2313 4548 2315 4548 2518 4548 2518 4549 2315 4549 2519 4549 2315 4550 2317 4550 2519 4550 2519 4551 2317 4551 2520 4551 2317 4552 2319 4552 2520 4552 2520 4553 2319 4553 2521 4553 2521 4554 2321 4554 2522 4554 2319 4555 2321 4555 2521 4555 2522 4556 2323 4556 2523 4556 2321 4557 2323 4557 2522 4557 2523 4558 2325 4558 2524 4558 2323 4559 2325 4559 2523 4559 2524 4560 2327 4560 2525 4560 2325 4561 2327 4561 2524 4561 2525 4562 2329 4562 2526 4562 2327 4563 2329 4563 2525 4563 2526 4564 2329 4564 2527 4564 2329 4565 2331 4565 2527 4565 2331 4566 2333 4566 2527 4566 2527 4567 2333 4567 2528 4567 2528 4568 2333 4568 2529 4568 2333 4569 2335 4569 2529 4569 2335 4570 2337 4570 2529 4570 2529 4571 2337 4571 2530 4571 2337 4572 2339 4572 2530 4572 2530 4573 2339 4573 2531 4573 2339 4574 2341 4574 2531 4574 2531 4575 2341 4575 2532 4575 2341 4576 2343 4576 2532 4576 2532 4577 2343 4577 2533 4577 2343 4578 2345 4578 2533 4578 2533 4579 2345 4579 2534 4579 2534 4580 2345 4580 2535 4580 2345 4581 2347 4581 2535 4581 2347 4582 2349 4582 2535 4582 2535 4583 2349 4583 2536 4583 2349 4584 2351 4584 2536 4584 2536 4585 2351 4585 2537 4585 2351 4586 2353 4586 2537 4586 2537 4587 2353 4587 2538 4587 2538 4588 2355 4588 2539 4588 2353 4589 2355 4589 2538 4589 2539 4590 2357 4590 2540 4590 2355 4591 2357 4591 2539 4591 2540 4592 2359 4592 2541 4592 2357 4593 2359 4593 2540 4593 2541 4594 2361 4594 2542 4594 2359 4595 2361 4595 2541 4595 2542 4596 2363 4596 2543 4596 2543 4597 2363 4597 2544 4597 2361 4598 2363 4598 2542 4598 2363 4599 2365 4599 2544 4599 2544 4600 2367 4600 2545 4600 2545 4601 2367 4601 2546 4601 2365 4602 2367 4602 2544 4602 2367 4603 2369 4603 2546 4603 2546 4604 2371 4604 2547 4604 2547 4605 2371 4605 2548 4605 2369 4606 2371 4606 2546 4606 2371 4607 2373 4607 2548 4607 2548 4608 2375 4608 2549 4608 2373 4609 2375 4609 2548 4609 2549 4610 2377 4610 2550 4610 2375 4611 2377 4611 2549 4611 2377 4612 2379 4612 2550 4612 2550 4613 2379 4613 2551 4613 2379 4614 2382 4614 2551 4614 2551 4615 2382 4615 2552 4615 2382 4616 2384 4616 2552 4616 2552 4617 2384 4617 2553 4617 2384 4618 2385 4618 2553 4618 2553 4619 2385 4619 2554 4619 2554 4620 2387 4620 2555 4620 2385 4621 2387 4621 2554 4621 2555 4622 2389 4622 2556 4622 2387 4623 2389 4623 2555 4623 2556 4624 2391 4624 2557 4624 2389 4625 2391 4625 2556 4625 2557 4626 2392 4626 2558 4626 2391 4627 2392 4627 2557 4627 2558 4628 2395 4628 2559 4628 2559 4629 2395 4629 2560 4629 2392 4630 2395 4630 2558 4630 2395 4631 2397 4631 2560 4631 2560 4632 2399 4632 2561 4632 2561 4633 2399 4633 2562 4633 2397 4634 2399 4634 2560 4634 2399 4635 2402 4635 2562 4635 2562 4636 2403 4636 2563 4636 2563 4637 2403 4637 2564 4637 2402 4638 2403 4638 2562 4638 2403 4639 2405 4639 2564 4639 2564 4640 2406 4640 2439 4640 2405 4641 2406 4641 2564 4641 2517 4642 2565 4642 2516 4642 2518 4643 2565 4643 2517 4643 2566 4644 2565 4644 2518 4644 2518 4645 2567 4645 2566 4645 2519 4646 2567 4646 2518 4646 2565 4647 2568 4647 2516 4647 2516 4648 2568 4648 2515 4648 2520 4649 2569 4649 2519 4649 2519 4650 2569 4650 2567 4650 2568 4651 2570 4651 2515 4651 2515 4652 2570 4652 2514 4652 2520 4653 2571 4653 2569 4653 2521 4654 2571 4654 2520 4654 2570 4655 2572 4655 2514 4655 2514 4656 2572 4656 2513 4656 2521 4657 2573 4657 2571 4657 2522 4658 2573 4658 2521 4658 2572 4659 2574 4659 2513 4659 2522 4660 2575 4660 2573 4660 2523 4661 2575 4661 2522 4661 2512 4662 2576 4662 2511 4662 2513 4663 2576 4663 2512 4663 2574 4664 2576 4664 2513 4664 2523 4665 2577 4665 2575 4665 2524 4666 2577 4666 2523 4666 2576 4667 2578 4667 2511 4667 2524 4668 2579 4668 2577 4668 2525 4669 2579 4669 2524 4669 2578 4670 2580 4670 2511 4670 2511 4671 2580 4671 2510 4671 2525 4672 2581 4672 2579 4672 2526 4673 2581 4673 2525 4673 2580 4674 2582 4674 2510 4674 2510 4675 2582 4675 2509 4675 2526 4676 2583 4676 2581 4676 2527 4677 2583 4677 2526 4677 2582 4678 2584 4678 2509 4678 2509 4679 2584 4679 2508 4679 2527 4680 2585 4680 2583 4680 2528 4681 2585 4681 2527 4681 2584 4682 2586 4682 2508 4682 2507 4683 2586 4683 2506 4683 2508 4684 2586 4684 2507 4684 2528 4685 2587 4685 2585 4685 2529 4686 2587 4686 2528 4686 2586 4687 2588 4687 2506 4687 2529 4688 2589 4688 2587 4688 2530 4689 2589 4689 2529 4689 2531 4690 2589 4690 2530 4690 2588 4691 2590 4691 2506 4691 2505 4692 2590 4692 2504 4692 2506 4693 2590 4693 2505 4693 2531 4694 2591 4694 2589 4694 2590 4695 2592 4695 2504 4695 2531 4696 2593 4696 2591 4696 2532 4697 2593 4697 2531 4697 2504 4698 2594 4698 2503 4698 2592 4699 2594 4699 2504 4699 2532 4700 2595 4700 2593 4700 2533 4701 2595 4701 2532 4701 2534 4702 2595 4702 2533 4702 2594 4703 2596 4703 2503 4703 2503 4704 2596 4704 2502 4704 2534 4705 2597 4705 2595 4705 2502 4706 2598 4706 2501 4706 2596 4707 2598 4707 2502 4707 2534 4708 2599 4708 2597 4708 2535 4709 2599 4709 2534 4709 2536 4710 2599 4710 2535 4710 2501 4711 2600 4711 2500 4711 2598 4712 2600 4712 2501 4712 2536 4713 2601 4713 2599 4713 2500 4714 2602 4714 2499 4714 2600 4715 2602 4715 2500 4715 2536 4716 2603 4716 2601 4716 2537 4717 2603 4717 2536 4717 2498 4718 2604 4718 2497 4718 2499 4719 2604 4719 2498 4719 2602 4720 2604 4720 2499 4720 2537 4721 2605 4721 2603 4721 2538 4722 2605 4722 2537 4722 2539 4723 2605 4723 2538 4723 2604 4724 2606 4724 2497 4724 2539 4725 2607 4725 2605 4725 2606 4726 2608 4726 2497 4726 2496 4727 2608 4727 2495 4727 2497 4728 2608 4728 2496 4728 2540 4729 2609 4729 2539 4729 2539 4730 2609 4730 2607 4730 2608 4731 2610 4731 2495 4731 2541 4732 2611 4732 2540 4732 2540 4733 2611 4733 2609 4733 2610 4734 2612 4734 2495 4734 2494 4735 2612 4735 2493 4735 2495 4736 2612 4736 2494 4736 2542 4737 2613 4737 2541 4737 2541 4738 2613 4738 2611 4738 2612 4739 2614 4739 2493 4739 2614 4740 2492 4740 2493 4740 2543 4741 2615 4741 2542 4741 2542 4742 2615 4742 2613 4742 2614 4743 2616 4743 2492 4743 2544 4744 2617 4744 2543 4744 2543 4745 2617 4745 2615 4745 2492 4746 2618 4746 2491 4746 2616 4747 2618 4747 2492 4747 2545 4748 2619 4748 2544 4748 2544 4749 2619 4749 2617 4749 2618 4750 2620 4750 2491 4750 2491 4751 2620 4751 2490 4751 2546 4752 2621 4752 2545 4752 2545 4753 2621 4753 2619 4753 2620 4754 2489 4754 2490 4754 2620 4755 2622 4755 2489 4755 2546 4756 2547 4756 2621 4756 2547 4757 2623 4757 2621 4757 2489 4758 2624 4758 2488 4758 2622 4759 2624 4759 2489 4759 2547 4760 2548 4760 2623 4760 2548 4761 2625 4761 2623 4761 2488 4762 2626 4762 2487 4762 2624 4763 2626 4763 2488 4763 2549 4764 2627 4764 2548 4764 2548 4765 2627 4765 2625 4765 2628 4766 2486 4766 2626 4766 2626 4767 2486 4767 2487 4767 2549 4768 2629 4768 2627 4768 2549 4769 2550 4769 2629 4769 2630 4770 2485 4770 2628 4770 2628 4771 2485 4771 2486 4771 2550 4772 2551 4772 2629 4772 2629 4773 2551 4773 2631 4773 2630 4774 2632 4774 2485 4774 2632 4775 2484 4775 2485 4775 2551 4776 2552 4776 2631 4776 2631 4777 2552 4777 2633 4777 2632 4778 2634 4778 2484 4778 2634 4779 2483 4779 2484 4779 2634 4780 2635 4780 2483 4780 2552 4781 2553 4781 2633 4781 2633 4782 2553 4782 2636 4782 2635 4783 2482 4783 2483 4783 2553 4784 2554 4784 2636 4784 2636 4785 2554 4785 2637 4785 2635 4786 2481 4786 2482 4786 2638 4787 2481 4787 2635 4787 2637 4788 2555 4788 2639 4788 2554 4789 2555 4789 2637 4789 2638 4790 2480 4790 2481 4790 2640 4791 2480 4791 2641 4791 2641 4792 2480 4792 2638 4792 2555 4793 2556 4793 2639 4793 2639 4794 2556 4794 2642 4794 2640 4795 2479 4795 2480 4795 2643 4796 2479 4796 2640 4796 2556 4797 2557 4797 2642 4797 2642 4798 2557 4798 2644 4798 2645 4799 2478 4799 2643 4799 2643 4800 2478 4800 2479 4800 2644 4801 2558 4801 2646 4801 2557 4802 2558 4802 2644 4802 2645 4803 2477 4803 2478 4803 2646 4804 2559 4804 2647 4804 2558 4805 2559 4805 2646 4805 2648 4806 2476 4806 2645 4806 2645 4807 2476 4807 2477 4807 2647 4808 2560 4808 2649 4808 2559 4809 2560 4809 2647 4809 2650 4810 2475 4810 2648 4810 2648 4811 2475 4811 2476 4811 2649 4812 2561 4812 2651 4812 2560 4813 2561 4813 2649 4813 2650 4814 2474 4814 2475 4814 2652 4815 2474 4815 2653 4815 2653 4816 2474 4816 2650 4816 2561 4817 2562 4817 2651 4817 2651 4818 2562 4818 2654 4818 2654 4819 2562 4819 2655 4819 2652 4820 2473 4820 2474 4820 2562 4821 2563 4821 2655 4821 2655 4822 2563 4822 2656 4822 2652 4823 2472 4823 2473 4823 2657 4824 2472 4824 2652 4824 2563 4825 2564 4825 2656 4825 2657 4826 2471 4826 2472 4826 2658 4827 2471 4827 2659 4827 2659 4828 2471 4828 2657 4828 2564 4829 2439 4829 2656 4829 2656 4830 2439 4830 2660 4830 2658 4831 2470 4831 2471 4831 2661 4832 2470 4832 2658 4832 2660 4833 2440 4833 2662 4833 2439 4834 2440 4834 2660 4834 2661 4835 2469 4835 2470 4835 2662 4836 2441 4836 2663 4836 2663 4837 2441 4837 2664 4837 2440 4838 2441 4838 2662 4838 2661 4839 2468 4839 2469 4839 2665 4840 2468 4840 2661 4840 2441 4841 2442 4841 2664 4841 2666 4842 2467 4842 2667 4842 2667 4843 2467 4843 2665 4843 2665 4844 2467 4844 2468 4844 2664 4845 2443 4845 2668 4845 2442 4846 2443 4846 2664 4846 2666 4847 2466 4847 2467 4847 2669 4848 2466 4848 2666 4848 2668 4849 2444 4849 2670 4849 2670 4850 2444 4850 2671 4850 2443 4851 2444 4851 2668 4851 2672 4852 2465 4852 2669 4852 2669 4853 2465 4853 2466 4853 2671 4854 2445 4854 2673 4854 2444 4855 2445 4855 2671 4855 2672 4856 2464 4856 2465 4856 2673 4857 2446 4857 2674 4857 2445 4858 2446 4858 2673 4858 2672 4859 2463 4859 2464 4859 2675 4860 2463 4860 2672 4860 2446 4861 2447 4861 2674 4861 2675 4862 2462 4862 2463 4862 2676 4863 2462 4863 2675 4863 2447 4864 2448 4864 2674 4864 2674 4865 2448 4865 2677 4865 2677 4866 2448 4866 2678 4866 2676 4867 2461 4867 2462 4867 2679 4868 2461 4868 2680 4868 2680 4869 2461 4869 2676 4869 2678 4870 2449 4870 2681 4870 2448 4871 2449 4871 2678 4871 2679 4872 2460 4872 2461 4872 2449 4873 2450 4873 2681 4873 2679 4874 2459 4874 2460 4874 2682 4875 2459 4875 2683 4875 2683 4876 2459 4876 2679 4876 2450 4877 2451 4877 2681 4877 2681 4878 2451 4878 2684 4878 2684 4879 2451 4879 2685 4879 2682 4880 2458 4880 2459 4880 2451 4881 2452 4881 2685 4881 2682 4882 2457 4882 2458 4882 2686 4883 2457 4883 2682 4883 2685 4884 2453 4884 2687 4884 2687 4885 2453 4885 2688 4885 2452 4886 2453 4886 2685 4886 2686 4887 2456 4887 2457 4887 2689 4888 2456 4888 2690 4888 2690 4889 2456 4889 2686 4889 2453 4890 2454 4890 2688 4890 2689 4891 2455 4891 2456 4891 2688 4892 2455 4892 2689 4892 2454 4893 2455 4893 2688 4893 2660 4894 2662 4894 473 4894 473 4895 2662 4895 475 4895 475 4896 2663 4896 476 4896 476 4897 2663 4897 477 4897 2662 4898 2663 4898 475 4898 2663 4899 2664 4899 477 4899 477 4900 2668 4900 481 4900 481 4901 2668 4901 483 4901 2664 4902 2668 4902 477 4902 483 4903 2670 4903 484 4903 2668 4904 2670 4904 483 4904 2670 4905 2671 4905 484 4905 484 4906 2673 4906 486 4906 2671 4907 2673 4907 484 4907 486 4908 2674 4908 487 4908 487 4909 2674 4909 490 4909 2673 4910 2674 4910 486 4910 2674 4911 2677 4911 490 4911 490 4912 2678 4912 491 4912 2677 4913 2678 4913 490 4913 2678 4914 2681 4914 491 4914 491 4915 2681 4915 494 4915 2681 4916 2684 4916 494 4916 494 4917 2684 4917 497 4917 2684 4918 2685 4918 497 4918 497 4919 2685 4919 498 4919 2685 4920 2687 4920 498 4920 498 4921 2687 4921 500 4921 500 4922 2688 4922 501 4922 2687 4923 2688 4923 500 4923 501 4924 2689 4924 502 4924 2688 4925 2689 4925 501 4925 502 4926 2690 4926 503 4926 2689 4927 2690 4927 502 4927 503 4928 2686 4928 499 4928 2690 4929 2686 4929 503 4929 499 4930 2682 4930 495 4930 2686 4931 2682 4931 499 4931 495 4932 2683 4932 496 4932 496 4933 2683 4933 492 4933 2682 4934 2683 4934 495 4934 2683 4935 2679 4935 492 4935 492 4936 2680 4936 493 4936 493 4937 2680 4937 489 4937 2679 4938 2680 4938 492 4938 2680 4939 2676 4939 489 4939 489 4940 2675 4940 488 4940 488 4941 2675 4941 485 4941 2676 4942 2675 4942 489 4942 2675 4943 2672 4943 485 4943 485 4944 2669 4944 482 4944 2672 4945 2669 4945 485 4945 482 4946 2666 4946 479 4946 479 4947 2666 4947 480 4947 2669 4948 2666 4948 482 4948 480 4949 2667 4949 478 4949 2666 4950 2667 4950 480 4950 2667 4951 2665 4951 478 4951 478 4952 2661 4952 474 4952 474 4953 2661 4953 471 4953 2665 4954 2661 4954 478 4954 2661 4955 2658 4955 471 4955 471 4956 2659 4956 472 4956 472 4957 2659 4957 470 4957 2658 4958 2659 4958 471 4958 2659 4959 2657 4959 470 4959 470 4960 2652 4960 465 4960 465 4961 2652 4961 466 4961 2657 4962 2652 4962 470 4962 2652 4963 2653 4963 466 4963 2653 4964 2650 4964 466 4964 466 4965 2650 4965 463 4965 463 4966 2648 4966 461 4966 2650 4967 2648 4967 463 4967 2648 4968 2645 4968 461 4968 461 4969 2645 4969 458 4969 2645 4970 2643 4970 458 4970 458 4971 2643 4971 456 4971 2643 4972 2640 4972 456 4972 456 4973 2640 4973 453 4973 453 4974 2640 4974 454 4974 2640 4975 2641 4975 454 4975 2641 4976 2638 4976 454 4976 454 4977 2638 4977 451 4977 2638 4978 2635 4978 451 4978 451 4979 2635 4979 448 4979 2635 4980 2634 4980 448 4980 448 4981 2634 4981 447 4981 2634 4982 2632 4982 447 4982 447 4983 2632 4983 445 4983 2632 4984 2630 4984 445 4984 445 4985 2630 4985 443 4985 2630 4986 2628 4986 443 4986 443 4987 2628 4987 441 4987 2628 4988 2626 4988 441 4988 441 4989 2626 4989 439 4989 2626 4990 2624 4990 439 4990 439 4991 2624 4991 437 4991 437 4992 2622 4992 435 4992 2624 4993 2622 4993 437 4993 435 4994 2620 4994 433 4994 2622 4995 2620 4995 435 4995 433 4996 2618 4996 431 4996 2620 4997 2618 4997 433 4997 431 4998 2616 4998 429 4998 2618 4999 2616 4999 431 4999 429 5000 2614 5000 427 5000 2616 5001 2614 5001 429 5001 427 5002 2612 5002 425 5002 2614 5003 2612 5003 427 5003 425 5004 2610 5004 423 5004 2612 5005 2610 5005 425 5005 423 5006 2608 5006 421 5006 2610 5007 2608 5007 423 5007 421 5008 2606 5008 419 5008 2608 5009 2606 5009 421 5009 419 5010 2604 5010 417 5010 2606 5011 2604 5011 419 5011 417 5012 2602 5012 415 5012 2604 5013 2602 5013 417 5013 415 5014 2600 5014 413 5014 2602 5015 2600 5015 415 5015 2600 5016 2598 5016 413 5016 413 5017 2598 5017 411 5017 2598 5018 2596 5018 411 5018 411 5019 2596 5019 409 5019 2596 5020 2594 5020 409 5020 409 5021 2594 5021 407 5021 2594 5022 2592 5022 407 5022 407 5023 2592 5023 405 5023 2592 5024 2590 5024 405 5024 405 5025 2590 5025 403 5025 2590 5026 2588 5026 403 5026 403 5027 2588 5027 401 5027 2588 5028 2586 5028 401 5028 401 5029 2586 5029 399 5029 2586 5030 2584 5030 399 5030 399 5031 2584 5031 397 5031 2584 5032 2582 5032 397 5032 397 5033 2582 5033 395 5033 2582 5034 2580 5034 395 5034 395 5035 2580 5035 393 5035 2580 5036 2578 5036 393 5036 393 5037 2578 5037 391 5037 2578 5038 2576 5038 391 5038 391 5039 2576 5039 389 5039 2576 5040 2574 5040 389 5040 389 5041 2574 5041 387 5041 2574 5042 2572 5042 387 5042 387 5043 2572 5043 385 5043 2572 5044 2570 5044 385 5044 385 5045 2570 5045 383 5045 2570 5046 2568 5046 383 5046 383 5047 2568 5047 381 5047 2568 5048 2565 5048 381 5048 381 5049 2565 5049 378 5049 2565 5050 2566 5050 378 5050 378 5051 2566 5051 379 5051 2566 5052 2567 5052 379 5052 379 5053 2567 5053 380 5053 2567 5054 2569 5054 380 5054 380 5055 2569 5055 382 5055 2569 5056 2571 5056 382 5056 382 5057 2571 5057 384 5057 384 5058 2573 5058 386 5058 2571 5059 2573 5059 384 5059 386 5060 2575 5060 388 5060 2573 5061 2575 5061 386 5061 388 5062 2577 5062 390 5062 2575 5063 2577 5063 388 5063 390 5064 2579 5064 392 5064 2577 5065 2579 5065 390 5065 392 5066 2581 5066 394 5066 2579 5067 2581 5067 392 5067 2581 5068 2583 5068 394 5068 394 5069 2583 5069 396 5069 2583 5070 2585 5070 396 5070 396 5071 2585 5071 398 5071 2585 5072 2587 5072 398 5072 398 5073 2587 5073 400 5073 2587 5074 2589 5074 400 5074 400 5075 2589 5075 402 5075 2589 5076 2591 5076 402 5076 402 5077 2591 5077 404 5077 2591 5078 2593 5078 404 5078 404 5079 2593 5079 406 5079 406 5080 2593 5080 408 5080 2593 5081 2595 5081 408 5081 2595 5082 2597 5082 408 5082 408 5083 2597 5083 410 5083 2597 5084 2599 5084 410 5084 410 5085 2599 5085 412 5085 2599 5086 2601 5086 412 5086 412 5087 2601 5087 414 5087 2601 5088 2603 5088 414 5088 414 5089 2603 5089 416 5089 418 5090 2605 5090 420 5090 2603 5091 2605 5091 416 5091 416 5092 2605 5092 418 5092 2605 5093 2607 5093 420 5093 420 5094 2609 5094 422 5094 2607 5095 2609 5095 420 5095 422 5096 2611 5096 424 5096 2609 5097 2611 5097 422 5097 424 5098 2613 5098 426 5098 426 5099 2613 5099 428 5099 2611 5100 2613 5100 424 5100 2613 5101 2615 5101 428 5101 428 5102 2617 5102 430 5102 2615 5103 2617 5103 428 5103 430 5104 2619 5104 432 5104 2617 5105 2619 5105 430 5105 432 5106 2621 5106 434 5106 434 5107 2621 5107 436 5107 2619 5108 2621 5108 432 5108 2621 5109 2623 5109 436 5109 436 5110 2625 5110 438 5110 438 5111 2625 5111 440 5111 2623 5112 2625 5112 436 5112 2625 5113 2627 5113 440 5113 440 5114 2629 5114 442 5114 2627 5115 2629 5115 440 5115 2629 5116 2631 5116 442 5116 442 5117 2631 5117 444 5117 2631 5118 2633 5118 444 5118 444 5119 2633 5119 446 5119 2633 5120 2636 5120 446 5120 446 5121 2636 5121 449 5121 2636 5122 2637 5122 449 5122 449 5123 2637 5123 450 5123 450 5124 2639 5124 452 5124 2637 5125 2639 5125 450 5125 452 5126 2642 5126 455 5126 2639 5127 2642 5127 452 5127 455 5128 2644 5128 457 5128 2642 5129 2644 5129 455 5129 457 5130 2646 5130 459 5130 2644 5131 2646 5131 457 5131 459 5132 2647 5132 460 5132 2646 5133 2647 5133 459 5133 460 5134 2649 5134 462 5134 2647 5135 2649 5135 460 5135 462 5136 2651 5136 464 5136 2649 5137 2651 5137 462 5137 464 5138 2654 5138 467 5138 2651 5139 2654 5139 464 5139 467 5140 2655 5140 468 5140 2654 5141 2655 5141 467 5141 468 5142 2656 5142 469 5142 2655 5143 2656 5143 468 5143 469 5144 2660 5144 473 5144 2656 5145 2660 5145 469 5145 68 5146 64 5146 1711 5146 68 5147 1711 5147 1725 5147 72 5148 1725 5148 1737 5148 72 5149 68 5149 1725 5149 76 5150 1737 5150 1749 5150 76 5151 1749 5151 1759 5151 76 5152 72 5152 1737 5152 80 5153 76 5153 1759 5153 84 5154 1759 5154 1770 5154 84 5155 80 5155 1759 5155 88 5156 1770 5156 1779 5156 88 5157 1779 5157 1788 5157 88 5158 84 5158 1770 5158 92 5159 88 5159 1788 5159 96 5160 1788 5160 1796 5160 96 5161 1796 5161 1802 5161 96 5162 92 5162 1788 5162 100 5163 96 5163 1802 5163 104 5164 1802 5164 1809 5164 104 5165 1809 5165 1835 5165 104 5166 100 5166 1802 5166 108 5167 104 5167 1835 5167 111 5168 108 5168 1835 5168 111 5169 1835 5169 1836 5169 111 5170 1836 5170 1837 5170 116 5171 111 5171 1837 5171 119 5172 116 5172 1837 5172 119 5173 1837 5173 1838 5173 122 5174 119 5174 1838 5174 122 5175 1838 5175 1839 5175 122 5176 1839 5176 1870 5176 127 5177 122 5177 1870 5177 127 5178 1870 5178 1872 5178 131 5179 127 5179 1872 5179 134 5180 131 5180 1872 5180 134 5181 1872 5181 1874 5181 138 5182 134 5182 1874 5182 138 5183 1874 5183 1876 5183 138 5184 1876 5184 1878 5184 142 5185 138 5185 1878 5185 146 5186 142 5186 1878 5186 146 5187 1878 5187 1880 5187 146 5188 1880 5188 1882 5188 150 5189 146 5189 1882 5189 155 5190 1882 5190 1973 5190 155 5191 150 5191 1882 5191 155 5192 1973 5192 1958 5192 158 5193 155 5193 1958 5193 162 5194 1958 5194 1943 5194 162 5195 1943 5195 1924 5195 162 5196 158 5196 1958 5196 166 5197 162 5197 1924 5197 171 5198 1924 5198 1904 5198 171 5199 1904 5199 1885 5199 171 5200 166 5200 1924 5200 174 5201 1885 5201 1884 5201 174 5202 171 5202 1885 5202 178 5203 174 5203 1884 5203 182 5204 1884 5204 1911 5204 182 5205 178 5205 1884 5205 186 5206 1911 5206 1936 5206 186 5207 1936 5207 1966 5207 186 5208 182 5208 1911 5208 190 5209 1966 5209 1990 5209 190 5210 186 5210 1966 5210 195 5211 1990 5211 2012 5211 195 5212 190 5212 1990 5212 198 5213 195 5213 2012 5213 202 5214 2012 5214 2034 5214 202 5215 2034 5215 2052 5215 202 5216 198 5216 2012 5216 206 5217 2052 5217 2070 5217 206 5218 202 5218 2052 5218 211 5219 206 5219 2070 5219 211 5220 2070 5220 2085 5220 214 5221 211 5221 2085 5221 220 5222 214 5222 2085 5222 220 5223 2085 5223 2096 5223 222 5224 220 5224 2096 5224 222 5225 2096 5225 2104 5225 227 5226 222 5226 2104 5226 227 5227 2104 5227 2110 5227 231 5228 227 5228 2110 5228 231 5229 2110 5229 2127 5229 235 5230 231 5230 2127 5230 235 5231 2127 5231 2129 5231 238 5232 235 5232 2129 5232 238 5233 2129 5233 2131 5233 242 5234 238 5234 2131 5234 242 5235 2131 5235 2133 5235 246 5236 242 5236 2133 5236 246 5237 2133 5237 2135 5237 250 5238 246 5238 2135 5238 250 5239 2135 5239 2137 5239 248 5240 250 5240 2137 5240 248 5241 2137 5241 2139 5241 244 5242 248 5242 2139 5242 244 5243 2139 5243 2141 5243 240 5244 244 5244 2141 5244 240 5245 2141 5245 2143 5245 240 5246 2143 5246 2144 5246 236 5247 240 5247 2144 5247 233 5248 236 5248 2144 5248 233 5249 2144 5249 2145 5249 229 5250 233 5250 2145 5250 229 5251 2145 5251 2114 5251 225 5252 229 5252 2114 5252 225 5253 2114 5253 2106 5253 221 5254 225 5254 2106 5254 221 5255 2106 5255 2100 5255 217 5256 221 5256 2100 5256 217 5257 2100 5257 2090 5257 213 5258 217 5258 2090 5258 213 5259 2090 5259 2076 5259 208 5260 2076 5260 2062 5260 208 5261 213 5261 2076 5261 204 5262 2062 5262 2040 5262 204 5263 208 5263 2062 5263 200 5264 2040 5264 2022 5264 200 5265 204 5265 2040 5265 197 5266 2022 5266 2000 5266 197 5267 200 5267 2022 5267 192 5268 197 5268 2000 5268 192 5269 2000 5269 1978 5269 188 5270 192 5270 1978 5270 188 5271 1978 5271 1947 5271 184 5272 188 5272 1947 5272 184 5273 1947 5273 1922 5273 180 5274 184 5274 1922 5274 180 5275 1922 5275 1898 5275 176 5276 180 5276 1898 5276 176 5277 1898 5277 1888 5277 172 5278 176 5278 1888 5278 172 5279 1888 5279 1891 5279 169 5280 172 5280 1891 5280 169 5281 1891 5281 1915 5281 164 5282 169 5282 1915 5282 164 5283 1915 5283 1930 5283 160 5284 164 5284 1930 5284 160 5285 1930 5285 1950 5285 156 5286 160 5286 1950 5286 156 5287 1950 5287 1964 5287 156 5288 1964 5288 1975 5288 153 5289 156 5289 1975 5289 148 5290 153 5290 1975 5290 148 5291 1975 5291 1881 5291 144 5292 148 5292 1881 5292 144 5293 1881 5293 1879 5293 140 5294 1879 5294 1877 5294 140 5295 144 5295 1879 5295 136 5296 1877 5296 1875 5296 136 5297 140 5297 1877 5297 132 5298 1875 5298 1873 5298 132 5299 136 5299 1875 5299 128 5300 1873 5300 1871 5300 128 5301 1871 5301 1865 5301 128 5302 132 5302 1873 5302 124 5303 128 5303 1865 5303 120 5304 1865 5304 1864 5304 120 5305 124 5305 1865 5305 114 5306 1864 5306 1866 5306 114 5307 1866 5307 1867 5307 114 5308 120 5308 1864 5308 113 5309 114 5309 1867 5309 106 5310 1867 5310 1868 5310 106 5311 1868 5311 1869 5311 106 5312 113 5312 1867 5312 102 5313 106 5313 1869 5313 98 5314 1869 5314 1806 5314 98 5315 1806 5315 1799 5315 98 5316 102 5316 1869 5316 94 5317 98 5317 1799 5317 90 5318 1799 5318 1792 5318 90 5319 1792 5319 1784 5319 90 5320 94 5320 1799 5320 86 5321 90 5321 1784 5321 82 5322 86 5322 1784 5322 82 5323 1784 5323 1774 5323 78 5324 82 5324 1774 5324 78 5325 1774 5325 1765 5325 74 5326 78 5326 1765 5326 74 5327 1765 5327 1754 5327 70 5328 1754 5328 1743 5328 70 5329 1743 5329 1731 5329 70 5330 74 5330 1754 5330 66 5331 70 5331 1731 5331 62 5332 1731 5332 1718 5332 62 5333 66 5333 1731 5333 58 5334 1718 5334 1705 5334 58 5335 62 5335 1718 5335 54 5336 1705 5336 1693 5336 54 5337 1693 5337 1681 5337 54 5338 58 5338 1705 5338 50 5339 54 5339 1681 5339 46 5340 1681 5340 1671 5340 46 5341 1671 5341 1660 5341 46 5342 50 5342 1681 5342 42 5343 46 5343 1660 5343 38 5344 1660 5344 1651 5344 38 5345 1651 5345 1642 5345 38 5346 42 5346 1660 5346 34 5347 38 5347 1642 5347 30 5348 1642 5348 1634 5348 30 5349 34 5349 1642 5349 26 5350 1634 5350 1628 5350 26 5351 30 5351 1634 5351 22 5352 1628 5352 1621 5352 22 5353 1621 5353 1619 5353 22 5354 26 5354 1628 5354 18 5355 22 5355 1619 5355 14 5356 1619 5356 1617 5356 14 5357 1617 5357 1614 5357 14 5358 18 5358 1619 5358 10 5359 14 5359 1614 5359 6 5360 1614 5360 1610 5360 6 5361 10 5361 1614 5361 1 5362 1610 5362 1606 5362 1 5363 6 5363 1610 5363 2 5364 1606 5364 1604 5364 2 5365 1 5365 1606 5365 4 5366 1604 5366 1603 5366 4 5367 2 5367 1604 5367 8 5368 4 5368 1603 5368 8 5369 1603 5369 1608 5369 12 5370 8 5370 1608 5370 12 5371 1608 5371 1612 5371 16 5372 12 5372 1612 5372 16 5373 1612 5373 1616 5373 16 5374 1616 5374 1618 5374 20 5375 16 5375 1618 5375 24 5376 20 5376 1618 5376 24 5377 1618 5377 1620 5377 28 5378 24 5378 1620 5378 28 5379 1620 5379 1624 5379 32 5380 28 5380 1624 5380 32 5381 1624 5381 1631 5381 36 5382 32 5382 1631 5382 36 5383 1631 5383 1638 5383 40 5384 36 5384 1638 5384 40 5385 1638 5385 1646 5385 40 5386 1646 5386 1656 5386 44 5387 40 5387 1656 5387 48 5388 44 5388 1656 5388 48 5389 1656 5389 1665 5389 52 5390 48 5390 1665 5390 52 5391 1665 5391 1676 5391 56 5392 1676 5392 1687 5392 56 5393 52 5393 1676 5393 60 5394 56 5394 1687 5394 60 5395 1687 5395 1699 5395 60 5396 1699 5396 1711 5396 64 5397 60 5397 1711 5397</p>
        </triangles>
      </mesh>
    </geometry>
  </library_geometries>
  <library_materials>
    <material id="mat_Body013" name="Body013">
      <instance_effect url="#effect_Body013"/>
    </material>
  </library_materials>
  <library_visual_scenes>
    <visual_scene id="scene">
      <node id="node0" name="node0">
        <instance_geometry url="#geometry0">
          <bind_material>
            <technique_common>
              <instance_material symbol="ref_Body013" target="#mat_Body013"/>
            </technique_common>
          </bind_material>
        </instance_geometry>
      </node>
    </visual_scene>
  </library_visual_scenes>
  <scene>
    <instance_visual_scene url="#scene"/>
  </scene>
</COLLADA>
