<COLLADA xmlns="http://www.collada.org/2005/11/COLLADASchema" version="1.4.1">
  <asset>
    <contributor/>
    <created>2026-10-07T19:15:44.332339</created>
    <modified>2026-10-07T19:15:44.332339</modified>
    <unit name="meter" meter="1.0"/>
    <up_axis>Z_UP</up_axis>
  </asset>
  <library_effects>
    <effect id="effect_Body010" name="effect_Body010">
      <profile_COMMON>
        <technique sid="common">
          <phong>
            <emission>
              <color>0.0 0.0 0.0 1.0</color>
            </emission>
            <ambient>
              <color>0.0 0.0 0.0 1.0</color>
            </ambient>
            <diffuse>
              <color>0.4470588266849518 0.4745098054409027 0.501960813999176 1.0</color>
            </diffuse>
            <specular>
              <color>1 1 1 1.0</color>
            </specular>
            <shininess>
              <float>0.0</float>
            </shininess>
            <reflective>
              <color>0.0 0.0 0.0 1.0</color>
            </reflective>
            <reflectivity>
              <float>0.0</float>
            </reflectivity>
            <transparent>
              <color>0.0 0.0 0.0 1.0</color>
            </transparent>
            <transparency>
              <float>1.0</float>
            </transparency>
          </phong>
        </technique>
        <extra>
          <technique profile="GOOGLEEARTH">
            <double_sided>0</double_sided>
          </technique>
        </extra>
      </profile_COMMON>
    </effect>
  </library_effects>
  <library_geometries>
    <geometry id="geometry0" name="J2_Arm">
      <mesh>
        <source id="cubeverts-array0">
          <float_array count="3168" id="cubeverts-array0-array">-0.193174 0.089971 0.098277 -0.257174 0.089971 0.098277 -0.257174 0.029971 0.098277 -0.193174 0.029971 0.098277 -0.257174 0.0302957 0.04587508 -0.257174 0.03011546 0.04733649 -0.257174 0.03000714 0.04880497 -0.257174 0.029971 0.050277 -0.257174 0.03126279 0.04156846 -0.257174 0.03087006 0.04298759 -0.257174 0.03054744 0.04442429 -0.257174 0.03225462 0.0387965 -0.257174 0.03172468 0.0401703 -0.257174 0.03285132 0.03745035 -0.257174 0.03587477 0.03240602 -0.257174 0.03502691 0.03360989 -0.257174 0.03423914 0.03485392 -0.257174 0.03351336 0.0361351 -0.257174 0.03774247 0.03013023 -0.257174 0.03678069 0.0312452 -0.257174 0.03982423 0.02804847 -0.257174 0.0387578 0.0290638 -0.257174 0.0409392 0.02708669 -0.257174 0.04210002 0.02618077 -0.257174 0.04454792 0.02454514 -0.257174 0.04330389 0.02533291 -0.257174 0.0458291 0.02381936 -0.257174 0.04714435 0.02315732 -0.257174 0.0498643 0.02203068 -0.257174 0.0484905 0.02256061 -0.257174 0.05268159 0.02117606 -0.257174 0.05126246 0.02156879 -0.257174 0.05411829 0.02085344 -0.257174 0.059971 0.020277 -0.257174 0.05849897 0.02031314 -0.257174 0.05703049 0.02042146 -0.257174 0.05556908 0.02060171 -0.257174 0.089971 0.050277 -0.257174 0.08964629 0.04587508 -0.257174 0.08993486 0.04880497 -0.257174 0.08982654 0.04733649 -0.257174 0.06437292 0.02060171 -0.257174 0.06291151 0.02042146 -0.257174 0.06144303 0.02031314 -0.257174 0.06582371 0.02085344 -0.257174 0.08907194 0.04298759 -0.257174 0.08939456 0.04442429 -0.257174 0.06726041 0.02117606 -0.257174 0.06867954 0.02156879 -0.257174 0.08768739 0.0387965 -0.257174 0.08867921 0.04156846 -0.257174 0.08821732 0.0401703 -0.257174 0.0714515 0.02256061 -0.257174 0.0700777 0.02203068 -0.257174 0.08709068 0.03745035 -0.257174 0.08642863 0.0361351 -0.257174 0.0741129 0.02381936 -0.257174 0.07279765 0.02315732 -0.257174 0.07539408 0.02454514 -0.257174 0.08491508 0.03360989 -0.257174 0.08570286 0.03485392 -0.257174 0.07663811 0.02533291 -0.257174 0.08406722 0.03240602 -0.257174 0.07784198 0.02618077 -0.257174 0.08219953 0.03013023 -0.257174 0.08316132 0.0312452 -0.257174 0.08011777 0.02804847 -0.257174 0.0790028 0.02708669 -0.257174 0.0811842 0.0290638 -0.193174 0.04639762 0.1111627 -0.193174 0.0458644 0.1116704 -0.193174 0.04535673 0.1122036 -0.193174 0.04487584 0.1127611 -0.193174 0.0469551 0.1106818 -0.193174 0.04753551 0.1102289 -0.193174 0.04442289 0.1133415 -0.193174 0.04813745 0.109805 -0.193174 0.04399895 0.1139434 -0.193174 0.04875946 0.1094111 -0.193174 0.04360507 0.1145655 -0.193174 0.04940005 0.1090482 -0.193174 0.04324218 0.115206 -0.193174 0.05005767 0.1087172 -0.193174 0.04291116 0.1158637 -0.193174 0.05073075 0.1084188 -0.193174 0.04261281 0.1165368 -0.193174 0.05141765 0.1081538 -0.193174 0.04234784 0.1172237 -0.193174 0.05211673 0.1079229 -0.193174 0.04211689 0.1179227 -0.193174 0.0528263 0.1077265 -0.193174 0.04192053 0.1186323 -0.193174 0.05354464 0.1075652 -0.193174 0.04175922 0.1193506 -0.193174 0.05427004 0.1074394 -0.193174 0.04163335 0.120076 -0.193174 0.05500074 0.1073492 -0.193174 0.04154323 0.1208067 -0.193174 0.05573499 0.1072951 -0.193174 0.04148907 0.121541 -0.193174 0.041471 0.122277 -0.193174 0.056471 0.107277 -0.193174 0.063471 0.107277 -0.193174 0.06420702 0.1072951 -0.193174 0.06494125 0.1073492 -0.193174 0.06567196 0.1074394 -0.193174 0.06639735 0.1075652 -0.193174 0.0671157 0.1077265 -0.193174 0.06782527 0.1079229 -0.193174 0.06852435 0.1081538 -0.193174 0.06921125 0.1084188 -0.193174 0.06988432 0.1087172 -0.193174 0.07054195 0.1090482 -0.193174 0.07118254 0.1094111 -0.193174 0.07180455 0.109805 -0.193174 0.07240649 0.1102289 -0.193174 0.0729869 0.1106818 -0.193174 0.07354439 0.1111627 -0.193174 0.0740776 0.1116704 -0.193174 0.07458527 0.1122036 -0.193174 0.07506615 0.1127611 -0.193174 0.07551911 0.1133415 -0.193174 0.07594305 0.1139434 -0.193174 0.07633693 0.1145655 -0.193174 0.07669982 0.115206 -0.193174 0.07703084 0.1158637 -0.193174 0.029971 0.163277 -0.193174 0.04154323 0.1407473 -0.193174 0.04148907 0.140013 -0.193174 0.041471 0.139277 -0.193174 0.04442289 0.1482125 -0.193174 0.04399895 0.1476105 -0.193174 0.04360507 0.1469885 -0.193174 0.04324218 0.1463479 -0.193174 0.04291116 0.1456903 -0.193174 0.04261281 0.1450173 -0.193174 0.04234784 0.1443304 -0.193174 0.04211689 0.1436313 -0.193174 0.04192053 0.1429217 -0.193174 0.04175922 0.1422034 -0.193174 0.04163335 0.141478 -0.193174 0.04487584 0.1487929 -0.193174 0.07732919 0.1165368 -0.193174 0.04535673 0.1493504 -0.193174 0.07759416 0.1172237 -0.193174 0.0778251 0.1179227 -0.193174 0.0458644 0.1498836 -0.193174 0.07802147 0.1186323 -0.193174 0.04639762 0.1503913 -0.193174 0.07818278 0.1193506 -0.193174 0.0469551 0.1508722 -0.193174 0.07830865 0.120076 -0.193174 0.04753551 0.1513251 -0.193174 0.07839877 0.1208067 -0.193174 0.04813745 0.151749 -0.193174 0.07845293 0.121541 -0.193174 0.078471 0.122277 -0.193174 0.04875946 0.1521429 -0.193174 0.04940005 0.1525058 -0.193174 0.05005767 0.1528368 -0.193174 0.05073075 0.1531352 -0.193174 0.05141765 0.1534002 -0.193174 0.05211673 0.1536311 -0.193174 0.0528263 0.1538275 -0.193174 0.05354464 0.1539888 -0.193174 0.05427004 0.1541147 -0.193174 0.05500074 0.1542048 -0.193174 0.05573499 0.1542589 -0.193174 0.056471 0.154277 -0.193174 0.063471 0.154277 -0.193174 0.089971 0.163277 -0.193174 0.078471 0.139277 -0.193174 0.07845293 0.140013 -0.193174 0.07839877 0.1407473 -0.193174 0.07830865 0.141478 -0.193174 0.07818278 0.1422034 -0.193174 0.07802147 0.1429217 -0.193174 0.0778251 0.1436313 -0.193174 0.07759416 0.1443304 -0.193174 0.07732919 0.1450173 -0.193174 0.07703084 0.1456903 -0.193174 0.07669982 0.1463479 -0.193174 0.07633693 0.1469885 -0.193174 0.07594305 0.1476105 -0.193174 0.07551911 0.1482125 -0.193174 0.07506615 0.1487929 -0.193174 0.07458527 0.1493504 -0.193174 0.0740776 0.1498836 -0.193174 0.07354439 0.1503913 -0.193174 0.0729869 0.1508722 -0.193174 0.07240649 0.1513251 -0.193174 0.07180455 0.151749 -0.193174 0.07118254 0.1521429 -0.193174 0.07054195 0.1525058 -0.193174 0.06988432 0.1528368 -0.193174 0.06921125 0.1531352 -0.193174 0.06852435 0.1534002 -0.193174 0.06782527 0.1536311 -0.193174 0.0671157 0.1538275 -0.193174 0.06639735 0.1539888 -0.193174 0.06567196 0.1541147 -0.193174 0.06494125 0.1542048 -0.193174 0.06420702 0.1542589 -0.245174 0.089971 0.088277 -0.245174 0.089971 0.050277 -0.245174 0.089971 0.173277 -0.257174 0.089971 0.163277 -0.181174 0.089971 0.173277 -0.181174 0.089971 0.088277 -0.257174 0.089971 0.283277 -0.245174 0.089971 0.283277 -0.245174 0.029971 0.088277 -0.245174 0.029971 0.050277 -0.245174 0.029971 0.173277 -0.257174 0.029971 0.163277 -0.181174 0.029971 0.173277 -0.181174 0.029971 0.088277 -0.257174 0.029971 0.283277 -0.245174 0.029971 0.283277 -0.245174 0.08993486 0.04880497 -0.245174 0.08982654 0.04733649 -0.245174 0.08964629 0.04587508 -0.245174 0.08939456 0.04442429 -0.245174 0.08907194 0.04298759 -0.245174 0.08867921 0.04156846 -0.245174 0.08821732 0.0401703 -0.245174 0.08768739 0.0387965 -0.245174 0.08709068 0.03745035 -0.245174 0.08642863 0.0361351 -0.245174 0.08570286 0.03485392 -0.245174 0.08491508 0.03360989 -0.245174 0.08406722 0.03240602 -0.245174 0.08316132 0.0312452 -0.245174 0.08219953 0.03013023 -0.245174 0.0811842 0.0290638 -0.245174 0.08011777 0.02804847 -0.245174 0.0790028 0.02708669 -0.245174 0.07784198 0.02618077 -0.245174 0.07663811 0.02533291 -0.245174 0.07539408 0.02454514 -0.245174 0.0741129 0.02381936 -0.245174 0.07279765 0.02315732 -0.245174 0.0714515 0.02256061 -0.245174 0.0700777 0.02203068 -0.245174 0.06867954 0.02156879 -0.245174 0.06726041 0.02117606 -0.245174 0.06582371 0.02085344 -0.245174 0.06437292 0.02060171 -0.245174 0.06291151 0.02042146 -0.245174 0.06144303 0.02031314 -0.245174 0.059971 0.020277 -0.245174 0.05849897 0.02031314 -0.245174 0.05703049 0.02042146 -0.245174 0.05556908 0.02060171 -0.245174 0.05411829 0.02085344 -0.245174 0.05268159 0.02117606 -0.245174 0.05126246 0.02156879 -0.245174 0.0498643 0.02203068 -0.245174 0.0484905 0.02256061 -0.245174 0.04714435 0.02315732 -0.245174 0.0458291 0.02381936 -0.245174 0.04454792 0.02454514 -0.245174 0.04330389 0.02533291 -0.245174 0.04210002 0.02618077 -0.245174 0.0409392 0.02708669 -0.245174 0.03982423 0.02804847 -0.245174 0.0387578 0.0290638 -0.245174 0.03774247 0.03013023 -0.245174 0.03678069 0.0312452 -0.245174 0.03587477 0.03240602 -0.245174 0.03502691 0.03360989 -0.245174 0.03423914 0.03485392 -0.245174 0.03351336 0.0361351 -0.245174 0.03285132 0.03745035 -0.245174 0.03225462 0.0387965 -0.245174 0.03172468 0.0401703 -0.245174 0.03126279 0.04156846 -0.245174 0.03087006 0.04298759 -0.245174 0.03054744 0.04442429 -0.245174 0.0302957 0.04587508 -0.245174 0.03011546 0.04733649 -0.245174 0.03000714 0.04880497 -0.181174 0.063471 0.107277 -0.181174 0.06420702 0.1072951 -0.181174 0.06494125 0.1073492 -0.181174 0.06567196 0.1074394 -0.181174 0.06639735 0.1075652 -0.181174 0.0671157 0.1077265 -0.181174 0.06782527 0.1079229 -0.181174 0.06852435 0.1081538 -0.181174 0.06921125 0.1084188 -0.181174 0.06988432 0.1087172 -0.181174 0.07054195 0.1090482 -0.181174 0.07118254 0.1094111 -0.181174 0.07180455 0.109805 -0.181174 0.07240649 0.1102289 -0.181174 0.0729869 0.1106818 -0.181174 0.07354439 0.1111627 -0.181174 0.0740776 0.1116704 -0.181174 0.07458527 0.1122036 -0.181174 0.07506615 0.1127611 -0.181174 0.07551911 0.1133415 -0.181174 0.07594305 0.1139434 -0.181174 0.07633693 0.1145655 -0.181174 0.07669982 0.115206 -0.181174 0.07703084 0.1158637 -0.181174 0.07732919 0.1165368 -0.181174 0.07759416 0.1172237 -0.181174 0.0778251 0.1179227 -0.181174 0.07802147 0.1186323 -0.181174 0.07818278 0.1193506 -0.181174 0.07830865 0.120076 -0.181174 0.07839877 0.1208067 -0.181174 0.07845293 0.121541 -0.181174 0.078471 0.122277 -0.181174 0.056471 0.107277 -0.181174 0.041471 0.122277 -0.181174 0.04148907 0.121541 -0.181174 0.04154323 0.1208067 -0.181174 0.04163335 0.120076 -0.181174 0.04175922 0.1193506 -0.181174 0.04192053 0.1186323 -0.181174 0.04211689 0.1179227 -0.181174 0.04234784 0.1172237 -0.181174 0.04261281 0.1165368 -0.181174 0.04291116 0.1158637 -0.181174 0.04324218 0.115206 -0.181174 0.04360507 0.1145655 -0.181174 0.04399895 0.1139434 -0.181174 0.04442289 0.1133415 -0.181174 0.04487584 0.1127611 -0.181174 0.04535673 0.1122036 -0.181174 0.0458644 0.1116704 -0.181174 0.04639762 0.1111627 -0.181174 0.0469551 0.1106818 -0.181174 0.04753551 0.1102289 -0.181174 0.04813745 0.109805 -0.181174 0.04875946 0.1094111 -0.181174 0.04940005 0.1090482 -0.181174 0.05005767 0.1087172 -0.181174 0.05073075 0.1084188 -0.181174 0.05141765 0.1081538 -0.181174 0.05211673 0.1079229 -0.181174 0.0528263 0.1077265 -0.181174 0.05354464 0.1075652 -0.181174 0.05427004 0.1074394 -0.181174 0.05500074 0.1073492 -0.181174 0.05573499 0.1072951 -0.181174 0.041471 0.139277 -0.181174 0.056471 0.154277 -0.181174 0.05573499 0.1542589 -0.181174 0.05500074 0.1542048 -0.181174 0.05427004 0.1541147 -0.181174 0.05354464 0.1539888 -0.181174 0.0528263 0.1538275 -0.181174 0.05211673 0.1536311 -0.181174 0.05141765 0.1534002 -0.181174 0.05073075 0.1531352 -0.181174 0.05005767 0.1528368 -0.181174 0.04940005 0.1525058 -0.181174 0.04875946 0.1521429 -0.181174 0.04813745 0.151749 -0.181174 0.04753551 0.1513251 -0.181174 0.0469551 0.1508722 -0.181174 0.04639762 0.1503913 -0.181174 0.0458644 0.1498836 -0.181174 0.04535673 0.1493504 -0.181174 0.04487584 0.1487929 -0.181174 0.04442289 0.1482125 -0.181174 0.04399895 0.1476105 -0.181174 0.04360507 0.1469885 -0.181174 0.04324218 0.1463479 -0.181174 0.04291116 0.1456903 -0.181174 0.04261281 0.1450173 -0.181174 0.04234784 0.1443304 -0.181174 0.04211689 0.1436313 -0.181174 0.04192053 0.1429217 -0.181174 0.04175922 0.1422034 -0.181174 0.04163335 0.141478 -0.181174 0.04154323 0.1407473 -0.181174 0.04148907 0.140013 -0.181174 0.063471 0.154277 -0.181174 0.078471 0.139277 -0.181174 0.07845293 0.140013 -0.181174 0.07839877 0.1407473 -0.181174 0.07830865 0.141478 -0.181174 0.07818278 0.1422034 -0.181174 0.07802147 0.1429217 -0.181174 0.0778251 0.1436313 -0.181174 0.07759416 0.1443304 -0.181174 0.07732919 0.1450173 -0.181174 0.07703084 0.1456903 -0.181174 0.07669982 0.1463479 -0.181174 0.07633693 0.1469885 -0.181174 0.07594305 0.1476105 -0.181174 0.07551911 0.1482125 -0.181174 0.07506615 0.1487929 -0.181174 0.07458527 0.1493504 -0.181174 0.0740776 0.1498836 -0.181174 0.07354439 0.1503913 -0.181174 0.0729869 0.1508722 -0.181174 0.07240649 0.1513251 -0.181174 0.07180455 0.151749 -0.181174 0.07118254 0.1521429 -0.181174 0.07054195 0.1525058 -0.181174 0.06988432 0.1528368 -0.181174 0.06921125 0.1531352 -0.181174 0.06852435 0.1534002 -0.181174 0.06782527 0.1536311 -0.181174 0.0671157 0.1538275 -0.181174 0.06639735 0.1539888 -0.181174 0.06567196 0.1541147 -0.181174 0.06494125 0.1542048 -0.181174 0.06420702 0.1542589 -0.257174 0.04314813 0.2996856 -0.257174 0.03774247 0.3034238 -0.257174 0.0387578 0.3044902 -0.257174 0.04398694 0.3005037 -0.257174 0.03982423 0.3055055 -0.257174 0.04235114 0.2988266 -0.257174 0.03678069 0.3023088 -0.257174 0.04486549 0.3012791 -0.257174 0.0409392 0.3064673 -0.257174 0.04159796 0.297929 -0.257174 0.03587477 0.301148 -0.257174 0.0457816 0.3020096 -0.257174 0.04210002 0.3073732 -0.257174 0.04089046 0.296995 -0.257174 0.03502691 0.2999441 -0.257174 0.04673298 0.3026936 -0.257174 0.04330389 0.3082211 -0.257174 0.04023039 0.2960268 -0.257174 0.03423914 0.2987001 -0.257174 0.04771727 0.3033293 -0.257174 0.04454792 0.3090089 -0.257174 0.0396194 0.295027 -0.257174 0.03351336 0.2974189 -0.257174 0.04873203 0.3039152 -0.257174 0.0458291 0.3097346 -0.257174 0.03905901 0.293998 -0.257174 0.03285132 0.2961036 -0.257174 0.04977473 0.3044498 -0.257174 0.04714435 0.3103967 -0.257174 0.03855061 0.2929423 -0.257174 0.03225462 0.2947575 -0.257174 0.05084278 0.3049317 -0.257174 0.0484905 0.3109934 -0.257174 0.03809547 0.2918625 -0.257174 0.03172468 0.2933837 -0.257174 0.05193353 0.3053598 -0.257174 0.0498643 0.3115233 -0.257174 0.03769471 0.2907614 -0.257174 0.03126279 0.2919855 -0.257174 0.05304425 0.305733 -0.257174 0.05126246 0.3119852 -0.257174 0.03734933 0.2896418 -0.257174 0.03087006 0.2905664 -0.257174 0.0541722 0.3060503 -0.257174 0.05268159 0.3123779 -0.257174 0.0370602 0.2885063 -0.257174 0.03054744 0.2891297 -0.257174 0.05531456 0.3063111 -0.257174 0.05411829 0.3127006 -0.257174 0.03682802 0.2873577 -0.257174 0.0302957 0.2876789 -0.257174 0.05646851 0.3065145 -0.257174 0.05556908 0.3129523 -0.257174 0.03665338 0.2861991 -0.257174 0.03011546 0.2862175 -0.257174 0.05763116 0.3066602 -0.257174 0.05703049 0.3131325 -0.257174 0.03653671 0.2850331 -0.257174 0.03000714 0.284749 -0.257174 0.05879962 0.3067478 -0.257174 0.05849897 0.3132409 -0.257174 0.03647831 0.2838629 -0.257174 0.059971 0.306777 -0.257174 0.059971 0.313277 -0.257174 0.06144303 0.3132409 -0.257174 0.03647831 0.2826911 -0.257174 0.06114238 0.3067478 -0.257174 0.06291151 0.3131325 -0.257174 0.03653671 0.2815208 -0.257174 0.06231084 0.3066602 -0.257174 0.06437292 0.3129523 -0.257174 0.03665338 0.2803549 -0.257174 0.06347349 0.3065145 -0.257174 0.06582371 0.3127006 -0.257174 0.03682802 0.2791963 -0.257174 0.06462743 0.3063111 -0.257174 0.06726041 0.3123779 -0.257174 0.0370602 0.2780478 -0.257174 0.0657698 0.3060503 -0.257174 0.06867954 0.3119852 -0.257174 0.03734933 0.2769123 -0.257174 0.06689774 0.305733 -0.257174 0.0700777 0.3115233 -0.257174 0.03769471 0.2757926 -0.257174 0.06800848 0.3053598 -0.257174 0.0714515 0.3109934 -0.257174 0.03809547 0.2746915 -0.257174 0.06909922 0.3049317 -0.257174 0.07279765 0.3103967 -0.257174 0.03855061 0.2736118 -0.257174 0.07016727 0.3044498 -0.257174 0.0741129 0.3097346 -0.257174 0.03905901 0.2725561 -0.257174 0.07120997 0.3039152 -0.257174 0.07539408 0.3090089 -0.257174 0.0396194 0.271527 -0.257174 0.07222472 0.3033293 -0.257174 0.07663811 0.3082211 -0.257174 0.07320902 0.3026936 -0.257174 0.07784198 0.3073732 -0.257174 0.0741604 0.3020096 -0.257174 0.0790028 0.3064673 -0.257174 0.07507651 0.3012791 -0.257174 0.08011777 0.3055055 -0.257174 0.07595506 0.3005037 -0.257174 0.0811842 0.3044902 -0.257174 0.07679387 0.2996856 -0.257174 0.08219953 0.3034238 -0.257174 0.07759086 0.2988266 -0.257174 0.08316132 0.3023088 -0.257174 0.07834404 0.297929 -0.257174 0.08406722 0.301148 -0.257174 0.07905154 0.296995 -0.257174 0.08491508 0.2999441 -0.257174 0.07971161 0.2960268 -0.257174 0.08570286 0.2987001 -0.257174 0.08032259 0.295027 -0.257174 0.08642863 0.2974189 -0.257174 0.08088299 0.293998 -0.257174 0.08709068 0.2961037 -0.257174 0.08139139 0.2929423 -0.257174 0.08768739 0.2947575 -0.257174 0.08184653 0.2918625 -0.257174 0.08821732 0.2933837 -0.257174 0.08224729 0.2907614 -0.257174 0.08867921 0.2919855 -0.257174 0.08259267 0.2896418 -0.257174 0.08907194 0.2905664 -0.257174 0.08288181 0.2885063 -0.257174 0.08939456 0.2891297 -0.257174 0.08311398 0.2873577 -0.257174 0.08964629 0.2876789 -0.257174 0.08328862 0.2861991 -0.257174 0.08982654 0.2862175 -0.257174 0.08340529 0.2850331 -0.257174 0.08993486 0.284749 -0.257174 0.0834637 0.2838629 -0.257174 0.08224729 0.2757926 -0.257174 0.08259267 0.2769123 -0.257174 0.08288181 0.2780478 -0.257174 0.08311398 0.2791963 -0.257174 0.08328862 0.2803549 -0.257174 0.08340529 0.2815208 -0.257174 0.0834637 0.2826911 -0.257174 0.08184653 0.2746915 -0.257174 0.08139139 0.2736118 -0.257174 0.08088299 0.2725561 -0.257174 0.08032259 0.271527 -0.257174 0.0458644 0.2273836 -0.257174 0.04398694 0.2660503 -0.257174 0.04486549 0.265275 -0.257174 0.04535673 0.2268504 -0.257174 0.04314813 0.2668684 -0.257174 0.04639762 0.2278913 -0.257174 0.0457816 0.2645444 -0.257174 0.0469551 0.2283722 -0.257174 0.04673298 0.2638604 -0.257174 0.04487584 0.2262929 -0.257174 0.04442289 0.2257125 -0.257174 0.04235114 0.2677274 -0.257174 0.04753551 0.2288251 -0.257174 0.04813745 0.229249 -0.257174 0.04771727 0.2632247 -0.257174 0.04399895 0.2251105 -0.257174 0.04159796 0.268625 -0.257174 0.04360507 0.2244885 -0.257174 0.04089046 0.269559 -0.257174 0.04875946 0.2296429 -0.257174 0.04873203 0.2626388 -0.257174 0.04940005 0.2300058 -0.257174 0.04977473 0.2621042 -0.257174 0.04324218 0.2238479 -0.257174 0.04023039 0.2705272 -0.257174 0.05005767 0.2303368 -0.257174 0.05084278 0.2616223 -0.257174 0.04291116 0.2231903 -0.257174 0.04261281 0.2225173 -0.257174 0.05073075 0.2306352 -0.257174 0.04234784 0.2218304 -0.257174 0.05141765 0.2309002 -0.257174 0.05193353 0.2611942 -0.257174 0.05211673 0.2311311 -0.257174 0.05304425 0.260821 -0.257174 0.04211689 0.2211313 -0.257174 0.04192053 0.2204217 -0.257174 0.0528263 0.2313275 -0.257174 0.0541722 0.2605037 -0.257174 0.05354464 0.2314888 -0.257174 0.04175922 0.2197034 -0.257174 0.04163335 0.218978 -0.257174 0.05427004 0.2316147 -0.257174 0.05531456 0.260243 -0.257174 0.04154323 0.2182473 -0.257174 0.05500074 0.2317048 -0.257174 0.05646851 0.2600395 -0.257174 0.05573499 0.2317589 -0.257174 0.05763116 0.2598938 -0.257174 0.04148907 0.217513 -0.257174 0.056471 0.231777 -0.257174 0.05879962 0.2598062 -0.257174 0.059971 0.259777 -0.257174 0.063471 0.231777 -0.257174 0.06114238 0.2598062 -0.257174 0.06231084 0.2598938 -0.257174 0.06420702 0.2317589 -0.257174 0.06347349 0.2600395 -0.257174 0.06494125 0.2317048 -0.257174 0.06462743 0.260243 -0.257174 0.06567196 0.2316147 -0.257174 0.0657698 0.2605037 -0.257174 0.06639735 0.2314888 -0.257174 0.0671157 0.2313275 -0.257174 0.06689774 0.260821 -0.257174 0.06782527 0.2311311 -0.257174 0.06800848 0.2611942 -0.257174 0.06852435 0.2309002 -0.257174 0.06909922 0.2616223 -0.257174 0.06921125 0.2306352 -0.257174 0.06988432 0.2303368 -0.257174 0.07016727 0.2621042 -0.257174 0.07054195 0.2300058 -0.257174 0.07120997 0.2626388 -0.257174 0.07118254 0.2296429 -0.257174 0.07222472 0.2632247 -0.257174 0.07180455 0.229249 -0.257174 0.07320902 0.2638604 -0.257174 0.07240649 0.2288251 -0.257174 0.0729869 0.2283722 -0.257174 0.0741604 0.2645444 -0.257174 0.07354439 0.2278913 -0.257174 0.07507651 0.265275 -0.257174 0.0740776 0.2273836 -0.257174 0.07595506 0.2660503 -0.257174 0.07458527 0.2268504 -0.257174 0.07679387 0.2668684 -0.257174 0.07506615 0.2262929 -0.257174 0.07551911 0.2257125 -0.257174 0.07759086 0.2677274 -0.257174 0.07594305 0.2251105 -0.257174 0.07834404 0.268625 -0.257174 0.07633693 0.2244885 -0.257174 0.07905154 0.269559 -0.257174 0.07669982 0.2238479 -0.257174 0.07971161 0.2705272 -0.257174 0.07703084 0.2231903 -0.257174 0.07732919 0.2225173 -0.257174 0.07759416 0.2218304 -0.257174 0.0778251 0.2211313 -0.257174 0.07802147 0.2204217 -0.257174 0.07818278 0.2197034 -0.257174 0.07830865 0.218978 -0.257174 0.07839877 0.2182473 -0.257174 0.07845293 0.217513 -0.257174 0.04324218 0.1927061 -0.257174 0.04360507 0.1920655 -0.257174 0.04399895 0.1914435 -0.257174 0.04442289 0.1908415 -0.257174 0.04487584 0.1902611 -0.257174 0.04535673 0.1897036 -0.257174 0.0458644 0.1891704 -0.257174 0.04639762 0.1886627 -0.257174 0.0469551 0.1881818 -0.257174 0.04753551 0.1877289 -0.257174 0.04813745 0.187305 -0.257174 0.04875946 0.1869111 -0.257174 0.04940005 0.1865482 -0.257174 0.05005767 0.1862172 -0.257174 0.05073075 0.1859188 -0.257174 0.05141765 0.1856538 -0.257174 0.05211673 0.1854229 -0.257174 0.041471 0.216777 -0.257174 0.041471 0.199777 -0.257174 0.04148907 0.199041 -0.257174 0.04154323 0.1983067 -0.257174 0.04163335 0.197576 -0.257174 0.04175922 0.1968506 -0.257174 0.04192053 0.1961323 -0.257174 0.04211689 0.1954227 -0.257174 0.04234784 0.1947236 -0.257174 0.04261281 0.1940367 -0.257174 0.04291116 0.1933637 -0.257174 0.0528263 0.1852265 -0.257174 0.05354464 0.1850652 -0.257174 0.05427004 0.1849393 -0.257174 0.05500074 0.1848492 -0.257174 0.05573499 0.1847951 -0.257174 0.056471 0.184777 -0.257174 0.06921125 0.1859188 -0.257174 0.06988432 0.1862172 -0.257174 0.07054195 0.1865482 -0.257174 0.07118254 0.1869111 -0.257174 0.07180455 0.187305 -0.257174 0.07240649 0.1877289 -0.257174 0.0729869 0.1881818 -0.257174 0.07354439 0.1886627 -0.257174 0.0740776 0.1891704 -0.257174 0.07458527 0.1897036 -0.257174 0.07506615 0.1902611 -0.257174 0.07551911 0.1908415 -0.257174 0.07594305 0.1914435 -0.257174 0.07633693 0.1920655 -0.257174 0.07669982 0.1927061 -0.257174 0.07703084 0.1933637 -0.257174 0.07732919 0.1940367 -0.257174 0.07759416 0.1947236 -0.257174 0.0778251 0.1954227 -0.257174 0.07802147 0.1961323 -0.257174 0.07818278 0.1968506 -0.257174 0.07830865 0.197576 -0.257174 0.07839877 0.1983067 -0.257174 0.063471 0.184777 -0.257174 0.07845293 0.199041 -0.257174 0.078471 0.199777 -0.257174 0.078471 0.216777 -0.257174 0.06420702 0.1847951 -0.257174 0.06494125 0.1848492 -0.257174 0.06567196 0.1849393 -0.257174 0.06639735 0.1850652 -0.257174 0.0671157 0.1852265 -0.257174 0.06782527 0.1854229 -0.257174 0.06852435 0.1856538 -0.245174 0.07679387 0.2996856 -0.245174 0.08219953 0.3034238 -0.245174 0.0811842 0.3044902 -0.245174 0.07595506 0.3005037 -0.245174 0.08011777 0.3055055 -0.245174 0.07759086 0.2988266 -0.245174 0.08316132 0.3023088 -0.245174 0.07507651 0.3012791 -0.245174 0.0790028 0.3064673 -0.245174 0.07834404 0.297929 -0.245174 0.08406722 0.301148 -0.245174 0.0741604 0.3020096 -0.245174 0.07784198 0.3073732 -0.245174 0.07905154 0.296995 -0.245174 0.08491508 0.2999441 -0.245174 0.07320902 0.3026936 -0.245174 0.07663811 0.3082211 -0.245174 0.07971161 0.2960268 -0.245174 0.08570286 0.2987001 -0.245174 0.07222472 0.3033293 -0.245174 0.07539408 0.3090089 -0.245174 0.08032259 0.295027 -0.245174 0.08642863 0.2974189 -0.245174 0.07120997 0.3039152 -0.245174 0.0741129 0.3097346 -0.245174 0.08088299 0.293998 -0.245174 0.08709068 0.2961037 -0.245174 0.07016727 0.3044498 -0.245174 0.07279765 0.3103967 -0.245174 0.08139139 0.2929423 -0.245174 0.08768739 0.2947575 -0.245174 0.06909922 0.3049317 -0.245174 0.0714515 0.3109934 -0.245174 0.08184653 0.2918625 -0.245174 0.08821732 0.2933837 -0.245174 0.06800848 0.3053598 -0.245174 0.0700777 0.3115233 -0.245174 0.08224729 0.2907614 -0.245174 0.08867921 0.2919855 -0.245174 0.06689774 0.305733 -0.245174 0.06867954 0.3119852 -0.245174 0.08259267 0.2896418 -0.245174 0.08907194 0.2905664 -0.245174 0.0657698 0.3060503 -0.245174 0.06726041 0.3123779 -0.245174 0.08288181 0.2885063 -0.245174 0.08939456 0.2891297 -0.245174 0.06462743 0.3063111 -0.245174 0.06582371 0.3127006 -0.245174 0.08311398 0.2873577 -0.245174 0.08964629 0.2876789 -0.245174 0.06347349 0.3065145 -0.245174 0.06437292 0.3129523 -0.245174 0.08328862 0.2861991 -0.245174 0.08982654 0.2862175 -0.245174 0.06231084 0.3066602 -0.245174 0.06291151 0.3131325 -0.245174 0.08340529 0.2850331 -0.245174 0.08993486 0.284749 -0.245174 0.06114238 0.3067478 -0.245174 0.06144303 0.3132409 -0.245174 0.0834637 0.2838629 -0.245174 0.059971 0.306777 -0.245174 0.059971 0.313277 -0.245174 0.05849897 0.3132409 -0.245174 0.0834637 0.2826911 -0.245174 0.05879962 0.3067478 -0.245174 0.05703049 0.3131325 -0.245174 0.08340529 0.2815208 -0.245174 0.05763116 0.3066602 -0.245174 0.05556908 0.3129523 -0.245174 0.08328862 0.2803549 -0.245174 0.05646851 0.3065145 -0.245174 0.05411829 0.3127006 -0.245174 0.08311398 0.2791963 -0.245174 0.05531456 0.3063111 -0.245174 0.05268159 0.3123779 -0.245174 0.08288181 0.2780478 -0.245174 0.0541722 0.3060503 -0.245174 0.05126246 0.3119852 -0.245174 0.08259267 0.2769123 -0.245174 0.05304425 0.305733 -0.245174 0.0498643 0.3115233 -0.245174 0.08224729 0.2757926 -0.245174 0.05193353 0.3053598 -0.245174 0.0484905 0.3109934 -0.245174 0.08184653 0.2746915 -0.245174 0.05084278 0.3049317 -0.245174 0.04714435 0.3103967 -0.245174 0.08139139 0.2736118 -0.245174 0.04977473 0.3044498 -0.245174 0.0458291 0.3097346 -0.245174 0.08088299 0.2725561 -0.245174 0.04873203 0.3039152 -0.245174 0.04454792 0.3090089 -0.245174 0.08032259 0.271527 -0.245174 0.04771727 0.3033293 -0.245174 0.04330389 0.3082211 -0.245174 0.04673298 0.3026936 -0.245174 0.04210002 0.3073732 -0.245174 0.0457816 0.3020096 -0.245174 0.0409392 0.3064673 -0.245174 0.04486549 0.3012791 -0.245174 0.03982423 0.3055055 -0.245174 0.04398694 0.3005037 -0.245174 0.0387578 0.3044902 -0.245174 0.04314813 0.2996856 -0.245174 0.03774247 0.3034238 -0.245174 0.04235114 0.2988266 -0.245174 0.03678069 0.3023088 -0.245174 0.04159796 0.297929 -0.245174 0.03587477 0.301148 -0.245174 0.04089046 0.296995 -0.245174 0.03502691 0.2999441 -0.245174 0.04023039 0.2960268 -0.245174 0.03423914 0.2987001 -0.245174 0.0396194 0.295027 -0.245174 0.03351336 0.2974189 -0.245174 0.03905901 0.293998 -0.245174 0.03285132 0.2961036 -0.245174 0.03855061 0.2929423 -0.245174 0.03225462 0.2947575 -0.245174 0.03809547 0.2918625 -0.245174 0.03172468 0.2933837 -0.245174 0.03769471 0.2907614 -0.245174 0.03126279 0.2919855 -0.245174 0.03734933 0.2896418 -0.245174 0.03087006 0.2905664 -0.245174 0.0370602 0.2885063 -0.245174 0.03054744 0.2891297 -0.245174 0.03682802 0.2873577 -0.245174 0.0302957 0.2876789 -0.245174 0.03665338 0.2861991 -0.245174 0.03011546 0.2862175 -0.245174 0.03653671 0.2850331 -0.245174 0.03000714 0.284749 -0.245174 0.03647831 0.2838629 -0.245174 0.03665338 0.2803549 -0.245174 0.03653671 0.2815208 -0.245174 0.03682802 0.2791963 -0.245174 0.0370602 0.2780478 -0.245174 0.03734933 0.2769123 -0.245174 0.03769471 0.2757926 -0.245174 0.03647831 0.2826911 -0.245174 0.03809547 0.2746915 -0.245174 0.03855061 0.2736118 -0.245174 0.03905901 0.2725561 -0.245174 0.0396194 0.271527 -0.245174 0.0740776 0.2273836 -0.245174 0.07595506 0.2660503 -0.245174 0.07507651 0.265275 -0.245174 0.07354439 0.2278913 -0.245174 0.0741604 0.2645444 -0.245174 0.07458527 0.2268504 -0.245174 0.07679387 0.2668684 -0.245174 0.07506615 0.2262929 -0.245174 0.0729869 0.2283722 -0.245174 0.07320902 0.2638604 -0.245174 0.07240649 0.2288251 -0.245174 0.07551911 0.2257125 -0.245174 0.07759086 0.2677274 -0.245174 0.07180455 0.229249 -0.245174 0.07222472 0.2632247 -0.245174 0.07594305 0.2251105 -0.245174 0.07834404 0.268625 -0.245174 0.07118254 0.2296429 -0.245174 0.07120997 0.2626388 -0.245174 0.07633693 0.2244885 -0.245174 0.07905154 0.269559 -0.245174 0.07054195 0.2300058 -0.245174 0.07016727 0.2621042 -0.245174 0.07669982 0.2238479 -0.245174 0.07971161 0.2705272 -0.245174 0.06988432 0.2303368 -0.245174 0.06909922 0.2616223 -0.245174 0.07703084 0.2231903 -0.245174 0.06921125 0.2306352 -0.245174 0.07732919 0.2225173 -0.245174 0.06852435 0.2309002 -0.245174 0.06800848 0.2611942 -0.245174 0.07759416 0.2218304 -0.245174 0.06782527 0.2311311 -0.245174 0.06689774 0.260821 -0.245174 0.0778251 0.2211313 -0.245174 0.0671157 0.2313275 -0.245174 0.0657698 0.2605037 -0.245174 0.07802147 0.2204217 -0.245174 0.06639735 0.2314888 -0.245174 0.07818278 0.2197034 -0.245174 0.06567196 0.2316147 -0.245174 0.06462743 0.260243 -0.245174 0.07830865 0.218978 -0.245174 0.06494125 0.2317048 -0.245174 0.06347349 0.2600395 -0.245174 0.07839877 0.2182473 -0.245174 0.06420702 0.2317589 -0.245174 0.06231084 0.2598938 -0.245174 0.063471 0.231777 -0.245174 0.06114238 0.2598062 -0.245174 0.059971 0.259777 -0.245174 0.056471 0.231777 -0.245174 0.05879962 0.2598062 -0.245174 0.05763116 0.2598938 -0.245174 0.05573499 0.2317589 -0.245174 0.05646851 0.2600395 -0.245174 0.05500074 0.2317048 -0.245174 0.05531456 0.260243 -0.245174 0.05427004 0.2316147 -0.245174 0.0541722 0.2605037 -0.245174 0.05354464 0.2314888 -0.245174 0.0528263 0.2313275 -0.245174 0.05304425 0.260821 -0.245174 0.05211673 0.2311311 -0.245174 0.05193353 0.2611942 -0.245174 0.05141765 0.2309002 -0.245174 0.05084278 0.2616223 -0.245174 0.05073075 0.2306352 -0.245174 0.05005767 0.2303368 -0.245174 0.04977473 0.2621042 -0.245174 0.04940005 0.2300058 -0.245174 0.04873203 0.2626388 -0.245174 0.04875946 0.2296429 -0.245174 0.04771727 0.2632247 -0.245174 0.04813745 0.229249 -0.245174 0.04673298 0.2638604 -0.245174 0.04753551 0.2288251 -0.245174 0.0469551 0.2283722 -0.245174 0.0457816 0.2645444 -0.245174 0.04639762 0.2278913 -0.245174 0.04486549 0.265275 -0.245174 0.0458644 0.2273836 -0.245174 0.04398694 0.2660503 -0.245174 0.04535673 0.2268504 -0.245174 0.04314813 0.2668684 -0.245174 0.04487584 0.2262929 -0.245174 0.04442289 0.2257125 -0.245174 0.04235114 0.2677274 -0.245174 0.04399895 0.2251105 -0.245174 0.04159796 0.268625 -0.245174 0.04360507 0.2244885 -0.245174 0.04089046 0.269559 -0.245174 0.04324218 0.2238479 -0.245174 0.04023039 0.2705272 -0.245174 0.04291116 0.2231903 -0.245174 0.04261281 0.2225173 -0.245174 0.04234784 0.2218304 -0.245174 0.04211689 0.2211313 -0.245174 0.07506615 0.1902611 -0.245174 0.07458527 0.1897036 -0.245174 0.07551911 0.1908415 -0.245174 0.07594305 0.1914435 -0.245174 0.07633693 0.1920655 -0.245174 0.07669982 0.1927061 -0.245174 0.07703084 0.1933637 -0.245174 0.07732919 0.1940367 -0.245174 0.07759416 0.1947236 -0.245174 0.0778251 0.1954227 -0.245174 0.07802147 0.1961323 -0.245174 0.07818278 0.1968506 -0.245174 0.07830865 0.197576 -0.245174 0.07839877 0.1983067 -0.245174 0.07845293 0.199041 -0.245174 0.078471 0.199777 -0.245174 0.07845293 0.217513 -0.245174 0.078471 0.216777 -0.245174 0.0740776 0.1891704 -0.245174 0.04192053 0.2204217 -0.245174 0.07354439 0.1886627 -0.245174 0.04175922 0.2197034 -0.245174 0.0729869 0.1881818 -0.245174 0.04163335 0.218978 -0.245174 0.07240649 0.1877289 -0.245174 0.04154323 0.2182473 -0.245174 0.07180455 0.187305 -0.245174 0.07118254 0.1869111 -0.245174 0.07054195 0.1865482 -0.245174 0.06988432 0.1862172 -0.245174 0.06921125 0.1859188 -0.245174 0.06852435 0.1856538 -0.245174 0.06782527 0.1854229 -0.245174 0.0671157 0.1852265 -0.245174 0.06639735 0.1850652 -0.245174 0.06567196 0.1849393 -0.245174 0.06494125 0.1848492 -0.245174 0.06420702 0.1847951 -0.245174 0.063471 0.184777 -0.245174 0.056471 0.184777 -0.245174 0.04148907 0.199041 -0.245174 0.041471 0.199777 -0.245174 0.04154323 0.1983067 -0.245174 0.04163335 0.197576 -0.245174 0.04175922 0.1968506 -0.245174 0.04192053 0.1961323 -0.245174 0.04211689 0.1954227 -0.245174 0.04234784 0.1947236 -0.245174 0.04261281 0.1940367 -0.245174 0.04291116 0.1933637 -0.245174 0.04324218 0.1927061 -0.245174 0.04360507 0.1920655 -0.245174 0.04399895 0.1914435 -0.245174 0.04442289 0.1908415 -0.245174 0.04487584 0.1902611 -0.245174 0.04535673 0.1897036 -0.245174 0.0458644 0.1891704 -0.245174 0.04639762 0.1886627 -0.245174 0.0469551 0.1881818 -0.245174 0.04753551 0.1877289 -0.245174 0.04813745 0.187305 -0.245174 0.04875946 0.1869111 -0.245174 0.04940005 0.1865482 -0.245174 0.05005767 0.1862172 -0.245174 0.05073075 0.1859188 -0.245174 0.05141765 0.1856538 -0.245174 0.05211673 0.1854229 -0.245174 0.0528263 0.1852265 -0.245174 0.05354464 0.1850652 -0.245174 0.05427004 0.1849393 -0.245174 0.05500074 0.1848492 -0.245174 0.05573499 0.1847951 -0.245174 0.041471 0.216777 -0.245174 0.04148907 0.217513</float_array>
          <technique_common>
            <accessor count="1056" source="#cubeverts-array0-array" stride="3">
              <param type="float" name="X"/>
              <param type="float" name="Y"/>
              <param type="float" name="Z"/>
            </accessor>
          </technique_common>
        </source>
        <source id="cubenormals-array0">
          <float_array count="6360" id="cubenormals-array0-array">0 0 1 0 0 1 -1 0 0 -1 0 0 -1 0 0 -1 0 0 -1 0 0 -1 0 0 -1 0 0 -1 0 0 -1 0 0 -1 0 0 -1 0 0 -1 0 0 -1 0 0 -1 0 0 -1 0 0 -1 0 0 -1 0 0 -1 0 0 -1 0 0 -1 0 0 -1 0 0 -1 0 0 -1 0 0 -1 0 0 -1 0 0 -1 0 0 -1 0 0 -1 0 0 -1 0 0 -1 0 0 -1 0 0 -1 0 0 -1 0 0 -1 0 0 -1 0 0 -1 0 0 -1 0 0 -1 0 0 -1 -0 0 -1 0 0 -1 0 0 -1 0 0 -1 0 0 -1 0 0 -1 0 0 -1 0 0 -1 0 0 -1 -0 0 -1 0 0 -1 0 0 -1 0 0 -1 0 0 -1 0 0 -1 0 0 -1 0 0 -1 0 0 -1 0 0 -1 0 0 -1 0 0 -1 0 0 -1 -0 0 -1 0 0 -1 0 0 -1 0 0 -1 0 0 -1 -0 0 -1 0 -0 -1 0 -0 -1 -0 0 -1 -0 0 -1 0 -0 -1 -0 0 -1 0 -0 -1 -0 0 -1 0 -0 -1 -0 0 -1 0 -0 -1 -0 0 -1 0 -0 -1 -0 0 -1 0 -0 -1 -0 0 -1 0 -0 -1 -0 0 -1 0 -0 -1 -0 0 -1 0 -0 -1 -0 0 -1 0 -0 -1 -0 0 -1 0 -0 -1 -0 0 -1 0 -0 -1 -0 0 -1 0 -0 -1 0 -0 -1 -0 0 -1 0 0 -1 0 0 -1 0 0 -1 0 0 -1 0 0 -1 0 0 -1 0 0 -1 0 0 -1 0 0 -1 0 0 -1 0 0 -1 0 0 -1 0 0 -1 0 0 -1 0 0 -1 0 0 -1 0 0 -1 0 0 -1 0 0 -1 0 0 -1 0 -0 -1 0 -0 -1 0 -0 -1 0 -0 -1 0 -0 -1 0 0 -1 0 0 -1 0 0 -1 0 0 -1 0 0 -1 0 0 -1 0 0 -1 0 0 -1 0 0 -1 0 0 -1 0 0 -1 0 0 -1 0 0 -1 0 0 -1 0 0 -1 -0 0 -1 0 -0 -1 -0 0 -1 0 -0 -1 0 -0 -1 -0 0 -1 0 -0 -1 -0 0 -1 0 -0 -1 -0 0 -1 0 -0 -1 -0 0 -1 0 -0 -1 -0 0 -1 0 -0 -1 0 -0 -1 -0 0 -1 -0 0 -1 -0 0 -1 -0 0 -1 -0 0 -1 -0 0 -1 -0 0 -1 -0 0 -1 -0 0 -1 -0 0 -1 -0 0 -1 -0 0 -1 0 0 -1 0 0 -1 0 0 -1 0 0 -1 -0 0 -1 0 0 -1 0 0 -1 0 0 -1 0 0 -1 0 0 -1 0 0 -1 0 0 -1 0 0 -1 0 0 -1 0 0 -1 0 0 -1 0 0 -1 0 0 -1 0 0 -1 0 0 -1 0 0 -1 0 0 -1 0 0 -1 0 0 -1 0 0 -1 0 0 -1 0 0 -1 0 0 -1 0 0 -1 0 0 -1 0 0 -1 0 0 -1 0 0 -1 0 0 -1 0 -0 -1 0 0 0 1 0 0 1 0 -0 1 0 0 1 0 -0 1 0 -0 1 0 -0 1 0 0 1 0 -0 1 0 0 1 0 -0 -1 0 0 -1 -0 -0 -1 0 0 -1 0 0 -1 0 0 -1 -0 -0 -1 0 0 -1 0 -0 -1 -0 0 -1 0 0 0.9996987 -0.02454402 0 0.9996987 -0.02454402 0 0.9972904 -0.07356478 0 0.9972904 -0.07356478 0 0.9924797 -0.1224091 0 0.9924797 -0.1224091 0 0.9852782 -0.1709587 0 0.9852782 -0.1709587 0 0.9757016 -0.2191035 0 0.9757016 -0.2191035 0 0.9637756 -0.2667146 0 0.9637756 -0.2667146 0 0.9495291 -0.313679 0 0.9495291 -0.313679 0 0.9329923 -0.3598964 0 0.9329923 -0.3598964 0 0.9142089 -0.4052431 0 0.9142089 -0.4052431 0 0.8932245 -0.4496109 0 0.8932245 -0.4496109 0 0.870088 -0.4928964 0 0.870088 -0.4928964 0 0.8448521 -0.5349999 0 0.8448521 -0.5349999 0 0.817585 -0.575808 0 0.817585 -0.575808 0 0.7883484 -0.615229 0 0.7883484 -0.615229 0 0.7572071 -0.6531749 0 0.7572071 -0.6531749 0 0.7242481 -0.6895395 0 0.7242481 -0.6895395 0 0.6895402 -0.7242475 0 0.6895402 -0.7242475 0 0.6531733 -0.7572085 0 0.6531733 -0.7572085 0 0.6152313 -0.7883466 0 0.6152313 -0.7883466 0 0.575808 -0.817585 0 0.575808 -0.817585 0 0.5349978 -0.8448535 0 0.5349978 -0.8448535 0 0.4928974 -0.8700874 0 0.4928974 -0.8700874 0 0.449612 -0.8932239 0 0.449612 -0.8932239 0 0.4052411 -0.9142099 0 0.4052411 -0.9142099 0 0.3598962 -0.9329925 0 0.3598962 -0.9329925 0 0.3136813 -0.9495283 0 0.3136813 -0.9495283 0 0.2667134 -0.9637759 0 0.2667134 -0.9637759 0 0.2191005 -0.9757023 0 0.1709616 -0.9852776 0 0.2191005 -0.9757023 0 0.1224116 -0.9924794 0 0.1709616 -0.9852776 0 0.1224116 -0.9924794 0 0.07356349 -0.9972905 0 0.07356349 -0.9972905 0 0.02454144 -0.9996988 0 0.02454144 -0.9996988 0 -0.02454144 -0.9996988 0 -0.07356349 -0.9972905 0 -0.02454144 -0.9996988 0 -0.07356349 -0.9972905 0 -0.1224116 -0.9924794 0 -0.1224116 -0.9924794 0 -0.1709612 -0.9852778 0 -0.1709612 -0.9852778 0 -0.2191011 -0.9757021 0 -0.2191011 -0.9757021 0 -0.2667134 -0.9637759 0 -0.3136813 -0.9495283 0 -0.2667134 -0.9637759 0 -0.3136813 -0.9495283 0 -0.3598953 -0.9329927 0 -0.3598953 -0.9329927 0 -0.4052421 -0.9142094 0 -0.4052421 -0.9142094 0 -0.4496109 -0.8932245 0 -0.4496109 -0.8932245 0 -0.4928974 -0.8700874 0 -0.4928974 -0.8700874 0 -0.534999 -0.8448527 0 -0.534999 -0.8448527 0 -0.575808 -0.817585 0 -0.575808 -0.817585 0 -0.6152313 -0.7883466 0 -0.6152313 -0.7883466 0 -0.653172 -0.7572096 0 -0.6895415 -0.7242461 0 -0.653172 -0.7572096 0 -0.6895415 -0.7242461 0 -0.7242467 -0.6895408 0 -0.7242467 -0.6895408 0 -0.7572083 -0.6531734 0 -0.7572083 -0.6531734 0 -0.7883472 -0.6152306 0 -0.7883472 -0.6152306 0 -0.817585 -0.575808 0 -0.817585 -0.575808 0 -0.8448533 -0.5349981 0 -0.8448533 -0.5349981 0 -0.8700869 -0.4928983 0 -0.8700869 -0.4928983 0 -0.8932245 -0.4496109 0 -0.8932245 -0.4496109 0 -0.91421 -0.405241 0 -0.91421 -0.405241 0 -0.9329923 -0.3598964 0 -0.9329923 -0.3598964 0 -0.9495283 -0.3136813 0 -0.9495283 -0.3136813 0 -0.9637759 -0.2667134 0 -0.9637759 -0.2667134 0 -0.9757021 -0.2191011 0 -0.9757021 -0.2191011 0 -0.9852775 -0.1709625 0 -0.9924795 -0.1224103 0 -0.9852775 -0.1709625 0 -0.9924795 -0.1224103 0 -0.9972904 -0.07356478 0 -0.9972904 -0.07356478 0 -0.9996988 -0.02454014 0 -0.9996988 -0.02454014 0 0 -1 0 0 -1 0 -0.02453884 0.9996988 0 -0.02453884 0.9996988 0 -0.07356517 0.9972905 0 -0.07356517 0.9972905 0 -0.1224135 0.9924791 0 -0.1224135 0.9924791 0 -0.1709642 0.9852773 0 -0.1709642 0.9852773 0 -0.2190991 0.9757026 0 -0.2190991 0.9757026 0 -0.2667132 0.9637759 0 -0.2667132 0.9637759 0 -0.3136805 0.9495285 0 -0.3136805 0.9495285 0 -0.3598955 0.9329926 0 -0.3598955 0.9329926 0 -0.4052441 0.9142085 0 -0.4052441 0.9142085 0 -0.4496037 0.8932282 0 -0.4496037 0.8932282 0 -0.4929025 0.8700846 0 -0.4929025 0.8700846 0 -0.5349973 0.8448538 0 -0.5349973 0.8448538 0 -0.5758114 0.8175826 0 -0.5758114 0.8175826 0 -0.6152297 0.7883479 0 -0.6152297 0.7883479 0 -0.65317 0.7572113 0 -0.65317 0.7572113 0 -0.6895413 0.7242464 0 -0.6895413 0.7242464 0 -0.7242461 0.6895416 0 -0.7242461 0.6895416 0 -0.7572113 0.65317 0 -0.788344 0.6152347 0 -0.7572113 0.65317 0 -0.788344 0.6152347 0 -0.8175826 0.5758114 0 -0.8175826 0.5758114 0 -0.8448567 0.5349927 0 -0.8700846 0.4929025 0 -0.8448567 0.5349927 0 -0.8700846 0.4929025 0 -0.8932261 0.4496079 0 -0.8932261 0.4496079 0 -0.9142102 0.4052402 0 -0.9142102 0.4052402 0 -0.9329926 0.3598955 0 -0.9329926 0.3598955 0 -0.9495285 0.3136805 0 -0.9495285 0.3136805 0 -0.9637752 0.2667159 0 -0.9637752 0.2667159 0 -0.9757031 0.2190969 0 -0.9852773 0.1709642 0 -0.9757031 0.2190969 0 -0.992479 0.1224148 0 -0.9852773 0.1709642 0 -0.992479 0.1224148 0 -0.9972905 0.07356441 0 -0.9996988 0.02453884 0 -0.9972905 0.07356441 0 -0.9996988 0.02453884 0 -0 1 0 0 1 0 0.9996988 0.02453884 0 0.9996988 0.02453884 0 0.9972905 0.07356441 0 0.9972905 0.07356441 0 0.992479 0.1224148 0 0.992479 0.1224148 0 0.9852781 0.1709592 -0 0.9757019 0.2191018 0 0.9852781 0.1709592 0 0.9757019 0.2191018 0 0.9637765 0.2667111 0 0.9637765 0.2667111 0 0.949527 0.3136851 0 0.949527 0.3136851 0 0.9329926 0.3598955 0 0.9329926 0.3598955 0 0.9142122 0.4052359 0 0.9142122 0.4052359 0 0.8932239 0.449612 0 0.8932239 0.449612 0 0.8700846 0.4929025 0 0.8700846 0.4929025 0 0.8448567 0.5349927 -0 0.817585 0.5758079 0 0.8448567 0.5349927 0 0.817585 0.5758079 0 0.788344 0.6152347 0 0.788344 0.6152347 0 0.7572113 0.65317 0 0.7572113 0.65317 0 0.7242461 0.6895416 -0 0.6895362 0.7242513 0 0.7242461 0.6895416 0 0.6895362 0.7242513 0 0.6531726 0.7572091 0 0.6531726 0.7572091 0 0.6152322 0.7883459 0 0.6152322 0.7883459 0 0.5758114 0.8175826 0 0.5758114 0.8175826 0 0.534995 0.8448552 -0 0.4929025 0.8700846 0 0.534995 0.8448552 0 0.4929025 0.8700846 0 0.4496058 0.8932271 -0 0.4052441 0.9142085 0 0.4496058 0.8932271 0 0.4052441 0.9142085 0 0.3598955 0.9329926 0 0.3598955 0.9329926 0 0.313679 0.9495291 0 0.313679 0.9495291 0 0.2667146 0.9637755 -0 0.2190991 0.9757026 0 0.2667146 0.9637755 0 0.2190991 0.9757026 0 0.1709633 0.9852775 0 0.1709633 0.9852775 0 0.1224142 0.9924791 0 0.1224142 0.9924791 0 0.07356479 0.9972905 -0 0.02453884 0.9996988 0 0.07356479 0.9972905 0 0.02453884 0.9996988 0 1 0 0 1 0 0 0.02453884 -0.9996988 0 0.07355449 -0.9972912 0 0.02453884 -0.9996988 0 0.07355449 -0.9972912 0 0.122404 -0.9924803 0 0.122404 -0.9924803 0 0.1709633 -0.9852775 0 0.1709633 -0.9852775 0 0.219109 -0.9757004 0 0.219109 -0.9757004 0 0.2667146 -0.9637755 0 0.2667146 -0.9637755 0 0.313679 -0.9495291 0 0.3598955 -0.9329926 0 0.313679 -0.9495291 0 0.3598955 -0.9329926 0 0.4052441 -0.9142085 0 0.4052441 -0.9142085 0 0.449614 -0.893223 0 0.449614 -0.893223 0 0.4928946 -0.870089 0 0.4928946 -0.870089 0 0.5350024 -0.8448505 0 0.5350024 -0.8448505 0 0.5757976 -0.8175923 0 0.5757976 -0.8175923 0 0.6152322 -0.7883459 0 0.6531785 -0.757204 0 0.6152322 -0.7883459 0 0.6531785 -0.757204 0 0.6895362 -0.7242513 0 0.6895362 -0.7242513 0 0.7242461 -0.6895416 0 0.7572157 -0.6531649 0 0.7242461 -0.6895416 0 0.7572157 -0.6531649 0 0.78834 -0.6152397 0 0.8175884 -0.575803 0 0.78834 -0.6152397 0 0.8175884 -0.575803 0 0.8448538 -0.5349973 0 0.8448538 -0.5349973 0 0.8700871 -0.492898 0 0.8932239 -0.449612 0 0.8700871 -0.492898 0 0.8932239 -0.449612 0 0.9142087 -0.4052436 0 0.9142087 -0.4052436 0 0.9329926 -0.3598955 0 0.949528 -0.3136821 0 0.9329926 -0.3598955 0 0.949528 -0.3136821 0 0.9637765 -0.2667111 0 0.9637765 -0.2667111 0 0.9757019 -0.2191018 0 0.9757019 -0.2191018 0 0.9852785 -0.1709574 0 0.9852785 -0.1709574 0 0.992479 -0.1224148 0 0.992479 -0.1224148 0 0.9972905 -0.07356517 0 0.9972905 -0.07356517 0 0.9996988 -0.02453859 0 0.9996988 -0.02453859 -0 -0 -1 0 0 -1 -0 -0.9996988 -0.02453859 0 -0.9996988 -0.02453859 0 -0.9972905 -0.07356517 -0 -0.9972905 -0.07356517 0 -0.992479 -0.1224148 -0 -0.992479 -0.1224148 0 -0.9852775 -0.1709624 -0 -0.9852775 -0.1709624 0 -0.9757031 -0.2190969 -0 -0.9757031 -0.2190969 0 -0.9637752 -0.2667159 -0 -0.9637752 -0.2667159 0 -0.9495296 -0.3136774 -0 -0.9495296 -0.3136774 0 -0.9329926 -0.3598955 -0 -0.9329926 -0.3598955 -0 -0.9142069 -0.4052479 0 -0.9142069 -0.4052479 0 -0.8932261 -0.4496079 -0 -0.8932261 -0.4496079 0 -0.8700871 -0.492898 -0 -0.8700871 -0.492898 0 -0.8448538 -0.5349973 -0 -0.8448538 -0.5349973 0 -0.8175859 -0.5758065 -0 -0.8175859 -0.5758065 0 -0.78834 -0.6152397 -0 -0.78834 -0.6152397 0 -0.7572157 -0.6531649 -0 -0.7572157 -0.6531649 0 -0.7242461 -0.6895416 -0 -0.7242461 -0.6895416 0 -0.6895413 -0.7242464 -0 -0.6895413 -0.7242464 0 -0.653176 -0.7572062 0 -0.6152297 -0.7883479 -0 -0.653176 -0.7572062 0 -0.6152297 -0.7883479 0 -0.5757976 -0.8175923 -0 -0.5757976 -0.8175923 0 -0.5350047 -0.844849 0 -0.4928946 -0.870089 -0 -0.5350047 -0.844849 0 -0.4928946 -0.870089 0 -0.449612 -0.893224 -0 -0.449612 -0.893224 0 -0.4052441 -0.9142085 -0 -0.4052441 -0.9142085 0 -0.3598955 -0.9329926 -0 -0.3598955 -0.9329926 0 -0.3136805 -0.9495285 -0 -0.3136805 -0.9495285 0 -0.2667132 -0.9637759 -0 -0.2667132 -0.9637759 0 -0.219109 -0.9757004 0 -0.1709642 -0.9852773 -0 -0.219109 -0.9757004 0 -0.1224033 -0.9924804 0 -0.1709642 -0.9852773 0 -0.1224033 -0.9924804 0 -0.07355487 -0.9972912 -0 -0.07355487 -0.9972912 0 -0.02453884 -0.9996988 -0 -0.02453884 -0.9996988 0 -1 0 0 -1 0 -1 0 0 -1 0 0 -1 -0 0 -1 0 0 -1 0 0 -1 0 0 -1 -0 0 -1 0 0 -1 0 0 -1 0 0 -1 -0 0 -1 0 0 -1 0 0 -1 0 0 -1 -0 0 -1 0 0 -1 0 0 -1 0 0 -1 -0 0 -1 0 0 -1 0 0 -1 0 0 -1 -0 0 -1 0 0 -1 0 0 -1 -0 0 -1 0 0 -1 0 0 -1 0 0 -1 0 0 -1 -0 0 -1 0 0 -1 0 0 -1 0 0 -1 -0 0 -1 0 0 -1 0 0 -1 -0 0 -1 0 0 -1 0 0 -1 0 0 -1 0 0 -1 -0 0 -1 0 0 -1 0 0 -1 0 0 -1 -0 0 -1 0 0 -1 0 0 -1 0 0 -1 -0 0 -1 0 0 -1 0 0 -1 0 0 -1 -0 0 -1 -0 0 -1 0 0 -1 0 0 -1 -0 0 -1 0 0 -1 -0 0 -1 0 0 -1 -0 0 -1 0 0 -1 0 0 -1 0 0 -1 0 0 -1 0 0 -1 0 0 -1 0 0 -1 0 0 -1 0 0 -1 0 0 -1 0 0 -1 0 0 -1 0 0 -1 0 0 -1 0 0 -1 0 0 -1 0 0 -1 0 0 -1 0 0 -1 0 0 -1 0 0 -1 0 0 -1 0 0 -1 0 0 -1 0 0 -1 0 0 -1 0 0 -1 0 0 -1 0 0 -1 0 0 -1 0 0 -1 0 0 -1 0 0 -1 0 0 -1 0 0 -1 0 0 -1 0 0 -1 -0 0 -1 0 0 -1 -0 0 -1 0 0 -1 -0 0 -1 0 0 -1 -0 0 -1 0 0 -1 -0 0 -1 0 0 -1 -0 0 -1 0 0 -1 -0 0 -1 0 0 -1 0 0 -1 -0 0 -1 0 0 -1 -0 0 -1 0 0 -1 -0 0 -1 0 0 -1 -0 0 -1 -0 0 -1 0 0 -1 -0 0 -1 0 0 -1 -0 0 -1 0 0 -1 -0 0 -1 0 0 -1 -0 0 -1 0 0 -1 -0 0 -1 0 0 -1 0 0 -1 -0 0 -1 0 0 -1 0 0 -1 0 0 -1 0 0 -1 0 0 -1 0 0 -1 0 0 -1 -0 0 -1 0 0 -1 0 0 -1 0 0 -1 0 0 -1 0 0 -1 0 0 -1 0 0 -1 -0 0 -1 0 0 -1 -0 0 -1 0 0 -1 0 0 -1 0 0 -1 0 0 -1 -0 0 -1 0 0 -1 -0 0 -1 0 0 -1 0 0 -1 0 0 -1 0 0 -1 0 0 -1 -0 0 -1 0 0 -1 -0 0 -1 0 0 -1 0 0 -1 0 0 -1 -0 0 -1 0 0 -1 0 0 -1 0 0 -1 0 0 -1 -0 0 -1 0 0 -1 0 0 -1 -0 0 -1 -0 0 -1 0 0 -1 0 0 -1 0 0 -1 -0 0 -1 0 0 -1 -0 0 -1 0 0 -1 0 0 -1 0 0 -1 -0 0 -1 0 0 -1 -0 0 -1 0 0 -1 -0 0 -1 0 0 -1 0 0 -1 -0 0 -1 0 0 -1 0 0 -1 0 0 -1 0 0 -1 0 0 -1 0 0 -1 0 0 -1 0 0 -1 0 0 -1 0 0 -1 0 0 -1 0 0 -1 0 0 -1 0 0 -1 0 0 -1 0 0 -1 0 0 -1 0 0 -1 0 0 -1 0 0 -1 0 0 -1 0 0 -1 0 0 -1 0 0 -1 0 0 -1 0 0 -1 0 0 -1 0 0 -1 0 0 -1 0 0 -1 0 0 -1 0 0 -1 0 0 -1 0 0 -1 0 0 -1 0 0 -1 0 0 -1 0 0 -1 0 0 -1 0 0 -1 0 0 -1 0 0 -1 0 0 -1 0 0 -1 0 0 -1 0 0 -1 0 0 -1 0 0 -1 0 0 -1 0 0 -1 0 0 -1 0 0 -1 0 0 -1 0 0 -1 0 0 -1 0 0 -1 0 0 -1 0 0 -1 0 0 -1 0 0 -1 0 0 -1 0 0 -1 0 0 -1 0 0 -1 0 0 -1 0 0 -1 0 0 -1 0 0 -1 0 0 -1 0 0 -1 0 0 -1 0 0 -1 0 0 -1 0 0 -1 0 0 -1 0 0 -1 0 0 -1 0 0 -1 0 0 -1 0 0 -1 0 0 -1 0 0 -1 0 0 -1 0 0 -1 0 0 -1 -0 0 -1 -0 0 -1 -0 0 -1 -0 0 -1 -0 0 -1 -0 0 -1 0 0 -1 0 0 -1 0 0 -1 0 0 -1 0 0 -1 0 0 -1 0 0 -1 0 0 -1 0 0 -1 0 0 -1 0 0 -1 0 0 -1 0 0 -1 0 0 -1 0 0 -1 0 0 -1 0 0 -1 0 0 -1 0 0 -1 0 0 -1 0 0 -1 0 0 -1 0 0 -1 0 0 -1 0 0 -1 0 0 -1 0 0 -1 0 0 -1 0 0 -1 0 0 -1 0 0 -1 0 0 -1 0 0 -1 0 0 -1 0 0 -1 0 0 -1 0 0 1 0 0 1 0 0 1 -0 0 1 0 0 1 0 -0 1 0 0 1 -0 0 1 0 0 1 0 -0 1 0 0 1 -0 0 1 0 0 1 0 -0 1 0 0 1 -0 0 1 0 0 1 0 -0 1 0 0 1 -0 0 1 0 0 1 0 -0 1 0 0 1 -0 0 1 0 -0 1 0 0 1 0 0 1 -0 0 1 0 0 1 0 -0 1 0 0 1 -0 0 1 0 -0 1 0 0 1 -0 0 1 0 0 1 0 0 1 0 -0 1 0 0 1 -0 0 1 0 0 1 0 -0 1 -0 0 1 0 0 1 0 0 1 0 -0 1 0 0 1 -0 0 1 0 0 1 0 -0 1 0 0 1 -0 0 1 0 0 1 0 -0 1 0 0 1 -0 0 1 -0 0 1 0 -0 1 0 0 1 -0 0 1 -0 0 1 0 -0 1 0 0 1 0 -0 1 -0 0 1 0 0 1 0 0 1 0 -0 1 0 0 1 0 0 1 0 -0 1 0 0 1 0 -0 1 0 0 1 0 0 1 0 0 1 0 -0 1 0 0 1 0 0 1 0 -0 1 0 0 1 0 0 1 0 -0 1 0 0 1 0 0 1 0 -0 1 0 0 1 0 0 1 0 -0 1 0 0 1 0 0 1 0 -0 1 0 0 1 0 -0 1 0 0 1 0 0 1 0 0 1 0 -0 1 0 -0 1 0 0 1 0 -0 1 -0 0 1 0 -0 1 -0 0 1 0 -0 1 -0 0 1 0 -0 1 -0 0 1 0 0 1 -0 0 1 0 0 1 -0 0 1 0 0 1 -0 0 1 0 0 1 -0 0 1 0 0 1 -0 0 1 0 0 1 0 0 1 -0 0 1 0 0 1 -0 0 1 -0 0 1 0 0 1 -0 0 1 0 0 1 -0 0 1 0 0 1 -0 0 1 0 0 1 -0 0 1 0 0 1 -0 0 1 0 0 1 0 0 1 -0 0 1 0 0 1 0 0 1 0 0 1 0 0 1 0 0 1 0 0 1 -0 0 1 0 0 1 0 0 1 0 0 1 0 0 1 0 0 1 0 0 1 0 0 1 -0 0 1 0 -0 1 0 0 1 0 -0 1 0 0 1 -0 0 1 -0 0 1 0 -0 1 0 0 1 0 0 1 -0 0 1 0 -0 1 0 0 1 -0 0 1 0 0 1 0 -0 1 0 0 1 -0 0 1 0 -0 1 0 -0 1 0 0 1 -0 0 1 0 -0 1 0 -0 1 0 0 1 -0 -0 1 0 -0 1 0 0 1 -0 0 1 0 -0 1 0 -0 1 0 -0 1 -0 0 1 0 -0 1 0 0 1 -0 -0 1 0 -0 1 -0 -0 1 0 -0 1 0 -0 1 -0 0 1 0 -0 1 0 0 1 -0 -0 1 0 -0 1 -0 -0 1 0 0 1 0 0 1 0 0 1 -0 -0 1 0 0 1 0 0 1 0 0 1 0 0 1 0 0 1 0 0 1 0 0 1 0 -0 1 0 0 1 0 0 1 0 0 1 0 0 1 0 -0 1 0 0 1 0 -0 1 0 0 1 0 0 1 0 -0 1 0 0 1 0 -0 1 0 0 1 0 0 1 0 -0 1 0 0 1 0 -0 1 0 -0 1 0 0 1 0 -0 1 0 0 1 0 -0 1 0 0 1 0 -0 1 0 0 1 0 -0 1 0 -0 1 0 0 1 0 -0 1 0 0 1 0 -0 1 0 0 1 0 -0 1 0 0 1 0 -0 1 0 0 1 0 -0 1 0 -0 1 0 0 1 0 -0 1 0 -0 1 0 0 1 0 0 1 0 0 1 0 0 1 0 0 1 0 0 1 0 0 1 0 0 1 0 0 1 0 0 1 0 0 1 0 0 1 0 0 1 0 0 1 0 0 1 0 -0 1 0 0 1 0 0 1 0 0 1 -0 0 1 0 -0 1 -0 0 1 0 -0 1 -0 0 1 0 -0 1 -0 0 1 0 -0 1 -0 0 1 -0 0 1 -0 0 1 -0 0 1 -0 0 1 -0 0 1 -0 0 1 -0 0 1 -0 0 1 -0 0 1 -0 0 1 -0 0 1 -0 0 1 -0 0 1 0 0 1 0 0 1 0 0 1 0 0 1 0 0 1 0 0 1 0 0 1 0 0 1 0 0 1 0 0 1 0 0 1 0 0 1 0 0 1 0 0 1 0 0 1 0 0 1 0 0 1 0 0 1 0 0 1 0 0 1 0 0 1 0 0 1 0 0 1 0 0 1 0 0 1 0 0 1 0 0 1 0 0 1 0 0 1 0 0 1 0 0 1 0 0 1 0 0 1 0 0 1 0 0 1 0 0 1 0 0 0 0 1 0 0 1 1 -0 0 1 0 -0 1 -0 0 1 0 -0 1 -0 0 1 0 -0 1 -0 0 1 0 -0 1 -0 0 1 0 -0 1 -0 0 1 0 -0 1 -0 0 1 0 -0 1 -0 0 1 0 -0 1 -0 0 1 0 -0 1 -0 0 1 0 -0 1 -0 0 1 0 -0 1 -0 0 1 0 -0 1 -0 0 1 0 -0 1 -0 0 1 0 -0 1 -0 0 1 0 -0 1 -0 0 1 0 -0 1 0 0 1 -0 0 1 0 0 1 0 0 1 0 0 1 0 0 1 0 0 1 0 0 1 0 0 1 0 0 1 0 -0 1 0 -0 1 0 -0 1 0 -0 1 0 -0 1 0 -0 1 0 -0 1 0 -0 1 0 -0 1 0 -0 1 0 -0 1 0 -0 1 0 -0 1 0 -0 1 0 -0 1 0 -0 1 0 -0 1 0 -0 1 0 -0 1 0 -0 1 0 -0 1 0 -0 1 0 -0 1 0 -0 1 0 0 1 0 0 1 0 0 1 0 0 1 0 0 1 0 0 1 0 0 1 0 0 1 0 0 1 0 0 1 0 0 1 0 0 1 0 0 1 0 0 1 0 0 1 0 0 1 0 0 1 0 0 1 0 0 1 0 0 1 0 0 1 0 0 1 0 0 1 0 0 1 0 -0 1 -0 0 1 -0 0 1 -0 0 1 -0 0 1 -0 0 1 -0 0 1 -0 0 1 -0 0 1 -0 0 1 0 -0 1 -0 0 1 0 0 1 0 0 1 0 0 1 0 0 1 0 0 1 0 0 1 0 0 1 0 0 1 0 0 1 0 0 1 0 0 1 0 0 1 0 0 1 0 0 1 0 0 1 0 0 1 0 0 1 0 0 1 0 0 1 0 0 1 0 0 1 0 0 1 0 0 1 0 0 1 0 0 1 0 0 1 0 0 1 0 0 1 0 0 1 0 0 1 0 0 1 0 0 1 0 0 1 0 0 0 0 -1 0 0 -1 1 -0 -0 1 0 0 1 0 0 1 -0 -0 1 -0 -0 1 0 0 1 0 0 1 -0 -0 1 -0 -0 1 -0 -0 1 0 0 1 0 0 1 -0 -0 1 -0 -0 1 0 0 1 0 0 1 0 0 1 0 0 1 0 0 1 -0 -0 1 -0 -0 1 -0 -0 1 0 0 1 0 0 1 0 0 1 -0 -0 1 -0 -0 1 -0 -0 1 -0 -0 1 0 -0 1 0 -0 1 -0 -0 1 0 -0 1 0 -0 1 0 -0 1 0 -0 1 0 -0 1 0 -0 1 0 -0 1 0 -0 1 0 -0 1 0 -0 1 0 -0 1 0 -0 1 0 -0 1 0 -0 1 0 -0 1 0 -0 1 0 -0 1 0 -0 1 0 -0 1 0 -0 1 0 -0 1 0 -0 1 0 -0 1 0 -0 1 0 -0 1 0 -0 1 0 -0 1 0 -0 1 0 -0 1 0 -0 1 0 -0 1 0 0 1 0 -0 0 0.02492468 -0.9996893 0 0.02492468 -0.9996893 0 0.07474802 -0.9972025 0 0.1243368 -0.9922401 0 0.07474802 -0.9972025 0 0.1243368 -0.9922401 0 0.1736396 -0.9848093 0 0.222525 -0.974927 0 0.1736396 -0.9848093 0 0.2708387 -0.9626248 0 0.222525 -0.974927 0 0.2708387 -0.9626248 0 0.3184976 -0.9479237 0 0.3184976 -0.9479237 0 0.3653297 -0.9308782 0 0.4112948 -0.9115024 0 0.3653297 -0.9308782 0 0.4112948 -0.9115024 0 0.4562011 -0.8898767 0 0.4562011 -0.8898767 0 0.5000032 -0.8660235 0 0.5000032 -0.8660235 0 0.5425566 -0.8400193 0 0.5425566 -0.8400193 0 0.5837401 -0.8119406 0 0.5837401 -0.8119406 0 0.6234842 -0.781836 0 0.6234842 -0.781836 0 0.661689 -0.7497784 0 0.661689 -0.7497784 0 0.6982324 -0.7158711 0 0.6982324 -0.7158711 0 0.7330525 -0.6801721 0 0.7330525 -0.6801721 0 0.7660468 -0.6427848 0 0.7660468 -0.6427848 0 0.7971376 -0.6037977 0 0.7971376 -0.6037977 0 0.8262395 -0.5633191 0 0.8532858 -0.5214434 0 0.8262395 -0.5633191 0 0.8532858 -0.5214434 0 0.8782222 -0.4782528 0 0.9009675 -0.4338867 0 0.8782222 -0.4782528 0 0.9009675 -0.4338867 0 0.9214771 -0.3884328 0 0.939692 -0.3420219 0 0.9214771 -0.3884328 0 0.939692 -0.3420219 0 0.9555737 -0.2947524 0 0.9555737 -0.2947524 0 0.9690769 -0.2467587 0 0.9801729 -0.1981442 0 0.9690769 -0.2467587 0 0.9888307 -0.1490428 0 0.9801729 -0.1981442 0 0.9888307 -0.1490428 0 0.9950311 -0.09956496 0 0.9987568 -0.04984733 0 0.9950311 -0.09956496 0 0.9987568 -0.04984733 0 1 0 -0 0.9987569 0.04984604 0 1 0 0 0.9987569 0.04984604 0 0.9950311 0.09956496 -0 0.9888307 0.1490428 0 0.9950311 0.09956496 0 0.9888307 0.1490428 0 0.9801719 0.1981492 0 0.9801719 0.1981492 0 0.9690769 0.2467587 0 0.9690769 0.2467587 0 0.9555737 0.2947524 0 0.9555737 0.2947524 0 0.939692 0.3420219 0 0.939692 0.3420219 0 0.9214771 0.3884328 0 0.9214771 0.3884328 -0 0.9009675 0.4338867 0 0.9009675 0.4338867 0 0.8782222 0.4782528 0 0.8782222 0.4782528 0 0.8532929 0.5214319 0 0.8532929 0.5214319 0 0.8262395 0.5633191 0 0.8262395 0.5633191 0 0.7971281 0.6038103 0 0.7971281 0.6038103 0 0.7660468 0.6427848 0 0.7660468 0.6427848 0 0.7330525 0.6801721 0 0.7330525 0.6801721 0 0.6982324 0.7158711 0 0.6982324 0.7158711 0 0.661689 0.7497784 0 0.661689 0.7497784 0 0.6235001 0.7818233 0 0.6235001 0.7818233 0 0.5837401 0.8119406 0 0.5837401 0.8119406 0 0.5425382 0.8400311 0 0.5425382 0.8400311 0 0.5000032 0.8660235 0 0.5000032 0.8660235 0 0.4562217 0.8898661 0 0.4562217 0.8898661 0 0.4112732 0.9115121 0 0.4112732 0.9115121 0 0.3653522 0.9308694 0 0.3653522 0.9308694 0 0.3184742 0.9479315 0 0.3184742 0.9479315 0 0.2708387 0.9626248 0 0.2708387 0.9626248 0 0.222525 0.974927 0 0.222525 0.974927 0 0.1736396 0.9848093 0 0.1736396 0.9848093 0 0.1243625 0.9922369 0 0.1243625 0.9922369 0 0.07472213 0.9972044 0 0.07472213 0.9972044 0 0.02492468 0.9996893 0 0.02492468 0.9996893 0 -0.02492468 0.9996893 0 -0.02492468 0.9996893 0 -0.07472213 0.9972044 0 -0.07472213 0.9972044 0 -0.1243629 0.9922367 0 -0.1243629 0.9922367 0 -0.1736396 0.9848093 0 -0.1736396 0.9848093 0 -0.222525 0.974927 0 -0.222525 0.974927 0 -0.2708387 0.9626248 0 -0.2708387 0.9626248 0 -0.3184732 0.9479318 0 -0.3184732 0.9479318 0 -0.3653522 0.9308694 0 -0.3653522 0.9308694 0 -0.4112744 0.9115115 0 -0.4112744 0.9115115 0 -0.4562204 0.8898668 0 -0.4562204 0.8898668 0 -0.5000046 0.8660227 0 -0.5000046 0.8660227 0 -0.5425367 0.8400321 0 -0.5425367 0.8400321 0 -0.5837416 0.8119394 0 -0.5837416 0.8119394 0 -0.6235001 0.7818233 0 -0.6235001 0.7818233 0 -0.6616858 0.7497813 0 -0.6616858 0.7497813 0 -0.6982356 0.7158679 0 -0.6982356 0.7158679 0 -0.7330508 0.6801738 0 -0.7330508 0.6801738 0 -0.7660468 0.6427848 0 -0.7660468 0.6427848 0 -0.7971281 0.6038103 0 -0.7971281 0.6038103 0 -0.8262395 0.5633191 0 -0.8262395 0.5633191 0 -0.8532944 0.5214295 0 -0.8532944 0.5214295 0 -0.8782209 0.4782553 0 -0.8782209 0.4782553 0 -0.9009675 0.4338867 0 -0.9009675 0.4338867 0 -0.9214771 0.3884328 0 -0.9214771 0.3884328 0 -0.939693 0.3420191 0 -0.939693 0.3420191 0 -0.9555737 0.2947524 0 -0.9555737 0.2947524 0 -0.9690762 0.2467618 0 -0.9690762 0.2467618 0 -0.9801719 0.1981492 0 -0.9801719 0.1981492 0 -0.9888312 0.1490396 0 -0.9888312 0.1490396 0 -0.9950308 0.09956819 0 -0.9950308 0.09956819 0 -0.9987568 0.04984929 0 -0.9987568 0.04984929 0 -1 0 0 -1 0 -0 -0.9987567 -0.04985058 0 -0.9987567 -0.04985058 -0 -0.9950308 -0.09956819 0 -0.9950308 -0.09956819 -0 -0.9888312 -0.1490396 0 -0.9888312 -0.1490396 0 -0.9690762 -0.2467618 -0 -0.9801729 -0.1981442 0 -0.9801729 -0.1981442 0 -0.9690762 -0.2467618 0 -0.9555737 -0.2947524 -0 -0.9555737 -0.2947524 0 -0.939693 -0.3420191 -0 -0.939693 -0.3420191 0 -0.9214771 -0.3884328 0 -0.9009675 -0.4338867 -0 -0.9214771 -0.3884328 0 -0.9009675 -0.4338867 0 -0.8782209 -0.4782553 -0 -0.8782209 -0.4782553 0 -0.8532873 -0.521441 -0 -0.8532873 -0.521441 0 -0.8262395 -0.5633191 0 -0.7971376 -0.6037977 -0 -0.8262395 -0.5633191 0 -0.7971376 -0.6037977 0 -0.7660468 -0.6427848 0 -0.7330508 -0.6801738 -0 -0.7660468 -0.6427848 0 -0.7330508 -0.6801738 0 -0.6982356 -0.7158679 -0 -0.6982356 -0.7158679 -0 -0.6616858 -0.7497813 0 -0.6616858 -0.7497813 -0 -0.6234842 -0.781836 0 -0.6234842 -0.781836 -0 -0.5837416 -0.8119394 0 -0.5837416 -0.8119394 -0 -0.5425551 -0.8400202 0 -0.5425551 -0.8400202 0 -0.5000046 -0.8660227 -0 -0.5000046 -0.8660227 0 -0.4561998 -0.8898774 -0 -0.4561998 -0.8898774 0 -0.411296 -0.9115018 -0 -0.411296 -0.9115018 0 -0.3653297 -0.9308782 -0 -0.3653297 -0.9308782 0 -0.3184966 -0.947924 -0 -0.3184966 -0.947924 0 -0.2708387 -0.9626248 -0 -0.2708387 -0.9626248 0 -0.222525 -0.974927 -0 -0.222525 -0.974927 0 -0.1736396 -0.9848093 -0 -0.1736396 -0.9848093 0 -0.1243372 -0.99224 -0 -0.1243372 -0.99224 0 -0.07474802 -0.9972025 -0 -0.07474802 -0.9972025 0 -0.02492468 -0.9996893 -0 -0.02492468 -0.9996893 0 -0.02455956 0.9996984 0 -0.02455956 0.9996984 0 -0.07355486 0.9972911 0 -0.07355486 0.9972911 0 -0.1224033 0.9924804 0 -0.1224033 0.9924804 0 -0.1709642 0.9852772 0 -0.1709642 0.9852772 0 -0.219109 0.9757004 0 -0.219109 0.9757004 0 -0.2667133 0.963776 0 -0.2667133 0.963776 0 -0.3136805 0.9495286 0 -0.3136805 0.9495286 0 -0.3598955 0.9329926 0 -0.3598955 0.9329926 0 -0.4052441 0.9142085 0 -0.4052441 0.9142085 0 -0.449612 0.893224 0 -0.449612 0.893224 0 -0.4928946 0.8700889 0 -0.4928946 0.8700889 0 -0.5350048 0.8448491 0 -0.5350048 0.8448491 0 -0.5757976 0.8175923 0 -0.5757976 0.8175923 0 -0.6152297 0.7883479 0 -0.6152297 0.7883479 0 -0.6531759 0.7572061 0 -0.6531759 0.7572061 0 -0.6895413 0.7242464 0 -0.6895413 0.7242464 0 -0.7242461 0.6895416 0 -0.7242461 0.6895416 0 -0.7572069 0.6531751 0 -0.7883479 0.6152297 0 -0.7572069 0.6531751 0 -0.7883479 0.6152297 0 -0.817586 0.5758066 0 -0.817586 0.5758066 0 -0.8448538 0.5349973 0 -0.8700871 0.4928981 0 -0.8448538 0.5349973 0 -0.8700871 0.4928981 0 -0.893226 0.4496078 0 -0.893226 0.4496078 0 -0.9142067 0.4052479 0 -0.9142067 0.4052479 0 -0.9329926 0.3598955 0 -0.9329926 0.3598955 0 -0.9495296 0.3136774 0 -0.9495296 0.3136774 0 -0.9637752 0.2667159 0 -0.9637752 0.2667159 0 -0.9757031 0.219097 0 -0.9852775 0.1709624 0 -0.9757031 0.219097 0 -0.992479 0.1224148 0 -0.9852775 0.1709624 0 -0.992479 0.1224148 0 -0.9972904 0.07356516 0 -0.9972904 0.07356516 0 -0.9996988 0.0245391 0 -0.9996988 0.0245391 0 -0 1 0 0 1 0 0.9996988 0.0245391 0 0.9996988 0.0245391 0 0.9972904 0.07356516 0 0.9972904 0.07356516 0 0.992479 0.1224148 0 0.992479 0.1224148 0 0.9852784 0.1709574 -0 0.975702 0.2191019 0 0.9852784 0.1709574 0 0.975702 0.2191019 0 0.9637765 0.2667111 0 0.9637765 0.2667111 0 0.9495281 0.3136821 0 0.9495281 0.3136821 0 0.9329926 0.3598955 0 0.9329926 0.3598955 0 0.9142087 0.4052436 0 0.9142087 0.4052436 0 0.8932239 0.449612 0 0.8932239 0.449612 -0 0.8700871 0.4928981 0 0.8700871 0.4928981 0 0.8448538 0.5349973 0 0.8448538 0.5349973 0 0.8175884 0.5758031 0 0.8175884 0.5758031 0 0.7883479 0.6152297 0 0.7883479 0.6152297 0 0.7572069 0.6531751 -0 0.7242461 0.6895416 0 0.7572069 0.6531751 0 0.7242461 0.6895416 0 0.6895361 0.7242513 0 0.6895361 0.7242513 0 0.6531785 0.757204 -0 0.6152322 0.788346 0 0.6531785 0.757204 0 0.6152322 0.788346 0 0.5757976 0.8175923 0 0.5757976 0.8175923 0 0.5350024 0.8448505 0 0.5350024 0.8448505 0 0.4928946 0.8700889 0 0.4928946 0.8700889 0 0.449614 0.8932229 -0 0.4052441 0.9142085 0 0.449614 0.8932229 0 0.4052441 0.9142085 0 0.3598955 0.9329926 -0 0.313679 0.9495291 0 0.3598955 0.9329926 -0 0.2667146 0.9637756 0 0.313679 0.9495291 0 0.2667146 0.9637756 0 0.219109 0.9757004 -0 0.1709633 0.9852774 0 0.219109 0.9757004 0 0.1709633 0.9852774 0 0.122404 0.9924804 -0 0.07355447 0.9972911 0 0.122404 0.9924804 0 0.07355447 0.9972911 0 0.02455956 0.9996984 0 0.02455956 0.9996984 0 1 0 0 1 0 0 0.02453884 -0.9996988 0 0.07355447 -0.9972911 0 0.02453884 -0.9996988 0 0.07355447 -0.9972911 0 0.122404 -0.9924804 0 0.1709633 -0.9852774 0 0.122404 -0.9924804 0 0.1709633 -0.9852774 0 0.219109 -0.9757004 0 0.219109 -0.9757004 0 0.2667146 -0.9637756 0 0.313679 -0.9495291 0 0.2667146 -0.9637756 0 0.3598955 -0.9329926 0 0.313679 -0.9495291 0 0.3598955 -0.9329926 0 0.4052441 -0.9142085 0 0.4052441 -0.9142085 0 0.449614 -0.8932229 0 0.449614 -0.8932229 0 0.4928946 -0.8700889 0 0.4928946 -0.8700889 0 0.5350024 -0.8448505 0 0.5350024 -0.8448505 0 0.5757976 -0.8175923 0 0.6152322 -0.788346 0 0.5757976 -0.8175923 0 0.6152322 -0.788346 0 0.6531785 -0.757204 0 0.6895361 -0.7242513 0 0.6531785 -0.757204 0 0.7242461 -0.6895416 0 0.6895361 -0.7242513 0 0.7242461 -0.6895416 0 0.7572157 -0.6531648 0 0.7883401 -0.6152397 0 0.7572157 -0.6531648 0 0.7883401 -0.6152397 0 0.8175884 -0.5758031 0 0.8175884 -0.5758031 0 0.8448538 -0.5349973 0 0.8700871 -0.4928981 0 0.8448538 -0.5349973 0 0.8700871 -0.4928981 0 0.8932239 -0.449612 0 0.8932239 -0.449612 0 0.9142087 -0.4052436 0 0.9329926 -0.3598955 0 0.9142087 -0.4052436 0 0.9495281 -0.3136821 0 0.9329926 -0.3598955 0 0.9495281 -0.3136821 0 0.9637765 -0.2667111 0 0.9637765 -0.2667111 0 0.975702 -0.2191019 0 0.975702 -0.2191019 0 0.9852784 -0.1709574 0 0.9852784 -0.1709574 0 0.992479 -0.1224148 0 0.992479 -0.1224148 0 0.9972904 -0.07356516 0 0.9972904 -0.07356516 0 0.9996988 -0.02453859 0 0.9996988 -0.02453859 -0 -0 -1 0 0 -1 -0 -0.9996988 -0.02453859 0 -0.9996988 -0.02453859 0 -0.9972904 -0.07356516 -0 -0.9972904 -0.07356516 0 -0.992479 -0.1224148 -0 -0.992479 -0.1224148 0 -0.9852775 -0.1709624 -0 -0.9852775 -0.1709624 0 -0.9757031 -0.219097 -0 -0.9757031 -0.219097 0 -0.9637752 -0.2667159 -0 -0.9637752 -0.2667159 0 -0.9495296 -0.3136774 -0 -0.9495296 -0.3136774 0 -0.9329926 -0.3598955 -0 -0.9329926 -0.3598955 -0 -0.9142067 -0.4052479 0 -0.9142067 -0.4052479 0 -0.893226 -0.4496078 -0 -0.893226 -0.4496078 0 -0.8700871 -0.4928981 -0 -0.8700871 -0.4928981 0 -0.8448538 -0.5349973 -0 -0.8448538 -0.5349973 0 -0.817586 -0.5758066 -0 -0.817586 -0.5758066 0 -0.7883401 -0.6152397 -0 -0.7883401 -0.6152397 0 -0.7572157 -0.6531648 -0 -0.7572157 -0.6531648 0 -0.7242461 -0.6895416 -0 -0.7242461 -0.6895416 0 -0.6895413 -0.7242464 -0 -0.6895413 -0.7242464 0 -0.6531759 -0.7572061 0 -0.6152297 -0.7883479 -0 -0.6531759 -0.7572061 0 -0.6152297 -0.7883479 0 -0.5757976 -0.8175923 -0 -0.5757976 -0.8175923 0 -0.5350048 -0.8448491 0 -0.4928946 -0.8700889 -0 -0.5350048 -0.8448491 0 -0.4928946 -0.8700889 0 -0.449612 -0.893224 -0 -0.449612 -0.893224 0 -0.4052441 -0.9142085 -0 -0.4052441 -0.9142085 0 -0.3598955 -0.9329926 -0 -0.3598955 -0.9329926 0 -0.3136805 -0.9495286 -0 -0.3136805 -0.9495286 0 -0.2667133 -0.963776 -0 -0.2667133 -0.963776 0 -0.219109 -0.9757004 0 -0.1709642 -0.9852772 -0 -0.219109 -0.9757004 0 -0.1224033 -0.9924804 0 -0.1709642 -0.9852772 0 -0.1224033 -0.9924804 0 -0.07355486 -0.9972911 0 -0.02453884 -0.9996988 -0 -0.07355486 -0.9972911 0 -0.02453884 -0.9996988 0 -1 0 0 -1 0 0 0.9996987 0.02454428 0 0.9996987 0.02454428 0 0.9972906 0.07356364 0 0.9972906 0.07356364 0 0.9924797 0.1224097 0 0.9924797 0.1224097 0 0.9852778 0.1709609 0 0.975702 0.2191019 0 0.9852778 0.1709609 0 0.9637752 0.2667159 0 0.975702 0.2191019 0 0.9637752 0.2667159 0 0.9495296 0.3136774 0 0.9495296 0.3136774 0 0.9329926 0.3598955 0 0.9142102 0.4052402 0 0.9329926 0.3598955 0 0.9142102 0.4052402 0 0.8932239 0.449612 0 0.8700842 0.492903 0 0.8932239 0.449612 0 0.8700842 0.492903 0 0.8448573 0.5349917 0 0.8448573 0.5349917 0 0.8175815 0.5758128 0 0.8175815 0.5758128 0 0.7883505 0.6152264 0 0.7883505 0.6152264 0 0.7572044 0.6531781 0 0.7242487 0.6895388 0 0.7572044 0.6531781 0 0.7242487 0.6895388 0 0.6895361 0.7242513 0 0.6895361 0.7242513 0 0.6531785 0.757204 0 0.6531785 0.757204 0 0.6152322 0.788346 0 0.6152322 0.788346 0 0.5758114 0.8175825 0 0.5758114 0.8175825 0 0.5349876 0.8448599 0 0.5349876 0.8448599 0 0.4929081 0.8700814 0 0.4929081 0.8700814 0 0.4495996 0.8932302 0 0.4052421 0.9142094 0 0.4495996 0.8932302 0 0.4052421 0.9142094 0 0.3598973 0.932992 0 0.313679 0.9495291 0 0.3598973 0.932992 0 0.313679 0.9495291 0 0.2667146 0.9637756 0 0.2667146 0.9637756 0 0.2191079 0.9757006 0 0.2191079 0.9757006 0 0.1709642 0.9852772 0 0.1709642 0.9852772 0 0.122404 0.9924804 0 0.07357509 0.9972896 0 0.122404 0.9924804 0 0.07357509 0.9972896 0 -0.02453884 0.9996988 0 0.02453884 0.9996988 0 0.02453884 0.9996988 0 -0.02453884 0.9996988 0 -0.07357509 0.9972896 0 -0.07357509 0.9972896 0 -0.122404 0.9924804 0 -0.122404 0.9924804 0 -0.1709637 0.9852774 0 -0.1709637 0.9852774 0 -0.2191084 0.9757004 0 -0.2191084 0.9757004 0 -0.2667146 0.9637756 0 -0.2667146 0.9637756 0 -0.313679 0.9495291 0 -0.313679 0.9495291 0 -0.3598964 0.9329923 0 -0.4052431 0.9142089 0 -0.3598964 0.9329923 0 -0.4052431 0.9142089 0 -0.4495986 0.8932307 0 -0.4495986 0.8932307 0 -0.4929081 0.8700814 0 -0.4929081 0.8700814 0 -0.5349888 0.8448592 0 -0.5349888 0.8448592 0 -0.5758114 0.8175825 0 -0.5758114 0.8175825 0 -0.6152322 0.788346 0 -0.6152322 0.788346 0 -0.6531772 0.7572051 0 -0.6531772 0.7572051 0 -0.6895375 0.7242501 0 -0.6895375 0.7242501 0 -0.7242475 0.6895402 0 -0.7242475 0.6895402 0 -0.7572056 0.6531765 0 -0.7572056 0.6531765 0 -0.7883492 0.6152281 0 -0.7883492 0.6152281 0 -0.8175884 0.5758031 0 -0.8175884 0.5758031 0 -0.8448526 0.5349992 0 -0.8700831 0.492905 0 -0.8448526 0.5349992 0 -0.8700831 0.492905 0 -0.8932282 0.4496037 0 -0.8932282 0.4496037 0 -0.9142078 0.4052457 0 -0.9142078 0.4052457 0 -0.9329926 0.3598955 0 -0.9329926 0.3598955 0 -0.9495288 0.3136798 0 -0.9495288 0.3136798 0 -0.9637755 0.2667147 0 -0.9637755 0.2667147 0 -0.9757025 0.2190994 0 -0.9757025 0.2190994 0 -0.9852771 0.1709647 0 -0.9852771 0.1709647 0 -0.9924795 0.122411 0 -0.9924795 0.122411 0 -0.9972906 0.07356364 0 -0.9996988 0.02454039 0 -0.9972906 0.07356364 0 -0.9996988 0.02454039</float_array>
          <technique_common>
            <accessor count="2120" source="#cubenormals-array0-array" stride="3">
              <param type="float" name="X"/>
              <param type="float" name="Y"/>
              <param type="float" name="Z"/>
            </accessor>
          </technique_common>
        </source>
        <vertices id="cubeverts-array0-vertices">
          <input semantic="POSITION" source="#cubeverts-array0"/>
        </vertices>
        <triangles count="2120" material="ref_Body010">
          <input offset="0" semantic="VERTEX" source="#cubeverts-array0-vertices"/>
          <input offset="1" semantic="NORMAL" source="#cubenormals-array0"/>
          <p>0 0 1 0 2 0 0 1 2 1 3 1 4 2 5 2 6 2 4 3 6 3 7 3 8 4 9 4 10 4 8 5 10 5 4 5 8 6 4 6 7 6 11 7 12 7 8 7 11 8 8 8 7 8 13 9 11 9 7 9 14 10 15 10 16 10 14 11 16 11 17 11 14 12 17 12 13 12 14 13 13 13 7 13 18 14 14 14 7 14 18 15 19 15 14 15 20 16 21 16 18 16 22 17 20 17 18 17 23 18 22 18 18 18 24 19 25 19 23 19 26 20 18 20 7 20 26 21 23 21 18 21 26 22 24 22 23 22 27 23 26 23 7 23 28 24 29 24 27 24 30 25 31 25 28 25 32 26 30 26 28 26 33 27 32 27 28 27 33 28 34 28 35 28 33 29 35 29 36 29 33 30 36 30 32 30 37 31 7 31 2 31 37 32 2 32 1 32 38 33 37 33 39 33 38 34 39 34 40 34 38 35 7 35 37 35 41 36 42 36 43 36 44 37 41 37 43 37 45 38 38 38 46 38 47 39 44 39 43 39 48 40 33 40 28 40 48 41 43 41 33 41 48 42 47 42 43 42 49 43 45 43 50 43 49 44 50 44 51 44 49 45 38 45 45 45 52 46 53 46 48 46 54 47 7 47 38 47 54 48 38 48 49 48 55 49 27 49 7 49 55 50 28 50 27 50 55 51 7 51 54 51 56 52 57 52 52 52 58 53 56 53 52 53 58 54 48 54 28 54 58 55 52 55 48 55 59 56 55 56 60 56 61 57 58 57 28 57 62 58 55 58 59 58 63 59 61 59 28 59 64 60 62 60 65 60 66 61 67 61 63 61 68 62 28 62 55 62 68 63 55 63 62 63 68 64 63 64 28 64 68 65 62 65 64 65 68 66 66 66 63 66 69 67 3 67 70 67 71 68 70 68 3 68 72 69 71 69 3 69 73 70 3 70 69 70 74 71 3 71 73 71 75 72 72 72 3 72 76 73 3 73 74 73 77 74 75 74 3 74 78 75 3 75 76 75 79 76 77 76 3 76 80 77 3 77 78 77 81 78 79 78 3 78 82 79 3 79 80 79 83 80 81 80 3 80 84 81 3 81 82 81 85 82 83 82 3 82 86 83 3 83 84 83 87 84 85 84 3 84 88 85 3 85 86 85 89 86 87 86 3 86 90 87 3 87 88 87 91 88 89 88 3 88 92 89 3 89 90 89 93 90 91 90 3 90 94 91 3 91 92 91 95 92 93 92 3 92 96 93 3 93 94 93 97 94 95 94 3 94 98 95 3 95 96 95 99 96 97 96 3 96 100 97 99 97 3 97 101 98 3 98 98 98 0 99 102 99 103 99 0 100 103 100 104 100 0 101 104 101 105 101 0 102 105 102 106 102 0 103 106 103 107 103 0 104 107 104 108 104 0 105 108 105 109 105 0 106 109 106 110 106 0 107 110 107 111 107 0 108 111 108 112 108 0 109 112 109 113 109 0 110 113 110 114 110 0 111 114 111 115 111 0 112 115 112 116 112 0 113 116 113 117 113 0 114 117 114 118 114 0 115 118 115 119 115 0 116 119 116 120 116 0 117 101 117 102 117 0 118 3 118 101 118 121 119 0 119 120 119 122 120 0 120 121 120 123 121 0 121 122 121 124 122 0 122 123 122 125 123 0 123 124 123 126 124 127 124 128 124 126 125 128 125 129 125 126 126 129 126 100 126 126 127 100 127 3 127 126 128 130 128 131 128 126 129 131 129 132 129 126 130 132 130 133 130 126 131 133 131 134 131 126 132 134 132 135 132 126 133 135 133 136 133 126 134 136 134 137 134 126 135 137 135 138 135 126 136 138 136 139 136 126 137 139 137 140 137 126 138 140 138 127 138 141 139 130 139 126 139 142 140 0 140 125 140 143 141 141 141 126 141 144 142 0 142 142 142 145 143 0 143 144 143 146 144 143 144 126 144 147 145 0 145 145 145 148 146 146 146 126 146 149 147 0 147 147 147 150 148 148 148 126 148 151 149 0 149 149 149 152 150 150 150 126 150 153 151 0 151 151 151 154 152 152 152 126 152 155 153 0 153 153 153 156 154 0 154 155 154 157 155 154 155 126 155 158 156 157 156 126 156 159 157 158 157 126 157 160 158 159 158 126 158 161 159 160 159 126 159 162 160 161 160 126 160 163 161 162 161 126 161 164 162 163 162 126 162 165 163 164 163 126 163 166 164 165 164 126 164 167 165 166 165 126 165 168 166 167 166 126 166 169 167 168 167 126 167 170 168 171 168 172 168 170 169 172 169 173 169 170 170 173 170 174 170 170 171 169 171 126 171 170 172 174 172 175 172 170 173 175 173 176 173 170 174 176 174 177 174 170 175 177 175 178 175 170 176 178 176 179 176 170 177 179 177 180 177 170 178 180 178 181 178 170 179 181 179 182 179 170 180 182 180 183 180 170 181 183 181 184 181 170 182 184 182 185 182 170 183 185 183 186 183 170 184 186 184 187 184 170 185 187 185 188 185 170 186 188 186 189 186 170 187 189 187 190 187 170 188 190 188 191 188 170 189 191 189 192 189 170 190 192 190 193 190 170 191 193 191 194 191 170 192 194 192 195 192 170 193 195 193 196 193 170 194 196 194 197 194 170 195 197 195 198 195 170 196 198 196 199 196 170 197 199 197 200 197 170 198 200 198 201 198 170 199 201 199 202 199 170 200 202 200 169 200 170 201 0 201 156 201 170 202 156 202 171 202 1 203 203 203 37 203 37 204 203 204 204 204 1 205 0 205 203 205 205 206 170 206 206 206 170 207 207 207 0 207 0 208 207 208 208 208 205 209 207 209 170 209 206 210 209 210 205 210 209 211 210 211 205 211 208 212 203 212 0 212 211 213 2 213 7 213 211 214 7 214 212 214 3 215 2 215 211 215 126 216 213 216 214 216 215 217 126 217 3 217 215 218 3 218 216 218 215 219 213 219 126 219 217 220 214 220 213 220 218 221 217 221 213 221 211 222 216 222 3 222 39 223 37 223 204 223 39 224 204 224 219 224 40 225 39 225 219 225 40 226 219 226 220 226 38 227 220 227 221 227 38 228 40 228 220 228 46 229 221 229 222 229 46 230 38 230 221 230 45 231 222 231 223 231 45 232 46 232 222 232 50 233 223 233 224 233 50 234 45 234 223 234 51 235 224 235 225 235 51 236 50 236 224 236 49 237 225 237 226 237 49 238 51 238 225 238 54 239 226 239 227 239 54 240 49 240 226 240 55 241 227 241 228 241 55 242 54 242 227 242 60 243 228 243 229 243 60 244 55 244 228 244 59 245 229 245 230 245 59 246 60 246 229 246 62 247 230 247 231 247 62 248 59 248 230 248 65 249 231 249 232 249 65 250 62 250 231 250 64 251 232 251 233 251 64 252 65 252 232 252 68 253 233 253 234 253 68 254 64 254 233 254 66 255 234 255 235 255 66 256 68 256 234 256 67 257 66 257 235 257 67 258 235 258 236 258 67 259 236 259 237 259 63 260 67 260 237 260 61 261 63 261 237 261 61 262 237 262 238 262 58 263 238 263 239 263 58 264 61 264 238 264 58 265 239 265 240 265 56 266 58 266 240 266 57 267 240 267 241 267 57 268 56 268 240 268 52 269 241 269 242 269 52 270 57 270 241 270 53 271 242 271 243 271 53 272 52 272 242 272 48 273 243 273 244 273 48 274 53 274 243 274 47 275 244 275 245 275 47 276 48 276 244 276 44 277 245 277 246 277 44 278 246 278 247 278 44 279 47 279 245 279 41 280 247 280 248 280 41 281 44 281 247 281 42 282 41 282 248 282 43 283 248 283 249 283 43 284 42 284 248 284 33 285 249 285 250 285 33 286 43 286 249 286 34 287 250 287 251 287 34 288 251 288 252 288 34 289 33 289 250 289 35 290 34 290 252 290 36 291 252 291 253 291 36 292 35 292 252 292 32 293 253 293 254 293 32 294 36 294 253 294 30 295 254 295 255 295 30 296 32 296 254 296 31 297 255 297 256 297 31 298 256 298 257 298 31 299 30 299 255 299 28 300 31 300 257 300 29 301 257 301 258 301 29 302 28 302 257 302 27 303 258 303 259 303 27 304 29 304 258 304 26 305 27 305 259 305 26 306 259 306 260 306 24 307 26 307 260 307 24 308 260 308 261 308 24 309 261 309 262 309 25 310 24 310 262 310 23 311 262 311 263 311 23 312 25 312 262 312 22 313 23 313 263 313 22 314 263 314 264 314 20 315 264 315 265 315 20 316 265 316 266 316 20 317 22 317 264 317 21 318 20 318 266 318 18 319 266 319 267 319 18 320 21 320 266 320 19 321 267 321 268 321 19 322 18 322 267 322 14 323 268 323 269 323 14 324 19 324 268 324 15 325 269 325 270 325 15 326 14 326 269 326 16 327 270 327 271 327 16 328 15 328 270 328 17 329 271 329 272 329 17 330 16 330 271 330 13 331 272 331 273 331 13 332 17 332 272 332 11 333 273 333 274 333 11 334 13 334 273 334 12 335 274 335 275 335 12 336 11 336 274 336 8 337 275 337 276 337 8 338 12 338 275 338 9 339 276 339 277 339 9 340 8 340 276 340 10 341 277 341 278 341 10 342 9 342 277 342 4 343 278 343 279 343 4 344 279 344 280 344 4 345 10 345 278 345 5 346 4 346 280 346 6 347 280 347 281 347 6 348 5 348 280 348 7 349 6 349 281 349 7 350 281 350 212 350 206 351 170 351 126 351 206 352 126 352 214 352 282 353 283 353 102 353 102 354 283 354 103 354 103 355 284 355 104 355 283 356 284 356 103 356 104 357 285 357 105 357 284 358 285 358 104 358 105 359 286 359 106 359 285 360 286 360 105 360 106 361 287 361 107 361 286 362 287 362 106 362 107 363 288 363 108 363 287 364 288 364 107 364 108 365 289 365 109 365 288 366 289 366 108 366 109 367 290 367 110 367 289 368 290 368 109 368 290 369 291 369 110 369 110 370 291 370 111 370 111 371 292 371 112 371 291 372 292 372 111 372 112 373 293 373 113 373 292 374 293 374 112 374 113 375 294 375 114 375 293 376 294 376 113 376 114 377 295 377 115 377 294 378 295 378 114 378 115 379 296 379 116 379 295 380 296 380 115 380 116 381 297 381 117 381 296 382 297 382 116 382 117 383 298 383 118 383 297 384 298 384 117 384 118 385 299 385 119 385 298 386 299 386 118 386 119 387 300 387 120 387 120 388 300 388 121 388 299 389 300 389 119 389 300 390 301 390 121 390 121 391 302 391 122 391 301 392 302 392 121 392 122 393 303 393 123 393 123 394 303 394 124 394 302 395 303 395 122 395 303 396 304 396 124 396 124 397 305 397 125 397 304 398 305 398 124 398 125 399 306 399 142 399 305 400 306 400 125 400 142 401 307 401 144 401 306 402 307 402 142 402 144 403 308 403 145 403 307 404 308 404 144 404 145 405 309 405 147 405 308 406 309 406 145 406 147 407 310 407 149 407 149 408 310 408 151 408 309 409 310 409 147 409 151 410 311 410 153 410 310 411 311 411 151 411 311 412 312 412 153 412 153 413 313 413 155 413 155 414 313 414 156 414 312 415 313 415 153 415 313 416 314 416 156 416 315 417 282 417 101 417 101 418 282 418 102 418 316 419 317 419 100 419 100 420 317 420 99 420 99 421 318 421 97 421 317 422 318 422 99 422 97 423 319 423 95 423 318 424 319 424 97 424 95 425 320 425 93 425 93 426 320 426 91 426 319 427 320 427 95 427 320 428 321 428 91 428 91 429 322 429 89 429 321 430 322 430 91 430 89 431 323 431 87 431 322 432 323 432 89 432 87 433 324 433 85 433 323 434 324 434 87 434 324 435 325 435 85 435 85 436 325 436 83 436 83 437 326 437 81 437 325 438 326 438 83 438 81 439 327 439 79 439 326 440 327 440 81 440 79 441 328 441 77 441 77 442 328 442 75 442 327 443 328 443 79 443 328 444 329 444 75 444 75 445 330 445 72 445 329 446 330 446 75 446 72 447 331 447 71 447 330 448 331 448 72 448 71 449 332 449 70 449 70 450 332 450 69 450 331 451 332 451 71 451 332 452 333 452 69 452 69 453 334 453 73 453 333 454 334 454 69 454 73 455 335 455 74 455 334 456 335 456 73 456 74 457 336 457 76 457 335 458 336 458 74 458 76 459 337 459 78 459 78 460 337 460 80 460 336 461 337 461 76 461 337 462 338 462 80 462 80 463 339 463 82 463 82 464 339 464 84 464 338 465 339 465 80 465 339 466 340 466 84 466 84 467 341 467 86 467 340 468 341 468 84 468 86 469 342 469 88 469 341 470 342 470 86 470 88 471 343 471 90 471 90 472 343 472 92 472 342 473 343 473 88 473 343 474 344 474 92 474 92 475 345 475 94 475 344 476 345 476 92 476 94 477 346 477 96 477 345 478 346 478 94 478 96 479 347 479 98 479 98 480 347 480 101 480 346 481 347 481 96 481 347 482 315 482 101 482 348 483 316 483 129 483 129 484 316 484 100 484 168 485 349 485 167 485 167 486 350 486 166 486 349 487 350 487 167 487 350 488 351 488 166 488 166 489 352 489 165 489 351 490 352 490 166 490 165 491 353 491 164 491 352 492 353 492 165 492 164 493 354 493 163 493 353 494 354 494 164 494 163 495 355 495 162 495 354 496 355 496 163 496 162 497 356 497 161 497 161 498 356 498 160 498 355 499 356 499 162 499 356 500 357 500 160 500 357 501 358 501 160 501 160 502 358 502 159 502 159 503 359 503 158 503 358 504 359 504 159 504 158 505 360 505 157 505 359 506 360 506 158 506 157 507 361 507 154 507 360 508 361 508 157 508 154 509 362 509 152 509 361 510 362 510 154 510 152 511 363 511 150 511 150 512 363 512 148 512 362 513 363 513 152 513 363 514 364 514 148 514 148 515 365 515 146 515 364 516 365 516 148 516 146 517 366 517 143 517 143 518 366 518 141 518 365 519 366 519 146 519 366 520 367 520 141 520 141 521 368 521 130 521 130 522 368 522 131 522 367 523 368 523 141 523 368 524 369 524 131 524 131 525 370 525 132 525 369 526 370 526 131 526 132 527 371 527 133 527 133 528 371 528 134 528 370 529 371 529 132 529 371 530 372 530 134 530 372 531 373 531 134 531 134 532 373 532 135 532 135 533 373 533 136 533 136 534 374 534 137 534 373 535 374 535 136 535 374 536 375 536 137 536 137 537 376 537 138 537 375 538 376 538 137 538 138 539 377 539 139 539 376 540 377 540 138 540 139 541 378 541 140 541 377 542 378 542 139 542 140 543 379 543 127 543 378 544 379 544 140 544 127 545 380 545 128 545 379 546 380 546 127 546 128 547 348 547 129 547 380 548 348 548 128 548 381 549 349 549 169 549 169 550 349 550 168 550 382 551 383 551 171 551 171 552 383 552 172 552 172 553 384 553 173 553 383 554 384 554 172 554 173 555 385 555 174 555 384 556 385 556 173 556 174 557 386 557 175 557 385 558 386 558 174 558 175 559 387 559 176 559 386 560 387 560 175 560 176 561 388 561 177 561 387 562 388 562 176 562 177 563 389 563 178 563 388 564 389 564 177 564 178 565 390 565 179 565 389 566 390 566 178 566 390 567 391 567 179 567 179 568 391 568 180 568 180 569 392 569 181 569 391 570 392 570 180 570 181 571 393 571 182 571 392 572 393 572 181 572 182 573 394 573 183 573 393 574 394 574 182 574 183 575 395 575 184 575 394 576 395 576 183 576 184 577 396 577 185 577 395 578 396 578 184 578 185 579 397 579 186 579 396 580 397 580 185 580 186 581 398 581 187 581 397 582 398 582 186 582 187 583 399 583 188 583 398 584 399 584 187 584 188 585 400 585 189 585 189 586 400 586 190 586 399 587 400 587 188 587 400 588 401 588 190 588 190 589 402 589 191 589 401 590 402 590 190 590 191 591 403 591 192 591 192 592 403 592 193 592 402 593 403 593 191 593 403 594 404 594 193 594 193 595 405 595 194 595 404 596 405 596 193 596 194 597 406 597 195 597 405 598 406 598 194 598 195 599 407 599 196 599 406 600 407 600 195 600 196 601 408 601 197 601 407 602 408 602 196 602 197 603 409 603 198 603 408 604 409 604 197 604 198 605 410 605 199 605 199 606 410 606 200 606 409 607 410 607 198 607 200 608 411 608 201 608 410 609 411 609 200 609 411 610 412 610 201 610 201 611 413 611 202 611 412 612 413 612 201 612 202 613 381 613 169 613 413 614 381 614 202 614 314 615 382 615 156 615 156 616 382 616 171 616 414 617 415 617 416 617 417 618 416 618 418 618 417 619 414 619 416 619 419 620 420 620 415 620 419 621 415 621 414 621 421 622 418 622 422 622 421 623 417 623 418 623 423 624 424 624 420 624 423 625 420 625 419 625 425 626 422 626 426 626 425 627 421 627 422 627 427 628 428 628 424 628 427 629 424 629 423 629 429 630 426 630 430 630 429 631 425 631 426 631 431 632 432 632 428 632 431 633 428 633 427 633 433 634 430 634 434 634 433 635 429 635 430 635 435 636 436 636 432 636 435 637 432 637 431 637 437 638 434 638 438 638 437 639 433 639 434 639 439 640 440 640 436 640 439 641 436 641 435 641 441 642 437 642 438 642 441 643 438 643 442 643 443 644 440 644 439 644 443 645 444 645 440 645 445 646 442 646 446 646 445 647 441 647 442 647 447 648 444 648 443 648 447 649 448 649 444 649 449 650 446 650 450 650 449 651 445 651 446 651 451 652 452 652 448 652 451 653 448 653 447 653 453 654 449 654 450 654 453 655 450 655 454 655 455 656 456 656 452 656 455 657 452 657 451 657 457 658 454 658 458 658 457 659 453 659 454 659 459 660 456 660 455 660 459 661 460 661 456 661 461 662 458 662 462 662 461 663 457 663 458 663 463 664 460 664 459 664 463 665 464 665 460 665 465 666 462 666 466 666 465 667 461 667 462 667 467 668 468 668 464 668 467 669 464 669 463 669 469 670 466 670 470 670 469 671 465 671 466 671 471 672 472 672 468 672 471 673 468 673 467 673 473 674 470 674 474 674 473 675 469 675 470 675 475 676 472 676 471 676 475 677 217 677 472 677 476 678 474 678 477 678 476 679 473 679 474 679 476 680 477 680 478 680 479 681 217 681 475 681 480 682 476 682 478 682 480 683 478 683 481 683 482 684 217 684 479 684 483 685 480 685 481 685 483 686 481 686 484 686 485 687 217 687 482 687 486 688 483 688 484 688 486 689 484 689 487 689 488 690 217 690 485 690 489 691 487 691 490 691 489 692 486 692 487 692 491 693 217 693 488 693 492 694 490 694 493 694 492 695 489 695 490 695 494 696 217 696 491 696 495 697 493 697 496 697 495 698 492 698 493 698 497 699 217 699 494 699 498 700 495 700 496 700 498 701 496 701 499 701 500 702 217 702 497 702 501 703 499 703 502 703 501 704 498 704 499 704 503 705 217 705 500 705 504 706 501 706 502 706 504 707 502 707 505 707 506 708 217 708 503 708 507 709 504 709 505 709 507 710 505 710 508 710 509 711 217 711 506 711 510 712 507 712 508 712 510 713 508 713 511 713 512 714 510 714 511 714 512 715 511 715 513 715 514 716 512 716 513 716 515 717 514 717 513 717 516 718 514 718 515 718 517 719 516 719 515 719 518 720 516 720 517 720 519 721 518 721 517 721 520 722 518 722 519 722 521 723 520 723 519 723 521 724 522 724 520 724 523 725 522 725 521 725 523 726 524 726 522 726 525 727 524 727 523 727 525 728 526 728 524 728 527 729 526 729 525 729 527 730 528 730 526 730 529 731 530 731 528 731 529 732 528 732 527 732 531 733 532 733 530 733 531 734 530 734 529 734 533 735 534 735 532 735 533 736 532 736 531 736 535 737 536 737 534 737 535 738 534 738 533 738 537 739 536 739 535 739 537 740 538 740 536 740 539 741 538 741 537 741 539 742 540 742 538 742 541 743 540 743 539 743 541 744 542 744 540 744 543 745 542 745 541 745 543 746 544 746 542 746 545 747 544 747 543 747 545 748 546 748 544 748 547 749 546 749 545 749 547 750 548 750 546 750 549 751 548 751 547 751 549 752 550 752 548 752 209 753 551 753 552 753 209 754 552 754 553 754 209 755 553 755 554 755 209 756 554 756 555 756 209 757 555 757 556 757 209 758 550 758 549 758 209 759 556 759 557 759 209 760 557 760 550 760 558 761 551 761 209 761 559 762 558 762 209 762 560 763 559 763 209 763 561 764 560 764 209 764 562 765 563 765 564 765 565 766 566 766 563 766 565 767 563 767 562 767 567 768 562 768 564 768 567 769 564 769 568 769 569 770 567 770 568 770 569 771 568 771 570 771 571 772 566 772 565 772 572 773 573 773 566 773 572 774 566 774 571 774 574 775 569 775 570 775 575 776 570 776 576 776 575 777 574 777 570 777 577 778 578 778 573 778 577 779 573 779 572 779 579 780 580 780 578 780 579 781 578 781 577 781 581 782 576 782 582 782 581 783 575 783 576 783 583 784 582 784 584 784 583 785 581 785 582 785 585 786 586 786 580 786 585 787 580 787 579 787 587 788 584 788 588 788 587 789 583 789 584 789 589 790 509 790 586 790 589 791 586 791 585 791 590 792 217 792 509 792 590 793 509 793 589 793 591 794 587 794 588 794 592 795 217 795 590 795 593 796 588 796 594 796 593 797 591 797 588 797 595 798 593 798 594 798 595 799 594 799 596 799 597 800 217 800 592 800 598 801 217 801 597 801 599 802 595 802 596 802 599 803 596 803 600 803 601 804 599 804 600 804 602 805 217 805 598 805 603 806 217 806 602 806 604 807 600 807 605 807 604 808 601 808 600 808 606 809 217 809 603 809 607 810 604 810 605 810 607 811 605 811 608 811 609 812 607 812 608 812 609 813 608 813 610 813 611 814 217 814 606 814 612 815 609 815 610 815 612 816 610 816 613 816 612 817 613 817 614 817 615 818 614 818 616 818 615 819 616 819 617 819 615 820 612 820 614 820 618 821 617 821 619 821 618 822 615 822 617 822 620 823 619 823 621 823 620 824 618 824 619 824 622 825 621 825 623 825 622 826 620 826 621 826 624 827 622 827 623 827 625 828 623 828 626 828 625 829 624 829 623 829 627 830 626 830 628 830 627 831 625 831 626 831 629 832 628 832 630 832 629 833 627 833 628 833 631 834 629 834 630 834 632 835 630 835 633 835 632 836 631 836 630 836 634 837 633 837 635 837 634 838 632 838 633 838 636 839 635 839 637 839 636 840 634 840 635 840 638 841 637 841 639 841 638 842 636 842 637 842 640 843 638 843 639 843 641 844 639 844 642 844 641 845 640 845 639 845 643 846 641 846 642 846 643 847 642 847 644 847 645 848 644 848 646 848 645 849 643 849 644 849 647 850 646 850 648 850 647 851 645 851 646 851 649 852 647 852 648 852 650 853 649 853 648 853 650 854 648 854 651 854 652 855 650 855 651 855 652 856 651 856 653 856 654 857 652 857 653 857 654 858 653 858 655 858 656 859 654 859 655 859 656 860 655 860 657 860 658 861 656 861 657 861 658 862 657 862 561 862 659 863 658 863 561 863 659 864 561 864 209 864 660 865 659 865 209 865 661 866 660 866 209 866 662 867 661 867 209 867 663 868 662 868 209 868 664 869 663 869 209 869 665 870 664 870 209 870 666 871 665 871 209 871 214 872 667 872 668 872 214 873 668 873 669 873 214 874 669 874 670 874 214 875 670 875 671 875 214 876 671 876 672 876 214 877 672 877 673 877 214 878 673 878 674 878 214 879 674 879 675 879 214 880 675 880 676 880 214 881 676 881 677 881 214 882 677 882 678 882 214 883 678 883 679 883 214 884 679 884 680 884 214 885 680 885 681 885 214 886 681 886 682 886 214 887 682 887 683 887 214 888 217 888 611 888 214 889 611 889 684 889 214 890 684 890 685 890 214 891 685 891 686 891 214 892 686 892 687 892 214 893 687 893 688 893 214 894 688 894 689 894 214 895 689 895 690 895 214 896 690 896 691 896 214 897 691 897 692 897 214 898 692 898 693 898 214 899 693 899 694 899 214 900 694 900 667 900 695 901 214 901 683 901 696 902 214 902 695 902 697 903 214 903 696 903 698 904 214 904 697 904 699 905 214 905 698 905 700 906 214 906 699 906 206 907 701 907 702 907 206 908 702 908 703 908 206 909 703 909 704 909 206 910 704 910 705 910 206 911 705 911 706 911 206 912 706 912 707 912 206 913 707 913 708 913 206 914 708 914 709 914 206 915 709 915 710 915 206 916 710 916 711 916 206 917 711 917 712 917 206 918 712 918 713 918 206 919 713 919 714 919 206 920 714 920 715 920 206 921 715 921 716 921 206 922 716 922 717 922 206 923 717 923 718 923 206 924 718 924 719 924 206 925 719 925 720 925 206 926 720 926 721 926 206 927 721 927 722 927 206 928 722 928 723 928 206 929 700 929 724 929 206 930 723 930 725 930 206 931 725 931 726 931 206 932 726 932 727 932 206 933 727 933 666 933 206 934 666 934 209 934 206 935 214 935 700 935 206 936 724 936 728 936 206 937 728 937 729 937 206 938 729 938 730 938 206 939 730 939 731 939 206 940 731 940 732 940 206 941 732 941 733 941 206 942 733 942 734 942 206 943 734 943 701 943 735 944 736 944 737 944 738 945 737 945 739 945 738 946 735 946 737 946 740 947 741 947 736 947 740 948 736 948 735 948 742 949 739 949 743 949 742 950 738 950 739 950 744 951 745 951 741 951 744 952 741 952 740 952 746 953 743 953 747 953 746 954 742 954 743 954 748 955 749 955 745 955 748 956 745 956 744 956 750 957 747 957 751 957 750 958 746 958 747 958 752 959 753 959 749 959 752 960 749 960 748 960 754 961 751 961 755 961 754 962 750 962 751 962 756 963 757 963 753 963 756 964 753 964 752 964 758 965 755 965 759 965 758 966 754 966 755 966 760 967 757 967 756 967 760 968 761 968 757 968 762 969 759 969 763 969 762 970 758 970 759 970 764 971 765 971 761 971 764 972 761 972 760 972 766 973 763 973 767 973 766 974 762 974 763 974 768 975 765 975 764 975 768 976 769 976 765 976 770 977 766 977 767 977 770 978 767 978 771 978 772 979 773 979 769 979 772 980 769 980 768 980 774 981 771 981 775 981 774 982 770 982 771 982 776 983 777 983 773 983 776 984 773 984 772 984 778 985 774 985 775 985 778 986 775 986 779 986 780 987 781 987 777 987 780 988 777 988 776 988 782 989 779 989 783 989 782 990 778 990 779 990 784 991 785 991 781 991 784 992 781 992 780 992 786 993 783 993 787 993 786 994 782 994 783 994 788 995 789 995 785 995 788 996 785 996 784 996 790 997 787 997 791 997 790 998 786 998 787 998 792 999 793 999 789 999 792 1000 789 1000 788 1000 794 1001 791 1001 795 1001 794 1002 790 1002 791 1002 796 1003 210 1003 793 1003 796 1004 793 1004 792 1004 797 1005 795 1005 798 1005 797 1006 798 1006 799 1006 797 1007 794 1007 795 1007 800 1008 210 1008 796 1008 801 1009 799 1009 802 1009 801 1010 797 1010 799 1010 803 1011 210 1011 800 1011 804 1012 802 1012 805 1012 804 1013 801 1013 802 1013 806 1014 210 1014 803 1014 807 1015 804 1015 805 1015 807 1016 805 1016 808 1016 809 1017 210 1017 806 1017 810 1018 808 1018 811 1018 810 1019 807 1019 808 1019 812 1020 210 1020 809 1020 813 1021 811 1021 814 1021 813 1022 810 1022 811 1022 815 1023 210 1023 812 1023 816 1024 814 1024 817 1024 816 1025 813 1025 814 1025 818 1026 210 1026 815 1026 819 1027 817 1027 820 1027 819 1028 816 1028 817 1028 821 1029 210 1029 818 1029 822 1030 820 1030 823 1030 822 1031 819 1031 820 1031 824 1032 210 1032 821 1032 825 1033 823 1033 826 1033 825 1034 822 1034 823 1034 827 1035 210 1035 824 1035 828 1036 825 1036 826 1036 828 1037 826 1037 829 1037 830 1038 210 1038 827 1038 831 1039 829 1039 832 1039 831 1040 828 1040 829 1040 833 1041 831 1041 832 1041 833 1042 832 1042 834 1042 835 1043 833 1043 834 1043 836 1044 835 1044 834 1044 837 1045 835 1045 836 1045 838 1046 837 1046 836 1046 839 1047 837 1047 838 1047 840 1048 839 1048 838 1048 841 1049 839 1049 840 1049 842 1050 841 1050 840 1050 842 1051 843 1051 841 1051 844 1052 843 1052 842 1052 844 1053 845 1053 843 1053 846 1054 845 1054 844 1054 846 1055 847 1055 845 1055 848 1056 847 1056 846 1056 848 1057 849 1057 847 1057 850 1058 849 1058 848 1058 850 1059 851 1059 849 1059 852 1060 851 1060 850 1060 852 1061 853 1061 851 1061 854 1062 855 1062 853 1062 854 1063 853 1063 852 1063 856 1064 857 1064 855 1064 856 1065 855 1065 854 1065 858 1066 857 1066 856 1066 858 1067 859 1067 857 1067 860 1068 859 1068 858 1068 860 1069 861 1069 859 1069 862 1070 861 1070 860 1070 862 1071 863 1071 861 1071 864 1072 863 1072 862 1072 864 1073 865 1073 863 1073 866 1074 865 1074 864 1074 866 1075 867 1075 865 1075 868 1076 867 1076 866 1076 868 1077 869 1077 867 1077 870 1078 869 1078 868 1078 870 1079 871 1079 869 1079 218 1080 872 1080 873 1080 218 1081 874 1081 872 1081 218 1082 875 1082 874 1082 218 1083 876 1083 875 1083 218 1084 877 1084 876 1084 218 1085 871 1085 870 1085 218 1086 878 1086 871 1086 218 1087 873 1087 878 1087 879 1088 877 1088 218 1088 880 1089 879 1089 218 1089 881 1090 880 1090 218 1090 882 1091 881 1091 218 1091 883 1092 884 1092 885 1092 886 1093 885 1093 887 1093 886 1094 883 1094 885 1094 888 1095 884 1095 883 1095 888 1096 889 1096 884 1096 890 1097 889 1097 888 1097 891 1098 887 1098 892 1098 891 1099 886 1099 887 1099 893 1100 891 1100 892 1100 894 1101 889 1101 890 1101 894 1102 895 1102 889 1102 896 1103 892 1103 897 1103 896 1104 893 1104 892 1104 898 1105 895 1105 894 1105 898 1106 899 1106 895 1106 900 1107 896 1107 897 1107 900 1108 897 1108 901 1108 902 1109 899 1109 898 1109 902 1110 903 1110 899 1110 904 1111 900 1111 901 1111 904 1112 901 1112 905 1112 906 1113 903 1113 902 1113 906 1114 907 1114 903 1114 908 1115 904 1115 905 1115 908 1116 905 1116 909 1116 910 1117 907 1117 906 1117 910 1118 830 1118 907 1118 911 1119 908 1119 909 1119 912 1120 830 1120 910 1120 912 1121 210 1121 830 1121 913 1122 911 1122 909 1122 913 1123 909 1123 914 1123 915 1124 210 1124 912 1124 916 1125 914 1125 917 1125 916 1126 913 1126 914 1126 918 1127 210 1127 915 1127 919 1128 917 1128 920 1128 919 1129 916 1129 917 1129 921 1130 210 1130 918 1130 922 1131 919 1131 920 1131 923 1132 210 1132 921 1132 924 1133 920 1133 925 1133 924 1134 922 1134 920 1134 926 1135 210 1135 923 1135 927 1136 925 1136 928 1136 927 1137 924 1137 925 1137 929 1138 210 1138 926 1138 930 1139 927 1139 928 1139 930 1140 928 1140 931 1140 932 1141 933 1141 934 1141 932 1142 931 1142 933 1142 932 1143 930 1143 931 1143 935 1144 936 1144 937 1144 935 1145 934 1145 936 1145 935 1146 932 1146 934 1146 938 1147 937 1147 939 1147 938 1148 935 1148 937 1148 940 1149 938 1149 939 1149 940 1150 939 1150 941 1150 942 1151 941 1151 943 1151 942 1152 940 1152 941 1152 944 1153 942 1153 943 1153 945 1154 943 1154 946 1154 945 1155 944 1155 943 1155 947 1156 946 1156 948 1156 947 1157 945 1157 946 1157 949 1158 948 1158 950 1158 949 1159 947 1159 948 1159 951 1160 949 1160 950 1160 952 1161 950 1161 953 1161 952 1162 951 1162 950 1162 954 1163 953 1163 955 1163 954 1164 952 1164 953 1164 956 1165 955 1165 957 1165 956 1166 954 1166 955 1166 958 1167 957 1167 959 1167 958 1168 956 1168 957 1168 960 1169 958 1169 959 1169 961 1170 959 1170 962 1170 961 1171 960 1171 959 1171 963 1172 962 1172 964 1172 963 1173 961 1173 962 1173 965 1174 964 1174 966 1174 965 1175 963 1175 964 1175 967 1176 966 1176 968 1176 967 1177 965 1177 966 1177 969 1178 967 1178 968 1178 970 1179 968 1179 971 1179 970 1180 969 1180 968 1180 972 1181 971 1181 973 1181 972 1182 970 1182 971 1182 974 1183 973 1183 975 1183 974 1184 972 1184 973 1184 976 1185 975 1185 977 1185 976 1186 974 1186 975 1186 978 1187 977 1187 882 1187 978 1188 976 1188 977 1188 979 1189 978 1189 882 1189 979 1190 882 1190 218 1190 980 1191 979 1191 218 1191 981 1192 980 1192 218 1192 205 1193 982 1193 983 1193 205 1194 984 1194 982 1194 205 1195 985 1195 984 1195 205 1196 986 1196 985 1196 205 1197 987 1197 986 1197 205 1198 988 1198 987 1198 205 1199 989 1199 988 1199 205 1200 990 1200 989 1200 205 1201 991 1201 990 1201 205 1202 992 1202 991 1202 205 1203 993 1203 992 1203 205 1204 994 1204 993 1204 205 1205 995 1205 994 1205 205 1206 996 1206 995 1206 205 1207 997 1207 996 1207 205 1208 210 1208 929 1208 205 1209 998 1209 999 1209 205 1210 929 1210 998 1210 205 1211 999 1211 997 1211 1000 1212 205 1212 983 1212 1001 1213 981 1213 218 1213 1002 1214 205 1214 1000 1214 1003 1215 1001 1215 218 1215 1004 1216 205 1216 1002 1216 1005 1217 1003 1217 218 1217 1006 1218 205 1218 1004 1218 1007 1219 1005 1219 218 1219 1008 1220 205 1220 1006 1220 1009 1221 205 1221 1008 1221 1010 1222 205 1222 1009 1222 1011 1223 205 1223 1010 1223 1012 1224 205 1224 1011 1224 1013 1225 205 1225 1012 1225 1014 1226 205 1226 1013 1226 1015 1227 205 1227 1014 1227 1016 1228 205 1228 1015 1228 1017 1229 205 1229 1016 1229 1018 1230 205 1230 1017 1230 1019 1231 205 1231 1018 1231 1020 1232 205 1232 1019 1232 1021 1233 205 1233 1020 1233 213 1234 205 1234 1021 1234 213 1235 1022 1235 1023 1235 213 1236 1024 1236 1022 1236 213 1237 1025 1237 1024 1237 213 1238 1026 1238 1025 1238 213 1239 1027 1239 1026 1239 213 1240 1028 1240 1027 1240 213 1241 1029 1241 1028 1241 213 1242 1030 1242 1029 1242 213 1243 1031 1243 1030 1243 213 1244 1032 1244 1031 1244 213 1245 1033 1245 1032 1245 213 1246 1034 1246 1033 1246 213 1247 1035 1247 1034 1247 213 1248 1036 1248 1035 1248 213 1249 1037 1249 1036 1249 213 1250 1038 1250 1037 1250 213 1251 1039 1251 1038 1251 213 1252 1040 1252 1039 1252 213 1253 1041 1253 1040 1253 213 1254 1042 1254 1041 1254 213 1255 1043 1255 1042 1255 213 1256 1044 1256 1043 1256 213 1257 1045 1257 1044 1257 213 1258 1046 1258 1045 1258 213 1259 1047 1259 1046 1259 213 1260 1048 1260 1047 1260 213 1261 1049 1261 1048 1261 213 1262 1050 1262 1049 1262 213 1263 1051 1263 1050 1263 213 1264 1052 1264 1051 1264 213 1265 1053 1265 1052 1265 213 1266 1021 1266 1053 1266 213 1267 1023 1267 1054 1267 213 1268 1007 1268 218 1268 213 1269 1055 1269 1007 1269 213 1270 1054 1270 1055 1270 207 1271 205 1271 215 1271 215 1272 205 1272 213 1272 399 1273 398 1273 207 1273 397 1274 207 1274 398 1274 400 1275 399 1275 207 1275 396 1276 207 1276 397 1276 401 1277 400 1277 207 1277 395 1278 207 1278 396 1278 402 1279 401 1279 207 1279 394 1280 207 1280 395 1280 403 1281 402 1281 207 1281 393 1282 207 1282 394 1282 404 1283 403 1283 207 1283 392 1284 207 1284 393 1284 405 1285 404 1285 207 1285 391 1286 207 1286 392 1286 406 1287 405 1287 207 1287 390 1288 207 1288 391 1288 407 1289 406 1289 207 1289 389 1290 207 1290 390 1290 408 1291 407 1291 207 1291 388 1292 207 1292 389 1292 409 1293 408 1293 207 1293 387 1294 207 1294 388 1294 410 1295 409 1295 207 1295 386 1296 207 1296 387 1296 411 1297 410 1297 207 1297 385 1298 207 1298 386 1298 412 1299 411 1299 207 1299 384 1300 207 1300 385 1300 413 1301 412 1301 207 1301 383 1302 207 1302 384 1302 381 1303 413 1303 207 1303 382 1304 207 1304 383 1304 349 1305 381 1305 207 1305 215 1306 349 1306 207 1306 215 1307 350 1307 349 1307 215 1308 351 1308 350 1308 215 1309 352 1309 351 1309 215 1310 353 1310 352 1310 215 1311 354 1311 353 1311 215 1312 355 1312 354 1312 215 1313 356 1313 355 1313 215 1314 357 1314 356 1314 358 1315 357 1315 215 1315 359 1316 358 1316 215 1316 360 1317 359 1317 215 1317 361 1318 360 1318 215 1318 362 1319 361 1319 215 1319 363 1320 362 1320 215 1320 364 1321 363 1321 215 1321 365 1322 364 1322 215 1322 366 1323 365 1323 215 1323 367 1324 366 1324 215 1324 368 1325 367 1325 215 1325 369 1326 368 1326 215 1326 370 1327 369 1327 215 1327 371 1328 370 1328 215 1328 372 1329 371 1329 215 1329 373 1330 372 1330 215 1330 374 1331 373 1331 215 1331 375 1332 374 1332 215 1332 376 1333 375 1333 215 1333 377 1334 376 1334 215 1334 378 1335 377 1335 215 1335 379 1336 378 1336 215 1336 380 1337 379 1337 215 1337 348 1338 380 1338 215 1338 208 1339 382 1339 314 1339 208 1340 292 1340 291 1340 208 1341 293 1341 292 1341 208 1342 294 1342 293 1342 208 1343 295 1343 294 1343 208 1344 296 1344 295 1344 208 1345 297 1345 296 1345 208 1346 298 1346 297 1346 208 1347 299 1347 298 1347 208 1348 300 1348 299 1348 208 1349 301 1349 300 1349 208 1350 302 1350 301 1350 208 1351 303 1351 302 1351 208 1352 304 1352 303 1352 208 1353 305 1353 304 1353 208 1354 306 1354 305 1354 208 1355 307 1355 306 1355 208 1356 308 1356 307 1356 208 1357 309 1357 308 1357 208 1358 310 1358 309 1358 208 1359 311 1359 310 1359 208 1360 312 1360 311 1360 208 1361 313 1361 312 1361 208 1362 314 1362 313 1362 208 1363 207 1363 382 1363 290 1364 208 1364 291 1364 289 1365 208 1365 290 1365 288 1366 208 1366 289 1366 287 1367 208 1367 288 1367 286 1368 208 1368 287 1368 285 1369 208 1369 286 1369 284 1370 208 1370 285 1370 283 1371 208 1371 284 1371 282 1372 208 1372 283 1372 316 1373 348 1373 215 1373 315 1374 208 1374 282 1374 216 1375 316 1375 215 1375 216 1376 317 1376 316 1376 216 1377 208 1377 315 1377 216 1378 318 1378 317 1378 216 1379 319 1379 318 1379 216 1380 320 1380 319 1380 216 1381 321 1381 320 1381 216 1382 322 1382 321 1382 216 1383 323 1383 322 1383 216 1384 324 1384 323 1384 216 1385 325 1385 324 1385 216 1386 326 1386 325 1386 216 1387 327 1387 326 1387 216 1388 328 1388 327 1388 216 1389 329 1389 328 1389 216 1390 330 1390 329 1390 216 1391 331 1391 330 1391 216 1392 332 1392 331 1392 216 1393 333 1393 332 1393 216 1394 334 1394 333 1394 216 1395 335 1395 334 1395 216 1396 336 1396 335 1396 216 1397 337 1397 336 1397 216 1398 338 1398 337 1398 216 1399 339 1399 338 1399 216 1400 340 1400 339 1400 216 1401 341 1401 340 1401 216 1402 342 1402 341 1402 216 1403 343 1403 342 1403 216 1404 344 1404 343 1404 216 1405 345 1405 344 1405 216 1406 346 1406 345 1406 216 1407 347 1407 346 1407 216 1408 315 1408 347 1408 203 1409 208 1409 211 1409 211 1410 208 1410 216 1410 264 1411 263 1411 265 1411 267 1412 270 1412 268 1412 268 1413 270 1413 269 1413 265 1414 262 1414 266 1414 263 1415 262 1415 265 1415 266 1416 271 1416 267 1416 267 1417 271 1417 270 1417 261 1418 260 1418 262 1418 266 1419 260 1419 271 1419 262 1420 260 1420 266 1420 271 1421 273 1421 272 1421 273 1422 275 1422 274 1422 258 1423 257 1423 259 1423 259 1424 257 1424 260 1424 273 1425 276 1425 275 1425 271 1426 276 1426 273 1426 271 1427 278 1427 276 1427 276 1428 278 1428 277 1428 260 1429 278 1429 271 1429 255 1430 254 1430 256 1430 256 1431 254 1431 257 1431 254 1432 253 1432 257 1432 278 1433 281 1433 279 1433 279 1434 281 1434 280 1434 278 1435 212 1435 281 1435 257 1436 249 1436 260 1436 260 1437 249 1437 278 1437 253 1438 249 1438 257 1438 278 1439 249 1439 212 1439 250 1440 249 1440 251 1440 251 1441 249 1441 252 1441 252 1442 249 1442 253 1442 246 1443 245 1443 247 1443 247 1444 245 1444 248 1444 248 1445 245 1445 249 1445 242 1446 241 1446 243 1446 243 1447 241 1447 244 1447 244 1448 241 1448 245 1448 241 1449 240 1449 245 1449 239 1450 238 1450 240 1450 237 1451 236 1451 238 1451 249 1452 236 1452 212 1452 245 1453 236 1453 249 1453 238 1454 236 1454 240 1454 240 1455 236 1455 245 1455 235 1456 234 1456 236 1456 233 1457 232 1457 234 1457 234 1458 232 1458 236 1458 231 1459 230 1459 232 1459 228 1460 227 1460 229 1460 229 1461 227 1461 230 1461 232 1462 227 1462 236 1462 230 1463 227 1463 232 1463 226 1464 225 1464 227 1464 224 1465 223 1465 225 1465 225 1466 223 1466 227 1466 221 1467 220 1467 222 1467 222 1468 220 1468 223 1468 223 1469 220 1469 227 1469 220 1470 219 1470 227 1470 236 1471 204 1471 212 1471 227 1472 204 1472 236 1472 219 1473 204 1473 227 1473 212 1474 203 1474 211 1474 204 1475 203 1475 212 1475 797 1476 801 1476 476 1476 476 1477 801 1477 473 1477 473 1478 804 1478 469 1478 469 1479 804 1479 465 1479 801 1480 804 1480 473 1480 804 1481 807 1481 465 1481 465 1482 810 1482 461 1482 461 1483 810 1483 457 1483 807 1484 810 1484 465 1484 457 1485 813 1485 453 1485 810 1486 813 1486 457 1486 813 1487 816 1487 453 1487 453 1488 819 1488 449 1488 816 1489 819 1489 453 1489 449 1490 822 1490 445 1490 445 1491 822 1491 441 1491 819 1492 822 1492 449 1492 822 1493 825 1493 441 1493 441 1494 828 1494 437 1494 825 1495 828 1495 441 1495 828 1496 831 1496 437 1496 437 1497 831 1497 433 1497 831 1498 833 1498 433 1498 433 1499 833 1499 429 1499 833 1500 835 1500 429 1500 429 1501 835 1501 425 1501 835 1502 837 1502 425 1502 425 1503 837 1503 421 1503 421 1504 839 1504 417 1504 837 1505 839 1505 421 1505 417 1506 841 1506 414 1506 839 1507 841 1507 417 1507 414 1508 843 1508 419 1508 841 1509 843 1509 414 1509 419 1510 845 1510 423 1510 843 1511 845 1511 419 1511 423 1512 847 1512 427 1512 845 1513 847 1513 423 1513 427 1514 849 1514 431 1514 431 1515 849 1515 435 1515 847 1516 849 1516 427 1516 849 1517 851 1517 435 1517 435 1518 853 1518 439 1518 439 1519 853 1519 443 1519 851 1520 853 1520 435 1520 853 1521 855 1521 443 1521 443 1522 857 1522 447 1522 447 1523 857 1523 451 1523 855 1524 857 1524 443 1524 857 1525 859 1525 451 1525 451 1526 861 1526 455 1526 859 1527 861 1527 451 1527 455 1528 863 1528 459 1528 459 1529 863 1529 463 1529 861 1530 863 1530 455 1530 463 1531 865 1531 467 1531 863 1532 865 1532 463 1532 865 1533 867 1533 467 1533 467 1534 869 1534 471 1534 471 1535 869 1535 475 1535 867 1536 869 1536 467 1536 869 1537 871 1537 475 1537 475 1538 878 1538 479 1538 479 1539 878 1539 482 1539 871 1540 878 1540 475 1540 878 1541 873 1541 482 1541 482 1542 872 1542 485 1542 485 1543 872 1543 488 1543 873 1544 872 1544 482 1544 872 1545 874 1545 488 1545 874 1546 875 1546 488 1546 488 1547 875 1547 491 1547 491 1548 876 1548 494 1548 875 1549 876 1549 491 1549 876 1550 877 1550 494 1550 494 1551 877 1551 497 1551 877 1552 879 1552 497 1552 497 1553 879 1553 500 1553 879 1554 880 1554 500 1554 500 1555 880 1555 503 1555 503 1556 880 1556 506 1556 880 1557 881 1557 506 1557 881 1558 882 1558 506 1558 506 1559 882 1559 509 1559 882 1560 977 1560 509 1560 509 1561 977 1561 586 1561 977 1562 975 1562 586 1562 586 1563 975 1563 580 1563 975 1564 973 1564 580 1564 580 1565 973 1565 578 1565 973 1566 971 1566 578 1566 578 1567 971 1567 573 1567 971 1568 968 1568 573 1568 573 1569 968 1569 566 1569 968 1570 966 1570 566 1570 566 1571 966 1571 563 1571 966 1572 964 1572 563 1572 563 1573 964 1573 564 1573 564 1574 962 1574 568 1574 964 1575 962 1575 564 1575 568 1576 959 1576 570 1576 962 1577 959 1577 568 1577 570 1578 957 1578 576 1578 959 1579 957 1579 570 1579 576 1580 955 1580 582 1580 957 1581 955 1581 576 1581 582 1582 953 1582 584 1582 955 1583 953 1583 582 1583 584 1584 950 1584 588 1584 953 1585 950 1585 584 1585 588 1586 948 1586 594 1586 950 1587 948 1587 588 1587 594 1588 946 1588 596 1588 948 1589 946 1589 594 1589 596 1590 943 1590 600 1590 946 1591 943 1591 596 1591 600 1592 941 1592 605 1592 943 1593 941 1593 600 1593 605 1594 939 1594 608 1594 941 1595 939 1595 605 1595 608 1596 937 1596 610 1596 939 1597 937 1597 608 1597 937 1598 936 1598 610 1598 610 1599 936 1599 613 1599 936 1600 934 1600 613 1600 613 1601 934 1601 614 1601 934 1602 933 1602 614 1602 614 1603 933 1603 616 1603 933 1604 931 1604 616 1604 616 1605 931 1605 617 1605 931 1606 928 1606 617 1606 617 1607 928 1607 619 1607 928 1608 925 1608 619 1608 619 1609 925 1609 621 1609 925 1610 920 1610 621 1610 621 1611 920 1611 623 1611 920 1612 917 1612 623 1612 623 1613 917 1613 626 1613 917 1614 914 1614 626 1614 626 1615 914 1615 628 1615 914 1616 909 1616 628 1616 628 1617 909 1617 630 1617 909 1618 905 1618 630 1618 630 1619 905 1619 633 1619 905 1620 901 1620 633 1620 633 1621 901 1621 635 1621 901 1622 897 1622 635 1622 635 1623 897 1623 637 1623 897 1624 892 1624 637 1624 637 1625 892 1625 639 1625 892 1626 887 1626 639 1626 639 1627 887 1627 642 1627 887 1628 885 1628 642 1628 642 1629 885 1629 644 1629 885 1630 884 1630 644 1630 644 1631 884 1631 646 1631 884 1632 889 1632 646 1632 646 1633 889 1633 648 1633 889 1634 895 1634 648 1634 648 1635 895 1635 651 1635 895 1636 899 1636 651 1636 651 1637 899 1637 653 1637 899 1638 903 1638 653 1638 653 1639 903 1639 655 1639 655 1640 907 1640 657 1640 903 1641 907 1641 655 1641 657 1642 830 1642 561 1642 907 1643 830 1643 657 1643 561 1644 827 1644 560 1644 830 1645 827 1645 561 1645 560 1646 824 1646 559 1646 827 1647 824 1647 560 1647 559 1648 821 1648 558 1648 824 1649 821 1649 559 1649 821 1650 818 1650 558 1650 558 1651 818 1651 551 1651 818 1652 815 1652 551 1652 551 1653 815 1653 552 1653 815 1654 812 1654 552 1654 552 1655 812 1655 553 1655 812 1656 809 1656 553 1656 553 1657 809 1657 554 1657 809 1658 806 1658 554 1658 554 1659 806 1659 555 1659 806 1660 803 1660 555 1660 555 1661 803 1661 556 1661 556 1662 803 1662 557 1662 803 1663 800 1663 557 1663 800 1664 796 1664 557 1664 557 1665 796 1665 550 1665 796 1666 792 1666 550 1666 550 1667 792 1667 548 1667 792 1668 788 1668 548 1668 548 1669 788 1669 546 1669 788 1670 784 1670 546 1670 546 1671 784 1671 544 1671 542 1672 780 1672 540 1672 784 1673 780 1673 544 1673 544 1674 780 1674 542 1674 780 1675 776 1675 540 1675 540 1676 772 1676 538 1676 776 1677 772 1677 540 1677 538 1678 768 1678 536 1678 772 1679 768 1679 538 1679 536 1680 764 1680 534 1680 534 1681 764 1681 532 1681 768 1682 764 1682 536 1682 764 1683 760 1683 532 1683 532 1684 756 1684 530 1684 760 1685 756 1685 532 1685 530 1686 752 1686 528 1686 756 1687 752 1687 530 1687 528 1688 748 1688 526 1688 526 1689 748 1689 524 1689 752 1690 748 1690 528 1690 748 1691 744 1691 524 1691 524 1692 740 1692 522 1692 522 1693 740 1693 520 1693 744 1694 740 1694 524 1694 740 1695 735 1695 520 1695 520 1696 738 1696 518 1696 735 1697 738 1697 520 1697 738 1698 742 1698 518 1698 518 1699 742 1699 516 1699 742 1700 746 1700 516 1700 516 1701 746 1701 514 1701 746 1702 750 1702 514 1702 514 1703 750 1703 512 1703 750 1704 754 1704 512 1704 512 1705 754 1705 510 1705 510 1706 758 1706 507 1706 754 1707 758 1707 510 1707 507 1708 762 1708 504 1708 758 1709 762 1709 507 1709 504 1710 766 1710 501 1710 762 1711 766 1711 504 1711 501 1712 770 1712 498 1712 766 1713 770 1713 501 1713 498 1714 774 1714 495 1714 770 1715 774 1715 498 1715 495 1716 778 1716 492 1716 774 1717 778 1717 495 1717 492 1718 782 1718 489 1718 778 1719 782 1719 492 1719 489 1720 786 1720 486 1720 782 1721 786 1721 489 1721 486 1722 790 1722 483 1722 786 1723 790 1723 486 1723 483 1724 794 1724 480 1724 790 1725 794 1725 483 1725 480 1726 797 1726 476 1726 794 1727 797 1727 480 1727 1020 1728 1019 1728 724 1728 724 1729 1019 1729 728 1729 728 1730 1018 1730 729 1730 1019 1731 1018 1731 728 1731 729 1732 1017 1732 730 1732 1018 1733 1017 1733 729 1733 730 1734 1016 1734 731 1734 1017 1735 1016 1735 730 1735 731 1736 1015 1736 732 1736 1016 1737 1015 1737 731 1737 732 1738 1014 1738 733 1738 1015 1739 1014 1739 732 1739 733 1740 1013 1740 734 1740 1014 1741 1013 1741 733 1741 734 1742 1012 1742 701 1742 1013 1743 1012 1743 734 1743 1012 1744 1011 1744 701 1744 701 1745 1011 1745 702 1745 702 1746 1010 1746 703 1746 1011 1747 1010 1747 702 1747 703 1748 1009 1748 704 1748 1010 1749 1009 1749 703 1749 704 1750 1008 1750 705 1750 1009 1751 1008 1751 704 1751 705 1752 1006 1752 706 1752 1008 1753 1006 1753 705 1753 706 1754 1004 1754 707 1754 1006 1755 1004 1755 706 1755 707 1756 1002 1756 708 1756 1004 1757 1002 1757 707 1757 708 1758 1000 1758 709 1758 1002 1759 1000 1759 708 1759 709 1760 983 1760 710 1760 1000 1761 983 1761 709 1761 710 1762 982 1762 711 1762 711 1763 982 1763 712 1763 983 1764 982 1764 710 1764 982 1765 984 1765 712 1765 712 1766 985 1766 713 1766 984 1767 985 1767 712 1767 713 1768 986 1768 714 1768 714 1769 986 1769 715 1769 985 1770 986 1770 713 1770 986 1771 987 1771 715 1771 715 1772 988 1772 716 1772 987 1773 988 1773 715 1773 716 1774 989 1774 717 1774 988 1775 989 1775 716 1775 717 1776 990 1776 718 1776 989 1777 990 1777 717 1777 718 1778 991 1778 719 1778 990 1779 991 1779 718 1779 719 1780 992 1780 720 1780 991 1781 992 1781 719 1781 720 1782 993 1782 721 1782 721 1783 993 1783 722 1783 992 1784 993 1784 720 1784 722 1785 994 1785 723 1785 993 1786 994 1786 722 1786 994 1787 995 1787 723 1787 723 1788 996 1788 725 1788 995 1789 996 1789 723 1789 725 1790 997 1790 726 1790 996 1791 997 1791 725 1791 1021 1792 1020 1792 700 1792 700 1793 1020 1793 724 1793 1023 1794 1022 1794 685 1794 685 1795 1022 1795 686 1795 686 1796 1024 1796 687 1796 1022 1797 1024 1797 686 1797 687 1798 1025 1798 688 1798 1024 1799 1025 1799 687 1799 688 1800 1026 1800 689 1800 689 1801 1026 1801 690 1801 1025 1802 1026 1802 688 1802 1026 1803 1027 1803 690 1803 690 1804 1028 1804 691 1804 1027 1805 1028 1805 690 1805 691 1806 1029 1806 692 1806 1028 1807 1029 1807 691 1807 692 1808 1030 1808 693 1808 1029 1809 1030 1809 692 1809 1030 1810 1031 1810 693 1810 693 1811 1031 1811 694 1811 694 1812 1032 1812 667 1812 1031 1813 1032 1813 694 1813 667 1814 1032 1814 668 1814 1032 1815 1033 1815 668 1815 668 1816 1034 1816 669 1816 1033 1817 1034 1817 668 1817 669 1818 1035 1818 670 1818 1034 1819 1035 1819 669 1819 670 1820 1036 1820 671 1820 1035 1821 1036 1821 670 1821 671 1822 1037 1822 672 1822 672 1823 1037 1823 673 1823 1036 1824 1037 1824 671 1824 1037 1825 1038 1825 673 1825 673 1826 1039 1826 674 1826 1038 1827 1039 1827 673 1827 674 1828 1040 1828 675 1828 675 1829 1040 1829 676 1829 1039 1830 1040 1830 674 1830 1040 1831 1041 1831 676 1831 676 1832 1042 1832 677 1832 1041 1833 1042 1833 676 1833 677 1834 1043 1834 678 1834 1042 1835 1043 1835 677 1835 678 1836 1044 1836 679 1836 1043 1837 1044 1837 678 1837 679 1838 1045 1838 680 1838 680 1839 1045 1839 681 1839 1044 1840 1045 1840 679 1840 1045 1841 1046 1841 681 1841 681 1842 1047 1842 682 1842 682 1843 1047 1843 683 1843 1046 1844 1047 1844 681 1844 683 1845 1048 1845 695 1845 1047 1846 1048 1846 683 1846 1048 1847 1049 1847 695 1847 695 1848 1050 1848 696 1848 696 1849 1050 1849 697 1849 1049 1850 1050 1850 695 1850 1050 1851 1051 1851 697 1851 697 1852 1052 1852 698 1852 698 1853 1052 1853 699 1853 1051 1854 1052 1854 697 1854 1052 1855 1053 1855 699 1855 699 1856 1021 1856 700 1856 1053 1857 1021 1857 699 1857 1054 1858 1023 1858 684 1858 684 1859 1023 1859 685 1859 612 1860 935 1860 609 1860 609 1861 938 1861 607 1861 935 1862 938 1862 609 1862 938 1863 940 1863 607 1863 607 1864 942 1864 604 1864 604 1865 942 1865 601 1865 940 1866 942 1866 607 1866 942 1867 944 1867 601 1867 601 1868 945 1868 599 1868 944 1869 945 1869 601 1869 599 1870 947 1870 595 1870 595 1871 947 1871 593 1871 945 1872 947 1872 599 1872 593 1873 949 1873 591 1873 947 1874 949 1874 593 1874 949 1875 951 1875 591 1875 951 1876 952 1876 591 1876 591 1877 952 1877 587 1877 587 1878 954 1878 583 1878 952 1879 954 1879 587 1879 583 1880 954 1880 581 1880 954 1881 956 1881 581 1881 581 1882 958 1882 575 1882 956 1883 958 1883 581 1883 575 1884 960 1884 574 1884 574 1885 960 1885 569 1885 958 1886 960 1886 575 1886 960 1887 961 1887 569 1887 569 1888 963 1888 567 1888 567 1889 963 1889 562 1889 961 1890 963 1890 569 1890 562 1891 965 1891 565 1891 963 1892 965 1892 562 1892 965 1893 967 1893 565 1893 565 1894 969 1894 571 1894 571 1895 969 1895 572 1895 967 1896 969 1896 565 1896 969 1897 970 1897 572 1897 572 1898 972 1898 577 1898 970 1899 972 1899 572 1899 577 1900 974 1900 579 1900 579 1901 974 1901 585 1901 972 1902 974 1902 577 1902 974 1903 976 1903 585 1903 585 1904 978 1904 589 1904 976 1905 978 1905 585 1905 589 1906 979 1906 590 1906 590 1907 979 1907 592 1907 978 1908 979 1908 589 1908 592 1909 980 1909 597 1909 979 1910 980 1910 592 1910 980 1911 981 1911 597 1911 597 1912 1001 1912 598 1912 981 1913 1001 1913 597 1913 598 1914 1003 1914 602 1914 1001 1915 1003 1915 598 1915 602 1916 1005 1916 603 1916 1003 1917 1005 1917 602 1917 603 1918 1007 1918 606 1918 1005 1919 1007 1919 603 1919 606 1920 1055 1920 611 1920 1007 1921 1055 1921 606 1921 611 1922 1054 1922 684 1922 1055 1923 1054 1923 611 1923 932 1924 935 1924 615 1924 615 1925 935 1925 612 1925 999 1926 998 1926 727 1926 727 1927 998 1927 666 1927 666 1928 929 1928 665 1928 998 1929 929 1929 666 1929 665 1930 926 1930 664 1930 929 1931 926 1931 665 1931 664 1932 923 1932 663 1932 926 1933 923 1933 664 1933 663 1934 921 1934 662 1934 923 1935 921 1935 663 1935 662 1936 918 1936 661 1936 921 1937 918 1937 662 1937 661 1938 915 1938 660 1938 918 1939 915 1939 661 1939 660 1940 912 1940 659 1940 915 1941 912 1941 660 1941 912 1942 910 1942 659 1942 659 1943 910 1943 658 1943 658 1944 906 1944 656 1944 910 1945 906 1945 658 1945 656 1946 902 1946 654 1946 906 1947 902 1947 656 1947 654 1948 898 1948 652 1948 902 1949 898 1949 654 1949 652 1950 894 1950 650 1950 898 1951 894 1951 652 1951 650 1952 890 1952 649 1952 894 1953 890 1953 650 1953 649 1954 888 1954 647 1954 890 1955 888 1955 649 1955 647 1956 883 1956 645 1956 888 1957 883 1957 647 1957 645 1958 886 1958 643 1958 883 1959 886 1959 645 1959 643 1960 891 1960 641 1960 641 1961 891 1961 640 1961 886 1962 891 1962 643 1962 891 1963 893 1963 640 1963 640 1964 896 1964 638 1964 893 1965 896 1965 640 1965 638 1966 900 1966 636 1966 636 1967 900 1967 634 1967 896 1968 900 1968 638 1968 900 1969 904 1969 634 1969 634 1970 908 1970 632 1970 904 1971 908 1971 634 1971 632 1972 911 1972 631 1972 908 1973 911 1973 632 1973 631 1974 913 1974 629 1974 911 1975 913 1975 631 1975 629 1976 916 1976 627 1976 913 1977 916 1977 629 1977 627 1978 919 1978 625 1978 916 1979 919 1979 627 1979 625 1980 922 1980 624 1980 624 1981 922 1981 622 1981 919 1982 922 1982 625 1982 622 1983 924 1983 620 1983 922 1984 924 1984 622 1984 924 1985 927 1985 620 1985 620 1986 930 1986 618 1986 618 1987 930 1987 615 1987 927 1988 930 1988 620 1988 930 1989 932 1989 615 1989 997 1990 999 1990 726 1990 726 1991 999 1991 727 1991 793 1992 210 1992 209 1992 793 1993 209 1993 549 1993 789 1994 793 1994 549 1994 789 1995 549 1995 547 1995 785 1996 547 1996 545 1996 785 1997 789 1997 547 1997 781 1998 545 1998 543 1998 781 1999 543 1999 541 1999 781 2000 785 2000 545 2000 777 2001 541 2001 539 2001 777 2002 781 2002 541 2002 773 2003 777 2003 539 2003 769 2004 539 2004 537 2004 769 2005 773 2005 539 2005 765 2006 537 2006 535 2006 765 2007 535 2007 533 2007 765 2008 769 2008 537 2008 761 2009 765 2009 533 2009 757 2010 533 2010 531 2010 757 2011 531 2011 529 2011 757 2012 761 2012 533 2012 753 2013 757 2013 529 2013 749 2014 529 2014 527 2014 749 2015 753 2015 529 2015 745 2016 527 2016 525 2016 745 2017 749 2017 527 2017 741 2018 525 2018 523 2018 741 2019 745 2019 525 2019 736 2020 523 2020 521 2020 736 2021 521 2021 519 2021 736 2022 741 2022 523 2022 737 2023 736 2023 519 2023 739 2024 519 2024 517 2024 739 2025 737 2025 519 2025 743 2026 739 2026 517 2026 743 2027 517 2027 515 2027 743 2028 515 2028 513 2028 747 2029 743 2029 513 2029 747 2030 513 2030 511 2030 751 2031 747 2031 511 2031 755 2032 511 2032 508 2032 755 2033 751 2033 511 2033 755 2034 508 2034 505 2034 759 2035 755 2035 505 2035 763 2036 505 2036 502 2036 763 2037 502 2037 499 2037 763 2038 759 2038 505 2038 767 2039 763 2039 499 2039 771 2040 499 2040 496 2040 771 2041 496 2041 493 2041 771 2042 767 2042 499 2042 775 2043 771 2043 493 2043 779 2044 493 2044 490 2044 779 2045 775 2045 493 2045 783 2046 490 2046 487 2046 783 2047 779 2047 490 2047 787 2048 487 2048 484 2048 787 2049 783 2049 487 2049 791 2050 484 2050 481 2050 791 2051 481 2051 478 2051 791 2052 787 2052 484 2052 795 2053 791 2053 478 2053 798 2054 477 2054 474 2054 798 2055 478 2055 477 2055 798 2056 795 2056 478 2056 799 2057 798 2057 474 2057 802 2058 474 2058 470 2058 802 2059 799 2059 474 2059 805 2060 470 2060 466 2060 805 2061 802 2061 470 2061 808 2062 466 2062 462 2062 808 2063 805 2063 466 2063 811 2064 462 2064 458 2064 811 2065 808 2065 462 2065 814 2066 458 2066 454 2066 814 2067 811 2067 458 2067 817 2068 454 2068 450 2068 817 2069 814 2069 454 2069 820 2070 450 2070 446 2070 820 2071 446 2071 442 2071 820 2072 817 2072 450 2072 823 2073 820 2073 442 2073 826 2074 823 2074 442 2074 826 2075 442 2075 438 2075 829 2076 826 2076 438 2076 829 2077 438 2077 434 2077 829 2078 434 2078 430 2078 832 2079 829 2079 430 2079 834 2080 430 2080 426 2080 834 2081 832 2081 430 2081 836 2082 834 2082 426 2082 836 2083 426 2083 422 2083 838 2084 422 2084 418 2084 838 2085 836 2085 422 2085 840 2086 418 2086 416 2086 840 2087 838 2087 418 2087 842 2088 416 2088 415 2088 842 2089 840 2089 416 2089 844 2090 415 2090 420 2090 844 2091 842 2091 415 2091 846 2092 420 2092 424 2092 846 2093 844 2093 420 2093 848 2094 424 2094 428 2094 848 2095 846 2095 424 2095 850 2096 428 2096 432 2096 850 2097 432 2097 436 2097 850 2098 848 2098 428 2098 852 2099 850 2099 436 2099 854 2100 436 2100 440 2100 854 2101 852 2101 436 2101 856 2102 440 2102 444 2102 856 2103 854 2103 440 2103 858 2104 444 2104 448 2104 858 2105 856 2105 444 2105 860 2106 448 2106 452 2106 860 2107 858 2107 448 2107 862 2108 452 2108 456 2108 862 2109 860 2109 452 2109 864 2110 456 2110 460 2110 864 2111 862 2111 456 2111 866 2112 460 2112 464 2112 866 2113 864 2113 460 2113 868 2114 464 2114 468 2114 868 2115 866 2115 464 2115 870 2116 468 2116 472 2116 870 2117 472 2117 217 2117 870 2118 868 2118 468 2118 218 2119 870 2119 217 2119</p>
        </triangles>
      </mesh>
    </geometry>
  </library_geometries>
  <library_materials>
    <material id="mat_Body010" name="Body010">
      <instance_effect url="#effect_Body010"/>
    </material>
  </library_materials>
  <library_visual_scenes>
    <visual_scene id="scene">
      <node id="node0" name="node0">
        <instance_geometry url="#geometry0">
          <bind_material>
            <technique_common>
              <instance_material symbol="ref_Body010" target="#mat_Body010"/>
            </technique_common>
          </bind_material>
        </instance_geometry>
      </node>
    </visual_scene>
  </library_visual_scenes>
  <scene>
    <instance_visual_scene url="#scene"/>
  </scene>
</COLLADA>
