<COLLADA xmlns="http://www.collada.org/2005/11/COLLADASchema" version="1.4.1">
  <asset>
    <contributor/>
    <created>2026-10-08T20:06:02.100864</created>
    <modified>2026-10-08T20:06:02.100864</modified>
    <unit name="meter" meter="1.0"/>
    <up_axis>Z_UP</up_axis>
  </asset>
  <library_effects>
    <effect id="effect_Body003" name="effect_Body003">
      <profile_COMMON>
        <technique sid="common">
          <phong>
            <emission>
              <color>0.0 0.0 0.0 1.0</color>
            </emission>
            <ambient>
              <color>0.0 0.0 0.0 1.0</color>
            </ambient>
            <diffuse>
              <color>0.4470588266849518 0.4745098054409027 0.501960813999176 1.0</color>
            </diffuse>
            <specular>
              <color>1 1 1 1.0</color>
            </specular>
            <shininess>
              <float>0.0</float>
            </shininess>
            <reflective>
              <color>0.0 0.0 0.0 1.0</color>
            </reflective>
            <reflectivity>
              <float>0.0</float>
            </reflectivity>
            <transparent>
              <color>0.0 0.0 0.0 1.0</color>
            </transparent>
            <transparency>
              <float>1.0</float>
            </transparency>
          </phong>
        </technique>
        <extra>
          <technique profile="GOOGLEEARTH">
            <double_sided>0</double_sided>
          </technique>
        </extra>
      </profile_COMMON>
    </effect>
  </library_effects>
  <library_geometries>
    <geometry id="geometry0" name="J1_Spindle">
      <mesh>
        <source id="cubeverts-array0">
          <float_array count="5364" id="cubeverts-array0-array">-0.0131 -0.003 0 -0.01006231 -0.003 0 -0.0131 -0.003 0.0235 -0.01006231 -0.003 0.0235 0.008108931 -0.006670475 0 0.007771277 -0.007060966 0 0.00741484 -0.00743439 0 0.0066491 -0.008126467 0 0.007040479 -0.007789843 0 0.008724667 -0.005842105 0 0.008426983 -0.006263861 0 0.009256097 -0.004957284 0 0.009001261 -0.005406229 0 0.004471356 -0.009500367 0 0.00624165 -0.008443448 0 0.005819112 -0.00874002 0 0.005382508 -0.009015465 0 0.004932894 -0.009269118 0 0.009884173 -0.003543037 0 0.009698088 -0.004024561 0 0.009488561 -0.004496357 0 0.003516999 -0.009893469 0 0.003999011 -0.009708652 0 0.01004637 -0.00305295 0 0.002528656 -0.01019097 0 0.003026485 -0.01005437 0 0.002024716 -0.01030294 0 0.01038597 -0.001543234 0 0.01029757 -0.002051838 0 0.01018428 -0.002555482 0 0.001003381 -0.01045195 0 0.001515881 -0.01039 0 0.0105 0 0 0.01048731 -0.0005160735 0 0.01044927 -0.0010309 0 0.01048731 0.0005160735 0 -0.0005436865 -0.01048591 0 0.000488457 -0.01048863 0 -2.764819e-05 -0.01049996 0 -0.001058411 -0.01044652 0 0.01038597 0.001543234 0 0.01044927 0.0010309 0 -0.002078946 -0.01029213 0 -0.001570577 -0.01038187 0 0.01018428 0.002555482 0 0.01029757 0.002051838 0 0.009884173 0.003543037 0 0.01004637 0.00305295 0 -0.003569052 -0.00987481 0 -0.00258229 -0.01017751 0 -0.003079393 -0.01003829 0 0.009488561 0.004496357 0 0.009698088 0.004024561 0 -0.004521326 -0.009476687 0 -0.004050084 -0.009687457 0 0.009001261 0.005406229 0 0.009256097 0.004957284 0 -0.005865058 -0.008709253 0 -0.004981639 -0.009243011 0 -0.005429912 -0.008986994 0 0.008426983 0.006263861 0 0.008724667 0.005842105 0 0.007771277 0.007060966 0 0.008108931 0.006670475 0 0.007040479 0.007789843 0 0.00741484 0.00743439 0 -0.008143947 -0.006627679 0 -0.006286029 -0.00841046 0 -0.006691804 -0.008091338 0 -0.007081405 -0.007752658 0 -0.007453888 -0.007395238 0 -0.007808355 -0.007019943 0 -0.008459854 -0.006219395 0 0.005819112 0.00874002 0 0.00624165 0.008443448 0 0.0066491 0.008126467 0 -0.009029607 -0.00535875 0 -0.008755312 -0.005796078 0 0.004932894 0.009269118 0 0.005382508 0.009015465 0 -0.009512108 -0.004446325 0 -0.009282076 -0.00490847 0 0.003516999 0.009893469 0 0.003999011 0.009708652 0 0.004471356 0.009500367 0 0.003026485 0.01005437 0 -0.009719148 -0.003973432 0 -0.009902695 -0.003490935 0 0.002024716 0.01030294 0 0.002528656 0.01019097 0 -0.0133 -0.0028 0 -0.01317654 -0.002984776 0 -0.01324142 -0.002941421 0 -0.01328478 -0.002876537 0 -2.764819e-05 0.01049996 0 0.000488457 0.01048863 0 0.001003381 0.01045195 0 0.001515881 0.01039 0 -0.001570577 0.01038187 0 -0.001058411 0.01044652 0 -0.0005436865 0.01048591 0 -0.002078946 0.01029213 0 -0.009902695 0.003490935 0 -0.01006231 0.003 0 -0.004050084 0.009687457 0 -0.003569052 0.00987481 0 -0.003079393 0.01003829 0 -0.004521326 0.009476687 0 -0.00258229 0.01017751 0 -0.009282076 0.00490847 0 -0.009719148 0.003973432 0 -0.009512108 0.004446325 0 -0.009029607 0.00535875 0 -0.005429912 0.008986994 0 -0.004981639 0.009243011 0 -0.008459854 0.006219395 0 -0.008755312 0.005796078 0 -0.006691804 0.008091338 0 -0.006286029 0.00841046 0 -0.005865058 0.008709253 0 -0.007808355 0.007019943 0 -0.008143947 0.006627679 0 -0.007453888 0.007395238 0 -0.007081405 0.007752658 0 -0.0133 0.0028 0 -0.0131 0.003 0 -0.01324142 0.002941421 0 -0.01317654 0.002984776 0 -0.01328478 0.002876537 0 -0.01317654 -0.002984776 0.0235 -0.01324142 -0.002941421 0.0235 -0.01328478 -0.002876537 0.0235 -0.0133 -0.0028 0.0235 0.0105 0 0.025 0.01048695 -0.0005233818 0.025 0.01044782 -0.001045462 0.025 0.01038272 -0.001564944 0.025 0.01029181 -0.002080534 0.025 0.01017531 -0.002590953 0.025 0.01003351 -0.003094929 0.025 0.009866773 -0.003591212 0.025 0.0096755 -0.004078566 0.025 0.009460173 -0.004555779 0.025 0.009221327 -0.005021667 0.025 0.008959555 -0.00547507 0.025 0.008675508 -0.005914861 0.025 0.008369891 -0.006339946 0.025 0.008043467 -0.00674927 0.025 0.007697045 -0.007141814 0.025 0.007331487 -0.007516602 0.025 0.006947701 -0.007872703 0.025 0.006546643 -0.00820923 0.025 0.006129309 -0.008525349 0.025 0.005696736 -0.008820272 0.025 0.00525 -0.009093266 0.025 0.004790212 -0.009343654 0.025 0.004318514 -0.009570811 0.025 0.003836081 -0.009774175 0.025 0.00334411 -0.009953238 0.025 0.002843825 -0.01010755 0.025 0.00233647 -0.01023674 0.025 0.001823306 -0.01034048 0.025 0.001305609 -0.01041851 0.025 0.000784666 -0.01047064 0.025 0.0002617723 -0.01049674 0.025 -0.0002617723 -0.01049674 0.025 -0.000784666 -0.01047064 0.025 -0.001305609 -0.01041851 0.025 -0.001823306 -0.01034048 0.025 -0.00233647 -0.01023674 0.025 -0.002843825 -0.01010755 0.025 -0.00334411 -0.009953238 0.025 -0.003836081 -0.009774175 0.025 -0.004318514 -0.009570811 0.025 -0.004790212 -0.009343654 0.025 -0.00525 -0.009093266 0.025 -0.005696736 -0.008820272 0.025 -0.006129309 -0.008525349 0.025 -0.006546643 -0.00820923 0.025 -0.006947701 -0.007872703 0.025 -0.007331487 -0.007516602 0.025 -0.007697045 -0.007141814 0.025 -0.008043467 -0.00674927 0.025 -0.008369891 -0.006339946 0.025 -0.008675508 -0.005914861 0.025 -0.008959555 -0.00547507 0.025 -0.009221327 -0.005021667 0.025 -0.009460173 -0.004555779 0.025 -0.0096755 -0.004078566 0.025 -0.009866773 -0.003591212 0.025 -0.01017531 -0.002590953 0.025 -0.01003351 -0.003094929 0.025 -0.01019539 -0.002510763 0.0235 -0.01029181 -0.002080534 0.025 -0.01030471 -0.002015672 0.0235 -0.01038272 -0.001564944 0.025 -0.01039 -0.001515881 0.0235 -0.01044782 -0.001045462 0.025 -0.01045106 -0.001012555 0.0235 -0.01048695 -0.0005233818 0.025 -0.01048776 -0.0005068684 0.0235 -0.0105 3.601761e-17 0.025 -0.0105 3.377057e-18 0.0235 -0.01048776 0.0005068684 0.0235 -0.01048695 0.0005233818 0.025 -0.01045106 0.001012555 0.0235 -0.01044782 0.001045462 0.025 -0.01039 0.001515881 0.0235 -0.01038272 0.001564944 0.025 -0.01030471 0.002015672 0.0235 -0.01029181 0.002080534 0.025 -0.01019539 0.002510763 0.0235 -0.01017531 0.002590953 0.025 -0.01006231 0.003 0.0235 -0.01003351 0.003094929 0.025 -0.009866773 0.003591212 0.025 -0.0096755 0.004078566 0.025 -0.009460173 0.004555779 0.025 -0.009221327 0.005021667 0.025 -0.008959555 0.00547507 0.025 -0.008675508 0.005914861 0.025 -0.008369891 0.006339946 0.025 -0.008043467 0.00674927 0.025 -0.007697045 0.007141814 0.025 -0.007331487 0.007516602 0.025 -0.006947701 0.007872703 0.025 -0.006546643 0.00820923 0.025 -0.006129309 0.008525349 0.025 -0.005696736 0.008820272 0.025 -0.00525 0.009093266 0.025 -0.004790212 0.009343654 0.025 -0.004318514 0.009570811 0.025 -0.003836081 0.009774175 0.025 -0.00334411 0.009953238 0.025 -0.002843825 0.01010755 0.025 -0.00233647 0.01023674 0.025 -0.001823306 0.01034048 0.025 -0.001305609 0.01041851 0.025 -0.000784666 0.01047064 0.025 -0.0002617723 0.01049674 0.025 0.0002617723 0.01049674 0.025 0.000784666 0.01047064 0.025 0.001305609 0.01041851 0.025 0.001823306 0.01034048 0.025 0.00233647 0.01023674 0.025 0.002843825 0.01010755 0.025 0.00334411 0.009953238 0.025 0.003836081 0.009774175 0.025 0.004318514 0.009570811 0.025 0.004790212 0.009343654 0.025 0.00525 0.009093266 0.025 0.005696736 0.008820272 0.025 0.006129309 0.008525349 0.025 0.006546643 0.00820923 0.025 0.006947701 0.007872703 0.025 0.007331487 0.007516602 0.025 0.007697045 0.007141814 0.025 0.008043467 0.00674927 0.025 0.008369891 0.006339946 0.025 0.008675508 0.005914861 0.025 0.008959555 0.00547507 0.025 0.009221327 0.005021667 0.025 0.009460173 0.004555779 0.025 0.0096755 0.004078566 0.025 0.009866773 0.003591212 0.025 0.01003351 0.003094929 0.025 0.01017531 0.002590953 0.025 0.01029181 0.002080534 0.025 0.01038272 0.001564944 0.025 0.01044782 0.001045462 0.025 0.01048695 0.0005233818 0.025 -0.0133 0.0028 0.0235 -0.0131 0.003 0.0235 -0.01317654 0.002984776 0.0235 -0.01324142 0.002941421 0.0235 -0.01328478 0.002876537 0.0235 -0.01221914 -0.01252767 0.025 -0.0115795 -0.01312117 0.025 -0.01282841 -0.01190302 0.025 -0.01340578 -0.01124878 0.025 -0.01091107 -0.01368205 0.025 -0.01394982 -0.01056658 0.025 -0.01445918 -0.009858101 0.025 -0.01021551 -0.01420891 0.025 -0.009494559 -0.01470045 0.025 -0.01493259 -0.009125116 0.025 -0.01536888 -0.008369445 0.025 -0.00875 -0.01515544 0.025 -0.007983686 -0.01557276 0.025 -0.01576696 -0.007592966 0.025 -0.007197524 -0.01595135 0.025 -0.006393468 -0.01629029 0.025 -0.01612583 -0.006797609 0.025 -0.01644462 -0.005985353 0.025 -0.01672252 -0.005158216 0.025 -0.005573516 -0.01658873 0.025 -0.004739708 -0.01684592 0.025 -0.01695885 -0.004318254 0.025 -0.003894116 -0.01706124 0.025 -0.003038843 -0.01723414 0.025 -0.01715302 -0.003467557 0.025 -0.01730454 -0.00260824 0.025 -0.002176015 -0.01736419 0.025 -0.01741304 -0.001742437 0.025 -0.001307777 -0.01745107 0.025 -0.0004362871 -0.01749456 0.025 -0.01747825 -0.000872303 0.025 -0.0175 6.002936e-17 0.025 0.0004362871 -0.01749456 0.025 -0.01747825 0.000872303 0.025 0.001307777 -0.01745107 0.025 0.002176015 -0.01736419 0.025 -0.01741304 0.001742437 0.025 0.003038843 -0.01723414 0.025 -0.01730454 0.00260824 0.025 -0.01715302 0.003467557 0.025 0.003894116 -0.01706124 0.025 -0.01695885 0.004318254 0.025 -0.01672252 0.005158216 0.025 0.004739708 -0.01684592 0.025 0.005573516 -0.01658873 0.025 -0.01644462 0.005985353 0.025 0.006393468 -0.01629029 0.025 -0.01612583 0.006797609 0.025 0.007197524 -0.01595135 0.025 -0.01576696 0.007592966 0.025 0.007983686 -0.01557276 0.025 0.00875 -0.01515544 0.025 -0.01536888 0.008369445 0.025 -0.01493259 0.009125116 0.025 -0.01445918 0.009858101 0.025 0.009494559 -0.01470045 0.025 0.01021551 -0.01420891 0.025 -0.01394982 0.01056658 0.025 -0.01340578 0.01124878 0.025 0.01091107 -0.01368205 0.025 0.0115795 -0.01312117 0.025 -0.01282841 0.01190302 0.025 0.01221914 -0.01252767 0.025 -0.01221914 0.01252767 0.025 0.01282841 -0.01190302 0.025 -0.0115795 0.01312117 0.025 0.01340578 -0.01124878 0.025 -0.01091107 0.01368205 0.025 0.01394982 -0.01056658 0.025 -0.01021551 0.01420891 0.025 0.01445918 -0.009858101 0.025 -0.009494559 0.01470045 0.025 0.01493259 -0.009125116 0.025 -0.00875 0.01515544 0.025 0.01536888 -0.008369445 0.025 -0.007983686 0.01557276 0.025 0.01576696 -0.007592966 0.025 -0.007197524 0.01595135 0.025 0.01612583 -0.006797609 0.025 -0.006393468 0.01629029 0.025 0.01644462 -0.005985353 0.025 -0.005573516 0.01658873 0.025 0.01672252 -0.005158216 0.025 -0.004739708 0.01684592 0.025 0.01695885 -0.004318254 0.025 -0.003894116 0.01706124 0.025 0.01715302 -0.003467557 0.025 -0.003038843 0.01723414 0.025 0.01730454 -0.00260824 0.025 -0.002176015 0.01736419 0.025 0.01741304 -0.001742437 0.025 -0.001307777 0.01745107 0.025 0.01747825 -0.000872303 0.025 -0.0004362871 0.01749456 0.025 0.0175 0 0.025 0.0004362871 0.01749456 0.025 0.01747825 0.000872303 0.025 0.001307777 0.01745107 0.025 0.01741304 0.001742437 0.025 0.002176015 0.01736419 0.025 0.01730454 0.00260824 0.025 0.003038843 0.01723414 0.025 0.01715302 0.003467557 0.025 0.003894116 0.01706124 0.025 0.01695885 0.004318254 0.025 0.004739708 0.01684592 0.025 0.01672252 0.005158216 0.025 0.005573516 0.01658873 0.025 0.01644462 0.005985353 0.025 0.006393468 0.01629029 0.025 0.01612583 0.006797609 0.025 0.007197524 0.01595135 0.025 0.01576696 0.007592966 0.025 0.007983686 0.01557276 0.025 0.01536888 0.008369445 0.025 0.00875 0.01515544 0.025 0.01493259 0.009125116 0.025 0.009494559 0.01470045 0.025 0.01445918 0.009858101 0.025 0.01021551 0.01420891 0.025 0.01394982 0.01056658 0.025 0.01091107 0.01368205 0.025 0.01340578 0.01124878 0.025 0.0115795 0.01312117 0.025 0.01282841 0.01190302 0.025 0.01221914 0.01252767 0.025 0.0175 0 0.104 0.01747825 0.000872303 0.104 0.01741304 0.001742437 0.104 0.01730454 0.00260824 0.104 0.01715302 0.003467557 0.104 0.01695885 0.004318254 0.104 0.01672252 0.005158216 0.104 0.01644462 0.005985353 0.104 0.01612583 0.006797609 0.104 0.01576696 0.007592966 0.104 0.01536888 0.008369445 0.104 0.01493259 0.009125116 0.104 0.01445918 0.009858101 0.104 0.01394982 0.01056658 0.104 0.01340578 0.01124878 0.104 0.01282841 0.01190302 0.104 0.01221914 0.01252767 0.104 0.0115795 0.01312117 0.104 0.01091107 0.01368205 0.104 0.01021551 0.01420891 0.104 0.009494559 0.01470045 0.104 0.00875 0.01515544 0.104 0.007983686 0.01557276 0.104 0.007197524 0.01595135 0.104 0.006393468 0.01629029 0.104 0.005573516 0.01658873 0.104 0.004739708 0.01684592 0.104 0.003894116 0.01706124 0.104 0.003038843 0.01723414 0.104 0.002176015 0.01736419 0.104 0.001307777 0.01745107 0.104 0.0004362871 0.01749456 0.104 -0.0004362871 0.01749456 0.104 -0.001307777 0.01745107 0.104 -0.002176015 0.01736419 0.104 -0.003038843 0.01723414 0.104 -0.003894116 0.01706124 0.104 -0.004739708 0.01684592 0.104 -0.005573516 0.01658873 0.104 -0.006393468 0.01629029 0.104 -0.007197524 0.01595135 0.104 -0.007983686 0.01557276 0.104 -0.00875 0.01515544 0.104 -0.009494559 0.01470045 0.104 -0.01021551 0.01420891 0.104 -0.01091107 0.01368205 0.104 -0.0115795 0.01312117 0.104 -0.01221914 0.01252767 0.104 -0.01282841 0.01190302 0.104 -0.01340578 0.01124878 0.104 -0.01394982 0.01056658 0.104 -0.01445918 0.009858101 0.104 -0.01493259 0.009125116 0.104 -0.01536888 0.008369445 0.104 -0.01576696 0.007592966 0.104 -0.01612583 0.006797609 0.104 -0.01644462 0.005985353 0.104 -0.01672252 0.005158216 0.104 -0.01695885 0.004318254 0.104 -0.01715302 0.003467557 0.104 -0.01730454 0.00260824 0.104 -0.01741304 0.001742437 0.104 -0.01747825 0.000872303 0.104 -0.0175 -6.002936e-17 0.104 -0.01747825 -0.000872303 0.104 -0.01741304 -0.001742437 0.104 -0.01730454 -0.00260824 0.104 -0.01715302 -0.003467557 0.104 -0.01695885 -0.004318254 0.104 -0.01672252 -0.005158216 0.104 -0.01644462 -0.005985353 0.104 -0.01612583 -0.006797609 0.104 -0.01576696 -0.007592966 0.104 -0.01536888 -0.008369445 0.104 -0.01493259 -0.009125116 0.104 -0.01445918 -0.009858101 0.104 -0.01394982 -0.01056658 0.104 -0.01340578 -0.01124878 0.104 -0.01282841 -0.01190302 0.104 -0.01221914 -0.01252767 0.104 -0.0115795 -0.01312117 0.104 -0.01091107 -0.01368205 0.104 -0.01021551 -0.01420891 0.104 -0.009494559 -0.01470045 0.104 -0.00875 -0.01515544 0.104 -0.007983686 -0.01557276 0.104 -0.007197524 -0.01595135 0.104 -0.006393468 -0.01629029 0.104 -0.005573516 -0.01658873 0.104 -0.004739708 -0.01684592 0.104 -0.003894116 -0.01706124 0.104 -0.003038843 -0.01723414 0.104 -0.002176015 -0.01736419 0.104 -0.001307777 -0.01745107 0.104 -0.0004362871 -0.01749456 0.104 0.0004362871 -0.01749456 0.104 0.001307777 -0.01745107 0.104 0.002176015 -0.01736419 0.104 0.003038843 -0.01723414 0.104 0.003894116 -0.01706124 0.104 0.004739708 -0.01684592 0.104 0.005573516 -0.01658873 0.104 0.006393468 -0.01629029 0.104 0.007197524 -0.01595135 0.104 0.007983686 -0.01557276 0.104 0.00875 -0.01515544 0.104 0.009494559 -0.01470045 0.104 0.01021551 -0.01420891 0.104 0.01091107 -0.01368205 0.104 0.0115795 -0.01312117 0.104 0.01221914 -0.01252767 0.104 0.01282841 -0.01190302 0.104 0.01340578 -0.01124878 0.104 0.01394982 -0.01056658 0.104 0.01445918 -0.009858101 0.104 0.01493259 -0.009125116 0.104 0.01536888 -0.008369445 0.104 0.01576696 -0.007592966 0.104 0.01612583 -0.006797609 0.104 0.01644462 -0.005985353 0.104 0.01672252 -0.005158216 0.104 0.01695885 -0.004318254 0.104 0.01715302 -0.003467557 0.104 0.01730454 -0.00260824 0.104 0.01741304 -0.001742437 0.104 0.01747825 -0.000872303 0.104 -0.008079156 -0.01013052 0.104 -0.00797471 -0.0102376 0.104 -0.007865057 -0.01033934 0.104 -0.008178133 -0.01001836 0.104 -0.007750469 -0.01043549 0.104 -0.008271398 -0.009901413 0.104 -0.007631231 -0.01052581 0.104 -0.008358716 -0.009779961 0.104 -0.007507639 -0.01061008 0.104 -0.008439873 -0.009654305 0.104 -0.00738 -0.01068808 0.104 -0.008514665 -0.009524762 0.104 -0.007248632 -0.01075962 0.104 -0.008582907 -0.009391651 0.104 -0.007113861 -0.01082452 0.104 -0.008644428 -0.009255304 0.104 -0.006976023 -0.01088262 0.104 -0.008699078 -0.00911606 0.104 -0.00683546 -0.01093378 0.104 -0.008746718 -0.008974265 0.104 -0.006692522 -0.01097787 0.104 -0.008787231 -0.008830272 0.104 -0.006547563 -0.01101478 0.104 -0.008820518 -0.008684439 0.104 -0.006400945 -0.01104442 0.104 -0.008846493 -0.008537127 0.104 -0.006253031 -0.01106672 0.104 -0.008865092 -0.008388703 0.104 -0.00610419 -0.01108161 0.104 -0.00887627 -0.008239537 0.104 -0.005954792 -0.01108907 0.104 -0.00888 -0.00809 0.104 -0.005805208 -0.01108907 0.104 -0.00887627 -0.007940462 0.104 -0.00565581 -0.01108161 0.104 -0.008865092 -0.007791296 0.104 -0.005506969 -0.01106672 0.104 -0.008846493 -0.007642873 0.104 -0.005359056 -0.01104442 0.104 -0.008820518 -0.007495562 0.104 -0.005212437 -0.01101478 0.104 -0.008787231 -0.007349728 0.104 -0.005067479 -0.01097787 0.104 -0.008746718 -0.007205734 0.104 -0.00492454 -0.01093378 0.104 -0.008699078 -0.00706394 0.104 -0.004783977 -0.01088262 0.104 -0.008644428 -0.006924695 0.104 -0.004646139 -0.01082452 0.104 -0.008582907 -0.006788349 0.104 -0.004511368 -0.01075962 0.104 -0.008514665 -0.006655238 0.104 -0.00438 -0.01068808 0.104 -0.008439873 -0.006525694 0.104 -0.004252361 -0.01061008 0.104 -0.004128769 -0.01052581 0.104 -0.004009531 -0.01043549 0.104 -0.003894943 -0.01033934 0.104 -0.00378529 -0.0102376 0.104 -0.003680844 -0.01013052 0.104 -0.003581867 -0.01001836 0.104 -0.01170916 0.001049482 0.104 -0.01160471 0.0009423994 0.104 -0.01149506 0.0008406564 0.104 -0.01180813 0.001161637 0.104 -0.01138047 0.0007445055 0.104 -0.0119014 0.001278587 0.104 -0.01126123 0.000654186 0.104 -0.01198872 0.00140004 0.104 -0.01113764 0.0005699222 0.104 -0.01206987 0.001525694 0.104 -0.01101 0.0004919238 0.104 -0.01214466 0.001655238 0.104 -0.01087863 0.0004203846 0.104 -0.01221291 0.001788349 0.104 -0.01074386 0.0003554824 0.104 -0.01227443 0.001924696 0.104 -0.01060602 0.0002973787 0.104 -0.008358716 -0.00640004 0.104 -0.01232908 0.00206394 0.104 -0.01046546 0.000246218 0.104 -0.008271398 -0.006278587 0.104 -0.01237672 0.002205734 0.104 -0.01032252 0.0002021273 0.104 -0.008178133 -0.006161637 0.104 -0.01241723 0.002349728 0.104 -0.01017756 0.0001652163 0.104 -0.008079156 -0.006049482 0.104 -0.01245052 0.002495562 0.104 -0.01003094 0.0001355767 0.104 -0.00797471 -0.0059424 0.104 -0.01247649 0.002642873 0.104 -0.009883031 0.0001132824 0.104 -0.007865057 -0.005840656 0.104 -0.01249509 0.002791296 0.104 -0.00973419 9.83886e-05 0.104 -0.007750469 -0.005744505 0.104 -0.01250627 0.002940462 0.104 -0.009584792 9.093245e-05 0.104 -0.007631231 -0.005654186 0.104 -0.01251 0.00309 0.104 -0.009435208 9.093245e-05 0.104 -0.007507639 -0.005569922 0.104 -0.01250627 0.003239538 0.104 -0.00928581 9.83886e-05 0.104 -0.00738 -0.005491924 0.104 -0.01249509 0.003388704 0.104 -0.009136969 0.0001132824 0.104 -0.007248632 -0.005420384 0.104 -0.01247649 0.003537127 0.104 -0.008989056 0.0001355767 0.104 -0.007113861 -0.005355483 0.104 -0.01245052 0.003684438 0.104 -0.008842437 0.0001652163 0.104 -0.006976023 -0.005297379 0.104 -0.01241723 0.003830272 0.104 -0.008697478 0.0002021273 0.104 -0.00683546 -0.005246218 0.104 -0.01237672 0.003974266 0.104 -0.00855454 0.000246218 0.104 -0.006692522 -0.005202127 0.104 -0.01232908 0.00411606 0.104 -0.008413977 0.0002973787 0.104 -0.006547563 -0.005165216 0.104 -0.01227443 0.004255304 0.104 -0.008276138 0.0003554824 0.104 -0.006400945 -0.005135577 0.104 -0.01221291 0.004391651 0.104 -0.008141368 0.0004203846 0.104 -0.006253031 -0.005113282 0.104 -0.01214466 0.004524762 0.104 -0.00801 0.0004919238 0.104 -0.00610419 -0.005098389 0.104 -0.01206987 0.004654305 0.104 -0.007882361 0.0005699222 0.104 -0.005954792 -0.005090932 0.104 -0.01198872 0.00477996 0.104 -0.007758769 0.000654186 0.104 -0.005805208 -0.005090932 0.104 -0.0119014 0.004901413 0.104 -0.007639531 0.0007445055 0.104 -0.00565581 -0.005098389 0.104 -0.01180813 0.005018363 0.104 -0.007524942 0.0008406564 0.104 -0.005506969 -0.005113282 0.104 -0.01170916 0.005130518 0.104 -0.007415289 0.0009423994 0.104 -0.005359056 -0.005135577 0.104 0.00378529 -0.0102376 0.104 0.003680844 -0.01013052 0.104 0.003894943 -0.01033934 0.104 0.003581867 -0.01001836 0.104 0.004009531 -0.01043549 0.104 0.003488602 -0.009901413 0.104 -0.003488602 -0.009901413 0.104 0.004128769 -0.01052581 0.104 0.003401284 -0.009779961 0.104 -0.003401284 -0.009779961 0.104 -0.01160471 0.0052376 0.104 0.004252361 -0.01061008 0.104 0.003320127 -0.009654305 0.104 -0.003320127 -0.009654305 0.104 0.00438 -0.01068808 0.104 0.003245335 -0.009524762 0.104 -0.003245335 -0.009524762 0.104 -0.007310844 0.001049482 0.104 -0.005212437 -0.005165216 0.104 0.004511368 -0.01075962 0.104 0.003177094 -0.009391651 0.104 -0.003177094 -0.009391651 0.104 0.004646139 -0.01082452 0.104 -0.01149506 0.005339344 0.104 0.003115571 -0.009255304 0.104 -0.003115571 -0.009255304 0.104 0.004783977 -0.01088262 0.104 0.003060922 -0.00911606 0.104 -0.003060922 -0.00911606 0.104 -0.007211867 0.001161637 0.104 -0.005067479 -0.005202127 0.104 0.00492454 -0.01093378 0.104 0.003013282 -0.008974265 0.104 -0.003013282 -0.008974265 0.104 -0.01138047 0.005435494 0.104 0.005067479 -0.01097787 0.104 0.002972768 -0.008830272 0.104 -0.002972768 -0.008830272 0.104 -0.002939482 -0.008684439 0.104 -0.007118602 0.001278587 0.104 -0.00492454 -0.005246218 0.104 0.005212437 -0.01101478 0.104 0.002939482 -0.008684439 0.104 -0.01126123 0.005525814 0.104 0.005359056 -0.01104442 0.104 -0.007031284 0.00140004 0.104 -0.004783977 -0.005297379 0.104 0.002913507 -0.008537127 0.104 -0.002913507 -0.008537127 0.104 0.005506969 -0.01106672 0.104 -0.01113764 0.005610078 0.104 0.002894908 -0.008388703 0.104 -0.002894908 -0.008388703 0.104 0.00565581 -0.01108161 0.104 -0.006950127 0.001525694 0.104 -0.004646139 -0.005355483 0.104 0.002883729 -0.008239537 0.104 -0.002883729 -0.008239537 0.104 -0.01101 0.005688076 0.104 0.005805208 -0.01108907 0.104 -0.006875335 0.001655238 0.104 -0.004511368 -0.005420384 0.104 0.00288 -0.00809 0.104 -0.00288 -0.00809 0.104 0.005954792 -0.01108907 0.104 0.002883729 -0.007940462 0.104 -0.002883729 -0.007940462 0.104 -0.006807094 0.001788349 0.104 -0.00438 -0.005491924 0.104 0.00610419 -0.01108161 0.104 0.002894908 -0.007791296 0.104 -0.002894908 -0.007791296 0.104 -0.006745571 0.001924696 0.104 -0.004252361 -0.005569922 0.104 0.006253031 -0.01106672 0.104 0.002913507 -0.007642873 0.104 -0.002913507 -0.007642873 0.104 0.006400945 -0.01104442 0.104 -0.006690922 0.00206394 0.104 -0.004128769 -0.005654186 0.104 -0.01087863 0.005759615 0.104 -0.01074386 0.005824518 0.104 0.002939482 -0.007495562 0.104 -0.002939482 -0.007495562 0.104 0.006547563 -0.01101478 0.104 -0.006643281 0.002205734 0.104 0.002972768 -0.007349728 0.104 -0.002972768 -0.007349728 0.104 -0.003013282 -0.007205734 0.104 0.006692522 -0.01097787 0.104 0.003013282 -0.007205734 0.104 0.00683546 -0.01093378 0.104 0.003060922 -0.00706394 0.104 -0.003060922 -0.00706394 0.104 -0.003115571 -0.006924695 0.104 0.006976023 -0.01088262 0.104 0.003115571 -0.006924695 0.104 -0.003177094 -0.006788349 0.104 0.007113861 -0.01082452 0.104 0.003177094 -0.006788349 0.104 0.007248632 -0.01075962 0.104 0.003245335 -0.006655238 0.104 -0.003245335 -0.006655238 0.104 -0.01046546 0.005933782 0.104 -0.01032252 0.005977873 0.104 -0.01060602 0.005882621 0.104 0.00738 -0.01068808 0.104 0.003320127 -0.006525694 0.104 -0.003320127 -0.006525694 0.104 -0.003401284 -0.00640004 0.104 0.007507639 -0.01061008 0.104 0.003401284 -0.00640004 0.104 0.007631231 -0.01052581 0.104 0.003488602 -0.006278587 0.104 -0.003488602 -0.006278587 0.104 0.007750469 -0.01043549 0.104 0.003581867 -0.006161637 0.104 -0.003581867 -0.006161637 0.104 0.007865057 -0.01033934 0.104 0.003680844 -0.006049482 0.104 -0.003680844 -0.006049482 0.104 0.00797471 -0.0102376 0.104 0.00378529 -0.0059424 0.104 -0.00378529 -0.0059424 0.104 -0.01017756 0.006014784 0.104 -0.01003094 0.006044423 0.104 0.008079156 -0.01013052 0.104 0.003894943 -0.005840656 0.104 -0.003894943 -0.005840656 0.104 0.004009531 -0.005744505 0.104 -0.004009531 -0.005744505 0.104 0.008178133 -0.01001836 0.104 0.008271398 -0.009901413 0.104 0.004128769 -0.005654186 0.104 0.008358716 -0.009779961 0.104 -0.009883031 0.006066718 0.104 -0.00973419 0.006081611 0.104 0.008439873 -0.009654305 0.104 0.008514665 -0.009524762 0.104 0.008582907 -0.009391651 0.104 -0.009584792 0.006089067 0.104 -0.009435208 0.006089067 0.104 0.008644428 -0.009255304 0.104 0.008699078 -0.00911606 0.104 -0.00928581 0.006081611 0.104 -0.009136969 0.006066718 0.104 0.008746718 -0.008974265 0.104 0.008787231 -0.008830272 0.104 0.008820518 -0.008684439 0.104 -0.008989056 0.006044423 0.104 -0.008842437 0.006014784 0.104 0.008846493 -0.008537127 0.104 0.008865092 -0.008388703 0.104 0.00887627 -0.008239537 0.104 -0.008697478 0.005977873 0.104 0.00887627 -0.007940462 0.104 0.00888 -0.00809 0.104 -0.00209471 0.007852399 0.104 -0.006875335 0.004524762 0.104 -0.006807094 0.004391651 0.104 -0.002199156 0.007959482 0.104 -0.006950127 0.004654305 0.104 -0.001985057 0.007750657 0.104 -0.006745571 0.004255304 0.104 -0.002298133 0.008071637 0.104 -0.007031284 0.00477996 0.104 -0.001870469 0.007654506 0.104 -0.006690922 0.00411606 0.104 -0.002391397 0.008188587 0.104 -0.007118602 0.004901413 0.104 0.008865092 -0.007791296 0.104 0.008846493 -0.007642873 0.104 -0.001751231 0.007564186 0.104 -0.006643281 0.003974266 0.104 -0.002478716 0.00831004 0.104 -0.007211867 0.005018363 0.104 -0.001627639 0.007479922 0.104 -0.006602768 0.003830272 0.104 -0.002559873 0.008435695 0.104 -0.007310844 0.005130518 0.104 -0.0015 0.007401924 0.104 -0.006569482 0.003684438 0.104 -0.002634665 0.008565238 0.104 -0.007415289 0.0052376 0.104 -0.001368632 0.007330385 0.104 -0.006543508 0.003537127 0.104 -0.002702907 0.008698349 0.104 -0.007524942 0.005339344 0.104 -0.001233861 0.007265482 0.104 -0.006524908 0.003388704 0.104 -0.002764429 0.008834696 0.104 -0.007639531 0.005435494 0.104 -0.001096023 0.007207379 0.104 -0.006513729 0.003239538 0.104 -0.002819078 0.00897394 0.104 -0.007758769 0.005525814 0.104 -0.00095546 0.007156218 0.104 -0.00651 0.00309 0.104 -0.002866719 0.009115734 0.104 -0.007882361 0.005610078 0.104 -0.0008125214 0.007112127 0.104 -0.006513729 0.002940462 0.104 -0.002907232 0.009259727 0.104 -0.00801 0.005688076 0.104 -0.0006675628 0.007075216 0.104 -0.006524908 0.002791296 0.104 -0.002940517 0.009405561 0.104 -0.008141368 0.005759615 0.104 -0.0005209445 0.007045577 0.104 -0.006543508 0.002642873 0.104 -0.002966492 0.009552874 0.104 -0.008276138 0.005824518 0.104 -0.0003730311 0.007023283 0.104 -0.006569482 0.002495562 0.104 -0.002985092 0.009701297 0.104 -0.008413977 0.005882621 0.104 -0.0002241903 0.007008389 0.104 -0.006602768 0.002349728 0.104 -0.002996271 0.009850462 0.104 -0.00855454 0.005933782 0.104 -7.479207e-05 0.007000932 0.104 0.008820518 -0.007495562 0.104 0.008787231 -0.007349728 0.104 -0.003 0.01 0.104 -0.002996271 0.01014954 0.104 -0.002985092 0.0102987 0.104 -0.002966492 0.01044713 0.104 -0.002940517 0.01059444 0.104 -0.002907232 0.01074027 0.104 -0.002866719 0.01088427 0.104 0.008746718 -0.007205734 0.104 0.008699078 -0.00706394 0.104 -0.002819078 0.01102606 0.104 0.007415289 0.0009423994 0.104 0.005359056 -0.005135577 0.104 0.005506969 -0.005113282 0.104 0.007310844 0.001049482 0.104 0.005212437 -0.005165216 0.104 0.007524942 0.0008406564 0.104 0.00565581 -0.005098389 0.104 0.007211867 0.001161637 0.104 0.005067479 -0.005202127 0.104 0.007639531 0.0007445055 0.104 0.005805208 -0.005090932 0.104 0.007118602 0.001278587 0.104 0.00492454 -0.005246218 0.104 -0.002764429 0.0111653 0.104 0.007758769 0.000654186 0.104 0.005954792 -0.005090932 0.104 0.007031284 0.00140004 0.104 0.004783977 -0.005297379 0.104 0.007882361 0.0005699222 0.104 0.00610419 -0.005098389 0.104 0.006950127 0.001525694 0.104 0.004646139 -0.005355483 0.104 0.00801 0.0004919238 0.104 0.006253031 -0.005113282 0.104 0.006875335 0.001655238 0.104 0.004511368 -0.005420384 0.104 0.008141368 0.0004203846 0.104 0.006400945 -0.005135577 0.104 0.006807094 0.001788349 0.104 0.00438 -0.005491924 0.104 0.008276138 0.0003554824 0.104 0.006547563 -0.005165216 0.104 0.006745571 0.001924696 0.104 0.004252361 -0.005569922 0.104 0.008413977 0.0002973787 0.104 0.006692522 -0.005202127 0.104 -0.002702907 0.01130165 0.104 0.006690922 0.00206394 0.104 -0.002634665 0.01143476 0.104 0.00855454 0.000246218 0.104 0.00683546 -0.005246218 0.104 0.006643281 0.002205734 0.104 7.479207e-05 0.007000932 0.104 0.008697478 0.0002021273 0.104 0.006976023 -0.005297379 0.104 0.006602768 0.002349728 0.104 0.0002241903 0.007008389 0.104 0.008842437 0.0001652163 0.104 0.007113861 -0.005355483 0.104 0.006569482 0.002495562 0.104 0.0003730311 0.007023283 0.104 0.008989056 0.0001355767 0.104 0.007248632 -0.005420384 0.104 0.006543508 0.002642873 0.104 0.0005209445 0.007045577 0.104 0.009136969 0.0001132824 0.104 0.00738 -0.005491924 0.104 0.006524908 0.002791296 0.104 0.0006675628 0.007075216 0.104 0.008644428 -0.006924695 0.104 0.008582907 -0.006788349 0.104 0.00928581 9.83886e-05 0.104 0.007507639 -0.005569922 0.104 0.006513729 0.002940462 0.104 0.0008125214 0.007112127 0.104 0.009435208 9.093245e-05 0.104 0.007631231 -0.005654186 0.104 0.00651 0.00309 0.104 0.00095546 0.007156218 0.104 0.009584792 9.093245e-05 0.104 0.007750469 -0.005744505 0.104 0.006513729 0.003239538 0.104 0.001096023 0.007207379 0.104 0.00973419 9.83886e-05 0.104 0.007865057 -0.005840656 0.104 -0.002478716 0.01168996 0.104 -0.002391397 0.01181141 0.104 -0.002559873 0.01156431 0.104 0.006524908 0.003388704 0.104 0.001233861 0.007265482 0.104 0.009883031 0.0001132824 0.104 0.00797471 -0.0059424 0.104 0.006543508 0.003537127 0.104 0.001368632 0.007330385 0.104 0.01003094 0.0001355767 0.104 0.008079156 -0.006049482 0.104 0.006569482 0.003684438 0.104 0.0015 0.007401924 0.104 0.01017756 0.0001652163 0.104 0.008178133 -0.006161637 0.104 0.006602768 0.003830272 0.104 0.001627639 0.007479922 0.104 0.008514665 -0.006655238 0.104 0.008439873 -0.006525694 0.104 0.01032252 0.0002021273 0.104 0.008271398 -0.006278587 0.104 0.006643281 0.003974266 0.104 0.001751231 0.007564186 0.104 0.01046546 0.000246218 0.104 0.008358716 -0.00640004 0.104 0.006690922 0.00411606 0.104 0.001870469 0.007654506 0.104 0.01060602 0.0002973787 0.104 0.006745571 0.004255304 0.104 0.001985057 0.007750657 0.104 -0.002298133 0.01192836 0.104 -0.002199156 0.01204052 0.104 0.006807094 0.004391651 0.104 0.00209471 0.007852399 0.104 0.006875335 0.004524762 0.104 0.002199156 0.007959482 0.104 0.01074386 0.0003554824 0.104 0.006950127 0.004654305 0.104 0.002298133 0.008071637 0.104 0.007031284 0.00477996 0.104 0.002391397 0.008188587 0.104 0.007118602 0.004901413 0.104 0.002478716 0.00831004 0.104 -0.001985057 0.01224934 0.104 -0.001870469 0.01234549 0.104 -0.00209471 0.0121476 0.104 0.007211867 0.005018363 0.104 0.002559873 0.008435695 0.104 0.007310844 0.005130518 0.104 0.002634665 0.008565238 0.104 0.01087863 0.0004203846 0.104 0.01101 0.0004919238 0.104 0.007415289 0.0052376 0.104 0.002702907 0.008698349 0.104 0.007524942 0.005339344 0.104 0.002764429 0.008834696 0.104 0.007639531 0.005435494 0.104 0.002819078 0.00897394 0.104 -0.001751231 0.01243581 0.104 -0.001627639 0.01252008 0.104 0.007758769 0.005525814 0.104 0.002866719 0.009115734 0.104 0.007882361 0.005610078 0.104 0.002907232 0.009259727 0.104 0.01113764 0.0005699222 0.104 0.01126123 0.000654186 0.104 0.00801 0.005688076 0.104 0.002940517 0.009405561 0.104 0.008141368 0.005759615 0.104 0.002966492 0.009552874 0.104 0.008276138 0.005824518 0.104 0.002985092 0.009701297 0.104 -0.001368632 0.01266962 0.104 -0.001233861 0.01273452 0.104 -0.0015 0.01259808 0.104 0.008413977 0.005882621 0.104 0.002996271 0.009850462 0.104 0.00855454 0.005933782 0.104 0.003 0.01 0.104 0.008697478 0.005977873 0.104 0.002996271 0.01014954 0.104 0.01138047 0.0007445055 0.104 0.01149506 0.0008406564 0.104 -0.00095546 0.01284378 0.104 -0.0008125214 0.01288787 0.104 -0.001096023 0.01279262 0.104 0.01160471 0.0009423994 0.104 0.01170916 0.001049482 0.104 -0.0005209445 0.01295442 0.104 -0.0003730311 0.01297672 0.104 -0.0006675628 0.01292478 0.104 0.01180813 0.001161637 0.104 0.0119014 0.001278587 0.104 0.01198872 0.00140004 0.104 -0.0002241903 0.01299161 0.104 -7.479207e-05 0.01299907 0.104 0.01206987 0.001525694 0.104 0.01214466 0.001655238 0.104 0.0002241903 0.01299161 0.104 0.0003730311 0.01297672 0.104 7.479207e-05 0.01299907 0.104 0.01221291 0.001788349 0.104 0.01227443 0.001924696 0.104 0.01232908 0.00206394 0.104 0.0006675628 0.01292478 0.104 0.0008125214 0.01288787 0.104 0.0005209445 0.01295442 0.104 0.01237672 0.002205734 0.104 0.01241723 0.002349728 0.104 0.01245052 0.002495562 0.104 0.001096023 0.01279262 0.104 0.001233861 0.01273452 0.104 0.00095546 0.01284378 0.104 0.01247649 0.002642873 0.104 0.01249509 0.002791296 0.104 0.0015 0.01259808 0.104 0.001627639 0.01252008 0.104 0.001368632 0.01266962 0.104 0.01250627 0.003239538 0.104 0.01251 0.00309 0.104 0.01250627 0.002940462 0.104 0.001751231 0.01243581 0.104 0.001870469 0.01234549 0.104 0.01249509 0.003388704 0.104 0.01247649 0.003537127 0.104 0.01245052 0.003684438 0.104 0.00209471 0.0121476 0.104 0.002199156 0.01204052 0.104 0.001985057 0.01224934 0.104 0.01241723 0.003830272 0.104 0.01237672 0.003974266 0.104 0.01232908 0.00411606 0.104 0.002298133 0.01192836 0.104 0.002391397 0.01181141 0.104 0.01227443 0.004255304 0.104 0.01221291 0.004391651 0.104 0.01214466 0.004524762 0.104 0.002559873 0.01156431 0.104 0.002634665 0.01143476 0.104 0.002478716 0.01168996 0.104 0.01206987 0.004654305 0.104 0.01198872 0.00477996 0.104 0.0119014 0.004901413 0.104 0.002702907 0.01130165 0.104 0.002764429 0.0111653 0.104 0.01180813 0.005018363 0.104 0.01170916 0.005130518 0.104 0.002819078 0.01102606 0.104 0.002866719 0.01088427 0.104 0.01160471 0.0052376 0.104 0.01149506 0.005339344 0.104 0.01138047 0.005435494 0.104 0.002907232 0.01074027 0.104 0.002940517 0.01059444 0.104 0.01126123 0.005525814 0.104 0.01113764 0.005610078 0.104 0.01101 0.005688076 0.104 0.002966492 0.01044713 0.104 0.002985092 0.0102987 0.104 0.01087863 0.005759615 0.104 0.01074386 0.005824518 0.104 0.008842437 0.006014784 0.104 0.01060602 0.005882621 0.104 0.01046546 0.005933782 0.104 0.01032252 0.005977873 0.104 0.008989056 0.006044423 0.104 0.009136969 0.006066718 0.104 0.01017756 0.006014784 0.104 0.01003094 0.006044423 0.104 0.00928581 0.006081611 0.104 0.009435208 0.006089067 0.104 0.009883031 0.006066718 0.104 0.00973419 0.006081611 0.104 0.009584792 0.006089067 0.104 -0.00288 -0.00809 0.09 -0.002883729 -0.007940462 0.09 -0.002894908 -0.007791296 0.09 -0.002913507 -0.007642873 0.09 -0.002939482 -0.007495562 0.09 -0.002972768 -0.007349728 0.09 -0.003013282 -0.007205734 0.09 -0.003060922 -0.00706394 0.09 -0.003115571 -0.006924695 0.09 -0.003177094 -0.006788349 0.09 -0.003245335 -0.006655238 0.09 -0.003320127 -0.006525694 0.09 -0.003401284 -0.00640004 0.09 -0.003488602 -0.006278587 0.09 -0.003581867 -0.006161637 0.09 -0.003680844 -0.006049482 0.09 -0.00378529 -0.0059424 0.09 -0.003894943 -0.005840656 0.09 -0.004009531 -0.005744505 0.09 -0.004128769 -0.005654186 0.09 -0.004252361 -0.005569922 0.09 -0.00438 -0.005491924 0.09 -0.004511368 -0.005420384 0.09 -0.004646139 -0.005355483 0.09 -0.004783977 -0.005297379 0.09 -0.00492454 -0.005246218 0.09 -0.005067479 -0.005202127 0.09 -0.005212437 -0.005165216 0.09 -0.005359056 -0.005135577 0.09 -0.005506969 -0.005113282 0.09 -0.00565581 -0.005098389 0.09 -0.005805208 -0.005090932 0.09 -0.005954792 -0.005090932 0.09 -0.00610419 -0.005098389 0.09 -0.006253031 -0.005113282 0.09 -0.006400945 -0.005135577 0.09 -0.006547563 -0.005165216 0.09 -0.006692522 -0.005202127 0.09 -0.00683546 -0.005246218 0.09 -0.006976023 -0.005297379 0.09 -0.007113861 -0.005355483 0.09 -0.007248632 -0.005420384 0.09 -0.00738 -0.005491924 0.09 -0.007507639 -0.005569922 0.09 -0.007631231 -0.005654186 0.09 -0.007750469 -0.005744505 0.09 -0.007865057 -0.005840656 0.09 -0.00797471 -0.0059424 0.09 -0.008079156 -0.006049482 0.09 -0.008178133 -0.006161637 0.09 -0.008271398 -0.006278587 0.09 -0.008358716 -0.00640004 0.09 -0.008439873 -0.006525694 0.09 -0.008514665 -0.006655238 0.09 -0.008582907 -0.006788349 0.09 -0.008644428 -0.006924695 0.09 -0.008699078 -0.00706394 0.09 -0.008746718 -0.007205734 0.09 -0.008787231 -0.007349728 0.09 -0.008820518 -0.007495562 0.09 -0.008846493 -0.007642873 0.09 -0.008865092 -0.007791296 0.09 -0.00887627 -0.007940462 0.09 -0.00888 -0.00809 0.09 -0.00887627 -0.008239537 0.09 -0.008865092 -0.008388703 0.09 -0.008846493 -0.008537127 0.09 -0.008820518 -0.008684439 0.09 -0.008787231 -0.008830272 0.09 -0.008746718 -0.008974265 0.09 -0.008699078 -0.00911606 0.09 -0.008644428 -0.009255304 0.09 -0.008582907 -0.009391651 0.09 -0.008514665 -0.009524762 0.09 -0.008439873 -0.009654305 0.09 -0.008358716 -0.009779961 0.09 -0.008271398 -0.009901413 0.09 -0.008178133 -0.01001836 0.09 -0.008079156 -0.01013052 0.09 -0.00797471 -0.0102376 0.09 -0.007865057 -0.01033934 0.09 -0.007750469 -0.01043549 0.09 -0.007631231 -0.01052581 0.09 -0.007507639 -0.01061008 0.09 -0.00738 -0.01068808 0.09 -0.007248632 -0.01075962 0.09 -0.007113861 -0.01082452 0.09 -0.006976023 -0.01088262 0.09 -0.00683546 -0.01093378 0.09 -0.006692522 -0.01097787 0.09 -0.006547563 -0.01101478 0.09 -0.006400945 -0.01104442 0.09 -0.006253031 -0.01106672 0.09 -0.00610419 -0.01108161 0.09 -0.005954792 -0.01108907 0.09 -0.005805208 -0.01108907 0.09 -0.00565581 -0.01108161 0.09 -0.005506969 -0.01106672 0.09 -0.005359056 -0.01104442 0.09 -0.005212437 -0.01101478 0.09 -0.005067479 -0.01097787 0.09 -0.00492454 -0.01093378 0.09 -0.004783977 -0.01088262 0.09 -0.004646139 -0.01082452 0.09 -0.004511368 -0.01075962 0.09 -0.00438 -0.01068808 0.09 -0.004252361 -0.01061008 0.09 -0.004128769 -0.01052581 0.09 -0.004009531 -0.01043549 0.09 -0.003894943 -0.01033934 0.09 -0.00378529 -0.0102376 0.09 -0.003680844 -0.01013052 0.09 -0.003581867 -0.01001836 0.09 -0.003488602 -0.009901413 0.09 -0.003401284 -0.009779961 0.09 -0.003320127 -0.009654305 0.09 -0.003245335 -0.009524762 0.09 -0.003177094 -0.009391651 0.09 -0.003115571 -0.009255304 0.09 -0.003060922 -0.00911606 0.09 -0.003013282 -0.008974265 0.09 -0.002972768 -0.008830272 0.09 -0.002939482 -0.008684439 0.09 -0.002913507 -0.008537127 0.09 -0.002894908 -0.008388703 0.09 -0.002883729 -0.008239537 0.09 0.00888 -0.00809 0.09 0.00887627 -0.007940462 0.09 0.008865092 -0.007791296 0.09 0.008846493 -0.007642873 0.09 0.008820518 -0.007495562 0.09 0.008787231 -0.007349728 0.09 0.008746718 -0.007205734 0.09 0.008699078 -0.00706394 0.09 0.008644428 -0.006924695 0.09 0.008582907 -0.006788349 0.09 0.008514665 -0.006655238 0.09 0.008439873 -0.006525694 0.09 0.008358716 -0.00640004 0.09 0.008271398 -0.006278587 0.09 0.008178133 -0.006161637 0.09 0.008079156 -0.006049482 0.09 0.00797471 -0.0059424 0.09 0.007865057 -0.005840656 0.09 0.007750469 -0.005744505 0.09 0.007631231 -0.005654186 0.09 0.007507639 -0.005569922 0.09 0.00738 -0.005491924 0.09 0.007248632 -0.005420384 0.09 0.007113861 -0.005355483 0.09 0.006976023 -0.005297379 0.09 0.00683546 -0.005246218 0.09 0.006692522 -0.005202127 0.09 0.006547563 -0.005165216 0.09 0.006400945 -0.005135577 0.09 0.006253031 -0.005113282 0.09 0.00610419 -0.005098389 0.09 0.005954792 -0.005090932 0.09 0.005805208 -0.005090932 0.09 0.00565581 -0.005098389 0.09 0.005506969 -0.005113282 0.09 0.005359056 -0.005135577 0.09 0.005212437 -0.005165216 0.09 0.005067479 -0.005202127 0.09 0.00492454 -0.005246218 0.09 0.004783977 -0.005297379 0.09 0.004646139 -0.005355483 0.09 0.004511368 -0.005420384 0.09 0.00438 -0.005491924 0.09 0.004252361 -0.005569922 0.09 0.004128769 -0.005654186 0.09 0.004009531 -0.005744505 0.09 0.003894943 -0.005840656 0.09 0.00378529 -0.0059424 0.09 0.003680844 -0.006049482 0.09 0.003581867 -0.006161637 0.09 0.003488602 -0.006278587 0.09 0.003401284 -0.00640004 0.09 0.003320127 -0.006525694 0.09 0.003245335 -0.006655238 0.09 0.003177094 -0.006788349 0.09 0.003115571 -0.006924695 0.09 0.003060922 -0.00706394 0.09 0.003013282 -0.007205734 0.09 0.002972768 -0.007349728 0.09 0.002939482 -0.007495562 0.09 0.002913507 -0.007642873 0.09 0.002894908 -0.007791296 0.09 0.002883729 -0.007940462 0.09 0.00288 -0.00809 0.09 0.002883729 -0.008239537 0.09 0.002894908 -0.008388703 0.09 0.002913507 -0.008537127 0.09 0.002939482 -0.008684439 0.09 0.002972768 -0.008830272 0.09 0.003013282 -0.008974265 0.09 0.003060922 -0.00911606 0.09 0.003115571 -0.009255304 0.09 0.003177094 -0.009391651 0.09 0.003245335 -0.009524762 0.09 0.003320127 -0.009654305 0.09 0.003401284 -0.009779961 0.09 0.003488602 -0.009901413 0.09 0.003581867 -0.01001836 0.09 0.003680844 -0.01013052 0.09 0.00378529 -0.0102376 0.09 0.003894943 -0.01033934 0.09 0.004009531 -0.01043549 0.09 0.004128769 -0.01052581 0.09 0.004252361 -0.01061008 0.09 0.00438 -0.01068808 0.09 0.004511368 -0.01075962 0.09 0.004646139 -0.01082452 0.09 0.004783977 -0.01088262 0.09 0.00492454 -0.01093378 0.09 0.005067479 -0.01097787 0.09 0.005212437 -0.01101478 0.09 0.005359056 -0.01104442 0.09 0.005506969 -0.01106672 0.09 0.00565581 -0.01108161 0.09 0.005805208 -0.01108907 0.09 0.005954792 -0.01108907 0.09 0.00610419 -0.01108161 0.09 0.006253031 -0.01106672 0.09 0.006400945 -0.01104442 0.09 0.006547563 -0.01101478 0.09 0.006692522 -0.01097787 0.09 0.00683546 -0.01093378 0.09 0.006976023 -0.01088262 0.09 0.007113861 -0.01082452 0.09 0.007248632 -0.01075962 0.09 0.00738 -0.01068808 0.09 0.007507639 -0.01061008 0.09 0.007631231 -0.01052581 0.09 0.007750469 -0.01043549 0.09 0.007865057 -0.01033934 0.09 0.00797471 -0.0102376 0.09 0.008079156 -0.01013052 0.09 0.008178133 -0.01001836 0.09 0.008271398 -0.009901413 0.09 0.008358716 -0.009779961 0.09 0.008439873 -0.009654305 0.09 0.008514665 -0.009524762 0.09 0.008582907 -0.009391651 0.09 0.008644428 -0.009255304 0.09 0.008699078 -0.00911606 0.09 0.008746718 -0.008974265 0.09 0.008787231 -0.008830272 0.09 0.008820518 -0.008684439 0.09 0.008846493 -0.008537127 0.09 0.008865092 -0.008388703 0.09 0.00887627 -0.008239537 0.09 -0.00651 0.00309 0.09 -0.006513729 0.003239538 0.09 -0.006524908 0.003388704 0.09 -0.006543508 0.003537127 0.09 -0.006569482 0.003684438 0.09 -0.006602768 0.003830272 0.09 -0.006643281 0.003974266 0.09 -0.006690922 0.00411606 0.09 -0.006745571 0.004255304 0.09 -0.006807094 0.004391651 0.09 -0.006875335 0.004524762 0.09 -0.006950127 0.004654305 0.09 -0.007031284 0.00477996 0.09 -0.007118602 0.004901413 0.09 -0.007211867 0.005018363 0.09 -0.007310844 0.005130518 0.09 -0.007415289 0.0052376 0.09 -0.007524942 0.005339344 0.09 -0.007639531 0.005435494 0.09 -0.007758769 0.005525814 0.09 -0.007882361 0.005610078 0.09 -0.00801 0.005688076 0.09 -0.008141368 0.005759615 0.09 -0.008276138 0.005824518 0.09 -0.008413977 0.005882621 0.09 -0.00855454 0.005933782 0.09 -0.008697478 0.005977873 0.09 -0.008842437 0.006014784 0.09 -0.008989056 0.006044423 0.09 -0.009136969 0.006066718 0.09 -0.00928581 0.006081611 0.09 -0.009435208 0.006089067 0.09 -0.009584792 0.006089067 0.09 -0.00973419 0.006081611 0.09 -0.009883031 0.006066718 0.09 -0.01003094 0.006044423 0.09 -0.01017756 0.006014784 0.09 -0.01032252 0.005977873 0.09 -0.01046546 0.005933782 0.09 -0.01060602 0.005882621 0.09 -0.01074386 0.005824518 0.09 -0.01087863 0.005759615 0.09 -0.01101 0.005688076 0.09 -0.01113764 0.005610078 0.09 -0.01126123 0.005525814 0.09 -0.01138047 0.005435494 0.09 -0.01149506 0.005339344 0.09 -0.01160471 0.0052376 0.09 -0.01170916 0.005130518 0.09 -0.01180813 0.005018363 0.09 -0.0119014 0.004901413 0.09 -0.01198872 0.00477996 0.09 -0.01206987 0.004654305 0.09 -0.01214466 0.004524762 0.09 -0.01221291 0.004391651 0.09 -0.01227443 0.004255304 0.09 -0.01232908 0.00411606 0.09 -0.01237672 0.003974266 0.09 -0.01241723 0.003830272 0.09 -0.01245052 0.003684438 0.09 -0.01247649 0.003537127 0.09 -0.01249509 0.003388704 0.09 -0.01250627 0.003239538 0.09 -0.01251 0.00309 0.09 -0.01250627 0.002940462 0.09 -0.01249509 0.002791296 0.09 -0.01247649 0.002642873 0.09 -0.01245052 0.002495562 0.09 -0.01241723 0.002349728 0.09 -0.01237672 0.002205734 0.09 -0.01232908 0.00206394 0.09 -0.01227443 0.001924696 0.09 -0.01221291 0.001788349 0.09 -0.01214466 0.001655238 0.09 -0.01206987 0.001525694 0.09 -0.01198872 0.00140004 0.09 -0.0119014 0.001278587 0.09 -0.01180813 0.001161637 0.09 -0.01170916 0.001049482 0.09 -0.01160471 0.0009423994 0.09 -0.01149506 0.0008406564 0.09 -0.01138047 0.0007445055 0.09 -0.01126123 0.000654186 0.09 -0.01113764 0.0005699222 0.09 -0.01101 0.0004919238 0.09 -0.01087863 0.0004203846 0.09 -0.01074386 0.0003554824 0.09 -0.01060602 0.0002973787 0.09 -0.01046546 0.000246218 0.09 -0.01032252 0.0002021273 0.09 -0.01017756 0.0001652163 0.09 -0.01003094 0.0001355767 0.09 -0.009883031 0.0001132824 0.09 -0.00973419 9.83886e-05 0.09 -0.009584792 9.093245e-05 0.09 -0.009435208 9.093245e-05 0.09 -0.00928581 9.83886e-05 0.09 -0.009136969 0.0001132824 0.09 -0.008989056 0.0001355767 0.09 -0.008842437 0.0001652163 0.09 -0.008697478 0.0002021273 0.09 -0.00855454 0.000246218 0.09 -0.008413977 0.0002973787 0.09 -0.008276138 0.0003554824 0.09 -0.008141368 0.0004203846 0.09 -0.00801 0.0004919238 0.09 -0.007882361 0.0005699222 0.09 -0.007758769 0.000654186 0.09 -0.007639531 0.0007445055 0.09 -0.007524942 0.0008406564 0.09 -0.007415289 0.0009423994 0.09 -0.007310844 0.001049482 0.09 -0.007211867 0.001161637 0.09 -0.007118602 0.001278587 0.09 -0.007031284 0.00140004 0.09 -0.006950127 0.001525694 0.09 -0.006875335 0.001655238 0.09 -0.006807094 0.001788349 0.09 -0.006745571 0.001924696 0.09 -0.006690922 0.00206394 0.09 -0.006643281 0.002205734 0.09 -0.006602768 0.002349728 0.09 -0.006569482 0.002495562 0.09 -0.006543508 0.002642873 0.09 -0.006524908 0.002791296 0.09 -0.006513729 0.002940462 0.09 0.01251 0.00309 0.09 0.01250627 0.003239538 0.09 0.01249509 0.003388704 0.09 0.01247649 0.003537127 0.09 0.01245052 0.003684438 0.09 0.01241723 0.003830272 0.09 0.01237672 0.003974266 0.09 0.01232908 0.00411606 0.09 0.01227443 0.004255304 0.09 0.01221291 0.004391651 0.09 0.01214466 0.004524762 0.09 0.01206987 0.004654305 0.09 0.01198872 0.00477996 0.09 0.0119014 0.004901413 0.09 0.01180813 0.005018363 0.09 0.01170916 0.005130518 0.09 0.01160471 0.0052376 0.09 0.01149506 0.005339344 0.09 0.01138047 0.005435494 0.09 0.01126123 0.005525814 0.09 0.01113764 0.005610078 0.09 0.01101 0.005688076 0.09 0.01087863 0.005759615 0.09 0.01074386 0.005824518 0.09 0.01060602 0.005882621 0.09 0.01046546 0.005933782 0.09 0.01032252 0.005977873 0.09 0.01017756 0.006014784 0.09 0.01003094 0.006044423 0.09 0.009883031 0.006066718 0.09 0.00973419 0.006081611 0.09 0.009584792 0.006089067 0.09 0.009435208 0.006089067 0.09 0.00928581 0.006081611 0.09 0.009136969 0.006066718 0.09 0.008989056 0.006044423 0.09 0.008842437 0.006014784 0.09 0.008697478 0.005977873 0.09 0.00855454 0.005933782 0.09 0.008413977 0.005882621 0.09 0.008276138 0.005824518 0.09 0.008141368 0.005759615 0.09 0.00801 0.005688076 0.09 0.007882361 0.005610078 0.09 0.007758769 0.005525814 0.09 0.007639531 0.005435494 0.09 0.007524942 0.005339344 0.09 0.007415289 0.0052376 0.09 0.007310844 0.005130518 0.09 0.007211867 0.005018363 0.09 0.007118602 0.004901413 0.09 0.007031284 0.00477996 0.09 0.006950127 0.004654305 0.09 0.006875335 0.004524762 0.09 0.006807094 0.004391651 0.09 0.006745571 0.004255304 0.09 0.006690922 0.00411606 0.09 0.006643281 0.003974266 0.09 0.006602768 0.003830272 0.09 0.006569482 0.003684438 0.09 0.006543508 0.003537127 0.09 0.006524908 0.003388704 0.09 0.006513729 0.003239538 0.09 0.00651 0.00309 0.09 0.006513729 0.002940462 0.09 0.006524908 0.002791296 0.09 0.006543508 0.002642873 0.09 0.006569482 0.002495562 0.09 0.006602768 0.002349728 0.09 0.006643281 0.002205734 0.09 0.006690922 0.00206394 0.09 0.006745571 0.001924696 0.09 0.006807094 0.001788349 0.09 0.006875335 0.001655238 0.09 0.006950127 0.001525694 0.09 0.007031284 0.00140004 0.09 0.007118602 0.001278587 0.09 0.007211867 0.001161637 0.09 0.007310844 0.001049482 0.09 0.007415289 0.0009423994 0.09 0.007524942 0.0008406564 0.09 0.007639531 0.0007445055 0.09 0.007758769 0.000654186 0.09 0.007882361 0.0005699222 0.09 0.00801 0.0004919238 0.09 0.008141368 0.0004203846 0.09 0.008276138 0.0003554824 0.09 0.008413977 0.0002973787 0.09 0.00855454 0.000246218 0.09 0.008697478 0.0002021273 0.09 0.008842437 0.0001652163 0.09 0.008989056 0.0001355767 0.09 0.009136969 0.0001132824 0.09 0.00928581 9.83886e-05 0.09 0.009435208 9.093245e-05 0.09 0.009584792 9.093245e-05 0.09 0.00973419 9.83886e-05 0.09 0.009883031 0.0001132824 0.09 0.01003094 0.0001355767 0.09 0.01017756 0.0001652163 0.09 0.01032252 0.0002021273 0.09 0.01046546 0.000246218 0.09 0.01060602 0.0002973787 0.09 0.01074386 0.0003554824 0.09 0.01087863 0.0004203846 0.09 0.01101 0.0004919238 0.09 0.01113764 0.0005699222 0.09 0.01126123 0.000654186 0.09 0.01138047 0.0007445055 0.09 0.01149506 0.0008406564 0.09 0.01160471 0.0009423994 0.09 0.01170916 0.001049482 0.09 0.01180813 0.001161637 0.09 0.0119014 0.001278587 0.09 0.01198872 0.00140004 0.09 0.01206987 0.001525694 0.09 0.01214466 0.001655238 0.09 0.01221291 0.001788349 0.09 0.01227443 0.001924696 0.09 0.01232908 0.00206394 0.09 0.01237672 0.002205734 0.09 0.01241723 0.002349728 0.09 0.01245052 0.002495562 0.09 0.01247649 0.002642873 0.09 0.01249509 0.002791296 0.09 0.01250627 0.002940462 0.09 0.003 0.01 0.09 0.002996271 0.01014954 0.09 0.002985092 0.0102987 0.09 0.002966492 0.01044713 0.09 0.002940517 0.01059444 0.09 0.002907232 0.01074027 0.09 0.002866719 0.01088427 0.09 0.002819078 0.01102606 0.09 0.002764429 0.0111653 0.09 0.002702907 0.01130165 0.09 0.002634665 0.01143476 0.09 0.002559873 0.01156431 0.09 0.002478716 0.01168996 0.09 0.002391397 0.01181141 0.09 0.002298133 0.01192836 0.09 0.002199156 0.01204052 0.09 0.00209471 0.0121476 0.09 0.001985057 0.01224934 0.09 0.001870469 0.01234549 0.09 0.001751231 0.01243581 0.09 0.001627639 0.01252008 0.09 0.0015 0.01259808 0.09 0.001368632 0.01266962 0.09 0.001233861 0.01273452 0.09 0.001096023 0.01279262 0.09 0.00095546 0.01284378 0.09 0.0008125214 0.01288787 0.09 0.0006675628 0.01292478 0.09 0.0005209445 0.01295442 0.09 0.0003730311 0.01297672 0.09 0.0002241903 0.01299161 0.09 7.479207e-05 0.01299907 0.09 -7.479207e-05 0.01299907 0.09 -0.0002241903 0.01299161 0.09 -0.0003730311 0.01297672 0.09 -0.0005209445 0.01295442 0.09 -0.0006675628 0.01292478 0.09 -0.0008125214 0.01288787 0.09 -0.00095546 0.01284378 0.09 -0.001096023 0.01279262 0.09 -0.001233861 0.01273452 0.09 -0.001368632 0.01266962 0.09 -0.0015 0.01259808 0.09 -0.001627639 0.01252008 0.09 -0.001751231 0.01243581 0.09 -0.001870469 0.01234549 0.09 -0.001985057 0.01224934 0.09 -0.00209471 0.0121476 0.09 -0.002199156 0.01204052 0.09 -0.002298133 0.01192836 0.09 -0.002391397 0.01181141 0.09 -0.002478716 0.01168996 0.09 -0.002559873 0.01156431 0.09 -0.002634665 0.01143476 0.09 -0.002702907 0.01130165 0.09 -0.002764429 0.0111653 0.09 -0.002819078 0.01102606 0.09 -0.002866719 0.01088427 0.09 -0.002907232 0.01074027 0.09 -0.002940517 0.01059444 0.09 -0.002966492 0.01044713 0.09 -0.002985092 0.0102987 0.09 -0.002996271 0.01014954 0.09 -0.003 0.01 0.09 -0.002996271 0.009850462 0.09 -0.002985092 0.009701297 0.09 -0.002966492 0.009552874 0.09 -0.002940517 0.009405561 0.09 -0.002907232 0.009259727 0.09 -0.002866719 0.009115734 0.09 -0.002819078 0.00897394 0.09 -0.002764429 0.008834696 0.09 -0.002702907 0.008698349 0.09 -0.002634665 0.008565238 0.09 -0.002559873 0.008435695 0.09 -0.002478716 0.00831004 0.09 -0.002391397 0.008188587 0.09 -0.002298133 0.008071637 0.09 -0.002199156 0.007959482 0.09 -0.00209471 0.007852399 0.09 -0.001985057 0.007750657 0.09 -0.001870469 0.007654506 0.09 -0.001751231 0.007564186 0.09 -0.001627639 0.007479922 0.09 -0.0015 0.007401924 0.09 -0.001368632 0.007330385 0.09 -0.001233861 0.007265482 0.09 -0.001096023 0.007207379 0.09 -0.00095546 0.007156218 0.09 -0.0008125214 0.007112127 0.09 -0.0006675628 0.007075216 0.09 -0.0005209445 0.007045577 0.09 -0.0003730311 0.007023283 0.09 -0.0002241903 0.007008389 0.09 -7.479207e-05 0.007000932 0.09 7.479207e-05 0.007000932 0.09 0.0002241903 0.007008389 0.09 0.0003730311 0.007023283 0.09 0.0005209445 0.007045577 0.09 0.0006675628 0.007075216 0.09 0.0008125214 0.007112127 0.09 0.00095546 0.007156218 0.09 0.001096023 0.007207379 0.09 0.001233861 0.007265482 0.09 0.001368632 0.007330385 0.09 0.0015 0.007401924 0.09 0.001627639 0.007479922 0.09 0.001751231 0.007564186 0.09 0.001870469 0.007654506 0.09 0.001985057 0.007750657 0.09 0.00209471 0.007852399 0.09 0.002199156 0.007959482 0.09 0.002298133 0.008071637 0.09 0.002391397 0.008188587 0.09 0.002478716 0.00831004 0.09 0.002559873 0.008435695 0.09 0.002634665 0.008565238 0.09 0.002702907 0.008698349 0.09 0.002764429 0.008834696 0.09 0.002819078 0.00897394 0.09 0.002866719 0.009115734 0.09 0.002907232 0.009259727 0.09 0.002940517 0.009405561 0.09 0.002966492 0.009552874 0.09 0.002985092 0.009701297 0.09 0.002996271 0.009850462 0.09</float_array>
          <technique_common>
            <accessor count="1788" source="#cubeverts-array0-array" stride="3">
              <param type="float" name="X"/>
              <param type="float" name="Y"/>
              <param type="float" name="Z"/>
            </accessor>
          </technique_common>
        </source>
        <source id="cubenormals-array0">
          <float_array count="10716" id="cubenormals-array0-array">0 -1 0 0 -1 0 0 0 -1 0 0 -1 0 0 -1 0 0 -1 0 0 -1 0 0 -1 0 0 -1 0 0 -1 0 0 -1 0 0 -1 0 0 -1 0 0 -1 0 0 -1 0 0 -1 0 0 -1 0 0 -1 0 0 -1 0 0 -1 0 0 -1 0 0 -1 0 0 -1 0 0 -1 0 0 -1 0 0 -1 0 0 -1 0 0 -1 0 -0 -1 0 0 -1 0 0 -1 0 0 -1 0 0 -1 0 0 -1 0 0 -1 0 0 -1 0 0 -1 0 0 -1 0 0 -1 0 0 -1 0 0 -1 0 -0 -1 0 0 -1 0 0 -1 0 0 -1 0 0 -1 0 0 -1 0 0 -1 0 0 -1 0 0 -1 0 -0 -1 0 0 -1 0 0 -1 0 0 -1 0 0 -1 0 -0 -1 0 0 -1 0 0 -1 0 0 -1 0 0 -1 0 0 -1 0 0 -1 0 0 -1 0 0 -1 0 0 -1 0 0 -1 0 0 -1 0 0 -1 0 0 -1 0 0 -1 0 0 -1 0 0 -1 0 0 -1 0 0 -1 0 0 -1 0 0 -1 0 0 -1 0 0 -1 0 0 -1 0 0 -1 0 0 -1 0 0 -1 0 0 -1 0 0 -1 0 0 -1 0 0 -1 0 0 -1 0 0 -1 0 0 -1 0 0 -1 0 0 -1 0 0 -1 0 0 -1 0 0 -1 0 0 -1 0 0 -1 0 0 -1 0 0 -1 0 0 -1 0 0 -1 0 0 -1 0 0 -1 0 0 -1 0 0 -1 0 0 -1 0 0 -1 0 0 -1 0 -0 -1 0 0 -1 0 0 -1 0 0 -1 0 0 -1 0 0 -1 0 -0 -1 0 0 -1 0 0 -1 0 0 -1 0 0 -1 0 0 -1 0 -0 -1 0 0 -1 0 0 -1 0 0 -1 0 0 -1 0 0 -1 0 0 -1 0 -0 -1 -0.1950902 -0.9807853 0 -0.1950902 -0.9807853 -0 -0.5555692 -0.8314703 0 -0.8314726 -0.5555657 0 -0.5555692 -0.8314703 -0 -0.8314726 -0.5555657 0 -0.9807844 -0.1950949 0 -0.9807844 -0.1950949 -0 0.9996977 -0.02458314 0 0.9996892 -0.02493004 7.165415e-06 0.9972038 -0.07473001 1.417624e-05 0.9972815 -0.07368662 -7.122388e-06 0.9922392 -0.1243442 2.0978e-05 0.9924543 -0.1226146 -1.399192e-05 0.9848077 -0.1736487 2.754509e-05 0.9852282 -0.1712469 -2.066327e-05 0.9749278 -0.2225215 3.394772e-05 0.9756211 -0.2194619 -2.715858e-05 0.9626243 -0.2708406 4.013775e-05 0.9636555 -0.2671483 -3.341282e-05 0.9479277 -0.3184856 4.607501e-05 0.9493601 -0.3141902 -3.947398e-05 0.9308736 -0.3653416 5.184832e-05 0.9327705 -0.360471 -4.537928e-05 0.9115058 -0.4112874 5.7445e-05 0.9139266 -0.4058795 -5.103282e-05 0.8898724 -0.4562095 6.274909e-05 0.8928719 -0.4503108 -5.646932e-05 0.8696612 -0.4936491 -6.178003e-05 0.8660253 -0.5000001 6.792101e-05 0.8443469 -0.5357968 -6.681469e-05 0.8400261 -0.5425461 7.287042e-05 0.8169915 -0.5766497 -7.167272e-05 0.8119373 -0.5837445 7.761447e-05 0.7876629 -0.6161065 -7.631141e-05 0.7818316 -0.6234896 8.217213e-05 0.7564291 -0.6540757 -8.074686e-05 0.7497814 -0.6616856 8.65095e-05 0.7233672 -0.6904635 -8.49866e-05 0.7158669 -0.6982368 9.065039e-05 0.6885564 -0.7251827 -8.90174e-05 0.6801726 -0.733052 9.458162e-05 0.6520814 -0.758149 -9.284896e-05 0.6427872 -0.7660448 9.830825e-05 0.6140314 -0.7892815 -9.646804e-05 0.6038044 -0.7971326 0.0001018523 0.5744958 -0.8185075 -9.987478e-05 0.5633208 -0.8262382 0.0001051651 0.5335707 -0.8457555 -0.0001031158 0.5214344 -0.8532914 0.0001082644 0.4913581 -0.8709577 -0.0001061288 0.4782537 -0.8782218 0.000111186 0.4479576 -0.8940548 -0.0001089276 0.433884 -0.9009688 0.0001139107 0.4034724 -0.9149918 -0.0001115295 0.3884358 -0.9214757 0.0001163905 0.3580138 -0.9337163 -0.0001139573 0.3420202 -0.9396926 0.0001186907 0.3116888 -0.9501843 -0.0001161514 0.2947542 -0.9555731 0.0001208016 0.2646101 -0.9643555 -0.0001181264 0.2467576 -0.9690773 0.0001226911 0.2168922 -0.9761956 -0.0001199302 0.1981469 -0.9801723 0.0001243561 0.1686514 -0.9856758 -0.0001215368 0.1490411 -0.988831 0.0001258607 0.1200006 -0.9927738 -0.0001228919 0.09956897 -0.9950307 0.0001271259 0.07106147 -0.9974719 -0.0001241005 0.04984551 -0.9987569 0.0001281986 0.02195062 -0.9997591 -0.0001250601 0 -1 0.0001290894 -0.04984551 -0.9987569 0.0001297326 -0.02721567 -0.9996296 -0.0001258321 -0.09956898 -0.9950307 0.0001302022 -0.0763136 -0.9970838 -0.0001264203 -0.1490411 -0.988831 0.0001304809 -0.1252268 -0.9921281 -0.0001267521 -0.1738389 -0.9847742 -0.0001269214 -0.1981469 -0.9801723 0.0001305427 -0.2220315 -0.9750395 -0.0001268637 -0.2467576 -0.9690773 0.0001303885 -0.2696849 -0.9629486 -0.0001266131 -0.2947542 -0.9555731 0.0001300415 -0.3166879 -0.9485298 -0.0001261703 -0.3420202 -0.9396926 0.0001294852 -0.3629261 -0.9318179 -0.0001255125 -0.3884358 -0.9214757 0.0001287278 -0.4082865 -0.9128539 -0.0001246415 -0.433884 -0.9009688 0.0001277644 -0.4782537 -0.8782218 0.0001265937 -0.4526591 -0.8916836 -0.0001235802 -0.5214344 -0.8532914 0.0001252214 -0.4959376 -0.8683582 -0.0001223133 -0.5633208 -0.8262382 0.0001236542 -0.5380178 -0.8429334 -0.0001208479 -0.6038044 -0.7971326 0.0001218881 -0.5787981 -0.8154709 -0.0001191461 -0.6427872 -0.7660448 0.0001198915 -0.6181792 -0.7860371 -0.000117272 -0.6801726 -0.733052 0.0001177036 -0.6560651 -0.7547043 -0.0001151968 -0.7158669 -0.6982368 0.0001152975 -0.6923665 -0.7215459 -0.0001129173 -0.7497814 -0.6616856 0.0001127158 -0.7269929 -0.686645 -0.0001104216 -0.7818316 -0.6234896 0.0001099088 -0.7598634 -0.6500826 -0.0001077245 -0.8119373 -0.5837445 0.0001069184 -0.7908958 -0.6119509 -0.0001048133 -0.8400261 -0.542546 0.0001037018 -0.8200175 -0.5723385 -0.0001017225 -0.8660254 -0.5000001 0.0001002931 -0.8471569 -0.5313428 -9.840814e-05 -0.8898724 -0.4562095 9.668856e-05 -0.8722484 -0.4890632 -9.489559e-05 -0.9115058 -0.4112873 9.287685e-05 -0.895232 -0.4456005 -9.115953e-05 -0.9308736 -0.3653416 8.883911e-05 -0.9160511 -0.4010617 -8.7254e-05 -0.9626234 -0.2708403 0.001336426 -0.9479277 -0.3184856 8.459597e-05 -0.9346561 -0.355553 -8.315349e-05 -0.9555054 -0.2949735 -0.000327494 -0.9649329 -0.2624944 -0.001113461 -0.9749271 -0.2225213 0.00115731 -0.9510017 -0.3091857 0 -0.9764795 -0.215608 -0.0009253305 -0.9848072 -0.1736486 0.000960694 -0.9857497 -0.1682175 -0.0007202979 -0.9922388 -0.1243441 0.0007462254 -0.9927208 -0.1204375 -0.0004975228 -0.9972036 -0.07473 0.0005149049 -0.9973776 -0.07237348 -0.0002577541 -0.9996891 -0.02493004 0.0002657954 -0.9997085 -0.02414393 5.253808e-16 -0.9997085 0.02414393 0 -0.9996891 0.02493004 0.0002657952 -0.9973776 0.07237348 -0.0002577544 -0.9972036 0.07472999 0.0005149041 -0.9927208 0.1204375 -0.0004975222 -0.9922388 0.1243441 0.0007462259 -0.9857497 0.1682175 -0.0007202976 -0.9848072 0.1736486 0.0009606922 -0.9764795 0.215608 -0.0009253262 -0.9749271 0.2225213 0.001157307 -0.9649329 0.2624944 -0.001113465 -0.9626234 0.2708403 0.001336428 -0.9479277 0.3184856 8.459597e-05 -0.9555054 0.2949735 -0.000327494 -0.9510017 0.3091857 0 -0.9308736 0.3653416 8.883911e-05 -0.9346561 0.355553 -8.315363e-05 -0.9115058 0.4112873 9.287685e-05 -0.9160511 0.4010617 -8.725428e-05 -0.8898724 0.4562095 9.668856e-05 -0.895232 0.4456005 -9.115924e-05 -0.8660254 0.5000001 0.0001002931 -0.8722484 0.4890632 -9.489545e-05 -0.8400261 0.542546 0.0001037018 -0.8471569 0.5313428 -9.840785e-05 -0.8119373 0.5837445 0.0001069184 -0.8200175 0.5723385 -0.0001017228 -0.7818316 0.6234896 0.0001099088 -0.7908958 0.6119509 -0.000104813 -0.7497814 0.6616856 0.0001127158 -0.7598634 0.6500826 -0.0001077245 -0.7158669 0.6982368 0.0001152975 -0.7269929 0.686645 -0.0001104216 -0.6801726 0.733052 0.0001177036 -0.6923665 0.7215459 -0.0001129179 -0.6427872 0.7660448 0.0001198915 -0.6560651 0.7547043 -0.0001151965 -0.6038044 0.7971326 0.0001218881 -0.6181792 0.7860371 -0.000117272 -0.5633208 0.8262382 0.0001236542 -0.5787981 0.8154709 -0.0001191458 -0.5214344 0.8532914 0.0001252214 -0.5380178 0.8429334 -0.0001208479 -0.4959376 0.8683582 -0.0001223135 -0.4782537 0.8782218 0.0001265937 -0.4526591 0.8916836 -0.0001235802 -0.433884 0.9009688 0.0001277644 -0.4082865 0.9128539 -0.0001246415 -0.3884358 0.9214757 0.0001287278 -0.3629261 0.9318179 -0.0001255125 -0.3420202 0.9396926 0.0001294852 -0.3166879 0.9485298 -0.00012617 -0.2947542 0.9555731 0.0001300415 -0.2696849 0.9629486 -0.0001266128 -0.2467576 0.9690773 0.0001303885 -0.2220315 0.9750395 -0.0001268637 -0.1981469 0.9801723 0.0001305427 -0.1738389 0.9847742 -0.0001269213 -0.1490411 0.988831 0.0001304809 -0.1252268 0.9921281 -0.000126752 -0.09956898 0.9950307 0.0001302022 -0.0763136 0.9970838 -0.0001264203 -0.04984551 0.9987569 0.0001297326 -0.02721567 0.9996296 -0.0001258322 0 1 0.0001290894 0.02195062 0.9997591 -0.0001250601 0.04984551 0.9987569 0.0001281986 0.07106147 0.9974719 -0.0001241006 0.09956897 0.9950307 0.0001271259 0.1490411 0.988831 0.0001258607 0.1200006 0.9927738 -0.0001228919 0.1686514 0.9856758 -0.0001215366 0.1981469 0.9801723 0.0001243561 0.2467576 0.9690773 0.0001226911 0.2168922 0.9761956 -0.0001199302 0.2947542 0.9555731 0.0001208016 0.2646101 0.9643555 -0.0001181264 0.3420202 0.9396926 0.0001186907 0.3116888 0.9501843 -0.0001161512 0.3884358 0.9214757 0.0001163905 0.3580138 0.9337163 -0.0001139572 0.433884 0.9009688 0.0001139107 0.4034724 0.9149918 -0.0001115295 0.4782537 0.8782218 0.000111186 0.4479576 0.8940548 -0.0001089276 0.5214344 0.8532914 0.0001082644 0.4913581 0.8709577 -0.0001061288 0.5633208 0.8262382 0.0001051651 0.5335707 0.8457555 -0.0001031155 0.6038044 0.7971326 0.0001018523 0.5744958 0.8185075 -9.987449e-05 0.6427872 0.7660448 9.830825e-05 0.6140314 0.7892815 -9.646804e-05 0.6520814 0.758149 -9.284896e-05 0.6801726 0.733052 9.458162e-05 0.6885564 0.7251827 -8.901697e-05 0.7158669 0.6982368 9.065039e-05 0.7233672 0.6904635 -8.498674e-05 0.7497814 0.6616856 8.65095e-05 0.7564291 0.6540757 -8.074657e-05 0.7818316 0.6234896 8.217213e-05 0.7876629 0.6161065 -7.631141e-05 0.8119373 0.5837445 7.761447e-05 0.8169915 0.5766497 -7.167272e-05 0.8400261 0.5425461 7.287042e-05 0.8443469 0.5357968 -6.681498e-05 0.8660253 0.5000001 6.792101e-05 0.8696612 0.4936491 -6.17796e-05 0.8898724 0.4562095 6.274909e-05 0.8928719 0.4503108 -5.646896e-05 0.9115058 0.4112874 5.7445e-05 0.9139266 0.4058795 -5.103261e-05 0.9308736 0.3653416 5.184832e-05 0.9327705 0.360471 -4.537928e-05 0.9479277 0.3184856 4.607501e-05 0.9493601 0.3141902 -3.947384e-05 0.9626243 0.2708406 4.013775e-05 0.9636555 0.2671483 -3.341268e-05 0.9749278 0.2225215 3.394772e-05 0.9756211 0.2194619 -2.715849e-05 0.9848077 0.1736487 2.754509e-05 0.9852282 0.1712469 -2.066338e-05 0.9922392 0.1243442 2.0978e-05 0.9924543 0.1226146 -1.399181e-05 0.9972038 0.07473001 1.417624e-05 0.9972815 0.07368662 -7.122396e-06 0.9996892 0.02493004 7.165415e-06 0.9996977 0.02458314 -0 0 0 1 0 0 1 0 0 1 0 0 1 0 0 1 0 0 1 0 0 1 0 0 1 0 0 1 0 0 1 0 0 1 0 0 1 0 0 1 0 0 1 0 0 1 0 0 1 0 0 1 0 0 1 0 0 1 0 0 1 0 0 1 -1 0 0 -1 0 0 -0.1950902 0.9807853 0 -0.1950902 0.9807853 0 -0.5555692 0.8314703 0 -0.5555692 0.8314703 0 -0.8314726 0.5555657 0 -0.8314726 0.5555657 0 -0.9807844 0.1950949 0 -0.9807844 0.1950949 0 0 1 0 0 1 -0 0 0 -1 0 0 -1 0 0 -1 0 -0 -1 0 0 -1 0 0 -1 0 -0 -1 0 0 -1 0 0 -1 0 0 -1 0 0 -1 0 -0 -1 0 0 -1 0 0 -1 0 0 -1 0 -0 -1 0 0 -1 0 0 -1 0 0 -1 0 0 -1 0 -0 -1 0 0 -1 0 0 -1 0 -0 -1 0 0 -1 0 0 -1 0 -0 -1 0 0 -1 0 0 -1 0 0 -1 0 0 -1 0 -0 -1 0 0 -1 0 0 -1 0 0 -1 0 0 -1 0 -0 -1 0 0 -1 0 0 -1 0 -0 -1 0 0 -1 0 0 -1 0 0 -1 0 0 -1 0 -0 -1 0 0 -1 0 0 -1 0 -0 -1 0 0 -1 0 0 -1 0 0 -1 0 -0 -1 0 0 -1 0 0 -1 0 0 -1 0 0 -1 0 -0 -1 0 0 -1 0 0 -1 0 0 -1 0 0 -1 0 0 -1 0 -0 -1 0 0 -1 0 -0 -1 0 0 -1 0 0 -1 0 0 -1 0 0 -1 0 0 -1 0 -0 -1 0 0 -1 0 0 -1 0 0 -1 0 -0 -1 0 -0 -1 0 0 -1 0 0 -1 0 0 -1 0 0 -1 0 0 -1 0 -0 -1 0 -0 -1 0 0 -1 0 0 -1 0 0 -1 0 0 -1 0 0 -1 0 0 -1 0 -0 -1 0 0 -1 0 0 -1 0 0 -1 0 -0 -1 0 0 -1 0 0 -1 0 0 -1 0 -0 -1 0 0 -1 0 0 -1 0 0 -1 0 0 -1 0 -0 -1 0 0 -1 0 0 -1 0 -0 -1 0 -0 -1 0 0 -1 0 0 -1 0 0 -1 0 0 -1 0 0 -1 0 0 -1 0 -0 -1 0 -0 -1 0 0 -1 0 0 -1 0 0 -1 0 0 -1 0 0 -1 0 -0 -1 0 0 -1 0 0 -1 0 0 -1 0 0 -1 0 0 -1 0 -0 -1 0 0 -1 0 0 -1 0 0 -1 0 0 -1 0 -0 -1 0 0 -1 0 0 -1 0 0 -1 0 0 -1 0 0 -1 0 0 -1 0 0 -1 0 -0 -1 0 0 -1 0 0 -1 0 0 -1 0 -0 -1 0 -0 -1 0 0 -1 0 0 -1 0 0 -1 0 0 -1 0 -0 -1 0 0 -1 0 0 -1 0 -0 -1 0 0 -1 0 0 -1 0 0 -1 0 0 -1 0 0 -1 0 -0 -1 0 -0 -1 0 0 -1 0 0 -1 0 0 -1 0 0 -1 0 -0 -1 0 0 -1 0 0 -1 0 0 -1 0 0 -1 0 0 -1 0 -0 -1 0 0 -1 0 0 -1 0 0 -1 0 0 -1 0 -0 -1 0 0 -1 0 0 -1 0 -0 -1 0 0 -1 0 0 -1 0 0 -1 0 0 -1 0 -0 -1 0 0 -1 0 0 -1 0 -0 -1 0 0 -1 0 0 -1 0 0 -1 0 0 -1 0 0 -1 0 0 -1 0 -0 -1 0 0 -1 0 0 -1 0 0 -1 0 0 -1 0 0 -1 0 -0 -1 0 0 -1 0 0 -1 0 -0 -1 0 0 -1 0 0 -1 0 0 -1 0 0 -1 0 -0 -1 0 0 -1 0 -0 -1 0 0 -1 0 0 -1 0 0 -1 0 0 -1 0 -0 -1 0 0 -1 0 0 -1 0 -0 -1 0 0 -1 0 0 -1 0 0 -1 0 0 -1 0 0 -1 0 -0 -1 0 0 -1 0 -0 -1 0 0 -1 0 0 -1 0 0 -1 0 -0 -1 0 0 -1 0 0 -1 0 -0 -1 0 0 -1 0 0 -1 0 0 -1 0 -0 -1 0 0 -1 0 0 -1 0 0 -1 0 0 -1 0 0 -1 0 -0 -1 0 0 -1 0 0 -1 0 -0 -1 0 0 -1 0 0 -1 0 0 -1 0 0 -1 0 -0 -1 0 0 -1 0.9996892 0.02493004 -0 0.9996892 0.02493004 0 0.9972037 0.0747311 0 0.9972037 0.0747311 -0 0.9922392 0.1243442 0 0.9922392 0.1243442 -0 0.984808 0.1736469 0 0.984808 0.1736469 -0 0.9749278 0.2225211 0 0.9749278 0.2225211 -0 0.9626243 0.2708402 0 0.9626243 0.2708402 -0 0.947927 0.318488 0 0.947927 0.318488 -0 0.9308739 0.3653405 0 0.9308739 0.3653405 -0 0.911506 0.4112866 0 0.911506 0.4112866 -0 0.8898717 0.4562109 0 0.8898717 0.4562109 -0 0.8660255 0.4999998 -0 0.8660255 0.4999998 0 0.840026 0.5425462 -0 0.840026 0.5425462 0 0.8119376 0.5837442 -0 0.8119376 0.5837442 0 0.7818319 0.6234894 -0 0.7818319 0.6234894 0 0.7497808 0.6616863 -0 0.7497808 0.6616863 0 0.7158669 0.6982367 -0 0.7158669 0.6982367 0 0.6801729 0.7330517 -0 0.6801729 0.7330517 0 0.6427877 0.7660444 -0 0.6427877 0.7660444 0 0.6038042 0.7971327 -0 0.6038042 0.7971327 0 0.5633203 0.8262387 -0 0.5633203 0.8262387 0 0.5214349 0.853291 -0 0.5214349 0.853291 0 0.4782544 0.8782213 -0 0.4782544 0.8782213 0 0.4338833 0.9009691 0 0.4338833 0.9009691 -0 0.3884354 0.9214759 0 0.3884354 0.9214759 -0 0.3420193 0.9396929 0 0.3420193 0.9396929 -0 0.294756 0.9555726 0 0.294756 0.9555726 -0 0.2467581 0.9690771 0 0.2467581 0.9690771 -0 0.1981463 0.9801724 0 0.1981463 0.9801724 -0 0.1490404 0.988831 0 0.1490404 0.988831 -0 0.09956931 0.9950306 0 0.09956931 0.9950306 -0 0.04984478 0.998757 0 0.04984478 0.998757 -0 0 1 0 0 1 -0 -0.04984478 0.998757 0 -0.04984478 0.998757 0 -0.09956931 0.9950306 0 -0.09956931 0.9950306 0 -0.1490404 0.988831 0 -0.1490404 0.988831 0 -0.1981463 0.9801724 0 -0.1981463 0.9801724 0 -0.2467581 0.9690771 0 -0.2467581 0.9690771 0 -0.294756 0.9555726 0 -0.294756 0.9555726 0 -0.3420193 0.9396929 0 -0.3420193 0.9396929 0 -0.3884354 0.9214759 0 -0.3884354 0.9214759 0 -0.4338833 0.9009691 0 -0.4338833 0.9009691 0 -0.4782544 0.8782213 0 -0.4782544 0.8782213 0 -0.5214349 0.853291 0 -0.5214349 0.853291 0 -0.5633203 0.8262387 0 -0.5633203 0.8262387 0 -0.6038042 0.7971327 0 -0.6038042 0.7971327 0 -0.6427877 0.7660444 0 -0.6427877 0.7660444 0 -0.6801729 0.7330517 0 -0.6801729 0.7330517 0 -0.7158669 0.6982367 0 -0.7158669 0.6982367 0 -0.7497808 0.6616863 0 -0.7497808 0.6616863 0 -0.7818319 0.6234894 0 -0.7818319 0.6234894 0 -0.8119376 0.5837442 0 -0.8119376 0.5837442 0 -0.840026 0.5425462 0 -0.840026 0.5425462 0 -0.8660255 0.4999998 0 -0.8660255 0.4999998 0 -0.8898717 0.4562109 0 -0.8898717 0.4562109 0 -0.911506 0.4112866 0 -0.911506 0.4112866 0 -0.9308739 0.3653405 0 -0.9308739 0.3653405 0 -0.947927 0.318488 0 -0.947927 0.318488 0 -0.9626243 0.2708402 0 -0.9626243 0.2708402 0 -0.9749278 0.2225211 0 -0.9749278 0.2225211 0 -0.984808 0.1736469 0 -0.984808 0.1736469 0 -0.9922392 0.1243442 0 -0.9972037 0.0747311 0 -0.9922392 0.1243442 0 -0.9972037 0.0747311 0 -0.9996892 0.02493004 0 -0.9996892 0.02493004 0 -0.9996892 -0.02493004 -3.788695e-17 -0.9996892 -0.02493004 0 -0.9972037 -0.0747311 0 -0.9972037 -0.0747311 0 -0.9922392 -0.1243442 0 -0.9922392 -0.1243442 0 -0.984808 -0.1736469 0 -0.984808 -0.1736469 0 -0.9749278 -0.2225211 0 -0.9749278 -0.2225211 0 -0.9626243 -0.2708402 -0 -0.9626243 -0.2708402 0 -0.947927 -0.318488 0 -0.947927 -0.318488 0 -0.9308739 -0.3653405 0 -0.9308739 -0.3653405 0 -0.911506 -0.4112866 0 -0.911506 -0.4112866 0 -0.8898717 -0.4562109 0 -0.8898717 -0.4562109 0 -0.8660255 -0.4999998 0 -0.8660255 -0.4999998 0 -0.840026 -0.5425462 0 -0.840026 -0.5425462 0 -0.8119376 -0.5837442 0 -0.8119376 -0.5837442 0 -0.7818319 -0.6234894 0 -0.7818319 -0.6234894 0 -0.7497808 -0.6616863 0 -0.7497808 -0.6616863 0 -0.7158669 -0.6982367 0 -0.7158669 -0.6982367 0 -0.6801729 -0.7330517 0 -0.6801729 -0.7330517 0 -0.6427877 -0.7660444 0 -0.6427877 -0.7660444 0 -0.6038042 -0.7971327 0 -0.5633203 -0.8262387 -0 -0.6038042 -0.7971327 0 -0.5633203 -0.8262387 0 -0.5214349 -0.853291 0 -0.5214349 -0.853291 0 -0.4782544 -0.8782213 0 -0.4782544 -0.8782213 0 -0.4338833 -0.9009691 0 -0.4338833 -0.9009691 0 -0.3884354 -0.9214759 0 -0.3884354 -0.9214759 0 -0.3420193 -0.9396929 0 -0.3420193 -0.9396929 0 -0.294756 -0.9555726 -0 -0.294756 -0.9555726 0 -0.2467581 -0.9690771 0 -0.2467581 -0.9690771 0 -0.1981463 -0.9801724 0 -0.1981463 -0.9801724 0 -0.1490404 -0.988831 0 -0.1490404 -0.988831 0 -0.09956931 -0.9950306 0 -0.09956931 -0.9950306 0 -0.04984478 -0.998757 0 0 -1 0 -0.04984478 -0.998757 0 0 -1 0 0.04984478 -0.998757 0 0.09956931 -0.9950306 0 0.04984478 -0.998757 0 0.09956931 -0.9950306 0 0.1490404 -0.988831 0 0.1490404 -0.988831 0 0.1981463 -0.9801724 0 0.1981463 -0.9801724 0 0.2467581 -0.9690771 0 0.2467581 -0.9690771 0 0.294756 -0.9555726 0 0.294756 -0.9555726 0 0.3420193 -0.9396929 0 0.3420193 -0.9396929 0 0.3884354 -0.9214759 0 0.3884354 -0.9214759 0 0.4338833 -0.9009691 0 0.4338833 -0.9009691 0 0.4782544 -0.8782213 0 0.4782544 -0.8782213 0 0.5214349 -0.853291 0 0.5214349 -0.853291 0 0.5633203 -0.8262387 0 0.5633203 -0.8262387 0 0.6038042 -0.7971327 0 0.6038042 -0.7971327 0 0.6427877 -0.7660444 0 0.6801729 -0.7330517 0 0.6427877 -0.7660444 0 0.6801729 -0.7330517 0 0.7158669 -0.6982367 0 0.7158669 -0.6982367 0 0.7497808 -0.6616863 0 0.7497808 -0.6616863 0 0.7818319 -0.6234894 0 0.7818319 -0.6234894 0 0.8119376 -0.5837442 0 0.8119376 -0.5837442 0 0.840026 -0.5425462 0 0.840026 -0.5425462 0 0.8660255 -0.4999998 0 0.8660255 -0.4999998 0 0.8898717 -0.4562109 0 0.8898717 -0.4562109 0 0.911506 -0.4112866 0 0.911506 -0.4112866 0 0.9308739 -0.3653405 0 0.9308739 -0.3653405 0 0.947927 -0.318488 0 0.947927 -0.318488 0 0.9626243 -0.2708402 0 0.9626243 -0.2708402 0 0.9749278 -0.2225211 0 0.9749278 -0.2225211 0 0.984808 -0.1736469 0 0.984808 -0.1736469 0 0.9922392 -0.1243442 0 0.9922392 -0.1243442 0 0.9972037 -0.0747311 0 0.9972037 -0.0747311 0 0.9996892 -0.02493004 0 0.9996892 -0.02493004 0 0 0 1 0 0 1 0 0 1 0 0 1 0 0 1 0 0 1 0 0 1 0 0 1 0 0 1 0 0 1 0 0 1 0 0 1 0 0 1 0 0 1 0 0 1 0 0 1 0 0 1 0 0 1 0 0 1 0 0 1 0 0 1 0 0 1 0 0 1 0 0 1 0 0 1 0 0 1 0 0 1 0 0 1 0 0 1 0 0 1 0 0 1 0 0 1 0 0 1 0 0 1 0 0 1 0 0 1 0 0 1 0 0 1 0 0 1 0 0 1 0 0 1 0 0 1 0 0 1 0 0 1 0 0 1 0 0 1 0 0 1 0 0 1 0 0 1 0 0 1 0 0 1 0 0 1 0 0 1 0 0 1 0 0 1 0 0 1 0 0 1 0 0 1 0 0 1 0 0 1 0 0 1 0 0 1 0 0 1 0 0 1 0 0 1 0 0 1 0 0 1 0 0 1 0 0 1 0 0 1 0 0 1 0 0 1 0 0 1 0 0 1 0 0 1 0 0 1 0 0 1 0 0 1 0 0 1 0 0 1 0 0 1 0 0 1 0 0 1 0 0 1 0 0 1 0 0 1 0 0 1 0 0 1 0 0 1 0 0 1 0 0 1 0 0 1 0 0 1 0 0 1 0 0 1 0 0 1 0 0 1 0 0 1 0 0 1 0 0 1 0 0 1 0 0 1 0 0 1 0 0 1 0 0 1 0 0 1 0 0 1 0 0 1 0 0 1 0 0 1 0 0 1 0 0 1 0 0 1 0 0 1 0 0 1 0 0 1 0 0 1 0 0 1 0 0 1 0 0 1 0 0 1 0 0 1 0 0 1 0 0 1 0 0 1 0 0 1 0 0 1 0 0 1 0 0 1 0 0 1 0 0 1 0 0 1 0 0 1 0 0 1 0 0 1 0 0 1 0 0 1 0 0 1 0 0 1 0 0 1 0 0 1 0 0 1 0 0 1 0 0 1 0 0 1 0 0 1 0 0 1 0 0 1 0 0 1 0 0 1 0 0 1 0 0 1 0 0 1 0 0 1 0 0 1 0 0 1 0 0 1 0 0 1 0 0 1 0 0 1 0 0 1 0 0 1 0 0 1 0 0 1 0 0 1 0 0 1 0 0 1 0 0 1 0 0 1 0 0 1 0 0 1 0 0 1 0 0 1 0 0 1 0 0 1 0 0 1 0 0 1 0 0 1 0 0 1 0 0 1 0 0 1 0 0 1 0 0 1 0 0 1 0 0 1 0 0 1 0 0 1 0 0 1 0 0 1 0 0 1 0 0 1 0 0 1 0 0 1 0 0 1 0 0 1 0 0 1 0 0 1 0 0 1 0 0 1 0 0 1 0 0 1 0 0 1 0 0 1 0 0 1 0 0 1 0 0 1 0 0 1 0 0 1 0 0 1 0 0 1 0 0 1 0 0 1 0 0 1 0 0 1 0 0 1 0 0 1 0 0 1 0 0 1 0 0 1 0 0 1 0 0 1 0 0 1 0 0 1 0 0 1 0 0 1 0 0 1 0 0 1 0 0 1 0 0 1 0 0 1 0 0 1 0 0 1 0 0 1 0 0 1 0 0 1 0 0 1 0 0 1 0 0 1 0 0 1 0 0 1 0 0 1 0 0 1 0 0 1 0 0 1 0 0 1 0 0 1 0 0 1 0 0 1 0 0 1 0 0 1 0 0 1 0 0 1 0 0 1 0 0 1 0 0 1 0 0 1 0 0 1 0 0 1 0 0 1 0 0 1 0 0 1 0 0 1 0 0 1 0 0 1 0 0 1 0 0 1 0 0 1 0 0 1 0 0 1 0 0 1 0 0 1 0 0 1 0 0 1 0 0 1 0 0 1 0 0 1 0 0 1 0 0 1 0 0 1 0 0 1 0 0 1 0 0 1 0 0 1 0 0 1 0 0 1 0 0 1 0 0 1 0 0 1 0 0 1 0 0 1 0 0 1 0 0 1 0 0 1 0 0 1 0 0 1 0 0 1 0 0 1 0 0 1 0 0 1 0 0 1 0 0 1 0 0 1 0 0 1 0 0 1 0 0 1 0 0 1 0 0 1 0 0 1 0 0 1 0 0 1 0 0 1 0 0 1 0 0 1 0 0 1 0 0 1 0 0 1 0 0 1 0 0 1 0 0 1 0 0 1 0 0 1 0 0 1 0 0 1 0 0 1 0 0 1 0 0 1 0 0 1 0 0 1 0 0 1 0 0 1 0 0 1 0 0 1 0 0 1 0 0 1 0 0 1 0 0 1 0 0 1 0 0 1 0 0 1 0 0 1 0 0 1 0 0 1 0 0 1 0 0 1 0 0 1 0 0 1 0 0 1 0 0 1 0 0 1 0 0 1 0 0 1 0 0 1 0 0 1 0 0 1 0 0 1 0 0 1 0 0 1 0 0 1 0 0 1 0 0 1 0 0 1 0 0 1 0 0 1 0 0 1 0 0 1 0 0 1 0 0 1 0 0 1 0 0 1 0 0 1 0 0 1 0 0 1 0 0 1 0 0 1 0 0 1 0 0 1 0 0 1 0 0 1 0 0 1 0 0 1 0 0 1 0 0 1 0 0 1 0 0 1 0 0 1 0 0 1 0 0 1 0 0 1 0 0 1 0 0 1 0 0 1 0 0 1 0 0 1 0 0 1 0 0 1 0 0 1 0 0 1 0 0 1 0 0 1 0 0 1 0 0 1 0 0 1 0 0 1 0 0 1 0 0 1 0 0 1 0 0 1 0 0 1 0 0 1 0 0 1 0 0 1 0 0 1 0 0 1 0 0 1 0 0 1 0 0 1 0 0 1 0 0 1 0 0 1 0 0 1 0 0 1 0 0 1 0 0 1 0 0 1 0 0 1 0 0 1 0 0 1 0 0 1 0 0 1 0 0 1 0 0 1 0 0 1 0 0 1 0 0 1 0 0 1 0 0 1 0 0 1 0 0 1 0 0 1 0 0 1 0 0 1 0 0 1 0 0 1 0 0 1 0 0 1 0 0 1 0 0 1 0 0 1 0 0 1 0 0 1 0 0 1 0 0 1 0 0 1 0 0 1 0 0 1 0 0 1 0 0 1 0 0 1 0 0 1 0 0 1 0 0 1 0 0 1 0 0 1 0 0 1 0 0 1 0 0 1 0 0 1 0 0 1 0 0 1 0 0 1 0 0 1 0 0 1 0 0 1 0 0 1 0 0 1 0 0 1 0 0 1 0 0 1 0 0 1 0 0 1 0 0 1 0 0 1 0 0 1 0 0 1 0 0 1 0 0 1 0 0 1 0 0 1 0 0 1 0 0 1 0 0 1 0 0 1 0 0 1 0 0 1 0 0 1 0 0 1 0 0 1 0 0 1 0 0 1 0 0 1 0 0 1 0 0 1 0 0 1 0 0 1 0 0 1 0 0 1 0 0 1 0 0 1 0 0 1 0 0 1 0 0 1 0 0 1 0 0 1 0 0 1 0 0 1 0 0 1 0 0 1 0 0 1 0 0 1 0 0 1 0 0 1 0 0 1 0 0 1 0 0 1 0 0 1 0 0 1 0 0 1 0 0 1 0 0 1 0 0 1 0 0 1 0 0 1 0 0 1 0 0 1 0 0 1 0 0 1 0 0 1 0 0 1 0 0 1 0 0 1 0 0 1 0 0 1 0 0 1 0 0 1 0 0 1 0 0 1 0 0 1 0 0 1 0 0 1 0 0 1 0 0 1 0 0 1 0 0 1 0 0 1 0 0 1 0 0 1 0 0 1 0 0 1 0 0 1 0 0 1 0 0 1 0 0 1 0 0 1 0 0 1 0 0 1 0 0 1 0 0 1 0 0 1 0 0 1 0 0 1 0 0 1 0 0 1 0 0 1 0 0 1 0 0 1 0 0 1 0 0 1 0 0 1 0 0 1 0 0 1 0 0 1 0 0 1 0 0 1 0 0 1 0 0 1 0 0 1 0 0 1 0 0 1 0 0 1 0 0 1 0 0 1 0 0 1 0 0 1 0 0 1 0 0 1 0 0 1 0 0 1 0 0 1 0 0 1 0 0 1 0 0 1 0 0 1 0 0 1 0 0 1 0 0 1 0 0 1 0 0 1 0 0 1 0 0 1 0 0 1 0 0 1 0 0 1 0 0 1 0 0 1 0 0 1 0 0 1 0 0 1 0 0 1 0 0 1 0 0 1 0 0 1 0 0 1 0 0 1 0 0 1 0 0 1 0 0 1 0 0 1 0 0 1 0 0 1 0 0 1 0 0 1 0 0 1 0 0 1 0 0 1 0 0 1 0 0 1 0 0 1 0 0 1 0 0 1 0 0 1 0 0 1 0 0 1 0 0 1 0 0 1 0 0 1 0 0 1 0 0 1 0 0 1 0 0 1 0 0 1 0 0 1 0 0 1 0 0 1 0 0 1 0 0 1 0 0 1 0 0 1 0 0 1 0 0 1 0 0 1 0 0 1 0 0 1 0 0 1 0 0 1 0 0 1 0 0 1 0 0 1 0 0 1 0 0 1 0 0 1 0 0 1 0 0 1 0 0 1 0 0 1 0 0 1 0 0 1 0 0 1 0 0 1 0 0 1 0 0 1 0 0 1 0 0 1 0 0 1 0 0 1 0 0 1 0 0 1 0 0 1 0 0 1 0 0 1 0 0 1 0 0 1 0 0 1 0 0 1 0 0 1 0 0 1 0 0 1 0 0 1 0 0 1 0 0 1 0 0 1 0 0 1 0 0 1 0 0 1 0 0 1 0 0 1 0 0 1 0 0 1 0 0 1 0 0 1 0 0 1 0 0 1 0 0 1 0 0 1 0 0 1 0 0 1 0 0 1 0 0 1 0 0 1 0 0 1 0 0 1 0 0 1 0 0 1 0 0 1 0 0 1 0 0 1 0 0 1 0 0 1 0 0 1 0 0 1 0 0 1 0 0 1 0 0 1 0 0 1 0 0 1 0 0 1 0 0 1 0 0 1 0 0 1 0 0 1 0 0 1 0 0 1 0 0 1 0 0 1 0 0 1 0 0 1 0 0 1 0 0 1 0 0 1 0 0 1 0 0 1 0 0 1 0 0 1 0 0 1 0 0 1 0 0 1 0 0 1 0 0 1 0 0 1 0 0 1 0 0 1 0 0 1 0 0 1 0 0 1 0 0 1 -0.9996892 -0.02492975 -0 -0.9996892 -0.02492975 0 -0.9972038 -0.07473059 0 -0.9972038 -0.07473059 0 -0.9922393 -0.1243431 0 -0.9922393 -0.1243431 -0 -0.9848077 -0.1736479 0 -0.9848077 -0.1736479 -0 -0.974928 -0.2225207 0 -0.974928 -0.2225207 -0 -0.9626242 -0.2708409 0 -0.9479272 -0.3184872 0 -0.9626242 -0.2708409 -0 -0.9479272 -0.3184872 0 -0.9308741 -0.3653401 0 -0.9308741 -0.3653401 -0 -0.9115053 -0.4112883 0 -0.8898717 -0.4562109 0 -0.9115053 -0.4112883 -0 -0.8660261 -0.4999989 0 -0.8898717 -0.4562109 0 -0.8660261 -0.4999989 0 -0.8400256 -0.5425466 -0 -0.8400256 -0.5425466 0 -0.8119379 -0.5837438 -0 -0.8119379 -0.5837438 0 -0.7818309 -0.6234906 0 -0.7818309 -0.6234906 0 -0.7497818 -0.6616851 0 -0.7497818 -0.6616851 -0 -0.7158668 -0.6982369 0 -0.6801732 -0.7330515 0 -0.7158668 -0.6982369 -0 -0.6801732 -0.7330515 0 -0.6427881 -0.7660441 0 -0.6427881 -0.7660441 -0 -0.6038046 -0.7971322 0 -0.6038046 -0.7971322 -0 -0.5633176 -0.8262404 0 -0.5633176 -0.8262404 -0 -0.5214361 -0.8532903 0 -0.5214361 -0.8532903 -0 -0.4782559 -0.8782206 0 -0.4782559 -0.8782206 -0 -0.4338816 -0.9009699 0 -0.4338816 -0.9009699 -0 -0.3884365 -0.9214755 0 -0.3420205 -0.9396925 0 -0.3884365 -0.9214755 -0 -0.3420205 -0.9396925 0 -0.2947524 -0.9555737 0 -0.2947524 -0.9555737 -0 -0.2467577 -0.9690772 0 -0.2467577 -0.9690772 -0 -0.1981473 -0.9801722 0 -0.1981473 -0.9801722 -0 -0.1490433 -0.9888307 0 -0.1490433 -0.9888307 -0 -0.09956621 -0.9950309 0 -0.09956621 -0.9950309 -0 -0.04984699 -0.9987569 0 -0.04984699 -0.9987569 -0 0 -1 0 -0 -1 -0 0.04984684 -0.9987569 0 0.04984684 -0.9987569 0 0.09956621 -0.9950309 0 0.09956621 -0.9950309 0 0.1490433 -0.9888307 0 0.1490433 -0.9888307 0 0.1981479 -0.9801722 0 0.1981479 -0.9801722 0 0.2467569 -0.9690774 0 0.2947524 -0.9555737 0 0.2467569 -0.9690774 0 0.2947524 -0.9555737 0 0.3420205 -0.9396925 0 0.3420205 -0.9396925 0 0.3884376 -0.921475 0 0.3884376 -0.921475 0 0.4338816 -0.9009699 0 0.4338816 -0.9009699 0 0.4782546 -0.8782212 0 0.4782546 -0.8782212 0 0.5214361 -0.8532903 0 0.5214361 -0.8532903 0 0.5633191 -0.8262394 0 0.5633191 -0.8262394 0 0.6038046 -0.7971322 0 0.6038046 -0.7971322 0 0.6427872 -0.7660447 0 0.6427872 -0.7660447 0 0.6801732 -0.7330515 0 0.6801732 -0.7330515 0 0.715866 -0.6982377 0 0.715866 -0.6982377 0 0.7497834 -0.6616833 0 0.7497834 -0.6616833 0 0.7818301 -0.6234915 0 0.7818301 -0.6234915 0 0.8119386 -0.5837427 0 0.8400249 -0.5425478 0 0.8119386 -0.5837427 0 0.8660261 -0.4999989 0 0.8400249 -0.5425478 0 0.8898711 -0.4562122 0 0.8660261 -0.4999989 0 0.8898711 -0.4562122 0 0.9115071 -0.4112843 0 0.9308736 -0.3653415 0 0.9115071 -0.4112843 0 0.9308736 -0.3653415 0 0.9479266 -0.3184886 0 0.9479266 -0.3184886 0 0.962625 -0.2708379 0 0.962625 -0.2708379 0 0.9749272 -0.2225237 0 0.9848076 -0.1736495 0 0.9749272 -0.2225237 0 0.9922395 -0.1243415 0 0.9848076 -0.1736495 0 0.997204 -0.07472742 0 0.9922395 -0.1243415 0 0.997204 -0.07472742 0 0.9996891 -0.02493453 0 0.9996891 -0.02493453 0 0.9996891 0.02493469 0 0.9996891 0.02493469 0 0.997204 0.07472719 0 0.997204 0.07472719 0 0.9922395 0.1243415 0 0.9922395 0.1243415 0 0.9848076 0.1736489 -0 0.9848076 0.1736489 0 0.9749269 0.2225251 -0 0.9749269 0.2225251 0 0.962625 0.2708379 0 0.962625 0.2708379 0 0.9479271 0.3184876 0 0.9479271 0.3184876 0 0.9308736 0.3653415 -0 0.9308736 0.3653415 0 0.9115071 0.4112843 0 0.9115071 0.4112843 0 0.8898717 0.4562109 0 0.8898717 0.4562109 0 0.8660253 0.5000002 -0 0.8660253 0.5000002 0 0.8400258 0.5425463 -0 0.8400258 0.5425463 0 0.8119376 0.5837443 0 0.8119376 0.5837443 0 0.7818313 0.62349 -0 0.7818313 0.62349 0 0.749782 0.6616849 0 0.749782 0.6616849 0 0.715866 0.6982377 0 0.715866 0.6982377 0 0.6801749 0.7330499 -0 0.6801749 0.7330499 0 0.6427854 0.7660463 0 0.6427854 0.7660463 0 0.6038046 0.7971322 -0 0.6038046 0.7971322 0 0.5633214 0.826238 0 0.5633214 0.826238 0 0.5214338 0.8532918 0 0.5214338 0.8532918 0 0.478257 0.8782199 0 0.478257 0.8782199 0 0.433879 0.9009711 0 0.3884349 0.9214761 -0 0.433879 0.9009711 0 0.3884349 0.9214761 0 0.3420205 0.9396925 0 0.3420205 0.9396925 0 0.2947582 0.9555718 0 0.2947582 0.9555718 0 0.2467569 0.9690774 0 0.2467569 0.9690774 0 0.1981449 0.9801728 0 0.1981449 0.9801728 0 0.1490402 0.9888312 0 0.1490402 0.9888312 0 0.09957252 0.9950303 -0 0.09957252 0.9950303 0 0.04984365 0.998757 0 0.04984365 0.998757 0 -0 1 0 0 1 0 -0.04984381 0.998757 0 -0.04984381 0.998757 0 -0.09957252 0.9950303 0 -0.09957252 0.9950303 0 -0.1490402 0.9888312 0 -0.1490402 0.9888312 0 -0.1981442 0.9801729 0 -0.1981442 0.9801729 0 -0.2467577 0.9690772 0 -0.2467577 0.9690772 0 -0.2947582 0.9555718 0 -0.2947582 0.9555718 0 -0.3420205 0.9396925 0 -0.3884338 0.9214767 0 -0.3420205 0.9396925 0 -0.3884338 0.9214767 0 -0.433879 0.9009711 0 -0.433879 0.9009711 0 -0.4782583 0.8782191 0 -0.4782583 0.8782191 0 -0.5214338 0.8532918 0 -0.5633198 0.8262389 0 -0.5214338 0.8532918 0 -0.5633198 0.8262389 0 -0.6038046 0.7971322 0 -0.6038046 0.7971322 0 -0.6427861 0.7660457 0 -0.6427861 0.7660457 0 -0.6801749 0.7330499 0 -0.7158668 0.6982369 0 -0.6801749 0.7330499 0 -0.7158668 0.6982369 0 -0.7497805 0.6616867 0 -0.7497805 0.6616867 0 -0.7818322 0.623489 0 -0.7818322 0.623489 0 -0.8119368 0.5837454 0 -0.8119368 0.5837454 0 -0.8400266 0.5425452 0 -0.8400266 0.5425452 0 -0.8660253 0.5000002 0 -0.8660253 0.5000002 0 -0.8898723 0.4562096 0 -0.9115053 0.4112883 0 -0.8898723 0.4562096 0 -0.9308741 0.3653401 0 -0.9115053 0.4112883 0 -0.9308741 0.3653401 0 -0.9479276 0.3184862 0 -0.9626242 0.2708409 0 -0.9479276 0.3184862 0 -0.9626242 0.2708409 0 -0.9749277 0.2225221 0 -0.9848079 0.1736474 0 -0.9749277 0.2225221 0 -0.9848079 0.1736474 0 -0.9922393 0.1243431 0 -0.9972038 0.07473035 0 -0.9922393 0.1243431 0 -0.9972038 0.07473035 0 -0.9996892 0.02492991 0 -0.9996892 0.02492991 0 -0.9996891 -0.02493453 -0 -0.9996891 -0.02493453 0 -0.997204 -0.07472742 0 -0.997204 -0.07472742 0 -0.9922395 -0.1243415 0 -0.9922395 -0.1243415 -0 -0.9848076 -0.1736495 0 -0.9848076 -0.1736495 -0 -0.9749272 -0.2225237 0 -0.9749272 -0.2225237 -0 -0.962625 -0.2708379 0 -0.9479266 -0.3184886 0 -0.962625 -0.2708379 -0 -0.9479266 -0.3184886 0 -0.9308736 -0.3653415 0 -0.9308736 -0.3653415 -0 -0.9115071 -0.4112843 0 -0.8898711 -0.4562122 0 -0.9115071 -0.4112843 -0 -0.8660261 -0.4999989 0 -0.8898711 -0.4562122 0 -0.8660261 -0.4999989 0 -0.8400249 -0.5425478 -0 -0.8400249 -0.5425478 0 -0.8119386 -0.5837427 -0 -0.8119386 -0.5837427 0 -0.7818301 -0.6234915 0 -0.7818301 -0.6234915 0 -0.7497834 -0.6616833 0 -0.7497834 -0.6616833 -0 -0.715866 -0.6982377 0 -0.6801732 -0.7330515 0 -0.715866 -0.6982377 -0 -0.6801732 -0.7330515 0 -0.6427872 -0.7660447 0 -0.6427872 -0.7660447 -0 -0.6038046 -0.7971322 0 -0.6038046 -0.7971322 -0 -0.5633191 -0.8262394 0 -0.5633191 -0.8262394 -0 -0.5214361 -0.8532903 0 -0.5214361 -0.8532903 -0 -0.4782546 -0.8782212 0 -0.4782546 -0.8782212 -0 -0.4338816 -0.9009699 0 -0.4338816 -0.9009699 -0 -0.3884376 -0.921475 0 -0.3420205 -0.9396925 0 -0.3884376 -0.921475 -0 -0.3420205 -0.9396925 0 -0.2947524 -0.9555737 0 -0.2947524 -0.9555737 -0 -0.2467569 -0.9690774 0 -0.2467569 -0.9690774 -0 -0.1981479 -0.9801722 0 -0.1981479 -0.9801722 -0 -0.1490433 -0.9888307 0 -0.1490433 -0.9888307 -0 -0.09956621 -0.9950309 0 -0.09956621 -0.9950309 -0 -0.04984684 -0.9987569 0 -0.04984684 -0.9987569 -0 0 -1 0 -0 -1 -0 0.04984699 -0.9987569 0 0.04984699 -0.9987569 0 0.09956621 -0.9950309 0 0.09956621 -0.9950309 0 0.1490433 -0.9888307 0 0.1490433 -0.9888307 0 0.1981473 -0.9801722 0 0.1981473 -0.9801722 0 0.2467577 -0.9690772 0 0.2947524 -0.9555737 0 0.2467577 -0.9690772 0 0.2947524 -0.9555737 0 0.3420205 -0.9396925 0 0.3420205 -0.9396925 0 0.3884365 -0.9214755 0 0.3884365 -0.9214755 0 0.4338816 -0.9009699 0 0.4338816 -0.9009699 0 0.4782559 -0.8782206 0 0.4782559 -0.8782206 0 0.5214361 -0.8532903 0 0.5214361 -0.8532903 0 0.5633176 -0.8262404 0 0.5633176 -0.8262404 0 0.6038046 -0.7971322 0 0.6038046 -0.7971322 0 0.6427881 -0.7660441 0 0.6427881 -0.7660441 0 0.6801732 -0.7330515 0 0.6801732 -0.7330515 0 0.7158668 -0.6982369 0 0.7158668 -0.6982369 0 0.7497818 -0.6616851 0 0.7497818 -0.6616851 0 0.7818309 -0.6234906 0 0.7818309 -0.6234906 0 0.8119379 -0.5837438 0 0.8400256 -0.5425466 0 0.8119379 -0.5837438 0 0.8660261 -0.4999989 0 0.8400256 -0.5425466 0 0.8898717 -0.4562109 0 0.8660261 -0.4999989 0 0.8898717 -0.4562109 0 0.9115053 -0.4112883 0 0.9308741 -0.3653401 0 0.9115053 -0.4112883 0 0.9308741 -0.3653401 0 0.9479272 -0.3184872 0 0.9479272 -0.3184872 0 0.9626242 -0.2708409 0 0.9626242 -0.2708409 0 0.974928 -0.2225207 0 0.9848077 -0.1736479 0 0.974928 -0.2225207 0 0.9922393 -0.1243431 0 0.9848077 -0.1736479 0 0.9972038 -0.07473059 0 0.9922393 -0.1243431 0 0.9972038 -0.07473059 0 0.9996892 -0.02492975 0 0.9996892 -0.02492975 0 0.9996892 0.02492991 0 0.9996892 0.02492991 0 0.9972038 0.07473035 0 0.9972038 0.07473035 0 0.9922393 0.1243431 0 0.9922393 0.1243431 0 0.9848079 0.1736474 -0 0.9848079 0.1736474 0 0.9749277 0.2225221 -0 0.9749277 0.2225221 0 0.9626242 0.2708409 0 0.9626242 0.2708409 0 0.9479276 0.3184862 0 0.9479276 0.3184862 0 0.9308741 0.3653401 -0 0.9308741 0.3653401 0 0.9115053 0.4112883 0 0.9115053 0.4112883 0 0.8898723 0.4562096 0 0.8898723 0.4562096 0 0.8660253 0.5000002 -0 0.8660253 0.5000002 0 0.8400266 0.5425452 -0 0.8400266 0.5425452 0 0.8119368 0.5837454 0 0.8119368 0.5837454 0 0.7818322 0.623489 -0 0.7818322 0.623489 0 0.7497805 0.6616867 0 0.7497805 0.6616867 0 0.7158668 0.6982369 0 0.7158668 0.6982369 0 0.6801749 0.7330499 -0 0.6801749 0.7330499 0 0.6427861 0.7660457 0 0.6427861 0.7660457 0 0.6038046 0.7971322 -0 0.6038046 0.7971322 0 0.5633198 0.8262389 0 0.5633198 0.8262389 0 0.5214338 0.8532918 0 0.5214338 0.8532918 0 0.4782583 0.8782191 0 0.4782583 0.8782191 0 0.433879 0.9009711 0 0.3884338 0.9214767 -0 0.433879 0.9009711 0 0.3884338 0.9214767 0 0.3420205 0.9396925 0 0.3420205 0.9396925 0 0.2947582 0.9555718 0 0.2947582 0.9555718 0 0.2467577 0.9690772 0 0.2467577 0.9690772 0 0.1981442 0.9801729 0 0.1981442 0.9801729 0 0.1490402 0.9888312 0 0.1490402 0.9888312 0 0.09957252 0.9950303 -0 0.09957252 0.9950303 0 0.04984381 0.998757 0 0.04984381 0.998757 0 -0 1 0 0 1 0 -0.04984365 0.998757 0 -0.04984365 0.998757 0 -0.09957252 0.9950303 0 -0.09957252 0.9950303 0 -0.1490402 0.9888312 0 -0.1490402 0.9888312 0 -0.1981449 0.9801728 0 -0.1981449 0.9801728 0 -0.2467569 0.9690774 0 -0.2467569 0.9690774 0 -0.2947582 0.9555718 0 -0.2947582 0.9555718 0 -0.3420205 0.9396925 0 -0.3884349 0.9214761 0 -0.3420205 0.9396925 0 -0.3884349 0.9214761 0 -0.433879 0.9009711 0 -0.433879 0.9009711 0 -0.478257 0.8782199 0 -0.478257 0.8782199 0 -0.5214338 0.8532918 0 -0.5633214 0.826238 0 -0.5214338 0.8532918 0 -0.5633214 0.826238 0 -0.6038046 0.7971322 0 -0.6038046 0.7971322 0 -0.6427854 0.7660463 0 -0.6427854 0.7660463 0 -0.6801749 0.7330499 0 -0.715866 0.6982377 0 -0.6801749 0.7330499 0 -0.715866 0.6982377 0 -0.749782 0.6616849 0 -0.749782 0.6616849 0 -0.7818313 0.62349 0 -0.7818313 0.62349 0 -0.8119376 0.5837443 0 -0.8119376 0.5837443 0 -0.8400258 0.5425463 0 -0.8400258 0.5425463 0 -0.8660253 0.5000002 0 -0.8660253 0.5000002 0 -0.8898717 0.4562109 0 -0.9115071 0.4112843 0 -0.8898717 0.4562109 0 -0.9308736 0.3653415 0 -0.9115071 0.4112843 0 -0.9308736 0.3653415 0 -0.9479271 0.3184876 0 -0.962625 0.2708379 0 -0.9479271 0.3184876 0 -0.962625 0.2708379 0 -0.9749269 0.2225251 0 -0.9848076 0.1736489 0 -0.9749269 0.2225251 0 -0.9848076 0.1736489 0 -0.9922395 0.1243415 0 -0.997204 0.07472719 0 -0.9922395 0.1243415 0 -0.997204 0.07472719 0 -0.9996891 0.02493469 0 -0.9996891 0.02493469 0 -0.9996893 -0.0249282 -0 -0.9996893 -0.0249282 0 -0.9972038 -0.07473047 0 -0.9972038 -0.07473047 0 -0.9922391 -0.1243447 0 -0.9922391 -0.1243447 -0 -0.9848081 -0.1736464 0 -0.9848081 -0.1736464 -0 -0.9749278 -0.2225211 0 -0.9749278 -0.2225211 -0 -0.9626242 -0.2708409 0 -0.9479266 -0.3184886 0 -0.9626242 -0.2708409 -0 -0.9479266 -0.3184886 0 -0.9308746 -0.3653387 0 -0.9308746 -0.3653387 -0 -0.9115047 -0.4112896 0 -0.889873 -0.4562084 0 -0.9115047 -0.4112896 -0 -0.8660253 -0.5000002 0 -0.889873 -0.4562084 0 -0.8660253 -0.5000002 0 -0.8400249 -0.5425478 -0 -0.8400249 -0.5425478 0 -0.8119398 -0.5837413 -0 -0.8119398 -0.5837413 0 -0.7818301 -0.6234915 0 -0.7818301 -0.6234915 0 -0.7497818 -0.6616851 0 -0.7497818 -0.6616851 -0 -0.715866 -0.6982377 0 -0.6801732 -0.7330515 0 -0.715866 -0.6982377 -0 -0.6801732 -0.7330515 0 -0.6427872 -0.7660447 0 -0.6427872 -0.7660447 -0 -0.6038046 -0.7971322 0 -0.6038046 -0.7971322 -0 -0.5633198 -0.8262389 0 -0.5633198 -0.8262389 -0 -0.5214338 -0.8532918 0 -0.5214338 -0.8532918 -0 -0.4782559 -0.8782206 0 -0.4782559 -0.8782206 -0 -0.4338854 -0.9009681 0 -0.4338854 -0.9009681 -0 -0.3884338 -0.9214767 0 -0.3420205 -0.9396925 0 -0.3884338 -0.9214767 -0 -0.3420205 -0.9396925 0 -0.2947553 -0.9555728 0 -0.2947553 -0.9555728 -0 -0.2467577 -0.9690772 0 -0.2467577 -0.9690772 -0 -0.1981436 -0.9801731 0 -0.1981436 -0.9801731 -0 -0.1490437 -0.9888306 0 -0.1490437 -0.9888306 -0 -0.09956621 -0.9950309 0 -0.09956621 -0.9950309 -0 -0.04984668 -0.9987569 0 -0.04984668 -0.9987569 -0 0 -1 0 -0 -1 -0 0.04984699 -0.9987569 0 0.04984699 -0.9987569 0 0.09956621 -0.9950309 0 0.09956621 -0.9950309 0 0.1490428 -0.9888307 0 0.1490428 -0.9888307 0 0.1981449 -0.9801728 0 0.1981449 -0.9801728 0 0.2467577 -0.9690772 0 0.2947553 -0.9555728 0 0.2467577 -0.9690772 0 0.2947553 -0.9555728 0 0.3420205 -0.9396925 0 0.3420205 -0.9396925 0 0.3884338 -0.9214767 0 0.3884338 -0.9214767 0 0.4338854 -0.9009681 0 0.4338854 -0.9009681 0 0.4782532 -0.878222 0 0.4782532 -0.878222 0 0.5214338 -0.8532918 0 0.5214338 -0.8532918 0 0.5633198 -0.8262389 0 0.5633198 -0.8262389 0 0.6038063 -0.7971311 0 0.6038063 -0.7971311 0 0.6427888 -0.7660435 0 0.6427888 -0.7660435 0 0.6801715 -0.733053 0 0.6801715 -0.733053 0 0.7158644 -0.6982393 0 0.7158644 -0.6982393 0 0.7497834 -0.6616833 0 0.7497834 -0.6616833 0 0.7818301 -0.6234915 0 0.7818301 -0.6234915 0 0.8119398 -0.5837413 0 0.8400249 -0.5425478 0 0.8119398 -0.5837413 0 0.8660253 -0.5000002 0 0.8400249 -0.5425478 0 0.8898717 -0.4562109 0 0.8660253 -0.5000002 0 0.8898717 -0.4562109 0 0.9115071 -0.4112843 0 0.9308736 -0.3653415 0 0.9115071 -0.4112843 0 0.9308736 -0.3653415 0 0.9479266 -0.3184886 0 0.9479266 -0.3184886 0 0.962625 -0.2708379 0 0.962625 -0.2708379 0 0.9749272 -0.2225241 0 0.9848076 -0.1736495 0 0.9749272 -0.2225241 0 0.9922395 -0.1243415 0 0.9848076 -0.1736495 0 0.997204 -0.0747273 0 0.9922395 -0.1243415 0 0.997204 -0.0747273 0 0.9996891 -0.02493457 0 0.9996891 -0.02493457 0 0.9996891 0.02493461 0 0.9996891 0.02493461 0 0.997204 0.0747273 0 0.997204 0.0747273 0 0.9922395 0.1243415 0 0.9922395 0.1243415 0 0.9848076 0.1736495 -0 0.9848076 0.1736495 0 0.9749272 0.2225241 -0 0.9749272 0.2225241 0 0.962625 0.2708379 0 0.962625 0.2708379 0 0.9479269 0.3184881 0 0.9479269 0.3184881 0 0.9308734 0.3653417 -0 0.9308734 0.3653417 0 0.9115071 0.4112843 0 0.9115071 0.4112843 0 0.8898714 0.4562115 0 0.8898714 0.4562115 0 0.8660259 0.4999992 -0 0.8660259 0.4999992 0 0.8400247 0.5425482 -0 0.8400247 0.5425482 0 0.8119392 0.583742 0 0.8119392 0.583742 0 0.7818301 0.6234915 -0 0.7818301 0.6234915 0 0.7497834 0.6616833 0 0.7497834 0.6616833 0 0.7158657 0.6982379 0 0.7158657 0.6982379 0 0.6801709 0.7330536 -0 0.6801709 0.7330536 0 0.6427888 0.7660435 0 0.6427888 0.7660435 0 0.6038057 0.7971315 -0 0.6038057 0.7971315 0 0.5633198 0.8262389 0 0.5633198 0.8262389 0 0.5214351 0.8532909 0 0.5214351 0.8532909 0 0.4782522 0.8782226 0 0.4782522 0.8782226 0 0.4338846 0.9009685 0 0.3884345 0.9214764 -0 0.4338846 0.9009685 0 0.3884345 0.9214764 0 0.3420203 0.9396926 0 0.3420203 0.9396926 0 0.2947551 0.9555729 0 0.2947551 0.9555729 0 0.2467576 0.9690773 0 0.2467576 0.9690773 0 0.1981467 0.9801723 0 0.1981467 0.9801723 0 0.1490417 0.9888309 0 0.1490417 0.9888309 0 0.09956784 0.9950308 -0 0.09956784 0.9950308 0 0.049846 0.9987569 0 0.049846 0.9987569 0 -0 1 0 0 1 0 -0.04984568 0.9987569 0 -0.04984568 0.9987569 0 -0.09956784 0.9950308 0 -0.09956784 0.9950308 0 -0.1490427 0.9888307 0 -0.1490427 0.9888307 0 -0.1981454 0.9801726 0 -0.1981454 0.9801726 0 -0.2467576 0.9690773 0 -0.2467576 0.9690773 0 -0.2947551 0.9555729 0 -0.2947551 0.9555729 0 -0.3420203 0.9396926 0 -0.3884345 0.9214764 0 -0.3420203 0.9396926 0 -0.3884345 0.9214764 0 -0.4338846 0.9009685 0 -0.4338846 0.9009685 0 -0.4782549 0.8782212 0 -0.4782549 0.8782212 0 -0.5214351 0.8532909 0 -0.5633198 0.8262389 0 -0.5214351 0.8532909 0 -0.5633198 0.8262389 0 -0.6038042 0.7971327 0 -0.6038042 0.7971327 0 -0.6427872 0.7660447 0 -0.6427872 0.7660447 0 -0.6801724 0.733052 0 -0.7158673 0.6982363 0 -0.6801724 0.733052 0 -0.7158673 0.6982363 0 -0.7497818 0.6616851 0 -0.7497818 0.6616851 0 -0.7818301 0.6234915 0 -0.7818301 0.6234915 0 -0.8119392 0.583742 0 -0.8119392 0.583742 0 -0.8400247 0.5425482 0 -0.8400247 0.5425482 0 -0.8660259 0.4999992 0 -0.8660259 0.4999992 0 -0.8898727 0.456209 0 -0.9115047 0.4112896 0 -0.8898727 0.456209 0 -0.9308746 0.365339 0 -0.9115047 0.4112896 0 -0.9308746 0.365339 0 -0.9479269 0.3184881 0 -0.9626242 0.2708409 0 -0.9479269 0.3184881 0 -0.9626242 0.2708409 0 -0.9749278 0.2225211 0 -0.9848081 0.1736464 0 -0.9749278 0.2225211 0 -0.9848081 0.1736464 0 -0.9922391 0.1243447 0 -0.9972038 0.07473047 0 -0.9922391 0.1243447 0 -0.9972038 0.07473047 0 -0.9996893 0.02492824 0 -0.9996893 0.02492824 0 -0.9996891 -0.02493457 -0 -0.9996891 -0.02493457 0 -0.997204 -0.0747273 0 -0.997204 -0.0747273 0 -0.9922395 -0.1243415 0 -0.9922395 -0.1243415 -0 -0.9848076 -0.1736495 0 -0.9848076 -0.1736495 -0 -0.9749272 -0.2225241 0 -0.9749272 -0.2225241 -0 -0.962625 -0.2708379 0 -0.9479266 -0.3184886 0 -0.962625 -0.2708379 -0 -0.9479266 -0.3184886 0 -0.9308736 -0.3653415 0 -0.9308736 -0.3653415 -0 -0.9115071 -0.4112843 0 -0.8898717 -0.4562109 0 -0.9115071 -0.4112843 -0 -0.8660253 -0.5000002 0 -0.8898717 -0.4562109 0 -0.8660253 -0.5000002 0 -0.8400249 -0.5425478 -0 -0.8400249 -0.5425478 0 -0.8119398 -0.5837413 -0 -0.8119398 -0.5837413 0 -0.7818301 -0.6234915 0 -0.7818301 -0.6234915 0 -0.7497834 -0.6616833 0 -0.7497834 -0.6616833 -0 -0.7158644 -0.6982393 0 -0.6801715 -0.733053 0 -0.7158644 -0.6982393 -0 -0.6801715 -0.733053 0 -0.6427888 -0.7660435 0 -0.6427888 -0.7660435 -0 -0.6038063 -0.7971311 0 -0.6038063 -0.7971311 -0 -0.5633198 -0.8262389 0 -0.5633198 -0.8262389 -0 -0.5214338 -0.8532918 0 -0.5214338 -0.8532918 -0 -0.4782532 -0.878222 0 -0.4782532 -0.878222 -0 -0.4338854 -0.9009681 0 -0.4338854 -0.9009681 -0 -0.3884338 -0.9214767 0 -0.3420205 -0.9396925 0 -0.3884338 -0.9214767 -0 -0.3420205 -0.9396925 0 -0.2947553 -0.9555728 0 -0.2947553 -0.9555728 -0 -0.2467577 -0.9690772 0 -0.2467577 -0.9690772 -0 -0.1981449 -0.9801728 0 -0.1981449 -0.9801728 -0 -0.1490428 -0.9888307 0 -0.1490428 -0.9888307 -0 -0.09956621 -0.9950309 0 -0.09956621 -0.9950309 -0 -0.04984699 -0.9987569 0 -0.04984699 -0.9987569 -0 0 -1 0 -0 -1 -0 0.04984668 -0.9987569 0 0.04984668 -0.9987569 0 0.09956621 -0.9950309 0 0.09956621 -0.9950309 0 0.1490437 -0.9888306 0 0.1490437 -0.9888306 0 0.1981436 -0.9801731 0 0.1981436 -0.9801731 0 0.2467577 -0.9690772 0 0.2947553 -0.9555728 0 0.2467577 -0.9690772 0 0.2947553 -0.9555728 0 0.3420205 -0.9396925 0 0.3420205 -0.9396925 0 0.3884338 -0.9214767 0 0.3884338 -0.9214767 0 0.4338854 -0.9009681 0 0.4338854 -0.9009681 0 0.4782559 -0.8782206 0 0.4782559 -0.8782206 0 0.5214338 -0.8532918 0 0.5214338 -0.8532918 0 0.5633198 -0.8262389 0 0.5633198 -0.8262389 0 0.6038046 -0.7971322 0 0.6038046 -0.7971322 0 0.6427872 -0.7660447 0 0.6427872 -0.7660447 0 0.6801732 -0.7330515 0 0.6801732 -0.7330515 0 0.715866 -0.6982377 0 0.715866 -0.6982377 0 0.7497818 -0.6616851 0 0.7497818 -0.6616851 0 0.7818301 -0.6234915 0 0.7818301 -0.6234915 0 0.8119398 -0.5837413 0 0.8400249 -0.5425478 0 0.8119398 -0.5837413 0 0.8660253 -0.5000002 0 0.8400249 -0.5425478 0 0.889873 -0.4562084 0 0.8660253 -0.5000002 0 0.889873 -0.4562084 0 0.9115047 -0.4112896 0 0.9308746 -0.3653387 0 0.9115047 -0.4112896 0 0.9308746 -0.3653387 0 0.9479266 -0.3184886 0 0.9479266 -0.3184886 0 0.9626242 -0.2708409 0 0.9626242 -0.2708409 0 0.9749278 -0.2225211 0 0.9848081 -0.1736464 0 0.9749278 -0.2225211 0 0.9922391 -0.1243447 0 0.9848081 -0.1736464 0 0.9972038 -0.07473047 0 0.9922391 -0.1243447 0 0.9972038 -0.07473047 0 0.9996893 -0.0249282 0 0.9996893 -0.0249282 0 0.9996893 0.02492824 0 0.9996893 0.02492824 0 0.9972038 0.07473047 0 0.9972038 0.07473047 0 0.9922391 0.1243447 0 0.9922391 0.1243447 0 0.9848081 0.1736464 -0 0.9848081 0.1736464 0 0.9749278 0.2225211 -0 0.9749278 0.2225211 0 0.9626242 0.2708409 0 0.9626242 0.2708409 0 0.9479269 0.3184881 0 0.9479269 0.3184881 0 0.9308746 0.365339 -0 0.9308746 0.365339 0 0.9115047 0.4112896 0 0.9115047 0.4112896 0 0.8898727 0.456209 0 0.8898727 0.456209 0 0.8660259 0.4999992 -0 0.8660259 0.4999992 0 0.8400247 0.5425482 -0 0.8400247 0.5425482 0 0.8119392 0.583742 0 0.8119392 0.583742 0 0.7818301 0.6234915 -0 0.7818301 0.6234915 0 0.7497818 0.6616851 0 0.7497818 0.6616851 0 0.7158673 0.6982363 0 0.7158673 0.6982363 0 0.6801724 0.733052 -0 0.6801724 0.733052 0 0.6427872 0.7660447 0 0.6427872 0.7660447 0 0.6038042 0.7971327 -0 0.6038042 0.7971327 0 0.5633198 0.8262389 0 0.5633198 0.8262389 0 0.5214351 0.8532909 0 0.5214351 0.8532909 0 0.4782549 0.8782212 0 0.4782549 0.8782212 0 0.4338846 0.9009685 0 0.3884345 0.9214764 -0 0.4338846 0.9009685 0 0.3884345 0.9214764 0 0.3420203 0.9396926 0 0.3420203 0.9396926 0 0.2947551 0.9555729 0 0.2947551 0.9555729 0 0.2467576 0.9690773 0 0.2467576 0.9690773 0 0.1981454 0.9801726 0 0.1981454 0.9801726 0 0.1490427 0.9888307 0 0.1490427 0.9888307 0 0.09956784 0.9950308 -0 0.09956784 0.9950308 0 0.04984568 0.9987569 0 0.04984568 0.9987569 0 -0 1 0 0 1 0 -0.049846 0.9987569 0 -0.049846 0.9987569 0 -0.09956784 0.9950308 0 -0.09956784 0.9950308 0 -0.1490417 0.9888309 0 -0.1490417 0.9888309 0 -0.1981467 0.9801723 0 -0.1981467 0.9801723 0 -0.2467576 0.9690773 0 -0.2467576 0.9690773 0 -0.2947551 0.9555729 0 -0.2947551 0.9555729 0 -0.3420203 0.9396926 0 -0.3884345 0.9214764 0 -0.3420203 0.9396926 0 -0.3884345 0.9214764 0 -0.4338846 0.9009685 0 -0.4338846 0.9009685 0 -0.4782522 0.8782226 0 -0.4782522 0.8782226 0 -0.5214351 0.8532909 0 -0.5633198 0.8262389 0 -0.5214351 0.8532909 0 -0.5633198 0.8262389 0 -0.6038057 0.7971315 0 -0.6038057 0.7971315 0 -0.6427888 0.7660435 0 -0.6427888 0.7660435 0 -0.6801709 0.7330536 0 -0.7158657 0.6982379 0 -0.6801709 0.7330536 0 -0.7158657 0.6982379 0 -0.7497834 0.6616833 0 -0.7497834 0.6616833 0 -0.7818301 0.6234915 0 -0.7818301 0.6234915 0 -0.8119392 0.583742 0 -0.8119392 0.583742 0 -0.8400247 0.5425482 0 -0.8400247 0.5425482 0 -0.8660259 0.4999992 0 -0.8660259 0.4999992 0 -0.8898714 0.4562115 0 -0.9115071 0.4112843 0 -0.8898714 0.4562115 0 -0.9308734 0.3653417 0 -0.9115071 0.4112843 0 -0.9308734 0.3653417 0 -0.9479269 0.3184881 0 -0.962625 0.2708379 0 -0.9479269 0.3184881 0 -0.962625 0.2708379 0 -0.9749272 0.2225241 0 -0.9848076 0.1736495 0 -0.9749272 0.2225241 0 -0.9848076 0.1736495 0 -0.9922395 0.1243415 0 -0.997204 0.0747273 0 -0.9922395 0.1243415 0 -0.997204 0.0747273 0 -0.9996891 0.02493461 0 -0.9996891 0.02493461 0 -0.9996891 -0.02493134 -0 -0.9996891 -0.02493134 0 -0.9972039 -0.07472924 0 -0.9972039 -0.07472924 0 -0.9922391 -0.1243447 0 -0.9922391 -0.1243447 -0 -0.9848079 -0.1736474 0 -0.9848079 -0.1736474 -0 -0.974928 -0.2225207 0 -0.974928 -0.2225207 -0 -0.9626245 -0.2708394 0 -0.9479269 -0.3184881 0 -0.9626245 -0.2708394 -0 -0.9479269 -0.3184881 0 -0.9308736 -0.3653415 0 -0.9308736 -0.3653415 -0 -0.9115059 -0.411287 0 -0.8898723 -0.4562096 0 -0.9115059 -0.411287 -0 -0.8660246 -0.5000014 0 -0.8898723 -0.4562096 0 -0.8660246 -0.5000014 0 -0.8400274 -0.5425441 -0 -0.8400274 -0.5425441 0 -0.8119361 -0.5837464 -0 -0.8119361 -0.5837464 0 -0.7818329 -0.6234881 0 -0.7818329 -0.6234881 0 -0.7497797 -0.6616876 0 -0.7497797 -0.6616876 -0 -0.7158668 -0.6982369 0 -0.6801752 -0.7330496 0 -0.7158668 -0.6982369 -0 -0.6801752 -0.7330496 0 -0.6427861 -0.7660457 0 -0.6427861 -0.7660457 -0 -0.6038046 -0.7971322 0 -0.6038046 -0.7971322 -0 -0.5633202 -0.8262387 0 -0.5633202 -0.8262387 -0 -0.5214338 -0.8532918 0 -0.5214338 -0.8532918 -0 -0.4782574 -0.8782197 0 -0.4782574 -0.8782197 -0 -0.4338796 -0.9009709 0 -0.4338796 -0.9009709 -0 -0.3884394 -0.9214742 0 -0.3420202 -0.9396925 0 -0.3884394 -0.9214742 -0 -0.3420202 -0.9396925 0 -0.2947525 -0.9555736 0 -0.2947525 -0.9555736 -0 -0.2467575 -0.9690772 0 -0.2467575 -0.9690772 -0 -0.1981444 -0.9801729 0 -0.1981444 -0.9801729 -0 -0.1490464 -0.9888302 0 -0.1490464 -0.9888302 -0 -0.09956626 -0.995031 0 -0.09956626 -0.995031 -0 -0.04984369 -0.998757 0 -0.04984369 -0.998757 -0 0 -1 0 -0 -1 -0 0.04984369 -0.998757 0 0.04984369 -0.998757 0 0.09956626 -0.995031 0 0.09956626 -0.995031 0 0.1490464 -0.9888302 0 0.1490464 -0.9888302 0 0.1981444 -0.9801729 0 0.1981444 -0.9801729 0 0.2467575 -0.9690772 0 0.2947525 -0.9555736 0 0.2467575 -0.9690772 0 0.2947525 -0.9555736 0 0.3420202 -0.9396925 0 0.3420202 -0.9396925 0 0.3884394 -0.9214742 0 0.3884394 -0.9214742 0 0.4338796 -0.9009709 0 0.4338796 -0.9009709 0 0.4782574 -0.8782197 0 0.4782574 -0.8782197 0 0.5214338 -0.8532918 0 0.5214338 -0.8532918 0 0.5633202 -0.8262387 0 0.5633202 -0.8262387 0 0.6038046 -0.7971322 0 0.6038046 -0.7971322 0 0.6427861 -0.7660457 0 0.6427861 -0.7660457 0 0.6801752 -0.7330496 0 0.6801752 -0.7330496 0 0.7158668 -0.6982369 0 0.7158668 -0.6982369 0 0.7497797 -0.6616876 0 0.7497797 -0.6616876 0 0.7818329 -0.6234881 0 0.7818329 -0.6234881 0 0.8119361 -0.5837464 0 0.8400274 -0.5425441 0 0.8119361 -0.5837464 0 0.8660246 -0.5000014 0 0.8400274 -0.5425441 0 0.8898723 -0.4562096 0 0.8660246 -0.5000014 0 0.8898723 -0.4562096 0 0.9115059 -0.411287 0 0.9308736 -0.3653415 0 0.9115059 -0.411287 0 0.9308736 -0.3653415 0 0.9479269 -0.3184881 0 0.9479269 -0.3184881 0 0.9626245 -0.2708394 0 0.9626245 -0.2708394 0 0.974928 -0.2225207 0 0.9848079 -0.1736474 0 0.974928 -0.2225207 0 0.9922391 -0.1243447 0 0.9848079 -0.1736474 0 0.9972039 -0.07472924 0 0.9922391 -0.1243447 0 0.9972039 -0.07472924 0 0.9996891 -0.02493134 0 0.9996891 -0.02493134 0 0.9996891 0.02493134 0 0.9996891 0.02493134 0 0.9972039 0.07472924 0 0.9972039 0.07472924 0 0.9922391 0.1243447 0 0.9922391 0.1243447 0 0.9848079 0.1736474 -0 0.9848079 0.1736474 0 0.974928 0.2225207 -0 0.974928 0.2225207 0 0.9626245 0.2708394 0 0.9626245 0.2708394 0 0.9479269 0.3184881 0 0.9479269 0.3184881 0 0.9308736 0.3653415 -0 0.9308736 0.3653415 0 0.9115059 0.411287 0 0.9115059 0.411287 0 0.8898723 0.4562096 0 0.8898723 0.4562096 0 0.8660246 0.5000014 -0 0.8660246 0.5000014 0 0.8400274 0.5425441 -0 0.8400274 0.5425441 0 0.8119361 0.5837464 0 0.8119361 0.5837464 0 0.7818329 0.6234881 -0 0.7818329 0.6234881 0 0.7497811 0.6616861 0 0.7497811 0.6616861 0 0.7158668 0.6982369 0 0.7158668 0.6982369 0 0.6801718 0.7330527 -0 0.6801718 0.7330527 0 0.6427881 0.7660441 0 0.6427881 0.7660441 0 0.6038046 0.7971322 -0 0.6038046 0.7971322 0 0.5633202 0.8262387 0 0.5633202 0.8262387 0 0.5214361 0.8532903 0 0.5214361 0.8532903 0 0.4782524 0.8782224 0 0.4782524 0.8782224 0 0.4338847 0.9009683 0 0.3884341 0.9214765 -0 0.4338847 0.9009683 0 0.3884341 0.9214765 0 0.3420202 0.9396925 0 0.3420202 0.9396925 0 0.2947554 0.9555727 0 0.2947554 0.9555727 0 0.2467575 0.9690772 0 0.2467575 0.9690772 0 0.1981474 0.9801722 0 0.1981474 0.9801722 0 0.1490402 0.9888312 0 0.1490402 0.9888312 0 0.09956942 0.9950306 -0 0.09956942 0.9950306 0 0.04984687 0.9987569 0 0.04984687 0.9987569 0 -0 1 0 0 1 0 -0.04984687 0.9987569 0 -0.04984687 0.9987569 0 -0.09956942 0.9950306 0 -0.09956942 0.9950306 0 -0.1490402 0.9888312 0 -0.1490402 0.9888312 0 -0.1981474 0.9801722 0 -0.1981474 0.9801722 0 -0.2467575 0.9690772 0 -0.2467575 0.9690772 0 -0.2947554 0.9555727 0 -0.2947554 0.9555727 0 -0.3420202 0.9396925 0 -0.3884341 0.9214765 0 -0.3420202 0.9396925 0 -0.3884341 0.9214765 0 -0.4338847 0.9009683 0 -0.4338847 0.9009683 0 -0.4782524 0.8782224 0 -0.4782524 0.8782224 0 -0.5214361 0.8532903 0 -0.5633202 0.8262387 0 -0.5214361 0.8532903 0 -0.5633202 0.8262387 0 -0.6038046 0.7971322 0 -0.6038046 0.7971322 0 -0.6427881 0.7660441 0 -0.6427881 0.7660441 0 -0.6801718 0.7330527 0 -0.7158668 0.6982369 0 -0.6801718 0.7330527 0 -0.7158668 0.6982369 0 -0.7497811 0.6616861 0 -0.7497811 0.6616861 0 -0.7818329 0.6234881 0 -0.7818329 0.6234881 0 -0.8119361 0.5837464 0 -0.8119361 0.5837464 0 -0.8400274 0.5425441 0 -0.8400274 0.5425441 0 -0.8660246 0.5000014 0 -0.8660246 0.5000014 0 -0.8898723 0.4562096 0 -0.9115059 0.411287 0 -0.8898723 0.4562096 0 -0.9308736 0.3653415 0 -0.9115059 0.411287 0 -0.9308736 0.3653415 0 -0.9479269 0.3184881 0 -0.9626245 0.2708394 0 -0.9479269 0.3184881 0 -0.9626245 0.2708394 0 -0.974928 0.2225207 0 -0.9848079 0.1736474 0 -0.974928 0.2225207 0 -0.9848079 0.1736474 0 -0.9922391 0.1243447 0 -0.9972039 0.07472924 0 -0.9922391 0.1243447 0 -0.9972039 0.07472924 0 -0.9996891 0.02493134 0 -0.9996891 0.02493134 0 0 0 1 0 0 1 0 0 1 0 0 1 0 0 1 0 0 1 0 0 1 0 0 1 0 0 1 0 0 1 0 0 1 0 0 1 0 0 1 0 0 1 0 0 1 0 0 1 0 0 1 0 0 1 0 0 1 0 0 1 0 0 1 0 0 1 0 0 1 0 0 1 0 0 1 0 0 1 0 0 1 0 0 1 0 0 1 0 0 1 0 0 1 0 0 1 0 0 1 0 0 1 0 0 1 0 0 1 0 0 1 0 0 1 0 0 1 0 0 1 0 0 1 0 0 1 0 0 1 0 0 1 0 0 1 0 0 1 0 0 1 0 0 1 0 0 1 0 0 1 0 0 1 0 0 1 0 0 1 0 0 1 0 0 1 0 0 1 0 0 1 0 0 1 0 0 1 0 0 1 0 0 1 0 0 1 0 0 1 0 0 1 0 0 1 0 0 1 0 0 1 0 0 1 0 0 1 0 0 1 0 0 1 0 0 1 0 0 1 0 0 1 0 0 1 0 0 1 0 0 1 0 0 1 0 0 1 0 0 1 0 0 1 0 0 1 0 0 1 0 0 1 0 0 1 0 0 1 0 0 1 0 0 1 0 0 1 0 0 1 0 0 1 0 0 1 0 0 1 0 0 1 0 0 1 0 0 1 0 0 1 0 0 1 0 0 1 0 0 1 0 0 1 0 0 1 0 0 1 0 0 1 0 0 1 0 0 1 0 0 1 0 0 1 0 0 1 0 0 1 0 0 1 0 0 1 0 0 1 0 0 1 0 0 1 0 0 1 0 0 1 0 0 1 0 0 1 0 0 1 0 0 1 0 0 1 0 0 1 0 0 1 0 0 1 0 0 1 0 0 1 0 0 1 0 0 1 0 0 1 0 0 1 0 0 1 0 0 1 0 0 1 0 0 1 0 0 1 0 0 1 0 0 1 0 0 1 0 0 1 0 0 1 0 0 1 0 0 1 0 0 1 0 0 1 0 0 1 0 0 1 0 0 1 0 0 1 0 0 1 0 0 1 0 0 1 0 0 1 0 0 1 0 0 1 0 0 1 0 0 1 0 0 1 0 0 1 0 0 1 0 0 1 0 0 1 0 0 1 0 0 1 0 0 1 0 0 1 0 0 1 0 0 1 0 0 1 0 0 1 0 0 1 0 0 1 0 0 1 0 0 1 0 0 1 0 0 1 0 0 1 0 0 1 0 0 1 0 0 1 0 0 1 0 0 1 0 0 1 0 0 1 0 0 1 0 0 1 0 0 1 0 0 1 0 0 1 0 0 1 0 0 1 0 0 1 0 0 1 0 0 1 0 0 1 0 0 1 0 0 1 0 0 1 0 0 1 0 0 1 0 0 1 0 0 1 0 0 1 0 0 1 0 0 1 0 0 1 0 0 1 0 0 1 0 0 1 0 0 1 0 0 1 0 0 1 0 0 1 0 0 1 0 0 1 0 0 1 0 0 1 0 0 1 0 0 1 0 0 1 0 0 1 0 0 1 0 0 1 0 0 1 0 0 1 0 0 1 0 0 1 0 0 1 0 0 1 0 0 1 0 0 1 0 0 1 0 0 1 0 0 1 0 0 1 0 0 1 0 0 1 0 0 1 0 0 1 0 0 1 0 0 1 0 0 1 0 0 1 0 0 1 0 0 1 0 0 1 0 0 1 0 0 1 0 0 1 0 0 1 0 0 1 0 0 1 0 0 1 0 0 1 0 0 1 0 0 1 0 0 1 0 0 1 0 0 1 0 0 1 0 0 1 0 0 1 0 0 1 0 0 1 0 0 1 0 0 1 0 0 1 0 0 1 0 0 1 0 0 1 0 0 1 0 0 1 0 0 1 0 0 1 0 0 1 0 0 1 0 0 1 0 0 1 0 0 1 0 0 1 0 0 1 0 0 1 0 0 1 0 0 1 0 0 1 0 0 1 0 0 1 0 0 1 0 0 1 0 0 1 0 0 1 0 0 1 0 0 1 0 0 1 0 0 1 0 0 1 0 0 1 0 0 1 0 0 1 0 0 1 0 0 1 0 0 1 0 0 1 0 0 1 0 0 1 0 0 1 0 0 1 0 0 1 0 0 1 0 0 1 0 0 1 0 0 1 0 0 1 0 0 1 0 0 1 0 0 1 0 0 1 0 0 1 0 0 1 0 0 1 0 0 1 0 0 1 0 0 1 0 0 1 0 0 1 0 0 1 0 0 1 0 0 1 0 0 1 0 0 1 0 0 1 0 0 1 0 0 1 0 0 1 0 0 1 0 0 1 0 0 1 0 0 1 0 0 1 0 0 1 0 0 1 0 0 1 0 0 1 0 0 1 0 0 1 0 0 1 0 0 1 0 0 1 0 0 1 0 0 1 0 0 1 0 0 1 0 0 1 0 0 1 0 0 1 0 0 1 0 0 1 0 0 1 0 0 1 0 0 1 0 0 1 0 0 1 0 0 1 0 0 1 0 0 1 0 0 1 0 0 1 0 0 1 0 0 1 0 0 1 0 0 1 0 0 1 0 0 1 0 0 1 0 0 1 0 0 1 0 0 1 0 0 1 0 0 1 0 0 1 0 0 1 0 0 1 0 0 1 0 0 1 0 0 1 0 0 1 0 0 1 0 0 1 0 0 1 0 0 1 0 0 1 0 0 1 0 0 1 0 0 1 0 0 1 0 0 1 0 0 1 0 0 1 0 0 1 0 0 1 0 0 1 0 0 1 0 0 1 0 0 1 0 0 1 0 0 1 0 0 1 0 0 1 0 0 1 0 0 1 0 0 1 0 0 1 0 0 1 0 0 1 0 0 1 0 0 1 0 0 1 0 0 1 0 0 1 0 0 1 0 0 1 0 0 1 0 0 1 0 0 1 0 0 1 0 0 1 0 0 1 0 0 1 0 0 1 0 0 1 0 0 1 0 0 1 0 0 1 0 0 1 0 0 1 0 0 1 0 0 1 0 0 1 0 0 1 0 0 1 0 0 1 0 0 1 0 0 1 0 0 1 0 0 1 0 0 1 0 0 1 0 0 1 0 0 1 0 0 1 0 0 1 0 0 1 0 0 1 0 0 1 0 0 1 0 0 1 0 0 1 0 0 1 0 0 1 0 0 1 0 0 1 0 0 1 0 0 1 0 0 1 0 0 1 0 0 1 0 0 1 0 0 1 0 0 1 0 0 1 0 0 1 0 0 1 0 0 1 0 0 1 0 0 1 0 0 1 0 0 1 0 0 1 0 0 1 0 0 1 0 0 1 0 0 1 0 0 1 0 0 1 0 0 1 0 0 1 0 0 1 0 0 1 0 0 1 0 0 1 0 0 1 0 0 1 0 0 1 0 0 1 0 0 1 0 0 1 0 0 1 0 0 1 0 0 1 0 0 1 0 0 1 0 0 1 0 0 1 0 0 1 0 0 1 0 0 1 0 0 1 0 0 1 0 0 1 0 0 1 0 0 1 0 0 1 0 0 1 0 0 1 0 0 1 0 0 1 0 0 1 0 0 1 0 0 1 0 0 1 0 0 1 0 0 1 0 0 1 0 0 1 0 0 1 0 0 1 0 0 1 0 0 1 0 0 1 0 0 1 0 0 1 0 0 1 0 0 1 0 0 1 0 0 1 0 0 1 0 0 1 0 0 1 0 0 1 0 0 1 0 0 1 0 0 1 0 0 1 0 0 1 0 0 1 0 0 1 0 0 1 0 0 1 0 0 1 0 0 1 0 0 1 0 0 1 0 0 1 0 0 1 0 0 1 0 0 1 0 0 1 0 0 1 0 0 1 0 0 1 0 0 1 0 0 1 0 0 1 0 0 1 0 0 1 0 0 1 0 0 1 0 0 1 0 0 1 0 0 1 0 0 1 0 0 1 0 0 1 0 0 1 0 0 1 0 0 1 0 0 1 0 0 1 0 0 1 0 0 1 0 0 1 0 0 1 0 0 1 0 0 1 0 0 1 0 0 1 0 0 1 0 0 1 0 0 1 0 0 1 0 0 1 0 0 1 0 0 1 0 0 1 0 0 1 0 0 1 0 0 1 0 0 1 0 0 1 0 0 1 0 0 1 0 0 1 0 0 1 0 0 1 0 0 1 0 0 1 0 0 1 0 0 1 0 0 1 0 0 1 0 0 1 0 0 1 0 0 1 0 0 1 0 0 1 0 0 1 0 0 1 0 0 1 0 0 1 0 0 1</float_array>
          <technique_common>
            <accessor count="3572" source="#cubenormals-array0-array" stride="3">
              <param type="float" name="X"/>
              <param type="float" name="Y"/>
              <param type="float" name="Z"/>
            </accessor>
          </technique_common>
        </source>
        <vertices id="cubeverts-array0-vertices">
          <input semantic="POSITION" source="#cubeverts-array0"/>
        </vertices>
        <triangles count="3572" material="ref_Body003">
          <input offset="0" semantic="VERTEX" source="#cubeverts-array0-vertices"/>
          <input offset="1" semantic="NORMAL" source="#cubenormals-array0"/>
          <p>0 0 1 0 2 0 2 1 1 1 3 1 4 2 5 2 6 2 7 3 4 3 6 3 7 4 6 4 8 4 9 5 10 5 4 5 11 6 9 6 4 6 11 7 12 7 9 7 13 8 4 8 7 8 13 9 7 9 14 9 13 10 14 10 15 10 13 11 15 11 16 11 13 12 16 12 17 12 18 13 19 13 20 13 21 14 13 14 22 14 23 15 11 15 4 15 23 16 4 16 13 16 23 17 18 17 20 17 23 18 20 18 11 18 24 19 21 19 25 19 26 20 13 20 21 20 26 21 21 21 24 21 27 22 28 22 29 22 27 23 29 23 23 23 30 24 26 24 31 24 32 25 33 25 34 25 32 26 34 26 27 26 35 27 27 27 23 27 35 28 32 28 27 28 36 29 37 29 38 29 36 30 26 30 30 30 36 31 30 31 37 31 39 32 26 32 36 32 40 33 41 33 35 33 42 34 39 34 43 34 44 35 39 35 42 35 44 36 26 36 39 36 44 37 40 37 35 37 44 38 23 38 13 38 44 39 45 39 40 39 44 40 13 40 26 40 44 41 35 41 23 41 46 42 47 42 44 42 48 43 42 43 49 43 48 44 49 44 50 44 51 45 52 45 46 45 53 46 44 46 42 46 53 47 48 47 54 47 53 48 46 48 44 48 53 49 42 49 48 49 55 50 46 50 53 50 55 51 51 51 46 51 55 52 56 52 51 52 57 53 58 53 59 53 60 54 53 54 58 54 60 55 55 55 53 55 60 56 58 56 57 56 60 57 61 57 55 57 62 58 63 58 60 58 64 59 62 59 60 59 64 60 65 60 62 60 66 61 67 61 68 61 66 62 68 62 69 62 66 63 69 63 70 63 66 64 70 64 71 64 72 65 67 65 66 65 73 66 74 66 75 66 73 67 75 67 64 67 76 68 57 68 67 68 76 69 72 69 77 69 76 70 60 70 57 70 76 71 67 71 72 71 78 72 79 72 73 72 78 73 73 73 64 73 80 74 76 74 81 74 82 75 83 75 84 75 85 76 82 76 84 76 1 77 80 77 86 77 1 78 86 78 87 78 1 79 76 79 80 79 88 80 89 80 85 80 88 81 84 81 78 81 88 82 64 82 60 82 88 83 78 83 64 83 88 84 85 84 84 84 90 85 1 85 0 85 90 86 0 86 91 86 90 87 91 87 92 87 90 88 92 88 93 88 94 89 95 89 96 89 94 90 96 90 97 90 98 91 99 91 100 91 101 92 94 92 97 92 101 93 98 93 100 93 101 94 100 94 94 94 101 95 97 95 88 95 102 96 1 96 103 96 104 97 105 97 106 97 107 98 101 98 88 98 107 99 106 99 108 99 107 100 108 100 101 100 107 101 104 101 106 101 107 102 88 102 60 102 109 103 110 103 111 103 112 104 110 104 109 104 112 105 102 105 110 105 112 106 1 106 102 106 112 107 76 107 1 107 113 108 114 108 107 108 115 109 112 109 116 109 115 110 107 110 60 110 115 111 113 111 107 111 115 112 76 112 112 112 115 113 60 113 76 113 117 114 118 114 119 114 117 115 119 115 113 115 120 116 115 116 121 116 122 117 123 117 117 117 122 118 115 118 120 118 122 119 113 119 115 119 122 120 117 120 113 120 124 121 125 121 103 121 124 122 103 122 1 122 124 123 1 123 90 123 126 124 127 124 125 124 126 125 124 125 128 125 126 126 125 126 124 126 0 127 129 127 91 127 2 128 129 128 0 128 91 129 130 129 92 129 92 130 130 130 93 130 129 131 130 131 91 131 130 132 131 132 93 132 93 133 132 133 90 133 131 134 132 134 93 134 33 135 32 135 133 135 33 136 133 136 134 136 34 137 134 137 135 137 34 138 33 138 134 138 27 139 135 139 136 139 27 140 34 140 135 140 28 141 136 141 137 141 28 142 27 142 136 142 29 143 137 143 138 143 29 144 28 144 137 144 23 145 138 145 139 145 23 146 29 146 138 146 18 147 139 147 140 147 18 148 23 148 139 148 19 149 140 149 141 149 19 150 18 150 140 150 20 151 141 151 142 151 20 152 19 152 141 152 11 153 142 153 143 153 11 154 20 154 142 154 12 155 11 155 143 155 12 156 143 156 144 156 9 157 12 157 144 157 9 158 144 158 145 158 10 159 9 159 145 159 10 160 145 160 146 160 4 161 10 161 146 161 4 162 146 162 147 162 5 163 4 163 147 163 5 164 147 164 148 164 6 165 5 165 148 165 6 166 148 166 149 166 8 167 6 167 149 167 8 168 149 168 150 168 7 169 8 169 150 169 7 170 150 170 151 170 14 171 7 171 151 171 14 172 151 172 152 172 15 173 14 173 152 173 15 174 152 174 153 174 16 175 15 175 153 175 16 176 153 176 154 176 17 177 16 177 154 177 17 178 154 178 155 178 13 179 17 179 155 179 13 180 155 180 156 180 22 181 13 181 156 181 22 182 156 182 157 182 21 183 22 183 157 183 21 184 157 184 158 184 25 185 21 185 158 185 25 186 158 186 159 186 24 187 25 187 159 187 24 188 159 188 160 188 26 189 24 189 160 189 26 190 160 190 161 190 31 191 26 191 161 191 31 192 161 192 162 192 30 193 31 193 162 193 30 194 162 194 163 194 37 195 30 195 163 195 37 196 163 196 164 196 38 197 37 197 164 197 38 198 164 198 165 198 36 199 165 199 166 199 36 200 38 200 165 200 39 201 166 201 167 201 39 202 36 202 166 202 43 203 167 203 168 203 43 204 39 204 167 204 42 205 43 205 168 205 42 206 168 206 169 206 49 207 42 207 169 207 49 208 169 208 170 208 50 209 49 209 170 209 50 210 170 210 171 210 48 211 50 211 171 211 48 212 171 212 172 212 54 213 48 213 172 213 54 214 172 214 173 214 53 215 54 215 173 215 53 216 173 216 174 216 58 217 174 217 175 217 58 218 53 218 174 218 59 219 175 219 176 219 59 220 58 220 175 220 57 221 176 221 177 221 57 222 59 222 176 222 67 223 177 223 178 223 67 224 57 224 177 224 68 225 178 225 179 225 68 226 67 226 178 226 69 227 179 227 180 227 69 228 68 228 179 228 70 229 180 229 181 229 70 230 69 230 180 230 71 231 181 231 182 231 71 232 70 232 181 232 66 233 182 233 183 233 66 234 71 234 182 234 72 235 183 235 184 235 72 236 66 236 183 236 77 237 184 237 185 237 77 238 72 238 184 238 76 239 185 239 186 239 76 240 77 240 185 240 81 241 186 241 187 241 81 242 76 242 186 242 80 243 187 243 188 243 80 244 81 244 187 244 86 245 188 245 189 245 86 246 80 246 188 246 190 247 3 247 191 247 87 248 189 248 191 248 87 249 86 249 189 249 87 250 191 250 3 250 192 251 3 251 190 251 193 252 192 252 190 252 1 253 87 253 3 253 194 254 192 254 193 254 195 255 194 255 193 255 196 256 194 256 195 256 197 257 196 257 195 257 198 258 196 258 197 258 199 259 198 259 197 259 200 260 198 260 199 260 201 261 200 261 199 261 202 262 200 262 201 262 203 263 202 263 201 263 203 264 201 264 204 264 205 265 203 265 204 265 205 266 204 266 206 266 207 267 205 267 206 267 207 268 206 268 208 268 209 269 207 269 208 269 210 270 209 270 208 270 211 271 209 271 210 271 212 272 211 272 210 272 213 273 211 273 212 273 214 274 213 274 212 274 102 275 214 275 215 275 102 276 213 276 214 276 102 277 103 277 213 277 110 278 215 278 216 278 110 279 102 279 215 279 111 280 216 280 217 280 111 281 110 281 216 281 109 282 217 282 218 282 109 283 111 283 217 283 112 284 218 284 219 284 112 285 109 285 218 285 116 286 219 286 220 286 116 287 112 287 219 287 115 288 220 288 221 288 115 289 116 289 220 289 121 290 221 290 222 290 121 291 115 291 221 291 120 292 222 292 223 292 120 293 121 293 222 293 122 294 223 294 224 294 122 295 120 295 223 295 123 296 224 296 225 296 123 297 122 297 224 297 117 298 225 298 226 298 117 299 123 299 225 299 118 300 226 300 227 300 118 301 117 301 226 301 119 302 227 302 228 302 119 303 118 303 227 303 113 304 228 304 229 304 113 305 119 305 228 305 114 306 113 306 229 306 114 307 229 307 230 307 107 308 114 308 230 308 107 309 230 309 231 309 104 310 107 310 231 310 104 311 231 311 232 311 105 312 104 312 232 312 105 313 232 313 233 313 106 314 105 314 233 314 106 315 233 315 234 315 108 316 106 316 234 316 108 317 234 317 235 317 101 318 108 318 235 318 101 319 235 319 236 319 98 320 101 320 236 320 98 321 236 321 237 321 99 322 98 322 237 322 99 323 237 323 238 323 100 324 99 324 238 324 100 325 238 325 239 325 94 326 100 326 239 326 94 327 239 327 240 327 95 328 94 328 240 328 95 329 240 329 241 329 96 330 95 330 241 330 96 331 241 331 242 331 97 332 242 332 243 332 97 333 96 333 242 333 88 334 97 334 243 334 88 335 243 335 244 335 89 336 244 336 245 336 89 337 88 337 244 337 85 338 245 338 246 338 85 339 89 339 245 339 82 340 246 340 247 340 82 341 85 341 246 341 83 342 247 342 248 342 83 343 82 343 247 343 84 344 248 344 249 344 84 345 83 345 248 345 78 346 249 346 250 346 78 347 84 347 249 347 79 348 250 348 251 348 79 349 78 349 250 349 73 350 251 350 252 350 73 351 79 351 251 351 74 352 252 352 253 352 74 353 73 353 252 353 75 354 253 354 254 354 75 355 74 355 253 355 64 356 75 356 254 356 64 357 254 357 255 357 65 358 64 358 255 358 65 359 255 359 256 359 62 360 65 360 256 360 62 361 256 361 257 361 63 362 62 362 257 362 63 363 257 363 258 363 60 364 63 364 258 364 60 365 258 365 259 365 61 366 60 366 259 366 61 367 259 367 260 367 55 368 61 368 260 368 55 369 260 369 261 369 56 370 55 370 261 370 56 371 261 371 262 371 51 372 56 372 262 372 51 373 262 373 263 373 52 374 51 374 263 374 52 375 263 375 264 375 46 376 52 376 264 376 46 377 264 377 265 377 47 378 46 378 265 378 47 379 265 379 266 379 44 380 47 380 266 380 44 381 266 381 267 381 45 382 44 382 267 382 45 383 267 383 268 383 40 384 45 384 268 384 40 385 268 385 269 385 41 386 40 386 269 386 41 387 269 387 270 387 35 388 41 388 270 388 35 389 270 389 133 389 32 390 35 390 133 390 132 391 129 391 2 391 132 392 130 392 129 392 132 393 131 393 130 393 192 394 2 394 3 394 194 395 2 395 192 395 196 396 132 396 2 396 196 397 2 397 194 397 198 398 132 398 196 398 200 399 132 399 198 399 202 400 271 400 132 400 202 401 132 401 200 401 272 402 273 402 274 402 272 403 274 403 275 403 272 404 275 404 271 404 203 405 271 405 202 405 205 406 271 406 203 406 207 407 272 407 271 407 207 408 271 408 205 408 209 409 272 409 207 409 211 410 272 410 209 410 213 411 272 411 211 411 90 412 132 412 271 412 124 413 90 413 271 413 273 414 125 414 127 414 273 415 272 415 125 415 274 416 127 416 126 416 274 417 273 417 127 417 275 418 126 418 128 418 275 419 274 419 126 419 271 420 128 420 124 420 271 421 275 421 128 421 103 422 125 422 272 422 103 423 272 423 213 423 276 424 180 424 277 424 278 425 181 425 276 425 276 426 181 426 180 426 180 427 179 427 277 427 278 428 182 428 181 428 279 429 182 429 278 429 179 430 178 430 277 430 277 431 178 431 280 431 281 432 183 432 279 432 282 433 183 433 281 433 279 434 183 434 182 434 178 435 177 435 280 435 280 436 177 436 283 436 282 437 184 437 183 437 283 438 176 438 284 438 177 439 176 439 283 439 285 440 185 440 282 440 286 441 185 441 285 441 282 442 185 442 184 442 284 443 175 443 287 443 176 444 175 444 284 444 286 445 186 445 185 445 287 446 174 446 288 446 175 447 174 447 287 447 289 448 187 448 286 448 286 449 187 449 186 449 174 450 173 450 288 450 290 451 173 451 291 451 288 452 173 452 290 452 289 453 188 453 187 453 292 454 188 454 289 454 173 455 172 455 291 455 292 456 189 456 188 456 293 457 189 457 292 457 294 458 189 458 293 458 291 459 171 459 295 459 172 460 171 460 291 460 294 461 191 461 189 461 295 462 170 462 296 462 171 463 170 463 295 463 297 464 190 464 294 464 294 465 190 465 191 465 298 466 169 466 299 466 296 467 169 467 298 467 170 468 169 468 296 468 300 469 193 469 297 469 297 470 193 470 190 470 169 471 168 471 299 471 300 472 195 472 193 472 301 473 195 473 300 473 299 474 167 474 302 474 168 475 167 475 299 475 303 476 197 476 301 476 301 477 197 477 195 477 304 478 166 478 305 478 302 479 166 479 304 479 167 480 166 480 302 480 306 481 199 481 303 481 307 482 199 482 306 482 303 483 199 483 197 483 166 484 165 484 305 484 307 485 201 485 199 485 165 486 164 486 305 486 305 487 164 487 308 487 309 488 204 488 307 488 307 489 204 489 201 489 164 490 163 490 308 490 310 491 163 491 311 491 308 492 163 492 310 492 309 493 206 493 204 493 312 494 206 494 309 494 163 495 162 495 311 495 311 496 162 496 313 496 312 497 208 497 206 497 314 498 208 498 312 498 315 499 208 499 314 499 162 500 161 500 313 500 313 501 161 501 316 501 315 502 210 502 208 502 161 503 160 503 316 503 315 504 212 504 210 504 317 505 212 505 315 505 318 506 212 506 317 506 160 507 159 507 316 507 316 508 159 508 319 508 318 509 214 509 212 509 319 510 158 510 320 510 159 511 158 511 319 511 318 512 215 512 214 512 321 513 215 513 318 513 320 514 157 514 322 514 158 515 157 515 320 515 321 516 216 516 215 516 323 517 216 517 321 517 322 518 156 518 324 518 157 519 156 519 322 519 323 520 217 520 216 520 325 521 217 521 323 521 326 522 155 522 327 522 324 523 155 523 326 523 156 524 155 524 324 524 325 525 218 525 217 525 328 526 218 526 325 526 155 527 154 527 327 527 328 528 219 528 218 528 329 529 219 529 328 529 330 530 219 530 329 530 327 531 153 531 331 531 154 532 153 532 327 532 330 533 220 533 219 533 331 534 152 534 332 534 153 535 152 535 331 535 330 536 221 536 220 536 333 537 221 537 330 537 334 538 221 538 333 538 332 539 151 539 335 539 152 540 151 540 332 540 334 541 222 541 221 541 335 542 150 542 336 542 151 543 150 543 335 543 337 544 223 544 334 544 334 545 223 545 222 545 150 546 338 546 336 546 150 547 149 547 338 547 223 548 339 548 224 548 337 549 339 549 223 549 148 550 340 550 149 550 149 551 340 551 338 551 148 552 147 552 340 552 224 553 341 553 225 553 339 554 341 554 224 554 146 555 342 555 147 555 147 556 342 556 340 556 225 557 343 557 226 557 226 558 343 558 227 558 341 559 343 559 225 559 146 560 344 560 342 560 343 561 345 561 227 561 146 562 346 562 344 562 145 563 346 563 146 563 227 564 347 564 228 564 228 565 347 565 229 565 345 566 347 566 227 566 143 567 348 567 144 567 144 568 348 568 145 568 145 569 348 569 346 569 229 570 349 570 230 570 347 571 349 571 229 571 143 572 350 572 348 572 142 573 350 573 143 573 349 574 351 574 230 574 142 575 352 575 350 575 141 576 352 576 142 576 230 577 353 577 231 577 351 578 353 578 230 578 141 579 354 579 352 579 231 580 355 580 232 580 353 581 355 581 231 581 139 582 356 582 140 582 140 583 356 583 141 583 141 584 356 584 354 584 232 585 357 585 233 585 233 586 357 586 234 586 355 587 357 587 232 587 138 588 358 588 139 588 139 589 358 589 356 589 357 590 359 590 234 590 138 591 360 591 358 591 359 592 361 592 234 592 234 593 361 593 235 593 137 594 362 594 138 594 138 595 362 595 360 595 361 596 363 596 235 596 235 597 363 597 236 597 137 598 364 598 362 598 136 599 364 599 137 599 236 600 365 600 237 600 363 601 365 601 236 601 135 602 366 602 136 602 136 603 366 603 364 603 237 604 367 604 238 604 238 605 367 605 239 605 365 606 367 606 237 606 134 607 368 607 135 607 135 608 368 608 366 608 367 609 369 609 239 609 133 610 370 610 134 610 134 611 370 611 368 611 239 612 371 612 240 612 369 613 371 613 239 613 270 614 372 614 133 614 133 615 372 615 370 615 240 616 373 616 241 616 371 617 373 617 240 617 268 618 374 618 269 618 269 619 374 619 270 619 270 620 374 620 372 620 241 621 375 621 242 621 242 622 375 622 243 622 373 623 375 623 241 623 268 624 376 624 374 624 243 625 377 625 244 625 375 626 377 626 243 626 268 627 378 627 376 627 266 628 378 628 267 628 267 629 378 629 268 629 244 630 379 630 245 630 377 631 379 631 244 631 266 632 380 632 378 632 379 633 381 633 245 633 245 634 381 634 246 634 264 635 382 635 265 635 265 636 382 636 266 636 266 637 382 637 380 637 381 638 383 638 246 638 264 639 384 639 382 639 246 640 385 640 247 640 383 641 385 641 246 641 264 642 386 642 384 642 262 643 386 643 263 643 263 644 386 644 264 644 247 645 387 645 248 645 248 646 387 646 249 646 385 647 387 647 247 647 262 648 388 648 386 648 387 649 389 649 249 649 262 650 390 650 388 650 260 651 390 651 261 651 261 652 390 652 262 652 389 653 391 653 249 653 249 654 391 654 250 654 260 655 392 655 390 655 391 656 393 656 250 656 250 657 393 657 251 657 259 658 394 658 260 658 260 659 394 659 392 659 393 660 395 660 251 660 251 661 395 661 252 661 257 662 396 662 258 662 259 663 396 663 394 663 258 664 396 664 259 664 252 665 397 665 253 665 395 666 397 666 252 666 257 667 398 667 396 667 253 668 399 668 254 668 397 669 399 669 253 669 257 670 400 670 398 670 256 671 400 671 257 671 254 672 401 672 255 672 255 673 401 673 256 673 399 674 401 674 254 674 256 675 401 675 400 675 370 676 372 676 402 676 402 677 372 677 403 677 403 678 374 678 404 678 372 679 374 679 403 679 404 680 376 680 405 680 374 681 376 681 404 681 405 682 378 682 406 682 376 683 378 683 405 683 406 684 380 684 407 684 378 685 380 685 406 685 407 686 382 686 408 686 380 687 382 687 407 687 408 688 384 688 409 688 382 689 384 689 408 689 409 690 386 690 410 690 384 691 386 691 409 691 410 692 388 692 411 692 386 693 388 693 410 693 411 694 390 694 412 694 388 695 390 695 411 695 390 696 392 696 412 696 412 697 392 697 413 697 392 698 394 698 413 698 413 699 394 699 414 699 394 700 396 700 414 700 414 701 396 701 415 701 396 702 398 702 415 702 415 703 398 703 416 703 398 704 400 704 416 704 416 705 400 705 417 705 400 706 401 706 417 706 417 707 401 707 418 707 401 708 399 708 418 708 418 709 399 709 419 709 399 710 397 710 419 710 419 711 397 711 420 711 397 712 395 712 420 712 420 713 395 713 421 713 395 714 393 714 421 714 421 715 393 715 422 715 393 716 391 716 422 716 422 717 391 717 423 717 391 718 389 718 423 718 423 719 389 719 424 719 424 720 387 720 425 720 389 721 387 721 424 721 425 722 385 722 426 722 387 723 385 723 425 723 426 724 383 724 427 724 385 725 383 725 426 725 427 726 381 726 428 726 383 727 381 727 427 727 428 728 379 728 429 728 381 729 379 729 428 729 429 730 377 730 430 730 379 731 377 731 429 731 430 732 375 732 431 732 377 733 375 733 430 733 431 734 373 734 432 734 375 735 373 735 431 735 432 736 371 736 433 736 373 737 371 737 432 737 433 738 369 738 434 738 371 739 369 739 433 739 434 740 367 740 435 740 369 741 367 741 434 741 435 742 365 742 436 742 367 743 365 743 435 743 436 744 363 744 437 744 365 745 363 745 436 745 437 746 361 746 438 746 363 747 361 747 437 747 361 748 359 748 438 748 438 749 359 749 439 749 359 750 357 750 439 750 439 751 357 751 440 751 357 752 355 752 440 752 440 753 355 753 441 753 355 754 353 754 441 754 441 755 353 755 442 755 353 756 351 756 442 756 442 757 351 757 443 757 351 758 349 758 443 758 443 759 349 759 444 759 349 760 347 760 444 760 444 761 347 761 445 761 347 762 345 762 445 762 445 763 345 763 446 763 345 764 343 764 446 764 446 765 343 765 447 765 343 766 341 766 447 766 447 767 341 767 448 767 341 768 339 768 448 768 448 769 339 769 449 769 339 770 337 770 449 770 449 771 337 771 450 771 337 772 334 772 450 772 450 773 334 773 451 773 334 774 333 774 451 774 451 775 333 775 452 775 333 776 330 776 452 776 452 777 330 777 453 777 330 778 329 778 453 778 453 779 329 779 454 779 329 780 328 780 454 780 454 781 328 781 455 781 328 782 325 782 455 782 455 783 325 783 456 783 325 784 323 784 456 784 456 785 323 785 457 785 323 786 321 786 457 786 457 787 321 787 458 787 321 788 318 788 458 788 458 789 318 789 459 789 459 790 317 790 460 790 318 791 317 791 459 791 460 792 315 792 461 792 317 793 315 793 460 793 461 794 314 794 462 794 315 795 314 795 461 795 462 796 312 796 463 796 463 797 312 797 464 797 314 798 312 798 462 798 312 799 309 799 464 799 309 800 307 800 464 800 464 801 307 801 465 801 465 802 307 802 466 802 307 803 306 803 466 803 306 804 303 804 466 804 466 805 303 805 467 805 303 806 301 806 467 806 467 807 301 807 468 807 301 808 300 808 468 808 468 809 300 809 469 809 300 810 297 810 469 810 469 811 297 811 470 811 470 812 297 812 471 812 297 813 294 813 471 813 294 814 293 814 471 814 471 815 293 815 472 815 293 816 292 816 472 816 472 817 292 817 473 817 292 818 289 818 473 818 473 819 289 819 474 819 289 820 286 820 474 820 474 821 286 821 475 821 286 822 285 822 475 822 475 823 285 823 476 823 476 824 282 824 477 824 285 825 282 825 476 825 477 826 281 826 478 826 282 827 281 827 477 827 478 828 279 828 479 828 281 829 279 829 478 829 479 830 278 830 480 830 279 831 278 831 479 831 480 832 276 832 481 832 278 833 276 833 480 833 481 834 277 834 482 834 276 835 277 835 481 835 482 836 280 836 483 836 277 837 280 837 482 837 483 838 283 838 484 838 484 839 283 839 485 839 280 840 283 840 483 840 283 841 284 841 485 841 485 842 287 842 486 842 284 843 287 843 485 843 486 844 288 844 487 844 287 845 288 845 486 845 487 846 290 846 488 846 288 847 290 847 487 847 488 848 291 848 489 848 290 849 291 849 488 849 291 850 295 850 489 850 489 851 295 851 490 851 490 852 295 852 491 852 295 853 296 853 491 853 296 854 298 854 491 854 491 855 298 855 492 855 298 856 299 856 492 856 492 857 299 857 493 857 493 858 302 858 494 858 299 859 302 859 493 859 494 860 304 860 495 860 302 861 304 861 494 861 495 862 305 862 496 862 496 863 305 863 497 863 304 864 305 864 495 864 305 865 308 865 497 865 497 866 310 866 498 866 498 867 310 867 499 867 308 868 310 868 497 868 310 869 311 869 499 869 499 870 311 870 500 870 311 871 313 871 500 871 500 872 316 872 501 872 313 873 316 873 500 873 501 874 319 874 502 874 316 875 319 875 501 875 502 876 320 876 503 876 319 877 320 877 502 877 503 878 322 878 504 878 320 879 322 879 503 879 504 880 324 880 505 880 322 881 324 881 504 881 505 882 326 882 506 882 324 883 326 883 505 883 506 884 327 884 507 884 326 885 327 885 506 885 507 886 331 886 508 886 327 887 331 887 507 887 508 888 332 888 509 888 331 889 332 889 508 889 509 890 335 890 510 890 332 891 335 891 509 891 510 892 336 892 511 892 511 893 336 893 512 893 335 894 336 894 510 894 336 895 338 895 512 895 512 896 340 896 513 896 338 897 340 897 512 897 513 898 342 898 514 898 340 899 342 899 513 899 342 900 344 900 514 900 514 901 344 901 515 901 515 902 344 902 516 902 344 903 346 903 516 903 346 904 348 904 516 904 516 905 348 905 517 905 348 906 350 906 517 906 517 907 350 907 518 907 350 908 352 908 518 908 518 909 352 909 519 909 352 910 354 910 519 910 519 911 354 911 520 911 354 912 356 912 520 912 520 913 356 913 521 913 356 914 358 914 521 914 521 915 358 915 522 915 522 916 358 916 523 916 358 917 360 917 523 917 360 918 362 918 523 918 523 919 362 919 524 919 362 920 364 920 524 920 524 921 364 921 525 921 364 922 366 922 525 922 525 923 366 923 526 923 526 924 368 924 527 924 366 925 368 925 526 925 527 926 370 926 402 926 368 927 370 927 527 927 528 928 482 928 483 928 528 929 483 929 529 929 530 930 529 930 483 930 531 931 482 931 528 931 532 932 530 932 483 932 532 933 483 933 484 933 533 934 482 934 531 934 534 935 532 935 484 935 535 936 482 936 533 936 535 937 481 937 482 937 536 938 534 938 484 938 537 939 481 939 535 939 538 940 536 940 484 940 538 941 484 941 485 941 539 942 481 942 537 942 540 943 538 943 485 943 541 944 481 944 539 944 541 945 480 945 481 945 542 946 540 946 485 946 543 947 480 947 541 947 544 948 542 948 485 948 544 949 485 949 486 949 545 950 480 950 543 950 545 951 479 951 480 951 546 952 544 952 486 952 547 953 479 953 545 953 548 954 546 954 486 954 548 955 486 955 487 955 549 956 479 956 547 956 550 957 548 957 487 957 551 958 478 958 479 958 551 959 479 959 549 959 552 960 550 960 487 960 553 961 478 961 551 961 554 962 552 962 487 962 554 963 487 963 488 963 555 964 478 964 553 964 556 965 554 965 488 965 557 966 477 966 478 966 557 967 478 967 555 967 558 968 556 968 488 968 559 969 477 969 557 969 560 970 558 970 488 970 560 971 488 971 489 971 561 972 476 972 477 972 561 973 477 973 559 973 562 974 560 974 489 974 563 975 476 975 561 975 564 976 562 976 489 976 564 977 489 977 490 977 565 978 475 978 476 978 565 979 476 979 563 979 566 980 564 980 490 980 567 981 475 981 565 981 568 982 566 982 490 982 569 983 475 983 567 983 569 984 474 984 475 984 570 985 568 985 490 985 570 986 490 986 491 986 571 987 474 987 569 987 572 988 570 988 491 988 573 989 473 989 474 989 573 990 474 990 571 990 574 991 572 991 491 991 574 992 491 992 492 992 575 993 473 993 573 993 576 994 574 994 492 994 577 995 473 995 575 995 577 996 472 996 473 996 578 997 576 997 492 997 579 998 472 998 577 998 580 999 578 999 492 999 580 1000 492 1000 493 1000 581 1001 471 1001 472 1001 581 1002 472 1002 579 1002 582 1003 580 1003 493 1003 583 1004 582 1004 493 1004 583 1005 493 1005 494 1005 584 1006 583 1006 494 1006 585 1007 584 1007 494 1007 585 1008 494 1008 495 1008 586 1009 585 1009 495 1009 586 1010 495 1010 496 1010 587 1011 586 1011 496 1011 588 1012 587 1012 496 1012 589 1013 466 1013 467 1013 589 1014 467 1014 590 1014 591 1015 467 1015 468 1015 591 1016 590 1016 467 1016 592 1017 466 1017 589 1017 593 1018 591 1018 468 1018 594 1019 466 1019 592 1019 595 1020 468 1020 469 1020 595 1021 593 1021 468 1021 596 1022 466 1022 594 1022 596 1023 465 1023 466 1023 597 1024 595 1024 469 1024 598 1025 465 1025 596 1025 599 1026 597 1026 469 1026 599 1027 469 1027 470 1027 600 1028 465 1028 598 1028 600 1029 464 1029 465 1029 601 1030 599 1030 470 1030 602 1031 464 1031 600 1031 603 1032 470 1032 471 1032 603 1033 601 1033 470 1033 604 1034 464 1034 602 1034 605 1035 471 1035 581 1035 605 1036 581 1036 606 1036 605 1037 603 1037 471 1037 607 1038 463 1038 464 1038 607 1039 464 1039 604 1039 608 1040 606 1040 609 1040 608 1041 605 1041 606 1041 610 1042 463 1042 607 1042 611 1043 609 1043 612 1043 611 1044 608 1044 609 1044 613 1045 463 1045 610 1045 614 1046 612 1046 615 1046 614 1047 611 1047 612 1047 616 1048 463 1048 613 1048 616 1049 462 1049 463 1049 617 1050 614 1050 615 1050 617 1051 615 1051 618 1051 619 1052 462 1052 616 1052 620 1053 617 1053 618 1053 620 1054 618 1054 621 1054 622 1055 462 1055 619 1055 622 1056 461 1056 462 1056 623 1057 620 1057 621 1057 623 1058 621 1058 624 1058 625 1059 461 1059 622 1059 626 1060 623 1060 624 1060 626 1061 624 1061 627 1061 628 1062 461 1062 625 1062 629 1063 626 1063 627 1063 629 1064 627 1064 630 1064 631 1065 461 1065 628 1065 631 1066 460 1066 461 1066 632 1067 629 1067 630 1067 632 1068 630 1068 633 1068 634 1069 460 1069 631 1069 635 1070 633 1070 636 1070 635 1071 632 1071 633 1071 637 1072 460 1072 634 1072 638 1073 636 1073 639 1073 638 1074 635 1074 636 1074 640 1075 459 1075 460 1075 640 1076 460 1076 637 1076 641 1077 639 1077 642 1077 641 1078 638 1078 639 1078 643 1079 459 1079 640 1079 644 1080 641 1080 642 1080 644 1081 642 1081 645 1081 646 1082 459 1082 643 1082 647 1083 644 1083 645 1083 647 1084 645 1084 648 1084 649 1085 458 1085 459 1085 649 1086 459 1086 646 1086 650 1087 648 1087 651 1087 650 1088 647 1088 648 1088 652 1089 458 1089 649 1089 653 1090 650 1090 651 1090 653 1091 651 1091 654 1091 655 1092 458 1092 652 1092 656 1093 654 1093 657 1093 656 1094 653 1094 654 1094 658 1095 457 1095 458 1095 658 1096 458 1096 655 1096 659 1097 656 1097 657 1097 659 1098 657 1098 660 1098 661 1099 457 1099 658 1099 662 1100 660 1100 663 1100 662 1101 659 1101 660 1101 664 1102 457 1102 661 1102 665 1103 662 1103 663 1103 665 1104 663 1104 666 1104 667 1105 457 1105 664 1105 667 1106 456 1106 457 1106 668 1107 665 1107 666 1107 668 1108 666 1108 669 1108 670 1109 456 1109 667 1109 671 1110 668 1110 669 1110 671 1111 669 1111 672 1111 673 1112 455 1112 456 1112 673 1113 456 1113 670 1113 674 1114 671 1114 672 1114 674 1115 672 1115 675 1115 676 1116 497 1116 498 1116 677 1117 497 1117 676 1117 678 1118 676 1118 498 1118 678 1119 498 1119 499 1119 679 1120 588 1120 496 1120 679 1121 497 1121 677 1121 679 1122 496 1122 497 1122 680 1123 678 1123 499 1123 681 1124 588 1124 679 1124 681 1125 682 1125 588 1125 683 1126 680 1126 499 1126 683 1127 499 1127 500 1127 684 1128 685 1128 682 1128 684 1129 682 1129 681 1129 686 1130 455 1130 673 1130 687 1131 683 1131 500 1131 688 1132 689 1132 685 1132 688 1133 685 1133 684 1133 690 1134 687 1134 500 1134 690 1135 500 1135 501 1135 691 1136 689 1136 688 1136 691 1137 692 1137 689 1137 693 1138 674 1138 675 1138 693 1139 675 1139 694 1139 695 1140 690 1140 501 1140 696 1141 697 1141 692 1141 696 1142 692 1142 691 1142 698 1143 695 1143 501 1143 699 1144 455 1144 686 1144 700 1145 701 1145 697 1145 700 1146 697 1146 696 1146 702 1147 698 1147 501 1147 702 1148 501 1148 502 1148 703 1149 704 1149 701 1149 703 1150 701 1150 700 1150 705 1151 694 1151 706 1151 705 1152 693 1152 694 1152 707 1153 702 1153 502 1153 708 1154 709 1154 704 1154 708 1155 704 1155 703 1155 710 1156 455 1156 699 1156 711 1157 502 1157 503 1157 711 1158 707 1158 502 1158 712 1159 713 1159 709 1159 712 1160 714 1160 713 1160 712 1161 709 1161 708 1161 715 1162 705 1162 706 1162 715 1163 706 1163 716 1163 454 1164 455 1164 710 1164 717 1165 711 1165 503 1165 718 1166 714 1166 712 1166 719 1167 454 1167 710 1167 720 1168 717 1168 503 1168 721 1169 715 1169 716 1169 721 1170 716 1170 722 1170 723 1171 714 1171 718 1171 723 1172 724 1172 714 1172 725 1173 503 1173 504 1173 725 1174 720 1174 503 1174 726 1175 454 1175 719 1175 727 1176 728 1176 724 1176 727 1177 724 1177 723 1177 729 1178 725 1178 504 1178 730 1179 722 1179 731 1179 730 1180 721 1180 722 1180 732 1181 733 1181 728 1181 732 1182 728 1182 727 1182 734 1183 454 1183 726 1183 735 1184 504 1184 505 1184 735 1185 729 1185 504 1185 736 1186 731 1186 737 1186 736 1187 730 1187 731 1187 738 1188 733 1188 732 1188 738 1189 739 1189 733 1189 740 1190 735 1190 505 1190 741 1191 742 1191 739 1191 741 1192 739 1192 738 1192 743 1193 736 1193 737 1193 743 1194 737 1194 744 1194 745 1195 740 1195 505 1195 746 1196 747 1196 742 1196 746 1197 742 1197 741 1197 748 1198 744 1198 749 1198 748 1199 743 1199 744 1199 750 1200 505 1200 506 1200 750 1201 745 1201 505 1201 751 1202 752 1202 747 1202 751 1203 747 1203 746 1203 753 1204 750 1204 506 1204 754 1205 748 1205 749 1205 754 1206 749 1206 755 1206 453 1207 756 1207 757 1207 453 1208 734 1208 756 1208 453 1209 454 1209 734 1209 758 1210 759 1210 752 1210 758 1211 752 1211 751 1211 760 1212 753 1212 506 1212 761 1213 754 1213 755 1213 762 1214 759 1214 758 1214 762 1215 763 1215 759 1215 762 1216 764 1216 763 1216 765 1217 506 1217 507 1217 765 1218 760 1218 506 1218 766 1219 764 1219 762 1219 767 1220 765 1220 507 1220 768 1221 769 1221 764 1221 768 1222 770 1222 769 1222 768 1223 764 1223 766 1223 771 1224 507 1224 508 1224 771 1225 767 1225 507 1225 772 1226 773 1226 770 1226 772 1227 770 1227 768 1227 774 1228 771 1228 508 1228 775 1229 773 1229 772 1229 776 1230 774 1230 508 1230 777 1231 778 1231 773 1231 777 1232 773 1232 775 1232 452 1233 779 1233 780 1233 452 1234 781 1234 779 1234 452 1235 757 1235 781 1235 452 1236 453 1236 757 1236 782 1237 508 1237 509 1237 782 1238 776 1238 508 1238 783 1239 784 1239 778 1239 783 1240 785 1240 784 1240 783 1241 778 1241 777 1241 786 1242 782 1242 509 1242 787 1243 785 1243 783 1243 788 1244 786 1244 509 1244 789 1245 785 1245 787 1245 789 1246 790 1246 785 1246 791 1247 509 1247 510 1247 791 1248 788 1248 509 1248 792 1249 793 1249 790 1249 792 1250 790 1250 789 1250 794 1251 791 1251 510 1251 795 1252 796 1252 793 1252 795 1253 793 1253 792 1253 797 1254 794 1254 510 1254 798 1255 799 1255 796 1255 798 1256 796 1256 795 1256 451 1257 800 1257 801 1257 451 1258 780 1258 800 1258 451 1259 452 1259 780 1259 802 1260 797 1260 510 1260 803 1261 804 1261 799 1261 803 1262 799 1262 798 1262 805 1263 806 1263 804 1263 805 1264 804 1264 803 1264 511 1265 807 1265 802 1265 511 1266 808 1266 807 1266 511 1267 802 1267 510 1267 809 1268 755 1268 806 1268 809 1269 806 1269 805 1269 810 1270 808 1270 511 1270 450 1271 811 1271 812 1271 450 1272 801 1272 811 1272 450 1273 451 1273 801 1273 512 1274 810 1274 511 1274 512 1275 813 1275 810 1275 512 1276 814 1276 813 1276 512 1277 815 1277 814 1277 449 1278 816 1278 817 1278 449 1279 812 1279 816 1279 449 1280 450 1280 812 1280 513 1281 815 1281 512 1281 513 1282 818 1282 815 1282 513 1283 819 1283 818 1283 448 1284 820 1284 821 1284 448 1285 817 1285 820 1285 448 1286 449 1286 817 1286 514 1287 819 1287 513 1287 514 1288 822 1288 819 1288 514 1289 823 1289 822 1289 514 1290 824 1290 823 1290 447 1291 825 1291 826 1291 447 1292 821 1292 825 1292 447 1293 448 1293 821 1293 515 1294 824 1294 514 1294 515 1295 827 1295 824 1295 515 1296 828 1296 827 1296 515 1297 829 1297 828 1297 446 1298 826 1298 830 1298 446 1299 447 1299 826 1299 516 1300 829 1300 515 1300 516 1301 831 1301 832 1301 516 1302 832 1302 829 1302 833 1303 834 1303 835 1303 836 1304 834 1304 833 1304 836 1305 837 1305 834 1305 838 1306 833 1306 835 1306 838 1307 835 1307 839 1307 840 1308 837 1308 836 1308 840 1309 841 1309 837 1309 842 1310 838 1310 839 1310 842 1311 839 1311 843 1311 844 1312 841 1312 840 1312 844 1313 845 1313 841 1313 517 1314 831 1314 516 1314 517 1315 846 1315 831 1315 517 1316 847 1316 846 1316 848 1317 843 1317 849 1317 848 1318 842 1318 843 1318 850 1319 845 1319 844 1319 850 1320 851 1320 845 1320 852 1321 848 1321 849 1321 852 1322 849 1322 853 1322 854 1323 851 1323 850 1323 854 1324 855 1324 851 1324 856 1325 852 1325 853 1325 856 1326 853 1326 857 1326 858 1327 855 1327 854 1327 858 1328 859 1328 855 1328 860 1329 856 1329 857 1329 860 1330 857 1330 861 1330 862 1331 859 1331 858 1331 862 1332 863 1332 859 1332 864 1333 860 1333 861 1333 864 1334 861 1334 865 1334 866 1335 863 1335 862 1335 866 1336 867 1336 863 1336 868 1337 865 1337 869 1337 868 1338 864 1338 865 1338 870 1339 867 1339 866 1339 870 1340 871 1340 867 1340 872 1341 868 1341 869 1341 872 1342 869 1342 873 1342 874 1343 871 1343 870 1343 874 1344 875 1344 871 1344 876 1345 872 1345 873 1345 876 1346 873 1346 877 1346 878 1347 875 1347 874 1347 878 1348 879 1348 875 1348 880 1349 876 1349 877 1349 880 1350 877 1350 881 1350 882 1351 879 1351 878 1351 882 1352 883 1352 879 1352 884 1353 880 1353 881 1353 884 1354 881 1354 885 1354 886 1355 887 1355 883 1355 886 1356 883 1356 882 1356 888 1357 885 1357 889 1357 888 1358 884 1358 885 1358 890 1359 887 1359 886 1359 890 1360 891 1360 887 1360 892 1361 888 1361 889 1361 892 1362 889 1362 893 1362 894 1363 891 1363 890 1363 894 1364 895 1364 891 1364 896 1365 892 1365 893 1365 896 1366 893 1366 761 1366 518 1367 847 1367 517 1367 518 1368 897 1368 847 1368 518 1369 898 1369 897 1369 899 1370 830 1370 895 1370 899 1371 895 1371 894 1371 900 1372 830 1372 899 1372 900 1373 446 1373 830 1373 901 1374 446 1374 900 1374 901 1375 445 1375 446 1375 902 1376 445 1376 901 1376 903 1377 445 1377 902 1377 903 1378 444 1378 445 1378 904 1379 444 1379 903 1379 905 1380 444 1380 904 1380 905 1381 443 1381 444 1381 519 1382 906 1382 898 1382 519 1383 907 1383 906 1383 519 1384 898 1384 518 1384 908 1385 443 1385 905 1385 909 1386 910 1386 911 1386 912 1387 910 1387 909 1387 912 1388 913 1388 910 1388 914 1389 909 1389 911 1389 914 1390 911 1390 915 1390 916 1391 913 1391 912 1391 916 1392 917 1392 913 1392 918 1393 914 1393 915 1393 918 1394 915 1394 919 1394 920 1395 917 1395 916 1395 920 1396 921 1396 917 1396 922 1397 443 1397 908 1397 923 1398 918 1398 919 1398 923 1399 919 1399 924 1399 925 1400 921 1400 920 1400 925 1401 926 1401 921 1401 927 1402 923 1402 924 1402 927 1403 924 1403 928 1403 929 1404 926 1404 925 1404 929 1405 930 1405 926 1405 931 1406 927 1406 928 1406 931 1407 928 1407 932 1407 933 1408 930 1408 929 1408 933 1409 934 1409 930 1409 935 1410 931 1410 932 1410 935 1411 932 1411 936 1411 937 1412 934 1412 933 1412 937 1413 938 1413 934 1413 939 1414 936 1414 940 1414 939 1415 935 1415 936 1415 941 1416 938 1416 937 1416 941 1417 942 1417 938 1417 943 1418 940 1418 944 1418 943 1419 939 1419 940 1419 442 1420 443 1420 922 1420 442 1421 922 1421 945 1421 946 1422 942 1422 941 1422 946 1423 809 1423 942 1423 947 1424 442 1424 945 1424 948 1425 944 1425 949 1425 948 1426 943 1426 944 1426 950 1427 951 1427 896 1427 950 1428 809 1428 946 1428 950 1429 896 1429 761 1429 950 1430 761 1430 755 1430 950 1431 755 1431 809 1431 952 1432 949 1432 953 1432 952 1433 948 1433 949 1433 954 1434 955 1434 951 1434 954 1435 951 1435 950 1435 956 1436 952 1436 953 1436 956 1437 953 1437 957 1437 958 1438 955 1438 954 1438 958 1439 959 1439 955 1439 960 1440 956 1440 957 1440 960 1441 957 1441 961 1441 962 1442 963 1442 959 1442 962 1443 959 1443 958 1443 964 1444 960 1444 961 1444 964 1445 961 1445 965 1445 966 1446 963 1446 962 1446 966 1447 967 1447 963 1447 520 1448 907 1448 519 1448 520 1449 968 1449 907 1449 520 1450 969 1450 968 1450 970 1451 964 1451 965 1451 970 1452 965 1452 971 1452 972 1453 973 1453 967 1453 972 1454 967 1454 966 1454 974 1455 970 1455 971 1455 974 1456 971 1456 975 1456 976 1457 977 1457 973 1457 976 1458 973 1458 972 1458 978 1459 974 1459 975 1459 978 1460 975 1460 979 1460 980 1461 981 1461 977 1461 980 1462 977 1462 976 1462 982 1463 979 1463 983 1463 982 1464 978 1464 979 1464 441 1465 984 1465 985 1465 441 1466 986 1466 984 1466 441 1467 947 1467 986 1467 441 1468 442 1468 947 1468 987 1469 981 1469 980 1469 987 1470 988 1470 981 1470 989 1471 982 1471 983 1471 989 1472 983 1472 990 1472 991 1473 992 1473 988 1473 991 1474 988 1474 987 1474 993 1475 989 1475 990 1475 993 1476 990 1476 994 1476 995 1477 996 1477 992 1477 995 1478 992 1478 991 1478 997 1479 994 1479 998 1479 997 1480 993 1480 994 1480 999 1481 1000 1481 996 1481 999 1482 996 1482 995 1482 521 1483 1001 1483 969 1483 521 1484 1002 1484 1001 1484 521 1485 969 1485 520 1485 1003 1486 998 1486 1004 1486 1003 1487 997 1487 998 1487 1005 1488 1006 1488 1000 1488 1005 1489 1000 1489 999 1489 1007 1490 1004 1490 1008 1490 1007 1491 1003 1491 1004 1491 1009 1492 1010 1492 1006 1492 1009 1493 1006 1493 1005 1493 1011 1494 1008 1494 1002 1494 1011 1495 1007 1495 1008 1495 1012 1496 1013 1496 1010 1496 1012 1497 1010 1497 1009 1497 440 1498 441 1498 985 1498 440 1499 1014 1499 1015 1499 440 1500 985 1500 1014 1500 1016 1501 1017 1501 1013 1501 1016 1502 1013 1502 1012 1502 1018 1503 1019 1503 1017 1503 1018 1504 1017 1504 1016 1504 522 1505 1020 1505 1011 1505 522 1506 1002 1506 521 1506 522 1507 1011 1507 1002 1507 1021 1508 1019 1508 1018 1508 1021 1509 1022 1509 1019 1509 1023 1510 1022 1510 1021 1510 1023 1511 1024 1511 1022 1511 1025 1512 1026 1512 1024 1512 1025 1513 1024 1513 1023 1513 439 1514 440 1514 1015 1514 439 1515 1027 1515 1028 1515 439 1516 1029 1516 1027 1516 439 1517 1015 1517 1029 1517 1030 1518 1026 1518 1025 1518 1030 1519 1031 1519 1026 1519 1032 1520 1033 1520 1031 1520 1032 1521 1031 1521 1030 1521 523 1522 1034 1522 1020 1522 523 1523 1035 1523 1034 1523 523 1524 1020 1524 522 1524 1036 1525 1037 1525 1033 1525 1036 1526 1033 1526 1032 1526 1038 1527 1039 1527 1037 1527 1038 1528 1037 1528 1036 1528 1040 1529 1041 1529 1039 1529 1040 1530 1039 1530 1038 1530 438 1531 439 1531 1028 1531 438 1532 1042 1532 1043 1532 438 1533 1028 1533 1042 1533 1044 1534 1045 1534 1041 1534 1044 1535 1041 1535 1040 1535 1046 1536 1047 1536 1045 1536 1046 1537 1045 1537 1044 1537 524 1538 1048 1538 1035 1538 524 1539 1049 1539 1048 1539 524 1540 1035 1540 523 1540 1050 1541 1051 1541 1047 1541 1050 1542 1047 1542 1046 1542 1052 1543 1051 1543 1050 1543 1052 1544 1053 1544 1051 1544 1054 1545 1055 1545 1053 1545 1054 1546 1053 1546 1052 1546 437 1547 1056 1547 1057 1547 437 1548 1058 1548 1056 1548 437 1549 1043 1549 1058 1549 437 1550 438 1550 1043 1550 1059 1551 1055 1551 1054 1551 1059 1552 1060 1552 1055 1552 1061 1553 1062 1553 1060 1553 1061 1554 1060 1554 1059 1554 1063 1555 1064 1555 1062 1555 1063 1556 1062 1556 1061 1556 525 1557 1049 1557 524 1557 525 1558 1065 1558 1049 1558 525 1559 1066 1559 1065 1559 436 1560 1067 1560 1068 1560 436 1561 1069 1561 1067 1561 436 1562 1057 1562 1069 1562 436 1563 437 1563 1057 1563 526 1564 1070 1564 1066 1564 526 1565 1071 1565 1070 1565 526 1566 1066 1566 525 1566 435 1567 436 1567 1068 1567 435 1568 1072 1568 1073 1568 435 1569 1074 1569 1072 1569 435 1570 1068 1570 1074 1570 527 1571 1071 1571 526 1571 527 1572 1075 1572 1071 1572 527 1573 1076 1573 1075 1573 527 1574 1077 1574 1076 1574 434 1575 435 1575 1073 1575 434 1576 1078 1576 1079 1576 434 1577 1073 1577 1078 1577 402 1578 1080 1578 1077 1578 402 1579 1081 1579 1080 1579 402 1580 1077 1580 527 1580 433 1581 1082 1581 1083 1581 433 1582 1084 1582 1082 1582 433 1583 1079 1583 1084 1583 433 1584 434 1584 1079 1584 403 1585 1085 1585 1081 1585 403 1586 1086 1586 1085 1586 403 1587 1087 1587 1086 1587 403 1588 1081 1588 402 1588 432 1589 1088 1589 1089 1589 432 1590 1090 1590 1088 1590 432 1591 1083 1591 1090 1591 432 1592 433 1592 1083 1592 404 1593 1091 1593 1087 1593 404 1594 1092 1594 1091 1594 404 1595 1093 1595 1092 1595 404 1596 1087 1596 403 1596 431 1597 432 1597 1089 1597 431 1598 1094 1598 1095 1598 431 1599 1096 1599 1094 1599 431 1600 1089 1600 1096 1600 405 1601 1097 1601 1093 1601 405 1602 1098 1602 1097 1602 405 1603 1093 1603 404 1603 430 1604 1099 1604 1100 1604 430 1605 1101 1605 1099 1605 430 1606 1095 1606 1101 1606 430 1607 431 1607 1095 1607 406 1608 1102 1608 1103 1608 406 1609 1104 1609 1098 1609 406 1610 1103 1610 1104 1610 406 1611 1098 1611 405 1611 429 1612 430 1612 1100 1612 429 1613 1105 1613 1106 1613 429 1614 1100 1614 1105 1614 407 1615 1107 1615 1102 1615 407 1616 1108 1616 1107 1616 407 1617 1109 1617 1108 1617 407 1618 1102 1618 406 1618 428 1619 429 1619 1106 1619 428 1620 1110 1620 1111 1620 428 1621 1112 1621 1110 1621 428 1622 1106 1622 1112 1622 408 1623 1113 1623 1109 1623 408 1624 1114 1624 1113 1624 408 1625 1115 1625 1114 1625 408 1626 1109 1626 407 1626 427 1627 1116 1627 1117 1627 427 1628 1111 1628 1116 1628 427 1629 428 1629 1111 1629 409 1630 1118 1630 1115 1630 409 1631 1119 1631 1118 1631 409 1632 1120 1632 1119 1632 409 1633 1115 1633 408 1633 426 1634 427 1634 1117 1634 426 1635 1121 1635 1122 1635 426 1636 1123 1636 1121 1636 426 1637 1117 1637 1123 1637 410 1638 1124 1638 1120 1638 410 1639 1125 1639 1124 1639 410 1640 1126 1640 1125 1640 410 1641 1120 1641 409 1641 425 1642 426 1642 1122 1642 425 1643 1127 1643 1128 1643 425 1644 1122 1644 1127 1644 411 1645 1129 1645 1126 1645 411 1646 1130 1646 1129 1646 411 1647 1126 1647 410 1647 424 1648 1131 1648 1132 1648 424 1649 1128 1649 1131 1649 424 1650 425 1650 1128 1650 412 1651 1133 1651 1130 1651 412 1652 1134 1652 1133 1652 412 1653 1135 1653 1134 1653 412 1654 1130 1654 411 1654 423 1655 1136 1655 1137 1655 423 1656 1132 1656 1136 1656 423 1657 424 1657 1132 1657 413 1658 1138 1658 1135 1658 413 1659 1139 1659 1138 1659 413 1660 1140 1660 1139 1660 413 1661 1135 1661 412 1661 422 1662 1141 1662 1142 1662 422 1663 1137 1663 1141 1663 422 1664 423 1664 1137 1664 414 1665 1140 1665 413 1665 414 1666 1143 1666 1140 1666 414 1667 1144 1667 1143 1667 421 1668 1142 1668 1064 1668 421 1669 1063 1669 1145 1669 421 1670 422 1670 1142 1670 421 1671 1064 1671 1063 1671 415 1672 1144 1672 414 1672 415 1673 1146 1673 1144 1673 415 1674 1147 1674 1146 1674 415 1675 1148 1675 1147 1675 420 1676 421 1676 1145 1676 420 1677 1149 1677 1150 1677 420 1678 1145 1678 1149 1678 416 1679 1151 1679 1148 1679 416 1680 1152 1680 1151 1680 416 1681 1148 1681 415 1681 419 1682 1153 1682 1154 1682 419 1683 1150 1683 1153 1683 419 1684 420 1684 1150 1684 417 1685 1155 1685 1152 1685 417 1686 1156 1686 1155 1686 417 1687 1152 1687 416 1687 418 1688 419 1688 1154 1688 418 1689 1157 1689 1156 1689 418 1690 1154 1690 1157 1690 418 1691 1156 1691 417 1691 739 1692 742 1692 1158 1692 1158 1693 742 1693 1159 1693 1159 1694 742 1694 1160 1694 742 1695 747 1695 1160 1695 1160 1696 752 1696 1161 1696 747 1697 752 1697 1160 1697 1161 1698 759 1698 1162 1698 752 1699 759 1699 1161 1699 1162 1700 763 1700 1163 1700 759 1701 763 1701 1162 1701 1163 1702 764 1702 1164 1702 1164 1703 764 1703 1165 1703 763 1704 764 1704 1163 1704 764 1705 769 1705 1165 1705 1165 1706 770 1706 1166 1706 769 1707 770 1707 1165 1707 1166 1708 773 1708 1167 1708 1167 1709 773 1709 1168 1709 770 1710 773 1710 1166 1710 1168 1711 778 1711 1169 1711 773 1712 778 1712 1168 1712 778 1713 784 1713 1169 1713 784 1714 785 1714 1169 1714 1169 1715 785 1715 1170 1715 785 1716 790 1716 1170 1716 1170 1717 790 1717 1171 1717 1171 1718 790 1718 1172 1718 790 1719 793 1719 1172 1719 1172 1720 796 1720 1173 1720 793 1721 796 1721 1172 1721 1173 1722 799 1722 1174 1722 1174 1723 799 1723 1175 1723 796 1724 799 1724 1173 1724 799 1725 804 1725 1175 1725 1175 1726 806 1726 1176 1726 804 1727 806 1727 1175 1727 1176 1728 755 1728 1177 1728 806 1729 755 1729 1176 1729 1177 1730 749 1730 1178 1730 755 1731 749 1731 1177 1731 1178 1732 744 1732 1179 1732 749 1733 744 1733 1178 1733 1179 1734 737 1734 1180 1734 744 1735 737 1735 1179 1735 1180 1736 731 1736 1181 1736 737 1737 731 1737 1180 1737 1181 1738 722 1738 1182 1738 1182 1739 722 1739 1183 1739 731 1740 722 1740 1181 1740 722 1741 716 1741 1183 1741 1183 1742 706 1742 1184 1742 716 1743 706 1743 1183 1743 1184 1744 694 1744 1185 1744 706 1745 694 1745 1184 1745 1185 1746 675 1746 1186 1746 694 1747 675 1747 1185 1747 1186 1748 672 1748 1187 1748 675 1749 672 1749 1186 1749 1187 1750 669 1750 1188 1750 672 1751 669 1751 1187 1751 1188 1752 666 1752 1189 1752 669 1753 666 1753 1188 1753 1189 1754 663 1754 1190 1754 666 1755 663 1755 1189 1755 1190 1756 660 1756 1191 1756 663 1757 660 1757 1190 1757 1191 1758 657 1758 1192 1758 660 1759 657 1759 1191 1759 1192 1760 654 1760 1193 1760 657 1761 654 1761 1192 1761 1193 1762 651 1762 1194 1762 654 1763 651 1763 1193 1763 1194 1764 648 1764 1195 1764 1195 1765 648 1765 1196 1765 651 1766 648 1766 1194 1766 648 1767 645 1767 1196 1767 645 1768 642 1768 1196 1768 1196 1769 642 1769 1197 1769 642 1770 639 1770 1197 1770 1197 1771 639 1771 1198 1771 1198 1772 639 1772 1199 1772 639 1773 636 1773 1199 1773 636 1774 633 1774 1199 1774 1199 1775 633 1775 1200 1775 633 1776 630 1776 1200 1776 1200 1777 630 1777 1201 1777 1201 1778 630 1778 1202 1778 630 1779 627 1779 1202 1779 627 1780 624 1780 1202 1780 1202 1781 624 1781 1203 1781 624 1782 621 1782 1203 1782 1203 1783 621 1783 1204 1783 621 1784 618 1784 1204 1784 1204 1785 618 1785 1205 1785 1205 1786 615 1786 1206 1786 618 1787 615 1787 1205 1787 1206 1788 615 1788 1207 1788 615 1789 612 1789 1207 1789 612 1790 609 1790 1207 1790 1207 1791 609 1791 1208 1791 1208 1792 606 1792 1209 1792 1209 1793 606 1793 1210 1793 609 1794 606 1794 1208 1794 1210 1795 581 1795 1211 1795 606 1796 581 1796 1210 1796 1211 1797 579 1797 1212 1797 581 1798 579 1798 1211 1798 579 1799 577 1799 1212 1799 1212 1800 575 1800 1213 1800 1213 1801 575 1801 1214 1801 577 1802 575 1802 1212 1802 575 1803 573 1803 1214 1803 1214 1804 571 1804 1215 1804 573 1805 571 1805 1214 1805 1215 1806 569 1806 1216 1806 571 1807 569 1807 1215 1807 1216 1808 567 1808 1217 1808 1217 1809 567 1809 1218 1809 569 1810 567 1810 1216 1810 1218 1811 565 1811 1219 1811 567 1812 565 1812 1218 1812 1219 1813 563 1813 1220 1813 565 1814 563 1814 1219 1814 563 1815 561 1815 1220 1815 561 1816 559 1816 1220 1816 1220 1817 559 1817 1221 1817 559 1818 557 1818 1221 1818 1221 1819 557 1819 1222 1819 557 1820 555 1820 1222 1820 1222 1821 555 1821 1223 1821 555 1822 553 1822 1223 1822 1223 1823 553 1823 1224 1823 1224 1824 553 1824 1225 1824 553 1825 551 1825 1225 1825 1225 1826 551 1826 1226 1826 551 1827 549 1827 1226 1827 549 1828 547 1828 1226 1828 1226 1829 547 1829 1227 1829 547 1830 545 1830 1227 1830 1227 1831 545 1831 1228 1831 1228 1832 545 1832 1229 1832 545 1833 543 1833 1229 1833 543 1834 541 1834 1229 1834 1229 1835 541 1835 1230 1835 541 1836 539 1836 1230 1836 1230 1837 539 1837 1231 1837 1231 1838 539 1838 1232 1838 539 1839 537 1839 1232 1839 1232 1840 537 1840 1233 1840 537 1841 535 1841 1233 1841 535 1842 533 1842 1233 1842 1233 1843 533 1843 1234 1843 1234 1844 533 1844 1235 1844 533 1845 531 1845 1235 1845 531 1846 528 1846 1235 1846 1235 1847 528 1847 1236 1847 528 1848 529 1848 1236 1848 1236 1849 529 1849 1237 1849 1237 1850 529 1850 1238 1850 529 1851 530 1851 1238 1851 530 1852 532 1852 1238 1852 1238 1853 532 1853 1239 1853 1239 1854 532 1854 1240 1854 532 1855 534 1855 1240 1855 1240 1856 536 1856 1241 1856 534 1857 536 1857 1240 1857 1241 1858 538 1858 1242 1858 536 1859 538 1859 1241 1859 1242 1860 540 1860 1243 1860 538 1861 540 1861 1242 1861 1243 1862 542 1862 1244 1862 1244 1863 542 1863 1245 1863 540 1864 542 1864 1243 1864 542 1865 544 1865 1245 1865 544 1866 546 1866 1245 1866 1245 1867 546 1867 1246 1867 546 1868 548 1868 1246 1868 1246 1869 548 1869 1247 1869 548 1870 550 1870 1247 1870 1247 1871 550 1871 1248 1871 550 1872 552 1872 1248 1872 1248 1873 552 1873 1249 1873 552 1874 554 1874 1249 1874 1249 1875 554 1875 1250 1875 1250 1876 554 1876 1251 1876 554 1877 556 1877 1251 1877 556 1878 558 1878 1251 1878 1251 1879 558 1879 1252 1879 558 1880 560 1880 1252 1880 1252 1881 560 1881 1253 1881 560 1882 562 1882 1253 1882 1253 1883 562 1883 1254 1883 562 1884 564 1884 1254 1884 1254 1885 564 1885 1255 1885 564 1886 566 1886 1255 1886 1255 1887 566 1887 1256 1887 566 1888 568 1888 1256 1888 1256 1889 568 1889 1257 1889 1257 1890 570 1890 1258 1890 568 1891 570 1891 1257 1891 1258 1892 572 1892 1259 1892 570 1893 572 1893 1258 1893 1259 1894 574 1894 1260 1894 1260 1895 574 1895 1261 1895 572 1896 574 1896 1259 1896 574 1897 576 1897 1261 1897 1261 1898 578 1898 1262 1898 576 1899 578 1899 1261 1899 1262 1900 580 1900 1263 1900 578 1901 580 1901 1262 1901 1263 1902 582 1902 1264 1902 1264 1903 582 1903 1265 1903 580 1904 582 1904 1263 1904 582 1905 583 1905 1265 1905 1265 1906 584 1906 1266 1906 583 1907 584 1907 1265 1907 1266 1908 585 1908 1267 1908 584 1909 585 1909 1266 1909 1267 1910 586 1910 1268 1910 1268 1911 586 1911 1269 1911 585 1912 586 1912 1267 1912 586 1913 587 1913 1269 1913 587 1914 588 1914 1269 1914 1269 1915 588 1915 1270 1915 588 1916 682 1916 1270 1916 1270 1917 682 1917 1271 1917 1271 1918 682 1918 1272 1918 682 1919 685 1919 1272 1919 685 1920 689 1920 1272 1920 1272 1921 689 1921 1273 1921 1273 1922 689 1922 1274 1922 689 1923 692 1923 1274 1923 1274 1924 697 1924 1275 1924 1275 1925 697 1925 1276 1925 692 1926 697 1926 1274 1926 1276 1927 701 1927 1277 1927 697 1928 701 1928 1276 1928 701 1929 704 1929 1277 1929 1277 1930 709 1930 1278 1930 1278 1931 709 1931 1279 1931 704 1932 709 1932 1277 1932 709 1933 713 1933 1279 1933 1279 1934 714 1934 1280 1934 1280 1935 714 1935 1281 1935 713 1936 714 1936 1279 1936 714 1937 724 1937 1281 1937 1281 1938 728 1938 1282 1938 1282 1939 728 1939 1283 1939 724 1940 728 1940 1281 1940 728 1941 733 1941 1283 1941 1283 1942 739 1942 1158 1942 733 1943 739 1943 1283 1943 832 1944 831 1944 1284 1944 1284 1945 831 1945 1285 1945 1285 1946 831 1946 1286 1946 831 1947 846 1947 1286 1947 1286 1948 847 1948 1287 1948 846 1949 847 1949 1286 1949 1287 1950 897 1950 1288 1950 847 1951 897 1951 1287 1951 1288 1952 898 1952 1289 1952 897 1953 898 1953 1288 1953 1289 1954 906 1954 1290 1954 1290 1955 906 1955 1291 1955 898 1956 906 1956 1289 1956 906 1957 907 1957 1291 1957 1291 1958 968 1958 1292 1958 907 1959 968 1959 1291 1959 1292 1960 969 1960 1293 1960 1293 1961 969 1961 1294 1961 968 1962 969 1962 1292 1962 1294 1963 1001 1963 1295 1963 969 1964 1001 1964 1294 1964 1001 1965 1002 1965 1295 1965 1002 1966 1008 1966 1295 1966 1295 1967 1008 1967 1296 1967 1008 1968 1004 1968 1296 1968 1296 1969 1004 1969 1297 1969 1297 1970 1004 1970 1298 1970 1004 1971 998 1971 1298 1971 1298 1972 994 1972 1299 1972 998 1973 994 1973 1298 1973 1299 1974 990 1974 1300 1974 1300 1975 990 1975 1301 1975 994 1976 990 1976 1299 1976 990 1977 983 1977 1301 1977 1301 1978 979 1978 1302 1978 983 1979 979 1979 1301 1979 1302 1980 975 1980 1303 1980 979 1981 975 1981 1302 1981 1303 1982 971 1982 1304 1982 975 1983 971 1983 1303 1983 1304 1984 965 1984 1305 1984 971 1985 965 1985 1304 1985 1305 1986 961 1986 1306 1986 965 1987 961 1987 1305 1987 1306 1988 957 1988 1307 1988 961 1989 957 1989 1306 1989 1307 1990 953 1990 1308 1990 1308 1991 953 1991 1309 1991 957 1992 953 1992 1307 1992 953 1993 949 1993 1309 1993 1309 1994 944 1994 1310 1994 949 1995 944 1995 1309 1995 1310 1996 940 1996 1311 1996 944 1997 940 1997 1310 1997 1311 1998 936 1998 1312 1998 940 1999 936 1999 1311 1999 1312 2000 932 2000 1313 2000 936 2001 932 2001 1312 2001 1313 2002 928 2002 1314 2002 932 2003 928 2003 1313 2003 1314 2004 924 2004 1315 2004 928 2005 924 2005 1314 2005 1315 2006 919 2006 1316 2006 924 2007 919 2007 1315 2007 1316 2008 915 2008 1317 2008 919 2009 915 2009 1316 2009 1317 2010 911 2010 1318 2010 915 2011 911 2011 1317 2011 1318 2012 910 2012 1319 2012 911 2013 910 2013 1318 2013 1319 2014 913 2014 1320 2014 910 2015 913 2015 1319 2015 1320 2016 917 2016 1321 2016 1321 2017 917 2017 1322 2017 913 2018 917 2018 1320 2018 917 2019 921 2019 1322 2019 921 2020 926 2020 1322 2020 1322 2021 926 2021 1323 2021 926 2022 930 2022 1323 2022 1323 2023 930 2023 1324 2023 1324 2024 930 2024 1325 2024 930 2025 934 2025 1325 2025 934 2026 938 2026 1325 2026 1325 2027 938 2027 1326 2027 938 2028 942 2028 1326 2028 1326 2029 942 2029 1327 2029 1327 2030 942 2030 1328 2030 942 2031 809 2031 1328 2031 809 2032 805 2032 1328 2032 1328 2033 805 2033 1329 2033 805 2034 803 2034 1329 2034 1329 2035 803 2035 1330 2035 803 2036 798 2036 1330 2036 1330 2037 798 2037 1331 2037 1331 2038 795 2038 1332 2038 798 2039 795 2039 1331 2039 1332 2040 795 2040 1333 2040 795 2041 792 2041 1333 2041 792 2042 789 2042 1333 2042 1333 2043 789 2043 1334 2043 1334 2044 787 2044 1335 2044 1335 2045 787 2045 1336 2045 789 2046 787 2046 1334 2046 1336 2047 783 2047 1337 2047 787 2048 783 2048 1336 2048 1337 2049 777 2049 1338 2049 783 2050 777 2050 1337 2050 777 2051 775 2051 1338 2051 1338 2052 772 2052 1339 2052 1339 2053 772 2053 1340 2053 775 2054 772 2054 1338 2054 772 2055 768 2055 1340 2055 1340 2056 766 2056 1341 2056 768 2057 766 2057 1340 2057 1341 2058 762 2058 1342 2058 766 2059 762 2059 1341 2059 1342 2060 758 2060 1343 2060 1343 2061 758 2061 1344 2061 762 2062 758 2062 1342 2062 1344 2063 751 2063 1345 2063 758 2064 751 2064 1344 2064 1345 2065 746 2065 1346 2065 751 2066 746 2066 1345 2066 746 2067 741 2067 1346 2067 741 2068 738 2068 1346 2068 1346 2069 738 2069 1347 2069 738 2070 732 2070 1347 2070 1347 2071 732 2071 1348 2071 732 2072 727 2072 1348 2072 1348 2073 727 2073 1349 2073 727 2074 723 2074 1349 2074 1349 2075 723 2075 1350 2075 1350 2076 723 2076 1351 2076 723 2077 718 2077 1351 2077 1351 2078 718 2078 1352 2078 718 2079 712 2079 1352 2079 712 2080 708 2080 1352 2080 1352 2081 708 2081 1353 2081 708 2082 703 2082 1353 2082 1353 2083 703 2083 1354 2083 1354 2084 703 2084 1355 2084 703 2085 700 2085 1355 2085 700 2086 696 2086 1355 2086 1355 2087 696 2087 1356 2087 696 2088 691 2088 1356 2088 1356 2089 691 2089 1357 2089 1357 2090 691 2090 1358 2090 691 2091 688 2091 1358 2091 1358 2092 688 2092 1359 2092 688 2093 684 2093 1359 2093 684 2094 681 2094 1359 2094 1359 2095 681 2095 1360 2095 1360 2096 681 2096 1361 2096 681 2097 679 2097 1361 2097 679 2098 677 2098 1361 2098 1361 2099 677 2099 1362 2099 677 2100 676 2100 1362 2100 1362 2101 676 2101 1363 2101 1363 2102 676 2102 1364 2102 676 2103 678 2103 1364 2103 678 2104 680 2104 1364 2104 1364 2105 680 2105 1365 2105 1365 2106 680 2106 1366 2106 680 2107 683 2107 1366 2107 1366 2108 687 2108 1367 2108 683 2109 687 2109 1366 2109 1367 2110 690 2110 1368 2110 687 2111 690 2111 1367 2111 1368 2112 695 2112 1369 2112 690 2113 695 2113 1368 2113 1369 2114 698 2114 1370 2114 1370 2115 698 2115 1371 2115 695 2116 698 2116 1369 2116 698 2117 702 2117 1371 2117 702 2118 707 2118 1371 2118 1371 2119 707 2119 1372 2119 707 2120 711 2120 1372 2120 1372 2121 711 2121 1373 2121 711 2122 717 2122 1373 2122 1373 2123 717 2123 1374 2123 717 2124 720 2124 1374 2124 1374 2125 720 2125 1375 2125 720 2126 725 2126 1375 2126 1375 2127 725 2127 1376 2127 1376 2128 725 2128 1377 2128 725 2129 729 2129 1377 2129 729 2130 735 2130 1377 2130 1377 2131 735 2131 1378 2131 735 2132 740 2132 1378 2132 1378 2133 740 2133 1379 2133 740 2134 745 2134 1379 2134 1379 2135 745 2135 1380 2135 745 2136 750 2136 1380 2136 1380 2137 750 2137 1381 2137 750 2138 753 2138 1381 2138 1381 2139 753 2139 1382 2139 753 2140 760 2140 1382 2140 1382 2141 760 2141 1383 2141 1383 2142 765 2142 1384 2142 760 2143 765 2143 1383 2143 1384 2144 767 2144 1385 2144 765 2145 767 2145 1384 2145 1385 2146 771 2146 1386 2146 1386 2147 771 2147 1387 2147 767 2148 771 2148 1385 2148 771 2149 774 2149 1387 2149 1387 2150 776 2150 1388 2150 774 2151 776 2151 1387 2151 1388 2152 782 2152 1389 2152 776 2153 782 2153 1388 2153 1389 2154 786 2154 1390 2154 1390 2155 786 2155 1391 2155 782 2156 786 2156 1389 2156 786 2157 788 2157 1391 2157 1391 2158 791 2158 1392 2158 788 2159 791 2159 1391 2159 1392 2160 794 2160 1393 2160 791 2161 794 2161 1392 2161 1393 2162 797 2162 1394 2162 1394 2163 797 2163 1395 2163 794 2164 797 2164 1393 2164 797 2165 802 2165 1395 2165 802 2166 807 2166 1395 2166 1395 2167 807 2167 1396 2167 807 2168 808 2168 1396 2168 1396 2169 808 2169 1397 2169 1397 2170 808 2170 1398 2170 808 2171 810 2171 1398 2171 810 2172 813 2172 1398 2172 1398 2173 813 2173 1399 2173 1399 2174 813 2174 1400 2174 813 2175 814 2175 1400 2175 1400 2176 815 2176 1401 2176 1401 2177 815 2177 1402 2177 814 2178 815 2178 1400 2178 1402 2179 818 2179 1403 2179 815 2180 818 2180 1402 2180 818 2181 819 2181 1403 2181 1403 2182 822 2182 1404 2182 1404 2183 822 2183 1405 2183 819 2184 822 2184 1403 2184 822 2185 823 2185 1405 2185 1405 2186 824 2186 1406 2186 1406 2187 824 2187 1407 2187 823 2188 824 2188 1405 2188 824 2189 827 2189 1407 2189 1407 2190 828 2190 1408 2190 1408 2191 828 2191 1409 2191 827 2192 828 2192 1407 2192 828 2193 829 2193 1409 2193 1409 2194 832 2194 1284 2194 829 2195 832 2195 1409 2195 873 2196 869 2196 1410 2196 1410 2197 869 2197 1411 2197 1411 2198 869 2198 1412 2198 869 2199 865 2199 1412 2199 1412 2200 861 2200 1413 2200 865 2201 861 2201 1412 2201 1413 2202 857 2202 1414 2202 861 2203 857 2203 1413 2203 1414 2204 853 2204 1415 2204 857 2205 853 2205 1414 2205 1415 2206 849 2206 1416 2206 1416 2207 849 2207 1417 2207 853 2208 849 2208 1415 2208 849 2209 843 2209 1417 2209 1417 2210 839 2210 1418 2210 843 2211 839 2211 1417 2211 1418 2212 835 2212 1419 2212 1419 2213 835 2213 1420 2213 839 2214 835 2214 1418 2214 1420 2215 834 2215 1421 2215 835 2216 834 2216 1420 2216 834 2217 837 2217 1421 2217 837 2218 841 2218 1421 2218 1421 2219 841 2219 1422 2219 841 2220 845 2220 1422 2220 1422 2221 845 2221 1423 2221 1423 2222 845 2222 1424 2222 845 2223 851 2223 1424 2223 1424 2224 855 2224 1425 2224 851 2225 855 2225 1424 2225 1425 2226 859 2226 1426 2226 1426 2227 859 2227 1427 2227 855 2228 859 2228 1425 2228 859 2229 863 2229 1427 2229 1427 2230 867 2230 1428 2230 863 2231 867 2231 1427 2231 1428 2232 871 2232 1429 2232 867 2233 871 2233 1428 2233 1429 2234 875 2234 1430 2234 871 2235 875 2235 1429 2235 1430 2236 879 2236 1431 2236 875 2237 879 2237 1430 2237 1431 2238 883 2238 1432 2238 879 2239 883 2239 1431 2239 1432 2240 887 2240 1433 2240 883 2241 887 2241 1432 2241 1433 2242 891 2242 1434 2242 1434 2243 891 2243 1435 2243 887 2244 891 2244 1433 2244 891 2245 895 2245 1435 2245 1435 2246 830 2246 1436 2246 895 2247 830 2247 1435 2247 1436 2248 826 2248 1437 2248 830 2249 826 2249 1436 2249 1437 2250 825 2250 1438 2250 826 2251 825 2251 1437 2251 1438 2252 821 2252 1439 2252 825 2253 821 2253 1438 2253 1439 2254 820 2254 1440 2254 821 2255 820 2255 1439 2255 1440 2256 817 2256 1441 2256 820 2257 817 2257 1440 2257 1441 2258 816 2258 1442 2258 817 2259 816 2259 1441 2259 1442 2260 812 2260 1443 2260 816 2261 812 2261 1442 2261 1443 2262 811 2262 1444 2262 812 2263 811 2263 1443 2263 1444 2264 801 2264 1445 2264 811 2265 801 2265 1444 2265 1445 2266 800 2266 1446 2266 801 2267 800 2267 1445 2267 1446 2268 780 2268 1447 2268 1447 2269 780 2269 1448 2269 800 2270 780 2270 1446 2270 780 2271 779 2271 1448 2271 779 2272 781 2272 1448 2272 1448 2273 781 2273 1449 2273 781 2274 757 2274 1449 2274 1449 2275 757 2275 1450 2275 1450 2276 757 2276 1451 2276 757 2277 756 2277 1451 2277 756 2278 734 2278 1451 2278 1451 2279 734 2279 1452 2279 734 2280 726 2280 1452 2280 1452 2281 726 2281 1453 2281 1453 2282 726 2282 1454 2282 726 2283 719 2283 1454 2283 719 2284 710 2284 1454 2284 1454 2285 710 2285 1455 2285 710 2286 699 2286 1455 2286 1455 2287 699 2287 1456 2287 699 2288 686 2288 1456 2288 1456 2289 686 2289 1457 2289 1457 2290 673 2290 1458 2290 686 2291 673 2291 1457 2291 1458 2292 673 2292 1459 2292 673 2293 670 2293 1459 2293 670 2294 667 2294 1459 2294 1459 2295 667 2295 1460 2295 1460 2296 664 2296 1461 2296 1461 2297 664 2297 1462 2297 667 2298 664 2298 1460 2298 1462 2299 661 2299 1463 2299 664 2300 661 2300 1462 2300 1463 2301 658 2301 1464 2301 661 2302 658 2302 1463 2302 658 2303 655 2303 1464 2303 1464 2304 652 2304 1465 2304 1465 2305 652 2305 1466 2305 655 2306 652 2306 1464 2306 652 2307 649 2307 1466 2307 1466 2308 646 2308 1467 2308 649 2309 646 2309 1466 2309 1467 2310 643 2310 1468 2310 646 2311 643 2311 1467 2311 1468 2312 640 2312 1469 2312 1469 2313 640 2313 1470 2313 643 2314 640 2314 1468 2314 1470 2315 637 2315 1471 2315 640 2316 637 2316 1470 2316 1471 2317 634 2317 1472 2317 637 2318 634 2318 1471 2318 634 2319 631 2319 1472 2319 631 2320 628 2320 1472 2320 1472 2321 628 2321 1473 2321 628 2322 625 2322 1473 2322 1473 2323 625 2323 1474 2323 625 2324 622 2324 1474 2324 1474 2325 622 2325 1475 2325 622 2326 619 2326 1475 2326 1475 2327 619 2327 1476 2327 1476 2328 619 2328 1477 2328 619 2329 616 2329 1477 2329 1477 2330 616 2330 1478 2330 616 2331 613 2331 1478 2331 613 2332 610 2332 1478 2332 1478 2333 610 2333 1479 2333 610 2334 607 2334 1479 2334 1479 2335 607 2335 1480 2335 1480 2336 607 2336 1481 2336 607 2337 604 2337 1481 2337 604 2338 602 2338 1481 2338 1481 2339 602 2339 1482 2339 602 2340 600 2340 1482 2340 1482 2341 600 2341 1483 2341 1483 2342 600 2342 1484 2342 600 2343 598 2343 1484 2343 1484 2344 598 2344 1485 2344 598 2345 596 2345 1485 2345 596 2346 594 2346 1485 2346 1485 2347 594 2347 1486 2347 1486 2348 594 2348 1487 2348 594 2349 592 2349 1487 2349 592 2350 589 2350 1487 2350 1487 2351 589 2351 1488 2351 589 2352 590 2352 1488 2352 1488 2353 590 2353 1489 2353 1489 2354 590 2354 1490 2354 590 2355 591 2355 1490 2355 591 2356 593 2356 1490 2356 1490 2357 593 2357 1491 2357 1491 2358 593 2358 1492 2358 593 2359 595 2359 1492 2359 1492 2360 597 2360 1493 2360 595 2361 597 2361 1492 2361 1493 2362 599 2362 1494 2362 597 2363 599 2363 1493 2363 1494 2364 601 2364 1495 2364 599 2365 601 2365 1494 2365 1495 2366 603 2366 1496 2366 1496 2367 603 2367 1497 2367 601 2368 603 2368 1495 2368 603 2369 605 2369 1497 2369 605 2370 608 2370 1497 2370 1497 2371 608 2371 1498 2371 608 2372 611 2372 1498 2372 1498 2373 611 2373 1499 2373 611 2374 614 2374 1499 2374 1499 2375 614 2375 1500 2375 614 2376 617 2376 1500 2376 1500 2377 617 2377 1501 2377 617 2378 620 2378 1501 2378 1501 2379 620 2379 1502 2379 1502 2380 620 2380 1503 2380 620 2381 623 2381 1503 2381 623 2382 626 2382 1503 2382 1503 2383 626 2383 1504 2383 626 2384 629 2384 1504 2384 1504 2385 629 2385 1505 2385 629 2386 632 2386 1505 2386 1505 2387 632 2387 1506 2387 632 2388 635 2388 1506 2388 1506 2389 635 2389 1507 2389 635 2390 638 2390 1507 2390 1507 2391 638 2391 1508 2391 638 2392 641 2392 1508 2392 1508 2393 641 2393 1509 2393 1509 2394 644 2394 1510 2394 641 2395 644 2395 1509 2395 1510 2396 647 2396 1511 2396 644 2397 647 2397 1510 2397 1511 2398 650 2398 1512 2398 1512 2399 650 2399 1513 2399 647 2400 650 2400 1511 2400 650 2401 653 2401 1513 2401 1513 2402 656 2402 1514 2402 653 2403 656 2403 1513 2403 1514 2404 659 2404 1515 2404 656 2405 659 2405 1514 2405 1515 2406 662 2406 1516 2406 1516 2407 662 2407 1517 2407 659 2408 662 2408 1515 2408 662 2409 665 2409 1517 2409 1517 2410 668 2410 1518 2410 665 2411 668 2411 1517 2411 1518 2412 671 2412 1519 2412 668 2413 671 2413 1518 2413 1519 2414 674 2414 1520 2414 1520 2415 674 2415 1521 2415 671 2416 674 2416 1519 2416 674 2417 693 2417 1521 2417 693 2418 705 2418 1521 2418 1521 2419 705 2419 1522 2419 705 2420 715 2420 1522 2420 1522 2421 715 2421 1523 2421 1523 2422 715 2422 1524 2422 715 2423 721 2423 1524 2423 721 2424 730 2424 1524 2424 1524 2425 730 2425 1525 2425 1525 2426 730 2426 1526 2426 730 2427 736 2427 1526 2427 1526 2428 743 2428 1527 2428 1527 2429 743 2429 1528 2429 736 2430 743 2430 1526 2430 1528 2431 748 2431 1529 2431 743 2432 748 2432 1528 2432 748 2433 754 2433 1529 2433 1529 2434 761 2434 1530 2434 1530 2435 761 2435 1531 2435 754 2436 761 2436 1529 2436 761 2437 893 2437 1531 2437 1531 2438 889 2438 1532 2438 1532 2439 889 2439 1533 2439 893 2440 889 2440 1531 2440 889 2441 885 2441 1533 2441 1533 2442 881 2442 1534 2442 1534 2443 881 2443 1535 2443 885 2444 881 2444 1533 2444 881 2445 877 2445 1535 2445 1535 2446 873 2446 1410 2446 877 2447 873 2447 1535 2447 1103 2448 1102 2448 1536 2448 1536 2449 1102 2449 1537 2449 1537 2450 1102 2450 1538 2450 1102 2451 1107 2451 1538 2451 1538 2452 1108 2452 1539 2452 1107 2453 1108 2453 1538 2453 1539 2454 1109 2454 1540 2454 1108 2455 1109 2455 1539 2455 1540 2456 1113 2456 1541 2456 1109 2457 1113 2457 1540 2457 1541 2458 1114 2458 1542 2458 1542 2459 1114 2459 1543 2459 1113 2460 1114 2460 1541 2460 1114 2461 1115 2461 1543 2461 1543 2462 1118 2462 1544 2462 1115 2463 1118 2463 1543 2463 1544 2464 1119 2464 1545 2464 1545 2465 1119 2465 1546 2465 1118 2466 1119 2466 1544 2466 1546 2467 1120 2467 1547 2467 1119 2468 1120 2468 1546 2468 1120 2469 1124 2469 1547 2469 1124 2470 1125 2470 1547 2470 1547 2471 1125 2471 1548 2471 1125 2472 1126 2472 1548 2472 1548 2473 1126 2473 1549 2473 1549 2474 1126 2474 1550 2474 1126 2475 1129 2475 1550 2475 1550 2476 1130 2476 1551 2476 1129 2477 1130 2477 1550 2477 1551 2478 1133 2478 1552 2478 1552 2479 1133 2479 1553 2479 1130 2480 1133 2480 1551 2480 1133 2481 1134 2481 1553 2481 1553 2482 1135 2482 1554 2482 1134 2483 1135 2483 1553 2483 1554 2484 1138 2484 1555 2484 1135 2485 1138 2485 1554 2485 1555 2486 1139 2486 1556 2486 1138 2487 1139 2487 1555 2487 1556 2488 1140 2488 1557 2488 1139 2489 1140 2489 1556 2489 1557 2490 1143 2490 1558 2490 1140 2491 1143 2491 1557 2491 1558 2492 1144 2492 1559 2492 1143 2493 1144 2493 1558 2493 1559 2494 1146 2494 1560 2494 1560 2495 1146 2495 1561 2495 1144 2496 1146 2496 1559 2496 1146 2497 1147 2497 1561 2497 1561 2498 1148 2498 1562 2498 1147 2499 1148 2499 1561 2499 1562 2500 1151 2500 1563 2500 1148 2501 1151 2501 1562 2501 1563 2502 1152 2502 1564 2502 1151 2503 1152 2503 1563 2503 1564 2504 1155 2504 1565 2504 1152 2505 1155 2505 1564 2505 1565 2506 1156 2506 1566 2506 1155 2507 1156 2507 1565 2507 1566 2508 1157 2508 1567 2508 1156 2509 1157 2509 1566 2509 1567 2510 1154 2510 1568 2510 1157 2511 1154 2511 1567 2511 1568 2512 1153 2512 1569 2512 1154 2513 1153 2513 1568 2513 1569 2514 1150 2514 1570 2514 1153 2515 1150 2515 1569 2515 1570 2516 1149 2516 1571 2516 1150 2517 1149 2517 1570 2517 1571 2518 1145 2518 1572 2518 1149 2519 1145 2519 1571 2519 1572 2520 1063 2520 1573 2520 1573 2521 1063 2521 1574 2521 1145 2522 1063 2522 1572 2522 1063 2523 1061 2523 1574 2523 1061 2524 1059 2524 1574 2524 1574 2525 1059 2525 1575 2525 1059 2526 1054 2526 1575 2526 1575 2527 1054 2527 1576 2527 1576 2528 1054 2528 1577 2528 1054 2529 1052 2529 1577 2529 1052 2530 1050 2530 1577 2530 1577 2531 1050 2531 1578 2531 1050 2532 1046 2532 1578 2532 1578 2533 1046 2533 1579 2533 1579 2534 1046 2534 1580 2534 1046 2535 1044 2535 1580 2535 1044 2536 1040 2536 1580 2536 1580 2537 1040 2537 1581 2537 1040 2538 1038 2538 1581 2538 1581 2539 1038 2539 1582 2539 1038 2540 1036 2540 1582 2540 1582 2541 1036 2541 1583 2541 1583 2542 1032 2542 1584 2542 1036 2543 1032 2543 1583 2543 1584 2544 1032 2544 1585 2544 1032 2545 1030 2545 1585 2545 1030 2546 1025 2546 1585 2546 1585 2547 1025 2547 1586 2547 1586 2548 1023 2548 1587 2548 1587 2549 1023 2549 1588 2549 1025 2550 1023 2550 1586 2550 1588 2551 1021 2551 1589 2551 1023 2552 1021 2552 1588 2552 1589 2553 1018 2553 1590 2553 1021 2554 1018 2554 1589 2554 1018 2555 1016 2555 1590 2555 1590 2556 1012 2556 1591 2556 1591 2557 1012 2557 1592 2557 1016 2558 1012 2558 1590 2558 1012 2559 1009 2559 1592 2559 1592 2560 1005 2560 1593 2560 1009 2561 1005 2561 1592 2561 1593 2562 999 2562 1594 2562 1005 2563 999 2563 1593 2563 1594 2564 995 2564 1595 2564 1595 2565 995 2565 1596 2565 999 2566 995 2566 1594 2566 1596 2567 991 2567 1597 2567 995 2568 991 2568 1596 2568 1597 2569 987 2569 1598 2569 991 2570 987 2570 1597 2570 987 2571 980 2571 1598 2571 980 2572 976 2572 1598 2572 1598 2573 976 2573 1599 2573 976 2574 972 2574 1599 2574 1599 2575 972 2575 1600 2575 972 2576 966 2576 1600 2576 1600 2577 966 2577 1601 2577 966 2578 962 2578 1601 2578 1601 2579 962 2579 1602 2579 1602 2580 962 2580 1603 2580 962 2581 958 2581 1603 2581 1603 2582 958 2582 1604 2582 958 2583 954 2583 1604 2583 954 2584 950 2584 1604 2584 1604 2585 950 2585 1605 2585 950 2586 946 2586 1605 2586 1605 2587 946 2587 1606 2587 1606 2588 946 2588 1607 2588 946 2589 941 2589 1607 2589 941 2590 937 2590 1607 2590 1607 2591 937 2591 1608 2591 937 2592 933 2592 1608 2592 1608 2593 933 2593 1609 2593 1609 2594 933 2594 1610 2594 933 2595 929 2595 1610 2595 1610 2596 929 2596 1611 2596 929 2597 925 2597 1611 2597 925 2598 920 2598 1611 2598 1611 2599 920 2599 1612 2599 1612 2600 920 2600 1613 2600 920 2601 916 2601 1613 2601 916 2602 912 2602 1613 2602 1613 2603 912 2603 1614 2603 912 2604 909 2604 1614 2604 1614 2605 909 2605 1615 2605 1615 2606 909 2606 1616 2606 909 2607 914 2607 1616 2607 914 2608 918 2608 1616 2608 1616 2609 918 2609 1617 2609 1617 2610 918 2610 1618 2610 918 2611 923 2611 1618 2611 1618 2612 927 2612 1619 2612 923 2613 927 2613 1618 2613 1619 2614 931 2614 1620 2614 927 2615 931 2615 1619 2615 1620 2616 935 2616 1621 2616 931 2617 935 2617 1620 2617 1621 2618 939 2618 1622 2618 1622 2619 939 2619 1623 2619 935 2620 939 2620 1621 2620 939 2621 943 2621 1623 2621 943 2622 948 2622 1623 2622 1623 2623 948 2623 1624 2623 948 2624 952 2624 1624 2624 1624 2625 952 2625 1625 2625 952 2626 956 2626 1625 2626 1625 2627 956 2627 1626 2627 956 2628 960 2628 1626 2628 1626 2629 960 2629 1627 2629 960 2630 964 2630 1627 2630 1627 2631 964 2631 1628 2631 1628 2632 964 2632 1629 2632 964 2633 970 2633 1629 2633 970 2634 974 2634 1629 2634 1629 2635 974 2635 1630 2635 974 2636 978 2636 1630 2636 1630 2637 978 2637 1631 2637 978 2638 982 2638 1631 2638 1631 2639 982 2639 1632 2639 982 2640 989 2640 1632 2640 1632 2641 989 2641 1633 2641 989 2642 993 2642 1633 2642 1633 2643 993 2643 1634 2643 993 2644 997 2644 1634 2644 1634 2645 997 2645 1635 2645 1635 2646 1003 2646 1636 2646 997 2647 1003 2647 1635 2647 1636 2648 1007 2648 1637 2648 1003 2649 1007 2649 1636 2649 1637 2650 1011 2650 1638 2650 1638 2651 1011 2651 1639 2651 1007 2652 1011 2652 1637 2652 1011 2653 1020 2653 1639 2653 1639 2654 1034 2654 1640 2654 1020 2655 1034 2655 1639 2655 1640 2656 1035 2656 1641 2656 1034 2657 1035 2657 1640 2657 1641 2658 1048 2658 1642 2658 1642 2659 1048 2659 1643 2659 1035 2660 1048 2660 1641 2660 1048 2661 1049 2661 1643 2661 1643 2662 1065 2662 1644 2662 1049 2663 1065 2663 1643 2663 1644 2664 1066 2664 1645 2664 1065 2665 1066 2665 1644 2665 1645 2666 1070 2666 1646 2666 1646 2667 1070 2667 1647 2667 1066 2668 1070 2668 1645 2668 1070 2669 1071 2669 1647 2669 1071 2670 1075 2670 1647 2670 1647 2671 1075 2671 1648 2671 1075 2672 1076 2672 1648 2672 1648 2673 1076 2673 1649 2673 1649 2674 1076 2674 1650 2674 1076 2675 1077 2675 1650 2675 1077 2676 1080 2676 1650 2676 1650 2677 1080 2677 1651 2677 1651 2678 1080 2678 1652 2678 1080 2679 1081 2679 1652 2679 1652 2680 1085 2680 1653 2680 1653 2681 1085 2681 1654 2681 1081 2682 1085 2682 1652 2682 1654 2683 1086 2683 1655 2683 1085 2684 1086 2684 1654 2684 1086 2685 1087 2685 1655 2685 1655 2686 1091 2686 1656 2686 1656 2687 1091 2687 1657 2687 1087 2688 1091 2688 1655 2688 1091 2689 1092 2689 1657 2689 1657 2690 1093 2690 1658 2690 1658 2691 1093 2691 1659 2691 1092 2692 1093 2692 1657 2692 1093 2693 1097 2693 1659 2693 1659 2694 1098 2694 1660 2694 1660 2695 1098 2695 1661 2695 1097 2696 1098 2696 1659 2696 1098 2697 1104 2697 1661 2697 1661 2698 1103 2698 1536 2698 1104 2699 1103 2699 1661 2699 1062 2700 1064 2700 1662 2700 1662 2701 1064 2701 1663 2701 1663 2702 1064 2702 1664 2702 1064 2703 1142 2703 1664 2703 1664 2704 1141 2704 1665 2704 1142 2705 1141 2705 1664 2705 1665 2706 1137 2706 1666 2706 1141 2707 1137 2707 1665 2707 1666 2708 1136 2708 1667 2708 1137 2709 1136 2709 1666 2709 1667 2710 1132 2710 1668 2710 1668 2711 1132 2711 1669 2711 1136 2712 1132 2712 1667 2712 1132 2713 1131 2713 1669 2713 1669 2714 1128 2714 1670 2714 1131 2715 1128 2715 1669 2715 1670 2716 1127 2716 1671 2716 1671 2717 1127 2717 1672 2717 1128 2718 1127 2718 1670 2718 1672 2719 1122 2719 1673 2719 1127 2720 1122 2720 1672 2720 1122 2721 1121 2721 1673 2721 1121 2722 1123 2722 1673 2722 1673 2723 1123 2723 1674 2723 1123 2724 1117 2724 1674 2724 1674 2725 1117 2725 1675 2725 1675 2726 1117 2726 1676 2726 1117 2727 1116 2727 1676 2727 1676 2728 1111 2728 1677 2728 1116 2729 1111 2729 1676 2729 1677 2730 1110 2730 1678 2730 1678 2731 1110 2731 1679 2731 1111 2732 1110 2732 1677 2732 1110 2733 1112 2733 1679 2733 1679 2734 1106 2734 1680 2734 1112 2735 1106 2735 1679 2735 1680 2736 1105 2736 1681 2736 1106 2737 1105 2737 1680 2737 1681 2738 1100 2738 1682 2738 1105 2739 1100 2739 1681 2739 1682 2740 1099 2740 1683 2740 1100 2741 1099 2741 1682 2741 1683 2742 1101 2742 1684 2742 1099 2743 1101 2743 1683 2743 1684 2744 1095 2744 1685 2744 1101 2745 1095 2745 1684 2745 1685 2746 1094 2746 1686 2746 1686 2747 1094 2747 1687 2747 1095 2748 1094 2748 1685 2748 1094 2749 1096 2749 1687 2749 1687 2750 1089 2750 1688 2750 1096 2751 1089 2751 1687 2751 1688 2752 1088 2752 1689 2752 1089 2753 1088 2753 1688 2753 1689 2754 1090 2754 1690 2754 1088 2755 1090 2755 1689 2755 1690 2756 1083 2756 1691 2756 1090 2757 1083 2757 1690 2757 1691 2758 1082 2758 1692 2758 1083 2759 1082 2759 1691 2759 1692 2760 1084 2760 1693 2760 1082 2761 1084 2761 1692 2761 1693 2762 1079 2762 1694 2762 1084 2763 1079 2763 1693 2763 1694 2764 1078 2764 1695 2764 1079 2765 1078 2765 1694 2765 1695 2766 1073 2766 1696 2766 1078 2767 1073 2767 1695 2767 1696 2768 1072 2768 1697 2768 1073 2769 1072 2769 1696 2769 1697 2770 1074 2770 1698 2770 1072 2771 1074 2771 1697 2771 1698 2772 1068 2772 1699 2772 1699 2773 1068 2773 1700 2773 1074 2774 1068 2774 1698 2774 1068 2775 1067 2775 1700 2775 1067 2776 1069 2776 1700 2776 1700 2777 1069 2777 1701 2777 1069 2778 1057 2778 1701 2778 1701 2779 1057 2779 1702 2779 1702 2780 1057 2780 1703 2780 1057 2781 1056 2781 1703 2781 1056 2782 1058 2782 1703 2782 1703 2783 1058 2783 1704 2783 1058 2784 1043 2784 1704 2784 1704 2785 1043 2785 1705 2785 1705 2786 1043 2786 1706 2786 1043 2787 1042 2787 1706 2787 1042 2788 1028 2788 1706 2788 1706 2789 1028 2789 1707 2789 1028 2790 1027 2790 1707 2790 1707 2791 1027 2791 1708 2791 1027 2792 1029 2792 1708 2792 1708 2793 1029 2793 1709 2793 1709 2794 1015 2794 1710 2794 1029 2795 1015 2795 1709 2795 1710 2796 1015 2796 1711 2796 1015 2797 1014 2797 1711 2797 1014 2798 985 2798 1711 2798 1711 2799 985 2799 1712 2799 1712 2800 984 2800 1713 2800 1713 2801 984 2801 1714 2801 985 2802 984 2802 1712 2802 1714 2803 986 2803 1715 2803 984 2804 986 2804 1714 2804 1715 2805 947 2805 1716 2805 986 2806 947 2806 1715 2806 947 2807 945 2807 1716 2807 1716 2808 922 2808 1717 2808 1717 2809 922 2809 1718 2809 945 2810 922 2810 1716 2810 922 2811 908 2811 1718 2811 1718 2812 905 2812 1719 2812 908 2813 905 2813 1718 2813 1719 2814 904 2814 1720 2814 905 2815 904 2815 1719 2815 1720 2816 903 2816 1721 2816 1721 2817 903 2817 1722 2817 904 2818 903 2818 1720 2818 1722 2819 902 2819 1723 2819 903 2820 902 2820 1722 2820 1723 2821 901 2821 1724 2821 902 2822 901 2822 1723 2822 901 2823 900 2823 1724 2823 900 2824 899 2824 1724 2824 1724 2825 899 2825 1725 2825 899 2826 894 2826 1725 2826 1725 2827 894 2827 1726 2827 894 2828 890 2828 1726 2828 1726 2829 890 2829 1727 2829 890 2830 886 2830 1727 2830 1727 2831 886 2831 1728 2831 1728 2832 886 2832 1729 2832 886 2833 882 2833 1729 2833 1729 2834 882 2834 1730 2834 882 2835 878 2835 1730 2835 878 2836 874 2836 1730 2836 1730 2837 874 2837 1731 2837 874 2838 870 2838 1731 2838 1731 2839 870 2839 1732 2839 1732 2840 870 2840 1733 2840 870 2841 866 2841 1733 2841 866 2842 862 2842 1733 2842 1733 2843 862 2843 1734 2843 862 2844 858 2844 1734 2844 1734 2845 858 2845 1735 2845 1735 2846 858 2846 1736 2846 858 2847 854 2847 1736 2847 1736 2848 854 2848 1737 2848 854 2849 850 2849 1737 2849 850 2850 844 2850 1737 2850 1737 2851 844 2851 1738 2851 1738 2852 844 2852 1739 2852 844 2853 840 2853 1739 2853 840 2854 836 2854 1739 2854 1739 2855 836 2855 1740 2855 836 2856 833 2856 1740 2856 1740 2857 833 2857 1741 2857 1741 2858 833 2858 1742 2858 833 2859 838 2859 1742 2859 838 2860 842 2860 1742 2860 1742 2861 842 2861 1743 2861 1743 2862 842 2862 1744 2862 842 2863 848 2863 1744 2863 1744 2864 852 2864 1745 2864 848 2865 852 2865 1744 2865 1745 2866 856 2866 1746 2866 852 2867 856 2867 1745 2867 1746 2868 860 2868 1747 2868 856 2869 860 2869 1746 2869 1747 2870 864 2870 1748 2870 1748 2871 864 2871 1749 2871 860 2872 864 2872 1747 2872 864 2873 868 2873 1749 2873 868 2874 872 2874 1749 2874 1749 2875 872 2875 1750 2875 872 2876 876 2876 1750 2876 1750 2877 876 2877 1751 2877 876 2878 880 2878 1751 2878 1751 2879 880 2879 1752 2879 880 2880 884 2880 1752 2880 1752 2881 884 2881 1753 2881 884 2882 888 2882 1753 2882 1753 2883 888 2883 1754 2883 1754 2884 888 2884 1755 2884 888 2885 892 2885 1755 2885 892 2886 896 2886 1755 2886 1755 2887 896 2887 1756 2887 896 2888 951 2888 1756 2888 1756 2889 951 2889 1757 2889 951 2890 955 2890 1757 2890 1757 2891 955 2891 1758 2891 955 2892 959 2892 1758 2892 1758 2893 959 2893 1759 2893 959 2894 963 2894 1759 2894 1759 2895 963 2895 1760 2895 963 2896 967 2896 1760 2896 1760 2897 967 2897 1761 2897 1761 2898 973 2898 1762 2898 967 2899 973 2899 1761 2899 1762 2900 977 2900 1763 2900 973 2901 977 2901 1762 2901 1763 2902 981 2902 1764 2902 1764 2903 981 2903 1765 2903 977 2904 981 2904 1763 2904 981 2905 988 2905 1765 2905 1765 2906 992 2906 1766 2906 988 2907 992 2907 1765 2907 1766 2908 996 2908 1767 2908 992 2909 996 2909 1766 2909 1767 2910 1000 2910 1768 2910 1768 2911 1000 2911 1769 2911 996 2912 1000 2912 1767 2912 1000 2913 1006 2913 1769 2913 1769 2914 1010 2914 1770 2914 1006 2915 1010 2915 1769 2915 1770 2916 1013 2916 1771 2916 1010 2917 1013 2917 1770 2917 1771 2918 1017 2918 1772 2918 1772 2919 1017 2919 1773 2919 1013 2920 1017 2920 1771 2920 1017 2921 1019 2921 1773 2921 1019 2922 1022 2922 1773 2922 1773 2923 1022 2923 1774 2923 1022 2924 1024 2924 1774 2924 1774 2925 1024 2925 1775 2925 1775 2926 1024 2926 1776 2926 1024 2927 1026 2927 1776 2927 1026 2928 1031 2928 1776 2928 1776 2929 1031 2929 1777 2929 1777 2930 1031 2930 1778 2930 1031 2931 1033 2931 1778 2931 1778 2932 1037 2932 1779 2932 1779 2933 1037 2933 1780 2933 1033 2934 1037 2934 1778 2934 1780 2935 1039 2935 1781 2935 1037 2936 1039 2936 1780 2936 1039 2937 1041 2937 1781 2937 1781 2938 1045 2938 1782 2938 1782 2939 1045 2939 1783 2939 1041 2940 1045 2940 1781 2940 1045 2941 1047 2941 1783 2941 1783 2942 1051 2942 1784 2942 1784 2943 1051 2943 1785 2943 1047 2944 1051 2944 1783 2944 1051 2945 1053 2945 1785 2945 1785 2946 1055 2946 1786 2946 1786 2947 1055 2947 1787 2947 1053 2948 1055 2948 1785 2948 1055 2949 1060 2949 1787 2949 1787 2950 1062 2950 1662 2950 1060 2951 1062 2951 1787 2951 1235 2952 1236 2952 1237 2952 1240 2953 1238 2953 1239 2953 1233 2954 1234 2954 1235 2954 1243 2955 1235 2955 1237 2955 1243 2956 1238 2956 1240 2956 1243 2957 1233 2957 1235 2957 1243 2958 1237 2958 1238 2958 1243 2959 1240 2959 1241 2959 1243 2960 1241 2960 1242 2960 1229 2961 1230 2961 1231 2961 1229 2962 1231 2962 1232 2962 1229 2963 1232 2963 1233 2963 1245 2964 1243 2964 1244 2964 1227 2965 1228 2965 1229 2965 1247 2966 1243 2966 1245 2966 1247 2967 1245 2967 1246 2967 1226 2968 1227 2968 1229 2968 1224 2969 1225 2969 1226 2969 1250 2970 1247 2970 1248 2970 1250 2971 1248 2971 1249 2971 1222 2972 1223 2972 1224 2972 1221 2973 1226 2973 1229 2973 1221 2974 1222 2974 1224 2974 1221 2975 1224 2975 1226 2975 1253 2976 1243 2976 1247 2976 1253 2977 1247 2977 1250 2977 1253 2978 1250 2978 1251 2978 1253 2979 1251 2979 1252 2979 1219 2980 1220 2980 1221 2980 1255 2981 1253 2981 1254 2981 1256 2982 1253 2982 1255 2982 1215 2983 1216 2983 1217 2983 1215 2984 1217 2984 1218 2984 1215 2985 1218 2985 1219 2985 1215 2986 1219 2986 1221 2986 1259 2987 1257 2987 1258 2987 1213 2988 1214 2988 1215 2988 1261 2989 1253 2989 1256 2989 1261 2990 1259 2990 1260 2990 1261 2991 1257 2991 1259 2991 1261 2992 1256 2992 1257 2992 1212 2993 1213 2993 1215 2993 1211 2994 1212 2994 1215 2994 1265 2995 1262 2995 1263 2995 1265 2996 1263 2996 1264 2996 1266 2997 1261 2997 1262 2997 1266 2998 1262 2998 1265 2998 1266 2999 1253 2999 1261 2999 1207 3000 1208 3000 1209 3000 1268 3001 1266 3001 1267 3001 1205 3002 1211 3002 1215 3002 1205 3003 1207 3003 1209 3003 1205 3004 1206 3004 1207 3004 1205 3005 1209 3005 1210 3005 1205 3006 1210 3006 1211 3006 1269 3007 1266 3007 1268 3007 1269 3008 1253 3008 1266 3008 1270 3009 1233 3009 1243 3009 1270 3010 1253 3010 1269 3010 1270 3011 1243 3011 1253 3011 1203 3012 1204 3012 1205 3012 1202 3013 1203 3013 1205 3013 1200 3014 1201 3014 1202 3014 1200 3015 1202 3015 1205 3015 1274 3016 1270 3016 1271 3016 1274 3017 1271 3017 1272 3017 1274 3018 1272 3018 1273 3018 1198 3019 1199 3019 1200 3019 1276 3020 1274 3020 1275 3020 1276 3021 1270 3021 1274 3021 1197 3022 1198 3022 1200 3022 1197 3023 1200 3023 1205 3023 1278 3024 1276 3024 1277 3024 1279 3025 1276 3025 1278 3025 1192 3026 1193 3026 1194 3026 1192 3027 1194 3027 1195 3027 1192 3028 1195 3028 1196 3028 1282 3029 1280 3029 1281 3029 1191 3030 1192 3030 1196 3030 1158 3031 1282 3031 1283 3031 1158 3032 1280 3032 1282 3032 1189 3033 1190 3033 1191 3033 1159 3034 1280 3034 1158 3034 1159 3035 1279 3035 1280 3035 1159 3036 1276 3036 1279 3036 1188 3037 1189 3037 1191 3037 1186 3038 1187 3038 1188 3038 1162 3039 1160 3039 1161 3039 1163 3040 1159 3040 1160 3040 1163 3041 1160 3041 1162 3041 1184 3042 1186 3042 1188 3042 1184 3043 1185 3043 1186 3043 1183 3044 1184 3044 1188 3044 1182 3045 1183 3045 1188 3045 1166 3046 1163 3046 1164 3046 1166 3047 1164 3047 1165 3047 1166 3048 1159 3048 1163 3048 1180 3049 1188 3049 1191 3049 1180 3050 1181 3050 1182 3050 1180 3051 1182 3051 1188 3051 1179 3052 1180 3052 1191 3052 1169 3053 1166 3053 1167 3053 1169 3054 1167 3054 1168 3054 1170 3055 1215 3055 1221 3055 1170 3056 1276 3056 1159 3056 1170 3057 1166 3057 1169 3057 1170 3058 1159 3058 1166 3058 1170 3059 1233 3059 1270 3059 1170 3060 1229 3060 1233 3060 1170 3061 1270 3061 1276 3061 1170 3062 1221 3062 1229 3062 1177 3063 1178 3063 1179 3063 1174 3064 1191 3064 1196 3064 1174 3065 1170 3065 1171 3065 1174 3066 1171 3066 1172 3066 1174 3067 1172 3067 1173 3067 1174 3068 1175 3068 1176 3068 1174 3069 1215 3069 1170 3069 1174 3070 1176 3070 1177 3070 1174 3071 1196 3071 1197 3071 1174 3072 1205 3072 1215 3072 1174 3073 1179 3073 1191 3073 1174 3074 1177 3074 1179 3074 1174 3075 1197 3075 1205 3075 1361 3076 1362 3076 1363 3076 1360 3077 1361 3077 1363 3077 1367 3078 1363 3078 1364 3078 1367 3079 1364 3079 1365 3079 1367 3080 1365 3080 1366 3080 1357 3081 1358 3081 1359 3081 1357 3082 1359 3082 1360 3082 1369 3083 1367 3083 1368 3083 1355 3084 1356 3084 1357 3084 1372 3085 1369 3085 1370 3085 1372 3086 1370 3086 1371 3086 1352 3087 1353 3087 1354 3087 1352 3088 1354 3088 1355 3088 1374 3089 1372 3089 1373 3089 1375 3090 1360 3090 1363 3090 1375 3091 1363 3091 1367 3091 1375 3092 1367 3092 1369 3092 1375 3093 1369 3093 1372 3093 1375 3094 1372 3094 1374 3094 1377 3095 1375 3095 1376 3095 1379 3096 1375 3096 1377 3096 1379 3097 1377 3097 1378 3097 1346 3098 1347 3098 1348 3098 1346 3099 1348 3099 1349 3099 1346 3100 1349 3100 1350 3100 1346 3101 1350 3101 1351 3101 1346 3102 1351 3102 1352 3102 1381 3103 1379 3103 1380 3103 1382 3104 1379 3104 1381 3104 1342 3105 1343 3105 1344 3105 1384 3106 1379 3106 1382 3106 1384 3107 1375 3107 1379 3107 1384 3108 1382 3108 1383 3108 1341 3109 1342 3109 1344 3109 1341 3110 1344 3110 1345 3110 1341 3111 1345 3111 1346 3111 1338 3112 1339 3112 1340 3112 1388 3113 1385 3113 1386 3113 1388 3114 1386 3114 1387 3114 1337 3115 1338 3115 1340 3115 1337 3116 1340 3116 1341 3116 1389 3117 1385 3117 1388 3117 1390 3118 1385 3118 1389 3118 1335 3119 1336 3119 1337 3119 1391 3120 1385 3120 1390 3120 1333 3121 1334 3121 1335 3121 1393 3122 1384 3122 1385 3122 1393 3123 1391 3123 1392 3123 1393 3124 1385 3124 1391 3124 1332 3125 1335 3125 1337 3125 1332 3126 1333 3126 1335 3126 1394 3127 1375 3127 1384 3127 1394 3128 1384 3128 1393 3128 1331 3129 1332 3129 1337 3129 1330 3130 1331 3130 1337 3130 1328 3131 1329 3131 1330 3131 1398 3132 1395 3132 1396 3132 1398 3133 1396 3133 1397 3133 1326 3134 1327 3134 1328 3134 1400 3135 1398 3135 1399 3135 1401 3136 1394 3136 1395 3136 1401 3137 1395 3137 1398 3137 1401 3138 1398 3138 1400 3138 1402 3139 1375 3139 1394 3139 1402 3140 1394 3140 1401 3140 1322 3141 1323 3141 1324 3141 1322 3142 1324 3142 1325 3142 1322 3143 1325 3143 1326 3143 1404 3144 1402 3144 1403 3144 1404 3145 1357 3145 1360 3145 1404 3146 1355 3146 1357 3146 1404 3147 1360 3147 1375 3147 1404 3148 1375 3148 1402 3148 1406 3149 1404 3149 1405 3149 1319 3150 1320 3150 1321 3150 1319 3151 1321 3151 1322 3151 1319 3152 1326 3152 1328 3152 1319 3153 1322 3153 1326 3153 1407 3154 1404 3154 1406 3154 1408 3155 1404 3155 1407 3155 1317 3156 1318 3156 1319 3156 1409 3157 1404 3157 1408 3157 1316 3158 1317 3158 1319 3158 1285 3159 1404 3159 1409 3159 1285 3160 1409 3160 1284 3160 1286 3161 1404 3161 1285 3161 1312 3162 1313 3162 1314 3162 1312 3163 1314 3163 1315 3163 1288 3164 1286 3164 1287 3164 1311 3165 1312 3165 1315 3165 1311 3166 1315 3166 1316 3166 1289 3167 1286 3167 1288 3167 1290 3168 1286 3168 1289 3168 1309 3169 1311 3169 1316 3169 1309 3170 1310 3170 1311 3170 1307 3171 1308 3171 1309 3171 1307 3172 1309 3172 1316 3172 1293 3173 1290 3173 1291 3173 1293 3174 1291 3174 1292 3174 1294 3175 1404 3175 1286 3175 1294 3176 1286 3176 1290 3176 1294 3177 1355 3177 1404 3177 1294 3178 1352 3178 1355 3178 1294 3179 1346 3179 1352 3179 1294 3180 1290 3180 1293 3180 1304 3181 1305 3181 1306 3181 1304 3182 1306 3182 1307 3182 1296 3183 1294 3183 1295 3183 1303 3184 1319 3184 1328 3184 1303 3185 1316 3185 1319 3185 1303 3186 1328 3186 1330 3186 1303 3187 1307 3187 1316 3187 1303 3188 1304 3188 1307 3188 1303 3189 1330 3189 1337 3189 1298 3190 1296 3190 1297 3190 1298 3191 1294 3191 1296 3191 1301 3192 1302 3192 1303 3192 1299 3193 1294 3193 1298 3193 1300 3194 1341 3194 1346 3194 1300 3195 1337 3195 1341 3195 1300 3196 1346 3196 1294 3196 1300 3197 1303 3197 1337 3197 1300 3198 1301 3198 1303 3198 1300 3199 1294 3199 1299 3199 1494 3200 1489 3200 1490 3200 1494 3201 1490 3201 1491 3201 1494 3202 1491 3202 1492 3202 1494 3203 1492 3203 1493 3203 1483 3204 1484 3204 1485 3204 1495 3205 1489 3205 1494 3205 1482 3206 1483 3206 1485 3206 1482 3207 1485 3207 1486 3207 1482 3208 1486 3208 1487 3208 1482 3209 1487 3209 1488 3209 1497 3210 1495 3210 1496 3210 1479 3211 1480 3211 1481 3211 1499 3212 1495 3212 1497 3212 1499 3213 1497 3213 1498 3213 1478 3214 1479 3214 1481 3214 1478 3215 1481 3215 1482 3215 1502 3216 1499 3216 1500 3216 1502 3217 1500 3217 1501 3217 1475 3218 1478 3218 1482 3218 1475 3219 1476 3219 1477 3219 1475 3220 1477 3220 1478 3220 1503 3221 1489 3221 1495 3221 1503 3222 1495 3222 1499 3222 1503 3223 1488 3223 1489 3223 1503 3224 1499 3224 1502 3224 1473 3225 1474 3225 1475 3225 1505 3226 1503 3226 1504 3226 1472 3227 1473 3227 1475 3227 1470 3228 1471 3228 1472 3228 1508 3229 1506 3229 1507 3229 1509 3230 1506 3230 1508 3230 1468 3231 1469 3231 1470 3231 1468 3232 1470 3232 1472 3232 1468 3233 1472 3233 1475 3233 1510 3234 1506 3234 1509 3234 1512 3235 1510 3235 1511 3235 1465 3236 1466 3236 1467 3236 1465 3237 1467 3237 1468 3237 1513 3238 1510 3238 1512 3238 1463 3239 1468 3239 1475 3239 1463 3240 1465 3240 1468 3240 1463 3241 1464 3241 1465 3241 1463 3242 1475 3242 1482 3242 1515 3243 1513 3243 1514 3243 1515 3244 1510 3244 1513 3244 1460 3245 1461 3245 1462 3245 1459 3246 1460 3246 1462 3246 1519 3247 1515 3247 1516 3247 1519 3248 1516 3248 1517 3248 1519 3249 1517 3249 1518 3249 1519 3250 1510 3250 1515 3250 1519 3251 1506 3251 1510 3251 1458 3252 1463 3252 1482 3252 1458 3253 1459 3253 1462 3253 1458 3254 1482 3254 1488 3254 1458 3255 1462 3255 1463 3255 1521 3256 1519 3256 1520 3256 1521 3257 1506 3257 1519 3257 1521 3258 1505 3258 1506 3258 1456 3259 1457 3259 1458 3259 1523 3260 1521 3260 1522 3260 1454 3261 1455 3261 1456 3261 1524 3262 1505 3262 1521 3262 1524 3263 1521 3263 1523 3263 1453 3264 1456 3264 1458 3264 1453 3265 1454 3265 1456 3265 1452 3266 1453 3266 1458 3266 1527 3267 1524 3267 1525 3267 1527 3268 1525 3268 1526 3268 1527 3269 1505 3269 1524 3269 1450 3270 1451 3270 1452 3270 1450 3271 1452 3271 1458 3271 1529 3272 1527 3272 1528 3272 1530 3273 1527 3273 1529 3273 1447 3274 1448 3274 1449 3274 1447 3275 1449 3275 1450 3275 1447 3276 1450 3276 1458 3276 1532 3277 1530 3277 1531 3277 1533 3278 1530 3278 1532 3278 1535 3279 1533 3279 1534 3279 1535 3280 1530 3280 1533 3280 1442 3281 1443 3281 1444 3281 1442 3282 1444 3282 1445 3282 1411 3283 1535 3283 1410 3283 1440 3284 1442 3284 1445 3284 1440 3285 1441 3285 1442 3285 1412 3286 1535 3286 1411 3286 1438 3287 1439 3287 1440 3287 1414 3288 1412 3288 1413 3288 1437 3289 1440 3289 1445 3289 1437 3290 1438 3290 1440 3290 1437 3291 1445 3291 1446 3291 1437 3292 1446 3292 1447 3292 1437 3293 1458 3293 1488 3293 1437 3294 1447 3294 1458 3294 1437 3295 1488 3295 1503 3295 1437 3296 1503 3296 1505 3296 1415 3297 1412 3297 1414 3297 1416 3298 1530 3298 1535 3298 1416 3299 1535 3299 1412 3299 1416 3300 1412 3300 1415 3300 1416 3301 1527 3301 1530 3301 1434 3302 1435 3302 1436 3302 1434 3303 1436 3303 1437 3303 1418 3304 1416 3304 1417 3304 1418 3305 1527 3305 1416 3305 1432 3306 1433 3306 1434 3306 1432 3307 1434 3307 1437 3307 1420 3308 1418 3308 1419 3308 1420 3309 1527 3309 1418 3309 1431 3310 1432 3310 1437 3310 1422 3311 1420 3311 1421 3311 1422 3312 1527 3312 1420 3312 1429 3313 1430 3313 1431 3313 1427 3314 1428 3314 1429 3314 1427 3315 1431 3315 1437 3315 1427 3316 1429 3316 1431 3316 1425 3317 1422 3317 1423 3317 1425 3318 1423 3318 1424 3318 1425 3319 1527 3319 1422 3319 1426 3320 1437 3320 1505 3320 1426 3321 1527 3321 1425 3321 1426 3322 1427 3322 1437 3322 1426 3323 1505 3323 1527 3323 1617 3324 1614 3324 1615 3324 1617 3325 1615 3325 1616 3325 1611 3326 1612 3326 1613 3326 1620 3327 1618 3327 1619 3327 1609 3328 1610 3328 1611 3328 1621 3329 1618 3329 1620 3329 1621 3330 1617 3330 1618 3330 1624 3331 1621 3331 1622 3331 1624 3332 1622 3332 1623 3332 1605 3333 1611 3333 1613 3333 1605 3334 1609 3334 1611 3334 1605 3335 1606 3335 1607 3335 1605 3336 1607 3336 1608 3336 1605 3337 1608 3337 1609 3337 1605 3338 1613 3338 1614 3338 1627 3339 1624 3339 1625 3339 1627 3340 1625 3340 1626 3340 1601 3341 1602 3341 1603 3341 1629 3342 1624 3342 1627 3342 1629 3343 1627 3343 1628 3343 1631 3344 1629 3344 1630 3344 1598 3345 1599 3345 1600 3345 1598 3346 1600 3346 1601 3346 1598 3347 1603 3347 1604 3347 1598 3348 1604 3348 1605 3348 1598 3349 1601 3349 1603 3349 1634 3350 1632 3350 1633 3350 1635 3351 1632 3351 1634 3351 1635 3352 1631 3352 1632 3352 1594 3353 1595 3353 1596 3353 1594 3354 1596 3354 1597 3354 1593 3355 1594 3355 1597 3355 1593 3356 1597 3356 1598 3356 1591 3357 1592 3357 1593 3357 1639 3358 1636 3358 1637 3358 1639 3359 1637 3359 1638 3359 1640 3360 1636 3360 1639 3360 1640 3361 1635 3361 1636 3361 1589 3362 1590 3362 1591 3362 1641 3363 1635 3363 1640 3363 1588 3364 1589 3364 1591 3364 1586 3365 1588 3365 1591 3365 1586 3366 1587 3366 1588 3366 1644 3367 1642 3367 1643 3367 1584 3368 1585 3368 1586 3368 1646 3369 1644 3369 1645 3369 1647 3370 1635 3370 1641 3370 1647 3371 1641 3371 1642 3371 1647 3372 1642 3372 1644 3372 1647 3373 1644 3373 1646 3373 1582 3374 1586 3374 1591 3374 1582 3375 1583 3375 1584 3375 1582 3376 1584 3376 1586 3376 1649 3377 1647 3377 1648 3377 1580 3378 1581 3378 1582 3378 1650 3379 1647 3379 1649 3379 1579 3380 1580 3380 1582 3380 1579 3381 1582 3381 1591 3381 1651 3382 1647 3382 1650 3382 1652 3383 1647 3383 1651 3383 1653 3384 1647 3384 1652 3384 1576 3385 1577 3385 1578 3385 1576 3386 1578 3386 1579 3386 1655 3387 1653 3387 1654 3387 1573 3388 1593 3388 1598 3388 1573 3389 1591 3389 1593 3389 1573 3390 1614 3390 1617 3390 1573 3391 1574 3391 1575 3391 1573 3392 1575 3392 1576 3392 1573 3393 1605 3393 1614 3393 1573 3394 1617 3394 1621 3394 1573 3395 1579 3395 1591 3395 1573 3396 1576 3396 1579 3396 1573 3397 1598 3397 1605 3397 1658 3398 1656 3398 1657 3398 1659 3399 1655 3399 1656 3399 1659 3400 1656 3400 1658 3400 1570 3401 1571 3401 1572 3401 1570 3402 1572 3402 1573 3402 1569 3403 1570 3403 1573 3403 1661 3404 1659 3404 1660 3404 1661 3405 1655 3405 1659 3405 1661 3406 1653 3406 1655 3406 1567 3407 1568 3407 1569 3407 1538 3408 1536 3408 1537 3408 1538 3409 1661 3409 1536 3409 1564 3410 1565 3410 1566 3410 1564 3411 1566 3411 1567 3411 1540 3412 1538 3412 1539 3412 1563 3413 1567 3413 1569 3413 1563 3414 1564 3414 1567 3414 1541 3415 1538 3415 1540 3415 1562 3416 1563 3416 1569 3416 1562 3417 1569 3417 1573 3417 1543 3418 1541 3418 1542 3418 1543 3419 1538 3419 1541 3419 1560 3420 1561 3420 1562 3420 1560 3421 1562 3421 1573 3421 1560 3422 1621 3422 1624 3422 1560 3423 1573 3423 1621 3423 1545 3424 1661 3424 1538 3424 1545 3425 1543 3425 1544 3425 1545 3426 1538 3426 1543 3426 1558 3427 1559 3427 1560 3427 1558 3428 1560 3428 1624 3428 1557 3429 1558 3429 1624 3429 1547 3430 1545 3430 1546 3430 1555 3431 1556 3431 1557 3431 1551 3432 1547 3432 1548 3432 1551 3433 1548 3433 1549 3433 1551 3434 1549 3434 1550 3434 1552 3435 1631 3435 1635 3435 1552 3436 1653 3436 1661 3436 1552 3437 1553 3437 1554 3437 1552 3438 1554 3438 1555 3438 1552 3439 1635 3439 1647 3439 1552 3440 1555 3440 1557 3440 1552 3441 1661 3441 1545 3441 1552 3442 1557 3442 1624 3442 1552 3443 1545 3443 1547 3443 1552 3444 1547 3444 1551 3444 1552 3445 1647 3445 1653 3445 1552 3446 1624 3446 1629 3446 1552 3447 1629 3447 1631 3447 1739 3448 1740 3448 1741 3448 1744 3449 1742 3449 1743 3449 1737 3450 1739 3450 1741 3450 1737 3451 1738 3451 1739 3451 1746 3452 1744 3452 1745 3452 1747 3453 1742 3453 1744 3453 1747 3454 1744 3454 1746 3454 1734 3455 1735 3455 1736 3455 1733 3456 1734 3456 1736 3456 1733 3457 1736 3457 1737 3457 1750 3458 1747 3458 1748 3458 1750 3459 1748 3459 1749 3459 1731 3460 1732 3460 1733 3460 1752 3461 1750 3461 1751 3461 1728 3462 1729 3462 1730 3462 1754 3463 1752 3463 1753 3463 1755 3464 1747 3464 1750 3464 1755 3465 1742 3465 1747 3465 1755 3466 1750 3466 1752 3466 1755 3467 1741 3467 1742 3467 1755 3468 1752 3468 1754 3468 1757 3469 1755 3469 1756 3469 1760 3470 1755 3470 1757 3470 1760 3471 1757 3471 1758 3471 1760 3472 1758 3472 1759 3472 1721 3473 1722 3473 1723 3473 1720 3474 1721 3474 1723 3474 1763 3475 1760 3475 1761 3475 1763 3476 1761 3476 1762 3476 1716 3477 1717 3477 1718 3477 1716 3478 1718 3478 1719 3478 1715 3479 1720 3479 1723 3479 1715 3480 1716 3480 1719 3480 1715 3481 1719 3481 1720 3481 1715 3482 1723 3482 1724 3482 1714 3483 1724 3483 1725 3483 1714 3484 1725 3484 1726 3484 1714 3485 1726 3485 1727 3485 1714 3486 1727 3486 1728 3486 1714 3487 1715 3487 1724 3487 1768 3488 1763 3488 1764 3488 1768 3489 1764 3489 1765 3489 1768 3490 1765 3490 1766 3490 1768 3491 1766 3491 1767 3491 1711 3492 1712 3492 1713 3492 1711 3493 1713 3493 1714 3493 1709 3494 1710 3494 1711 3494 1773 3495 1770 3495 1771 3495 1773 3496 1771 3496 1772 3496 1774 3497 1770 3497 1773 3497 1775 3498 1768 3498 1769 3498 1775 3499 1769 3499 1770 3499 1775 3500 1763 3500 1768 3500 1775 3501 1770 3501 1774 3501 1775 3502 1760 3502 1763 3502 1706 3503 1709 3503 1711 3503 1706 3504 1707 3504 1708 3504 1706 3505 1708 3505 1709 3505 1706 3506 1711 3506 1714 3506 1704 3507 1705 3507 1706 3507 1778 3508 1775 3508 1776 3508 1778 3509 1776 3509 1777 3509 1779 3510 1775 3510 1778 3510 1780 3511 1775 3511 1779 3511 1701 3512 1702 3512 1703 3512 1701 3513 1703 3513 1704 3513 1781 3514 1775 3514 1780 3514 1700 3515 1701 3515 1704 3515 1782 3516 1755 3516 1760 3516 1782 3517 1737 3517 1741 3517 1782 3518 1760 3518 1775 3518 1782 3519 1741 3519 1755 3519 1782 3520 1775 3520 1781 3520 1698 3521 1699 3521 1700 3521 1697 3522 1698 3522 1700 3522 1785 3523 1782 3523 1783 3523 1785 3524 1783 3524 1784 3524 1695 3525 1696 3525 1697 3525 1787 3526 1785 3526 1786 3526 1787 3527 1782 3527 1785 3527 1662 3528 1782 3528 1787 3528 1690 3529 1691 3529 1692 3529 1690 3530 1692 3530 1693 3530 1690 3531 1693 3531 1694 3531 1690 3532 1694 3532 1695 3532 1667 3533 1662 3533 1663 3533 1667 3534 1663 3534 1664 3534 1667 3535 1664 3535 1665 3535 1667 3536 1665 3536 1666 3536 1667 3537 1733 3537 1737 3537 1667 3538 1782 3538 1662 3538 1667 3539 1731 3539 1733 3539 1667 3540 1730 3540 1731 3540 1667 3541 1737 3541 1782 3541 1687 3542 1688 3542 1689 3542 1687 3543 1689 3543 1690 3543 1669 3544 1667 3544 1668 3544 1669 3545 1730 3545 1667 3545 1686 3546 1697 3546 1700 3546 1686 3547 1695 3547 1697 3547 1686 3548 1687 3548 1690 3548 1686 3549 1690 3549 1695 3549 1684 3550 1686 3550 1700 3550 1684 3551 1685 3551 1686 3551 1684 3552 1700 3552 1704 3552 1684 3553 1704 3553 1706 3553 1673 3554 1669 3554 1670 3554 1673 3555 1670 3555 1671 3555 1673 3556 1671 3556 1672 3556 1682 3557 1683 3557 1684 3557 1675 3558 1673 3558 1674 3558 1680 3559 1681 3559 1682 3559 1676 3560 1669 3560 1673 3560 1676 3561 1673 3561 1675 3561 1679 3562 1680 3562 1682 3562 1678 3563 1676 3563 1677 3563 1678 3564 1730 3564 1669 3564 1678 3565 1669 3565 1676 3565 1678 3566 1684 3566 1706 3566 1678 3567 1682 3567 1684 3567 1678 3568 1706 3568 1714 3568 1678 3569 1679 3569 1682 3569 1678 3570 1714 3570 1728 3570 1678 3571 1728 3571 1730 3571</p>
        </triangles>
      </mesh>
    </geometry>
  </library_geometries>
  <library_materials>
    <material id="mat_Body003" name="Body003">
      <instance_effect url="#effect_Body003"/>
    </material>
  </library_materials>
  <library_visual_scenes>
    <visual_scene id="scene">
      <node id="node0" name="node0">
        <instance_geometry url="#geometry0">
          <bind_material>
            <technique_common>
              <instance_material symbol="ref_Body003" target="#mat_Body003"/>
            </technique_common>
          </bind_material>
        </instance_geometry>
      </node>
    </visual_scene>
  </library_visual_scenes>
  <scene>
    <instance_visual_scene url="#scene"/>
  </scene>
</COLLADA>
