<COLLADA xmlns="http://www.collada.org/2005/11/COLLADASchema" version="1.4.1">
  <asset>
    <contributor/>
    <created>2026-10-08T20:06:07.603611</created>
    <modified>2026-10-08T20:06:07.603611</modified>
    <unit name="meter" meter="1.0"/>
    <up_axis>Z_UP</up_axis>
  </asset>
  <library_effects>
    <effect id="effect_Body004" name="effect_Body004">
      <profile_COMMON>
        <technique sid="common">
          <phong>
            <emission>
              <color>0.0 0.0 0.0 1.0</color>
            </emission>
            <ambient>
              <color>0.0 0.0 0.0 1.0</color>
            </ambient>
            <diffuse>
              <color>0.4470588266849518 0.4745098054409027 0.501960813999176 1.0</color>
            </diffuse>
            <specular>
              <color>1 1 1 1.0</color>
            </specular>
            <shininess>
              <float>0.0</float>
            </shininess>
            <reflective>
              <color>0.0 0.0 0.0 1.0</color>
            </reflective>
            <reflectivity>
              <float>0.0</float>
            </reflectivity>
            <transparent>
              <color>0.0 0.0 0.0 1.0</color>
            </transparent>
            <transparency>
              <float>1.0</float>
            </transparency>
          </phong>
        </technique>
        <extra>
          <technique profile="GOOGLEEARTH">
            <double_sided>0</double_sided>
          </technique>
        </extra>
      </profile_COMMON>
    </effect>
  </library_effects>
  <library_geometries>
    <geometry id="geometry0" name="J1_Platform">
      <mesh>
        <source id="cubeverts-array0">
          <float_array count="5190" id="cubeverts-array0-array">-0.044 5e-18 0 -0.0439453 -0.002193219 0 -0.044 5e-18 0.01 -0.0439453 -0.002193219 0.01 -0.04378135 -0.004380985 0 -0.04378135 -0.004380985 0.01 -0.04350856 -0.00655786 0 -0.04350856 -0.00655786 0.01 -0.04312759 -0.008718431 0.01 -0.04312759 -0.008718431 0 -0.0426394 -0.01085733 0.01 -0.0426394 -0.01085733 0 -0.0420452 -0.01296923 0 -0.0420452 -0.01296923 0.01 -0.04134647 -0.01504889 0.01 -0.04134647 -0.01504889 0 -0.04054495 -0.01709113 0 -0.04054495 -0.01709113 0.01 -0.03964263 -0.01909089 0.01 -0.03964263 -0.01909089 0 -0.03864175 -0.02104317 0 -0.03864175 -0.02104317 0.01 -0.0375448 -0.02294315 0.01 -0.0375448 -0.02294315 0 -0.03635451 -0.02478608 0 -0.03635451 -0.02478608 0.01 -0.03507383 -0.02656739 0.01 -0.03507383 -0.02656739 0 -0.03370596 -0.02828266 0 -0.03370596 -0.02828266 0.01 -0.03225428 -0.0299276 0 -0.03225428 -0.0299276 0.01 -0.03072242 -0.03149814 0 -0.03072242 -0.03149814 0.01 -0.02911418 -0.03299037 0 -0.02911418 -0.03299037 0.01 -0.02743355 -0.03440059 0.01 -0.02743355 -0.03440059 0 -0.02568472 -0.03572527 0 -0.02568472 -0.03572527 0.01 -0.02387204 -0.03696114 0.01 -0.02387204 -0.03696114 0 -0.022 -0.03810512 0 -0.022 -0.03810512 0.01 -0.02007327 -0.03915436 0 -0.02007327 -0.03915436 0.01 -0.01809663 -0.04010626 0 -0.01809663 -0.04010626 0.01 -0.016075 -0.04095845 0 -0.016075 -0.04095845 0.01 -0.01401341 -0.04170881 0 -0.01401341 -0.04170881 0.01 -0.01191698 -0.04235547 0 -0.01191698 -0.04235547 0.01 -0.009790921 -0.04289683 0.01 -0.009790921 -0.04289683 0 -0.00764052 -0.04333154 0 -0.00764052 -0.04333154 0.01 -0.005471123 -0.04365852 0 -0.005471123 -0.04365852 0.01 -0.003288124 -0.04387697 0 -0.003288124 -0.04387697 0.01 -0.00109695 -0.04398632 0 -0.00109695 -0.04398632 0.01 0.00109695 -0.04398632 0 0.00109695 -0.04398632 0.01 0.003288124 -0.04387697 0 0.003288124 -0.04387697 0.01 0.005471123 -0.04365852 0 0.005471123 -0.04365852 0.01 0.00764052 -0.04333154 0 0.00764052 -0.04333154 0.01 0.009790921 -0.04289683 0 0.009790921 -0.04289683 0.01 0.01191698 -0.04235547 0 0.01191698 -0.04235547 0.01 0.01401341 -0.04170881 0.01 0.01401341 -0.04170881 0 0.016075 -0.04095845 0.01 0.016075 -0.04095845 0 0.01809663 -0.04010626 0 0.01809663 -0.04010626 0.01 0.02007327 -0.03915436 0 0.02007327 -0.03915436 0.01 0.022 -0.03810512 0 0.022 -0.03810512 0.01 0.02387204 -0.03696114 0 0.02387204 -0.03696114 0.01 0.02568472 -0.03572527 0 0.02568472 -0.03572527 0.01 0.02743355 -0.03440059 0 0.02743355 -0.03440059 0.01 0.02911418 -0.03299037 0 0.02911418 -0.03299037 0.01 0.03072242 -0.03149814 0 0.03072242 -0.03149814 0.01 0.03225428 -0.0299276 0 0.03225428 -0.0299276 0.01 0.03370596 -0.02828266 0.01 0.03370596 -0.02828266 0 0.03507383 -0.02656739 0.01 0.03507383 -0.02656739 0 0.03635451 -0.02478608 0 0.03635451 -0.02478608 0.01 0.0375448 -0.02294315 0 0.0375448 -0.02294315 0.01 0.03864175 -0.02104317 0 0.03864175 -0.02104317 0.01 0.03964263 -0.01909089 0.01 0.03964263 -0.01909089 0 0.04054495 -0.01709113 0.01 0.04054495 -0.01709113 0 0.04134647 -0.01504889 0 0.04134647 -0.01504889 0.01 0.0420452 -0.01296923 0.01 0.0420452 -0.01296923 0 0.0426394 -0.01085733 0 0.0426394 -0.01085733 0.01 0.04312759 -0.008718431 0.01 0.04312759 -0.008718431 0 0.04350856 -0.00655786 0 0.04350856 -0.00655786 0.01 0.04378135 -0.004380985 0.01 0.04378135 -0.004380985 0 0.0439453 -0.002193219 0 0.0439453 -0.002193219 0.01 0.044 0 0.01 0.044 0 0 0.04394666 0.002165962 0 0.04394666 0.002165962 0.01 0.04378675 0.004326672 0.01 0.04378675 0.004326672 0 0.04352068 0.006476891 0 0.04352068 0.006476891 0.01 0.04314909 0.008611405 0 0.04314909 0.008611405 0.01 0.04267287 0.01072504 0.01 0.04267287 0.01072504 0 0.04209318 0.01281267 0.01 0.04209318 0.01281267 0 0.04141142 0.01486923 0 0.04141142 0.01486923 0.01 0.04062926 0.01688974 0 0.04062926 0.01688974 0.01 0.03974858 0.0188693 0.01 0.03974858 0.0188693 0 0.03877152 0.0208031 0 0.03877152 0.0208031 0.01 0.03770046 0.02268646 0.01 0.03770046 0.02268646 0 0.03653798 0.02451481 0 0.03653798 0.02451481 0.01 0.03528691 0.02628373 0.01 0.03528691 0.02628373 0 0.03395027 0.02798891 0 0.03395027 0.02798891 0.01 0.03253132 0.02962623 0.01 0.03253132 0.02962623 0 0.03103349 0.03119171 0 0.03103349 0.03119171 0.01 0.02946041 0.03268156 0.01 0.02946041 0.03268156 0 0.0278159 0.03409217 0 0.0278159 0.03409217 0.01 0.02610394 0.03542011 0 0.02610394 0.03542011 0.01 0.02432869 0.03666217 0.01 0.02432869 0.03666217 0 0.02249444 0.03781534 0 0.02249444 0.03781534 0.01 0.02060566 0.03887682 0.01 0.02060566 0.03887682 0 0.01866691 0.03984402 0 0.01866691 0.03984402 0.01 0.0166829 0.04071463 0.01 0.0166829 0.04071463 0 0.01465844 0.0414865 0 0.01465844 0.0414865 0.01 0.01259844 0.04215779 0 0.01259844 0.04215779 0.01 0.01050789 0.04272686 0.01 0.01050789 0.04272686 0 0.008391862 0.04319232 0 0.008391862 0.04319232 0.01 0.006255485 0.04355306 0.01 0.006255485 0.04355306 0 0.00410394 0.04380819 0.01 0.00410394 0.04380819 0 0.001942446 0.0439571 0 0.001942446 0.0439571 0.01 -0.0002237595 0.04399943 0.01 -0.0002237595 0.04399943 0 -0.002389422 0.04393507 0 -0.002389422 0.04393507 0.01 -0.004549291 0.04376419 0 -0.004549291 0.04376419 0.01 -0.006698129 0.04348718 0.01 -0.006698129 0.04348718 0 -0.008830726 0.04310474 0.01 -0.008830726 0.04310474 0 -0.01094191 0.04261777 0.01 -0.01094191 0.04261777 0 -0.01302657 0.04202747 0.01 -0.01302657 0.04202747 0 -0.01507963 0.04133527 0 -0.01507963 0.04133527 0.01 -0.01709614 0.04054284 0.01 -0.01709614 0.04054284 0 -0.01907119 0.03965211 0 -0.01907119 0.03965211 0.01 -0.021 0.03866523 0 -0.021 0.03866523 0.01 -0.04 -3e-18 0.01 -0.04 -5e-18 0 -0.021 0.037 -8e-18 -0.021 0.037 0.01 -0.04 0.037 0.01 -0.04 0.037 -8e-18 0.01221914 -0.01252767 0 0.01282841 -0.01190302 0 0.0115795 -0.01312117 0 0.01340578 -0.01124878 0 0.01091107 -0.01368205 0 0.01394982 -0.01056658 0 0.01021551 -0.01420891 0 0.01445918 -0.009858101 0 0.009494559 -0.01470045 0 0.01493259 -0.009125116 0 0.00875 -0.01515544 0 0.01536888 -0.008369445 0 0.007983686 -0.01557276 0 0.01576696 -0.007592966 0 0.007197524 -0.01595135 0 0.01612583 -0.006797609 0 0.006393468 -0.01629029 0 0.01644462 -0.005985353 0 0.005573516 -0.01658873 0 0.01672252 -0.005158216 0 0.004739708 -0.01684592 0 0.01695885 -0.004318254 0 0.003894116 -0.01706124 0 0.01715302 -0.003467557 0 0.003038843 -0.01723414 0 0.01730454 -0.00260824 0 0.002176015 -0.01736419 0 0.01741304 -0.001742437 0 0.001307777 -0.01745107 0 0.01747825 -0.000872303 0 0.0004362871 -0.01749456 0 0.0175 0 0 -0.0004362871 -0.01749456 0 0.01747825 0.000872303 0 -0.001307777 -0.01745107 0 0.01741304 0.001742437 0 -0.002176015 -0.01736419 0 0.01730454 0.00260824 0 -0.003038843 -0.01723414 0 0.01715302 0.003467557 0 -0.003894116 -0.01706124 0 0.01695885 0.004318254 0 -0.004739708 -0.01684592 0 0.01672252 0.005158216 0 -0.005573516 -0.01658873 0 0.01644462 0.005985353 0 -0.006393468 -0.01629029 0 0.01612583 0.006797609 0 -0.007197524 -0.01595135 0 0.01576696 0.007592966 0 -0.007983686 -0.01557276 0 0.01536888 0.008369445 0 -0.00875 -0.01515544 0 0.01493259 0.009125116 0 -0.009494559 -0.01470045 0 0.01445918 0.009858101 0 -0.01021551 -0.01420891 0 0.01394982 0.01056658 0 -0.01091107 -0.01368205 0 0.01340578 0.01124878 0 -0.0115795 -0.01312117 0 0.01282841 0.01190302 0 -0.01221914 -0.01252767 0 0.01221914 0.01252767 0 -0.01282841 -0.01190302 0 -0.01340578 -0.01124878 0 0.0115795 0.01312117 0 0.01091107 0.01368205 0 -0.01394982 -0.01056658 0 0.01021551 0.01420891 0 -0.01445918 -0.009858101 0 0.009494559 0.01470045 0 -0.01493259 -0.009125116 0 0.00875 0.01515544 0 -0.01536888 -0.008369445 0 0.007983686 0.01557276 0 -0.01576696 -0.007592966 0 0.007197524 0.01595135 0 -0.01612583 -0.006797609 0 0.006393468 0.01629029 0 -0.01644462 -0.005985353 0 0.005573516 0.01658873 0 -0.01672252 -0.005158216 0 0.004739708 0.01684592 0 -0.01695885 -0.004318254 0 0.003894116 0.01706124 0 0.003038843 0.01723414 0 0.002176015 0.01736419 0 0.001307777 0.01745107 0 -0.01715302 -0.003467557 0 -0.01730454 -0.00260824 0 -0.01741304 -0.001742437 0 -0.01747825 -0.000872303 0 -0.0175 6.002936e-17 0 -0.01747825 0.000872303 0 -0.01741304 0.001742437 0 -0.01730454 0.00260824 0 -0.01715302 0.003467557 0 -0.01695885 0.004318254 0 -0.01672252 0.005158216 0 -0.01644462 0.005985353 0 -0.01612583 0.006797609 0 -0.01576696 0.007592966 0 -0.01536888 0.008369445 0 0.0004362871 0.01749456 0 -0.0004362871 0.01749456 0 -0.001307777 0.01745107 0 -0.002176015 0.01736419 0 -0.003038843 0.01723414 0 -0.003894116 0.01706124 0 -0.004739708 0.01684592 0 -0.005573516 0.01658873 0 -0.01394982 0.01056658 0 -0.01445918 0.009858101 0 -0.01340578 0.01124878 0 -0.01282841 0.01190302 0 -0.01221914 0.01252767 0 -0.0115795 0.01312117 0 -0.01091107 0.01368205 0 -0.01021551 0.01420891 0 -0.009494559 0.01470045 0 -0.00875 0.01515544 0 -0.007983686 0.01557276 0 -0.007197524 0.01595135 0 -0.006393468 0.01629029 0 -0.01493259 0.009125116 0 0.0175 0 0.007 0.01747825 -0.000872303 0.007 0.01741304 -0.001742437 0.007 0.01730454 -0.00260824 0.007 0.01715302 -0.003467557 0.007 0.01695885 -0.004318254 0.007 0.01672252 -0.005158216 0.007 0.01644462 -0.005985353 0.007 0.01612583 -0.006797609 0.007 0.01576696 -0.007592966 0.007 0.01536888 -0.008369445 0.007 0.01493259 -0.009125116 0.007 0.01445918 -0.009858101 0.007 0.01394982 -0.01056658 0.007 0.01340578 -0.01124878 0.007 0.01282841 -0.01190302 0.007 0.01221914 -0.01252767 0.007 0.0115795 -0.01312117 0.007 0.01091107 -0.01368205 0.007 0.01021551 -0.01420891 0.007 0.009494559 -0.01470045 0.007 0.00875 -0.01515544 0.007 0.007983686 -0.01557276 0.007 0.007197524 -0.01595135 0.007 0.006393468 -0.01629029 0.007 0.005573516 -0.01658873 0.007 0.004739708 -0.01684592 0.007 0.003894116 -0.01706124 0.007 0.003038843 -0.01723414 0.007 0.002176015 -0.01736419 0.007 0.001307777 -0.01745107 0.007 0.0004362871 -0.01749456 0.007 -0.0004362871 -0.01749456 0.007 -0.001307777 -0.01745107 0.007 -0.002176015 -0.01736419 0.007 -0.003038843 -0.01723414 0.007 -0.003894116 -0.01706124 0.007 -0.004739708 -0.01684592 0.007 -0.005573516 -0.01658873 0.007 -0.006393468 -0.01629029 0.007 -0.007197524 -0.01595135 0.007 -0.007983686 -0.01557276 0.007 -0.00875 -0.01515544 0.007 -0.009494559 -0.01470045 0.007 -0.01021551 -0.01420891 0.007 -0.01091107 -0.01368205 0.007 -0.0115795 -0.01312117 0.007 -0.01221914 -0.01252767 0.007 -0.01282841 -0.01190302 0.007 -0.01340578 -0.01124878 0.007 -0.01394982 -0.01056658 0.007 -0.01445918 -0.009858101 0.007 -0.01493259 -0.009125116 0.007 -0.01536888 -0.008369445 0.007 -0.01576696 -0.007592966 0.007 -0.01612583 -0.006797609 0.007 -0.01644462 -0.005985353 0.007 -0.01672252 -0.005158216 0.007 -0.01695885 -0.004318254 0.007 -0.01715302 -0.003467557 0.007 -0.01730454 -0.00260824 0.007 -0.01741304 -0.001742437 0.007 -0.01747825 -0.000872303 0.007 -0.0175 6.002936e-17 0.007 -0.01747825 0.000872303 0.007 -0.01741304 0.001742437 0.007 -0.01730454 0.00260824 0.007 -0.01715302 0.003467557 0.007 -0.01695885 0.004318254 0.007 -0.01672252 0.005158216 0.007 -0.01644462 0.005985353 0.007 -0.01612583 0.006797609 0.007 -0.01576696 0.007592966 0.007 -0.01536888 0.008369445 0.007 -0.01493259 0.009125116 0.007 -0.01445918 0.009858101 0.007 -0.01394982 0.01056658 0.007 -0.01340578 0.01124878 0.007 -0.01282841 0.01190302 0.007 -0.01221914 0.01252767 0.007 -0.0115795 0.01312117 0.007 -0.01091107 0.01368205 0.007 -0.01021551 0.01420891 0.007 -0.009494559 0.01470045 0.007 -0.00875 0.01515544 0.007 -0.007983686 0.01557276 0.007 -0.007197524 0.01595135 0.007 -0.006393468 0.01629029 0.007 -0.005573516 0.01658873 0.007 -0.004739708 0.01684592 0.007 -0.003894116 0.01706124 0.007 -0.003038843 0.01723414 0.007 -0.002176015 0.01736419 0.007 -0.001307777 0.01745107 0.007 -0.0004362871 0.01749456 0.007 0.0004362871 0.01749456 0.007 0.001307777 0.01745107 0.007 0.002176015 0.01736419 0.007 0.003038843 0.01723414 0.007 0.003894116 0.01706124 0.007 0.004739708 0.01684592 0.007 0.005573516 0.01658873 0.007 0.006393468 0.01629029 0.007 0.007197524 0.01595135 0.007 0.007983686 0.01557276 0.007 0.00875 0.01515544 0.007 0.009494559 0.01470045 0.007 0.01021551 0.01420891 0.007 0.01091107 0.01368205 0.007 0.0115795 0.01312117 0.007 0.01221914 0.01252767 0.007 0.01282841 0.01190302 0.007 0.01340578 0.01124878 0.007 0.01394982 0.01056658 0.007 0.01445918 0.009858101 0.007 0.01493259 0.009125116 0.007 0.01536888 0.008369445 0.007 0.01576696 0.007592966 0.007 0.01612583 0.006797609 0.007 0.01644462 0.005985353 0.007 0.01672252 0.005158216 0.007 0.01695885 0.004318254 0.007 0.01715302 0.003467557 0.007 0.01730454 0.00260824 0.007 0.01741304 0.001742437 0.007 0.01747825 0.000872303 0.007 -0.01170916 -0.005130518 0.007 -0.01160471 -0.0052376 0.007 -0.01149506 -0.005339344 0.007 -0.01180813 -0.005018363 0.007 -0.01138047 -0.005435494 0.007 -0.0119014 -0.004901413 0.007 -0.01126123 -0.005525814 0.007 -0.01198872 -0.00477996 0.007 -0.01113764 -0.005610078 0.007 -0.01206987 -0.004654305 0.007 -0.01101 -0.005688076 0.007 -0.01214466 -0.004524762 0.007 -0.01087863 -0.005759615 0.007 -0.01221291 -0.004391651 0.007 -0.01074386 -0.005824518 0.007 -0.01227443 -0.004255304 0.007 -0.01060602 -0.005882621 0.007 -0.01232908 -0.00411606 0.007 -0.01046546 -0.005933782 0.007 -0.01237672 -0.003974266 0.007 -0.01032252 -0.005977873 0.007 -0.01241723 -0.003830272 0.007 -0.01017756 -0.006014784 0.007 -0.01245052 -0.003684438 0.007 -0.01003094 -0.006044423 0.007 -0.01247649 -0.003537127 0.007 -0.009883031 -0.006066718 0.007 -0.01249509 -0.003388704 0.007 -0.00973419 -0.006081611 0.007 -0.01250627 -0.003239538 0.007 -0.009584792 -0.006089067 0.007 -0.01251 -0.00309 0.007 -0.009435208 -0.006089067 0.007 -0.01250627 -0.002940462 0.007 -0.00928581 -0.006081611 0.007 -0.01249509 -0.002791296 0.007 -0.009136969 -0.006066718 0.007 -0.01247649 -0.002642873 0.007 -0.008989056 -0.006044423 0.007 -0.01245052 -0.002495562 0.007 -0.008842437 -0.006014784 0.007 -0.01241723 -0.002349728 0.007 -0.008697478 -0.005977873 0.007 -0.01237672 -0.002205734 0.007 -0.01232908 -0.00206394 0.007 -0.002199156 -0.01204052 0.007 -0.00209471 -0.0121476 0.007 -0.001985057 -0.01224934 0.007 -0.002298133 -0.01192836 0.007 -0.001870469 -0.01234549 0.007 -0.002391397 -0.01181141 0.007 -0.01227443 -0.001924696 0.007 -0.001751231 -0.01243581 0.007 -0.002478716 -0.01168996 0.007 -0.001627639 -0.01252008 0.007 -0.002559873 -0.01156431 0.007 -0.0015 -0.01259808 0.007 -0.002634665 -0.01143476 0.007 -0.001368632 -0.01266962 0.007 -0.002702907 -0.01130165 0.007 -0.01221291 -0.001788349 0.007 -0.001233861 -0.01273452 0.007 -0.002764429 -0.0111653 0.007 -0.001096023 -0.01279262 0.007 -0.002819078 -0.01102606 0.007 -0.01214466 -0.001655238 0.007 -0.00095546 -0.01284378 0.007 -0.002866719 -0.01088427 0.007 -0.0008125214 -0.01288787 0.007 -0.002907232 -0.01074027 0.007 -0.01206987 -0.001525694 0.007 -0.0006675628 -0.01292478 0.007 -0.002940517 -0.01059444 0.007 -0.0005209445 -0.01295442 0.007 -0.002966492 -0.01044713 0.007 -0.01198872 -0.00140004 0.007 -0.0003730311 -0.01297672 0.007 -0.002985092 -0.0102987 0.007 -0.0002241903 -0.01299161 0.007 -0.0119014 -0.001278587 0.007 -0.002996271 -0.01014954 0.007 -7.479207e-05 -0.01299907 0.007 -0.00855454 -0.005933782 0.007 -0.003 -0.01 0.007 -0.01180813 -0.001161637 0.007 7.479207e-05 -0.01299907 0.007 -0.002996271 -0.009850462 0.007 -0.008413977 -0.005882621 0.007 0.0002241903 -0.01299161 0.007 -0.01170916 -0.001049482 0.007 -0.002985092 -0.009701297 0.007 -0.008276138 -0.005824518 0.007 0.0003730311 -0.01297672 0.007 -0.01160471 -0.0009423994 0.007 -0.002966492 -0.009552874 0.007 -0.008141368 -0.005759615 0.007 0.0005209445 -0.01295442 0.007 -0.002940517 -0.009405561 0.007 -0.00801 -0.005688076 0.007 -0.01149506 -0.0008406564 0.007 0.0006675628 -0.01292478 0.007 -0.002907232 -0.009259727 0.007 -0.007882361 -0.005610078 0.007 -0.01138047 -0.0007445055 0.007 0.0008125214 -0.01288787 0.007 -0.002866719 -0.009115734 0.007 -0.007758769 -0.005525814 0.007 -0.01126123 -0.000654186 0.007 0.00095546 -0.01284378 0.007 -0.002819078 -0.00897394 0.007 -0.007639531 -0.005435494 0.007 -0.01113764 -0.0005699222 0.007 0.001096023 -0.01279262 0.007 -0.007524942 -0.005339344 0.007 -0.002764429 -0.008834696 0.007 -0.01101 -0.0004919238 0.007 0.001233861 -0.01273452 0.007 -0.002702907 -0.008698349 0.007 -0.007415289 -0.0052376 0.007 0.001368632 -0.01266962 0.007 -0.01087863 -0.0004203846 0.007 -0.007310844 -0.005130518 0.007 -0.002634665 -0.008565238 0.007 -0.01074386 -0.0003554824 0.007 0.0015 -0.01259808 0.007 -0.007211867 -0.005018363 0.007 -0.002559873 -0.008435695 0.007 -0.01060602 -0.0002973787 0.007 0.001627639 -0.01252008 0.007 -0.007118602 -0.004901413 0.007 -0.002478716 -0.00831004 0.007 0.001751231 -0.01243581 0.007 -0.007031284 -0.00477996 0.007 -0.002391397 -0.008188587 0.007 0.001870469 -0.01234549 0.007 -0.006950127 -0.004654305 0.007 -0.002298133 -0.008071637 0.007 0.001985057 -0.01224934 0.007 -0.002199156 -0.007959482 0.007 -0.006875335 -0.004524762 0.007 0.00209471 -0.0121476 0.007 -0.006807094 -0.004391651 0.007 -0.00209471 -0.007852399 0.007 0.002199156 -0.01204052 0.007 -0.001985057 -0.007750657 0.007 -0.006745571 -0.004255304 0.007 0.002298133 -0.01192836 0.007 -0.006690922 -0.00411606 0.007 -0.001870469 -0.007654506 0.007 0.002391397 -0.01181141 0.007 -0.001751231 -0.007564186 0.007 -0.006643281 -0.003974266 0.007 0.002478716 -0.01168996 0.007 -0.006602768 -0.003830272 0.007 -0.001627639 -0.007479922 0.007 0.002559873 -0.01156431 0.007 -0.006569482 -0.003684438 0.007 -0.0015 -0.007401924 0.007 0.002634665 -0.01143476 0.007 -0.006543508 -0.003537127 0.007 -0.001368632 -0.007330385 0.007 0.002702907 -0.01130165 0.007 -0.001233861 -0.007265482 0.007 -0.006524908 -0.003388704 0.007 0.002764429 -0.0111653 0.007 -0.006513729 -0.003239538 0.007 -0.001096023 -0.007207379 0.007 -0.00095546 -0.007156218 0.007 -0.00651 -0.00309 0.007 -0.006513729 -0.002940462 0.007 -0.0008125214 -0.007112127 0.007 -0.006524908 -0.002791296 0.007 -0.0006675628 -0.007075216 0.007 0.002866719 -0.01088427 0.007 0.002819078 -0.01102606 0.007 -0.006543508 -0.002642873 0.007 -0.0005209445 -0.007045577 0.007 -0.006569482 -0.002495562 0.007 -0.0003730311 -0.007023283 0.007 -0.006602768 -0.002349728 0.007 -0.0002241903 -0.007008389 0.007 -0.006643281 -0.002205734 0.007 -7.479207e-05 -0.007000932 0.007 0.002940517 -0.01059444 0.007 0.002907232 -0.01074027 0.007 0.002985092 -0.0102987 0.007 0.002966492 -0.01044713 0.007 0.002996271 -0.01014954 0.007 -0.01003094 -0.0001355767 0.007 -0.00797471 0.0059424 0.007 -0.009883031 -0.0001132824 0.007 -0.01017756 -0.0001652163 0.007 -0.008079156 0.006049482 0.007 -0.007865057 0.005840656 0.007 -0.00973419 -9.83886e-05 0.007 -0.01032252 -0.0002021273 0.007 -0.008178133 0.006161637 0.007 -0.007750469 0.005744505 0.007 -0.009584792 -9.093245e-05 0.007 -0.01046546 -0.000246218 0.007 -0.008271398 0.006278587 0.007 -0.007631231 0.005654186 0.007 -0.009435208 -9.093245e-05 0.007 -0.008358716 0.00640004 0.007 -0.007507639 0.005569922 0.007 -0.00928581 -9.83886e-05 0.007 -0.008439873 0.006525694 0.007 -0.00738 0.005491924 0.007 -0.009136969 -0.0001132824 0.007 -0.008514665 0.006655238 0.007 -0.007248632 0.005420384 0.007 -0.008989056 -0.0001355767 0.007 -0.008582907 0.006788349 0.007 -0.007113861 0.005355483 0.007 -0.008842437 -0.0001652163 0.007 -0.008644428 0.006924695 0.007 -0.006976023 0.005297379 0.007 -0.008697478 -0.0002021273 0.007 -0.008699078 0.00706394 0.007 -0.00683546 0.005246218 0.007 -0.00855454 -0.000246218 0.007 -0.008746718 0.007205734 0.007 -0.006692522 0.005202127 0.007 -0.008413977 -0.0002973787 0.007 -0.008787231 0.007349728 0.007 -0.006547563 0.005165216 0.007 -0.008276138 -0.0003554824 0.007 -0.008820518 0.007495562 0.007 -0.006400945 0.005135577 0.007 -0.008141368 -0.0004203846 0.007 -0.008846493 0.007642873 0.007 -0.006253031 0.005113282 0.007 -0.00801 -0.0004919238 0.007 -0.008865092 0.007791296 0.007 -0.00610419 0.005098389 0.007 -0.007882361 -0.0005699222 0.007 -0.00887627 0.007940462 0.007 -0.005954792 0.005090932 0.007 -0.007758769 -0.000654186 0.007 -0.00888 0.00809 0.007 -0.005805208 0.005090932 0.007 -0.007639531 -0.0007445055 0.007 -0.00887627 0.008239537 0.007 -0.00565581 0.005098389 0.007 -0.007524942 -0.0008406564 0.007 -0.008865092 0.008388703 0.007 -0.005506969 0.005113282 0.007 -0.007415289 -0.0009423994 0.007 -0.008846493 0.008537127 0.007 -0.005359056 0.005135577 0.007 -0.007310844 -0.001049482 0.007 -0.008820518 0.008684439 0.007 -0.005212437 0.005165216 0.007 -0.007211867 -0.001161637 0.007 -0.008787231 0.008830272 0.007 -0.005067479 0.005202127 0.007 -0.007118602 -0.001278587 0.007 -0.008746718 0.008974265 0.007 -0.00492454 0.005246218 0.007 -0.007031284 -0.00140004 0.007 -0.008699078 0.00911606 0.007 -0.004783977 0.005297379 0.007 -0.006950127 -0.001525694 0.007 -0.008644428 0.009255304 0.007 -0.004646139 0.005355483 0.007 -0.006875335 -0.001655238 0.007 -0.008582907 0.009391651 0.007 -0.004511368 0.005420384 0.007 -0.006807094 -0.001788349 0.007 -0.008514665 0.009524762 0.007 -0.00438 0.005491924 0.007 -0.006745571 -0.001924696 0.007 -0.008439873 0.009654305 0.007 -0.004252361 0.005569922 0.007 -0.006690922 -0.00206394 0.007 -0.008358716 0.009779961 0.007 -0.004128769 0.005654186 0.007 -0.008271398 0.009901413 0.007 -0.008178133 0.01001836 0.007 -0.008079156 0.01013052 0.007 0.002634665 -0.008565238 0.007 0.007415289 -0.0052376 0.007 0.002702907 -0.008698349 0.007 0.002559873 -0.008435695 0.007 0.007310844 -0.005130518 0.007 0.007524942 -0.005339344 0.007 0.002764429 -0.008834696 0.007 0.007211867 -0.005018363 0.007 0.002478716 -0.00831004 0.007 0.007639531 -0.005435494 0.007 0.002819078 -0.00897394 0.007 0.007118602 -0.004901413 0.007 0.002391397 -0.008188587 0.007 0.007758769 -0.005525814 0.007 0.002866719 -0.009115734 0.007 0.007031284 -0.00477996 0.007 0.002298133 -0.008071637 0.007 0.007882361 -0.005610078 0.007 0.002907232 -0.009259727 0.007 0.006950127 -0.004654305 0.007 0.002199156 -0.007959482 0.007 0.00801 -0.005688076 0.007 0.002940517 -0.009405561 0.007 0.006875335 -0.004524762 0.007 0.00209471 -0.007852399 0.007 0.008141368 -0.005759615 0.007 0.002966492 -0.009552874 0.007 0.006807094 -0.004391651 0.007 0.001985057 -0.007750657 0.007 0.008276138 -0.005824518 0.007 0.002985092 -0.009701297 0.007 0.006745571 -0.004255304 0.007 0.001870469 -0.007654506 0.007 0.008413977 -0.005882621 0.007 0.002996271 -0.009850462 0.007 0.006690922 -0.00411606 0.007 0.001751231 -0.007564186 0.007 0.00855454 -0.005933782 0.007 0.003 -0.01 0.007 0.006643281 -0.003974266 0.007 0.001627639 -0.007479922 0.007 0.008697478 -0.005977873 0.007 -0.00797471 0.0102376 0.007 -0.007865057 0.01033934 0.007 -0.007750469 0.01043549 0.007 0.0015 -0.007401924 0.007 0.006602768 -0.003830272 0.007 0.008842437 -0.006014784 0.007 0.001368632 -0.007330385 0.007 0.006569482 -0.003684438 0.007 0.008989056 -0.006044423 0.007 0.001233861 -0.007265482 0.007 0.006543508 -0.003537127 0.007 0.009136969 -0.006066718 0.007 0.001096023 -0.007207379 0.007 0.006524908 -0.003388704 0.007 0.00928581 -0.006081611 0.007 0.00095546 -0.007156218 0.007 0.006513729 -0.003239538 0.007 0.009435208 -0.006089067 0.007 0.00651 -0.00309 0.007 0.0008125214 -0.007112127 0.007 0.009584792 -0.006089067 0.007 0.0006675628 -0.007075216 0.007 0.006513729 -0.002940462 0.007 0.00973419 -0.006081611 0.007 0.0005209445 -0.007045577 0.007 0.006524908 -0.002791296 0.007 0.009883031 -0.006066718 0.007 0.0003730311 -0.007023283 0.007 0.006543508 -0.002642873 0.007 0.01003094 -0.006044423 0.007 -0.007631231 0.01052581 0.007 -0.007507639 0.01061008 0.007 -0.00738 0.01068808 0.007 0.006569482 -0.002495562 0.007 0.0002241903 -0.007008389 0.007 0.01017756 -0.006014784 0.007 0.006602768 -0.002349728 0.007 7.479207e-05 -0.007000932 0.007 0.01032252 -0.005977873 0.007 0.006643281 -0.002205734 0.007 0.01046546 -0.005933782 0.007 0.01060602 -0.005882621 0.007 0.01074386 -0.005824518 0.007 0.01087863 -0.005759615 0.007 -0.007248632 0.01075962 0.007 -0.007113861 0.01082452 0.007 -0.006976023 0.01088262 0.007 0.01101 -0.005688076 0.007 0.01126123 -0.005525814 0.007 0.01113764 -0.005610078 0.007 0.01138047 -0.005435494 0.007 -0.00683546 0.01093378 0.007 -0.006692522 0.01097787 0.007 0.01170916 -0.005130518 0.007 0.01160471 -0.0052376 0.007 0.01149506 -0.005339344 0.007 -0.006547563 0.01101478 0.007 -0.006400945 0.01104442 0.007 -0.006253031 0.01106672 0.007 0.0119014 -0.004901413 0.007 0.01180813 -0.005018363 0.007 -0.00610419 0.01108161 0.007 -0.005954792 0.01108907 0.007 -0.005805208 0.01108907 0.007 0.01214466 -0.004524762 0.007 0.01206987 -0.004654305 0.007 0.01198872 -0.00477996 0.007 -0.003581867 0.006161637 0.007 0.003680844 0.006049482 0.007 -0.003680844 0.006049482 0.007 -0.00378529 0.0059424 0.007 0.00378529 0.0059424 0.007 0.003894943 0.005840656 0.007 -0.003894943 0.005840656 0.007 0.003581867 0.006161637 0.007 0.004009531 0.005744505 0.007 -0.004009531 0.005744505 0.007 -0.003488602 0.006278587 0.007 0.003488602 0.006278587 0.007 0.004128769 0.005654186 0.007 0.006690922 -0.00206394 0.007 -0.003401284 0.00640004 0.007 0.003401284 0.00640004 0.007 0.004252361 0.005569922 0.007 0.006745571 -0.001924696 0.007 -0.003245335 0.006655238 0.007 0.003320127 0.006525694 0.007 -0.003320127 0.006525694 0.007 0.00438 0.005491924 0.007 0.006807094 -0.001788349 0.007 -0.00565581 0.01108161 0.007 -0.005506969 0.01106672 0.007 0.003245335 0.006655238 0.007 0.004511368 0.005420384 0.007 0.006875335 -0.001655238 0.007 -0.003177094 0.006788349 0.007 0.003177094 0.006788349 0.007 0.004646139 0.005355483 0.007 0.006950127 -0.001525694 0.007 -0.003115571 0.006924695 0.007 0.003115571 0.006924695 0.007 0.004783977 0.005297379 0.007 0.007031284 -0.00140004 0.007 -0.003013282 0.007205734 0.007 0.003060922 0.00706394 0.007 -0.003060922 0.00706394 0.007 0.00492454 0.005246218 0.007 0.007118602 -0.001278587 0.007 -0.002972768 0.007349728 0.007 0.003013282 0.007205734 0.007 0.005067479 0.005202127 0.007 0.007211867 -0.001161637 0.007 0.002972768 0.007349728 0.007 0.005212437 0.005165216 0.007 0.007310844 -0.001049482 0.007 -0.002939482 0.007495562 0.007 0.002939482 0.007495562 0.007 0.01232908 -0.00411606 0.007 0.01227443 -0.004255304 0.007 0.01221291 -0.004391651 0.007 0.005359056 0.005135577 0.007 0.007415289 -0.0009423994 0.007 -0.002894908 0.007791296 0.007 0.002913507 0.007642873 0.007 -0.002913507 0.007642873 0.007 0.005506969 0.005113282 0.007 0.007524942 -0.0008406564 0.007 -0.002883729 0.007940462 0.007 0.002894908 0.007791296 0.007 0.00565581 0.005098389 0.007 0.007639531 -0.0007445055 0.007 0.002883729 0.007940462 0.007 0.005805208 0.005090932 0.007 0.007758769 -0.000654186 0.007 -0.00288 0.00809 0.007 0.00288 0.00809 0.007 -0.005359056 0.01104442 0.007 -0.005212437 0.01101478 0.007 -0.005067479 0.01097787 0.007 0.005954792 0.005090932 0.007 0.007882361 -0.0005699222 0.007 -0.002894908 0.008388703 0.007 0.002883729 0.008239537 0.007 -0.002883729 0.008239537 0.007 0.00610419 0.005098389 0.007 0.00801 -0.0004919238 0.007 0.002894908 0.008388703 0.007 0.006253031 0.005113282 0.007 0.008141368 -0.0004203846 0.007 -0.002939482 0.008684439 0.007 0.002913507 0.008537127 0.007 -0.002913507 0.008537127 0.007 0.006400945 0.005135577 0.007 0.008276138 -0.0003554824 0.007 0.01245052 -0.003684438 0.007 0.01241723 -0.003830272 0.007 0.01237672 -0.003974266 0.007 -0.002972768 0.008830272 0.007 0.002939482 0.008684439 0.007 0.006547563 0.005165216 0.007 0.008413977 -0.0002973787 0.007 -0.003013282 0.008974265 0.007 0.002972768 0.008830272 0.007 0.006692522 0.005202127 0.007 0.00855454 -0.000246218 0.007 0.003013282 0.008974265 0.007 0.00683546 0.005246218 0.007 0.008697478 -0.0002021273 0.007 -0.00492454 0.01093378 0.007 -0.004783977 0.01088262 0.007 -0.003115571 0.009255304 0.007 0.003060922 0.00911606 0.007 -0.003060922 0.00911606 0.007 0.006976023 0.005297379 0.007 0.008842437 -0.0001652163 0.007 -0.003177094 0.009391651 0.007 0.003115571 0.009255304 0.007 0.007113861 0.005355483 0.007 0.008989056 -0.0001355767 0.007 0.003177094 0.009391651 0.007 0.01250627 -0.003239538 0.007 0.01249509 -0.003388704 0.007 0.01247649 -0.003537127 0.007 0.007248632 0.005420384 0.007 0.009136969 -0.0001132824 0.007 -0.003245335 0.009524762 0.007 0.003245335 0.009524762 0.007 0.00738 0.005491924 0.007 0.00928581 -9.83886e-05 0.007 0.003320127 0.009654305 0.007 -0.003401284 0.009779961 0.007 -0.003320127 0.009654305 0.007 0.007507639 0.005569922 0.007 0.009435208 -9.093245e-05 0.007 -0.004646139 0.01082452 0.007 -0.004511368 0.01075962 0.007 -0.00438 0.01068808 0.007 0.003401284 0.009779961 0.007 0.007631231 0.005654186 0.007 0.009584792 -9.093245e-05 0.007 -0.003581867 0.01001836 0.007 0.003488602 0.009901413 0.007 -0.003488602 0.009901413 0.007 0.007750469 0.005744505 0.007 0.00973419 -9.83886e-05 0.007 0.003581867 0.01001836 0.007 0.01251 -0.00309 0.007 0.01249509 -0.002791296 0.007 0.01250627 -0.002940462 0.007 0.007865057 0.005840656 0.007 0.009883031 -0.0001132824 0.007 0.00797471 0.0059424 0.007 0.01003094 -0.0001355767 0.007 0.008079156 0.006049482 0.007 0.01017756 -0.0001652163 0.007 -0.004252361 0.01061008 0.007 -0.004128769 0.01052581 0.007 0.008178133 0.006161637 0.007 0.01032252 -0.0002021273 0.007 0.008271398 0.006278587 0.007 0.01046546 -0.000246218 0.007 0.01245052 -0.002495562 0.007 0.01247649 -0.002642873 0.007 0.008358716 0.00640004 0.007 0.01060602 -0.0002973787 0.007 0.008439873 0.006525694 0.007 -0.004009531 0.01043549 0.007 -0.003894943 0.01033934 0.007 0.01232908 -0.00206394 0.007 0.01237672 -0.002205734 0.007 0.01241723 -0.002349728 0.007 -0.00378529 0.0102376 0.007 0.01214466 -0.001655238 0.007 0.01221291 -0.001788349 0.007 0.01227443 -0.001924696 0.007 -0.003680844 0.01013052 0.007 0.01198872 -0.00140004 0.007 0.01206987 -0.001525694 0.007 0.003680844 0.01013052 0.007 0.00378529 0.0102376 0.007 0.01170916 -0.001049482 0.007 0.01180813 -0.001161637 0.007 0.0119014 -0.001278587 0.007 0.003894943 0.01033934 0.007 0.01149506 -0.0008406564 0.007 0.01160471 -0.0009423994 0.007 0.004009531 0.01043549 0.007 0.004128769 0.01052581 0.007 0.01126123 -0.000654186 0.007 0.01138047 -0.0007445055 0.007 0.004252361 0.01061008 0.007 0.00438 0.01068808 0.007 0.01101 -0.0004919238 0.007 0.01113764 -0.0005699222 0.007 0.004511368 0.01075962 0.007 0.004646139 0.01082452 0.007 0.004783977 0.01088262 0.007 0.01074386 -0.0003554824 0.007 0.01087863 -0.0004203846 0.007 0.00492454 0.01093378 0.007 0.005067479 0.01097787 0.007 0.005212437 0.01101478 0.007 0.005359056 0.01104442 0.007 0.005506969 0.01106672 0.007 0.008582907 0.006788349 0.007 0.008514665 0.006655238 0.007 0.00565581 0.01108161 0.007 0.005805208 0.01108907 0.007 0.008699078 0.00706394 0.007 0.008644428 0.006924695 0.007 0.005954792 0.01108907 0.007 0.00610419 0.01108161 0.007 0.006253031 0.01106672 0.007 0.008787231 0.007349728 0.007 0.008746718 0.007205734 0.007 0.006400945 0.01104442 0.007 0.006547563 0.01101478 0.007 0.006692522 0.01097787 0.007 0.008846493 0.007642873 0.007 0.008820518 0.007495562 0.007 0.00683546 0.01093378 0.007 0.006976023 0.01088262 0.007 0.00887627 0.007940462 0.007 0.008865092 0.007791296 0.007 0.007113861 0.01082452 0.007 0.007248632 0.01075962 0.007 0.00738 0.01068808 0.007 0.00888 0.00809 0.007 0.00887627 0.008239537 0.007 0.007507639 0.01061008 0.007 0.007631231 0.01052581 0.007 0.007750469 0.01043549 0.007 0.008820518 0.008684439 0.007 0.008846493 0.008537127 0.007 0.008865092 0.008388703 0.007 0.007865057 0.01033934 0.007 0.00797471 0.0102376 0.007 0.008079156 0.01013052 0.007 0.008699078 0.00911606 0.007 0.008746718 0.008974265 0.007 0.008787231 0.008830272 0.007 0.008178133 0.01001836 0.007 0.008271398 0.009901413 0.007 0.008358716 0.009779961 0.007 0.008582907 0.009391651 0.007 0.008644428 0.009255304 0.007 0.008439873 0.009654305 0.007 0.008514665 0.009524762 0.007 -0.00651 -0.00309 0.01 -0.006513729 -0.003239538 0.01 -0.006524908 -0.003388704 0.01 -0.006543508 -0.003537127 0.01 -0.006569482 -0.003684438 0.01 -0.006602768 -0.003830272 0.01 -0.006643281 -0.003974266 0.01 -0.006690922 -0.00411606 0.01 -0.006745571 -0.004255304 0.01 -0.006807094 -0.004391651 0.01 -0.006875335 -0.004524762 0.01 -0.006950127 -0.004654305 0.01 -0.007031284 -0.00477996 0.01 -0.007118602 -0.004901413 0.01 -0.007211867 -0.005018363 0.01 -0.007310844 -0.005130518 0.01 -0.007415289 -0.0052376 0.01 -0.007524942 -0.005339344 0.01 -0.007639531 -0.005435494 0.01 -0.007758769 -0.005525814 0.01 -0.007882361 -0.005610078 0.01 -0.00801 -0.005688076 0.01 -0.008141368 -0.005759615 0.01 -0.008276138 -0.005824518 0.01 -0.008413977 -0.005882621 0.01 -0.00855454 -0.005933782 0.01 -0.008697478 -0.005977873 0.01 -0.008842437 -0.006014784 0.01 -0.008989056 -0.006044423 0.01 -0.009136969 -0.006066718 0.01 -0.00928581 -0.006081611 0.01 -0.009435208 -0.006089067 0.01 -0.009584792 -0.006089067 0.01 -0.00973419 -0.006081611 0.01 -0.009883031 -0.006066718 0.01 -0.01003094 -0.006044423 0.01 -0.01017756 -0.006014784 0.01 -0.01032252 -0.005977873 0.01 -0.01046546 -0.005933782 0.01 -0.01060602 -0.005882621 0.01 -0.01074386 -0.005824518 0.01 -0.01087863 -0.005759615 0.01 -0.01101 -0.005688076 0.01 -0.01113764 -0.005610078 0.01 -0.01126123 -0.005525814 0.01 -0.01138047 -0.005435494 0.01 -0.01149506 -0.005339344 0.01 -0.01160471 -0.0052376 0.01 -0.01170916 -0.005130518 0.01 -0.01180813 -0.005018363 0.01 -0.0119014 -0.004901413 0.01 -0.01198872 -0.00477996 0.01 -0.01206987 -0.004654305 0.01 -0.01214466 -0.004524762 0.01 -0.01221291 -0.004391651 0.01 -0.01227443 -0.004255304 0.01 -0.01232908 -0.00411606 0.01 -0.01237672 -0.003974266 0.01 -0.01241723 -0.003830272 0.01 -0.01245052 -0.003684438 0.01 -0.01247649 -0.003537127 0.01 -0.01249509 -0.003388704 0.01 -0.01250627 -0.003239538 0.01 -0.01251 -0.00309 0.01 -0.01250627 -0.002940462 0.01 -0.01249509 -0.002791296 0.01 -0.01247649 -0.002642873 0.01 -0.01245052 -0.002495562 0.01 -0.01241723 -0.002349728 0.01 -0.01237672 -0.002205734 0.01 -0.01232908 -0.00206394 0.01 -0.01227443 -0.001924696 0.01 -0.01221291 -0.001788349 0.01 -0.01214466 -0.001655238 0.01 -0.01206987 -0.001525694 0.01 -0.01198872 -0.00140004 0.01 -0.0119014 -0.001278587 0.01 -0.01180813 -0.001161637 0.01 -0.01170916 -0.001049482 0.01 -0.01160471 -0.0009423994 0.01 -0.01149506 -0.0008406564 0.01 -0.01138047 -0.0007445055 0.01 -0.01126123 -0.000654186 0.01 -0.01113764 -0.0005699222 0.01 -0.01101 -0.0004919238 0.01 -0.01087863 -0.0004203846 0.01 -0.01074386 -0.0003554824 0.01 -0.01060602 -0.0002973787 0.01 -0.01046546 -0.000246218 0.01 -0.01032252 -0.0002021273 0.01 -0.01017756 -0.0001652163 0.01 -0.01003094 -0.0001355767 0.01 -0.009883031 -0.0001132824 0.01 -0.00973419 -9.83886e-05 0.01 -0.009584792 -9.093245e-05 0.01 -0.009435208 -9.093245e-05 0.01 -0.00928581 -9.83886e-05 0.01 -0.009136969 -0.0001132824 0.01 -0.008989056 -0.0001355767 0.01 -0.008842437 -0.0001652163 0.01 -0.008697478 -0.0002021273 0.01 -0.00855454 -0.000246218 0.01 -0.008413977 -0.0002973787 0.01 -0.008276138 -0.0003554824 0.01 -0.008141368 -0.0004203846 0.01 -0.00801 -0.0004919238 0.01 -0.007882361 -0.0005699222 0.01 -0.007758769 -0.000654186 0.01 -0.007639531 -0.0007445055 0.01 -0.007524942 -0.0008406564 0.01 -0.007415289 -0.0009423994 0.01 -0.007310844 -0.001049482 0.01 -0.007211867 -0.001161637 0.01 -0.007118602 -0.001278587 0.01 -0.007031284 -0.00140004 0.01 -0.006950127 -0.001525694 0.01 -0.006875335 -0.001655238 0.01 -0.006807094 -0.001788349 0.01 -0.006745571 -0.001924696 0.01 -0.006690922 -0.00206394 0.01 -0.006643281 -0.002205734 0.01 -0.006602768 -0.002349728 0.01 -0.006569482 -0.002495562 0.01 -0.006543508 -0.002642873 0.01 -0.006524908 -0.002791296 0.01 -0.006513729 -0.002940462 0.01 0.003 -0.01 0.01 0.002996271 -0.01014954 0.01 0.002985092 -0.0102987 0.01 0.002966492 -0.01044713 0.01 0.002940517 -0.01059444 0.01 0.002907232 -0.01074027 0.01 0.002866719 -0.01088427 0.01 0.002819078 -0.01102606 0.01 0.002764429 -0.0111653 0.01 0.002702907 -0.01130165 0.01 0.002634665 -0.01143476 0.01 0.002559873 -0.01156431 0.01 0.002478716 -0.01168996 0.01 0.002391397 -0.01181141 0.01 0.002298133 -0.01192836 0.01 0.002199156 -0.01204052 0.01 0.00209471 -0.0121476 0.01 0.001985057 -0.01224934 0.01 0.001870469 -0.01234549 0.01 0.001751231 -0.01243581 0.01 0.001627639 -0.01252008 0.01 0.0015 -0.01259808 0.01 0.001368632 -0.01266962 0.01 0.001233861 -0.01273452 0.01 0.001096023 -0.01279262 0.01 0.00095546 -0.01284378 0.01 0.0008125214 -0.01288787 0.01 0.0006675628 -0.01292478 0.01 0.0005209445 -0.01295442 0.01 0.0003730311 -0.01297672 0.01 0.0002241903 -0.01299161 0.01 7.479207e-05 -0.01299907 0.01 -7.479207e-05 -0.01299907 0.01 -0.0002241903 -0.01299161 0.01 -0.0003730311 -0.01297672 0.01 -0.0005209445 -0.01295442 0.01 -0.0006675628 -0.01292478 0.01 -0.0008125214 -0.01288787 0.01 -0.00095546 -0.01284378 0.01 -0.001096023 -0.01279262 0.01 -0.001233861 -0.01273452 0.01 -0.001368632 -0.01266962 0.01 -0.0015 -0.01259808 0.01 -0.001627639 -0.01252008 0.01 -0.001751231 -0.01243581 0.01 -0.001870469 -0.01234549 0.01 -0.001985057 -0.01224934 0.01 -0.00209471 -0.0121476 0.01 -0.002199156 -0.01204052 0.01 -0.002298133 -0.01192836 0.01 -0.002391397 -0.01181141 0.01 -0.002478716 -0.01168996 0.01 -0.002559873 -0.01156431 0.01 -0.002634665 -0.01143476 0.01 -0.002702907 -0.01130165 0.01 -0.002764429 -0.0111653 0.01 -0.002819078 -0.01102606 0.01 -0.002866719 -0.01088427 0.01 -0.002907232 -0.01074027 0.01 -0.002940517 -0.01059444 0.01 -0.002966492 -0.01044713 0.01 -0.002985092 -0.0102987 0.01 -0.002996271 -0.01014954 0.01 -0.003 -0.01 0.01 -0.002996271 -0.009850462 0.01 -0.002985092 -0.009701297 0.01 -0.002966492 -0.009552874 0.01 -0.002940517 -0.009405561 0.01 -0.002907232 -0.009259727 0.01 -0.002866719 -0.009115734 0.01 -0.002819078 -0.00897394 0.01 -0.002764429 -0.008834696 0.01 -0.002702907 -0.008698349 0.01 -0.002634665 -0.008565238 0.01 -0.002559873 -0.008435695 0.01 -0.002478716 -0.00831004 0.01 -0.002391397 -0.008188587 0.01 -0.002298133 -0.008071637 0.01 -0.002199156 -0.007959482 0.01 -0.00209471 -0.007852399 0.01 -0.001985057 -0.007750657 0.01 -0.001870469 -0.007654506 0.01 -0.001751231 -0.007564186 0.01 -0.001627639 -0.007479922 0.01 -0.0015 -0.007401924 0.01 -0.001368632 -0.007330385 0.01 -0.001233861 -0.007265482 0.01 -0.001096023 -0.007207379 0.01 -0.00095546 -0.007156218 0.01 -0.0008125214 -0.007112127 0.01 -0.0006675628 -0.007075216 0.01 -0.0005209445 -0.007045577 0.01 -0.0003730311 -0.007023283 0.01 -0.0002241903 -0.007008389 0.01 -7.479207e-05 -0.007000932 0.01 7.479207e-05 -0.007000932 0.01 0.0002241903 -0.007008389 0.01 0.0003730311 -0.007023283 0.01 0.0005209445 -0.007045577 0.01 0.0006675628 -0.007075216 0.01 0.0008125214 -0.007112127 0.01 0.00095546 -0.007156218 0.01 0.001096023 -0.007207379 0.01 0.001233861 -0.007265482 0.01 0.001368632 -0.007330385 0.01 0.0015 -0.007401924 0.01 0.001627639 -0.007479922 0.01 0.001751231 -0.007564186 0.01 0.001870469 -0.007654506 0.01 0.001985057 -0.007750657 0.01 0.00209471 -0.007852399 0.01 0.002199156 -0.007959482 0.01 0.002298133 -0.008071637 0.01 0.002391397 -0.008188587 0.01 0.002478716 -0.00831004 0.01 0.002559873 -0.008435695 0.01 0.002634665 -0.008565238 0.01 0.002702907 -0.008698349 0.01 0.002764429 -0.008834696 0.01 0.002819078 -0.00897394 0.01 0.002866719 -0.009115734 0.01 0.002907232 -0.009259727 0.01 0.002940517 -0.009405561 0.01 0.002966492 -0.009552874 0.01 0.002985092 -0.009701297 0.01 0.002996271 -0.009850462 0.01 0.01251 -0.00309 0.01 0.01250627 -0.003239538 0.01 0.01249509 -0.003388704 0.01 0.01247649 -0.003537127 0.01 0.01245052 -0.003684438 0.01 0.01241723 -0.003830272 0.01 0.01237672 -0.003974266 0.01 0.01232908 -0.00411606 0.01 0.01227443 -0.004255304 0.01 0.01221291 -0.004391651 0.01 0.01214466 -0.004524762 0.01 0.01206987 -0.004654305 0.01 0.01198872 -0.00477996 0.01 0.0119014 -0.004901413 0.01 0.01180813 -0.005018363 0.01 0.01170916 -0.005130518 0.01 0.01160471 -0.0052376 0.01 0.01149506 -0.005339344 0.01 0.01138047 -0.005435494 0.01 0.01126123 -0.005525814 0.01 0.01113764 -0.005610078 0.01 0.01101 -0.005688076 0.01 0.01087863 -0.005759615 0.01 0.01074386 -0.005824518 0.01 0.01060602 -0.005882621 0.01 0.01046546 -0.005933782 0.01 0.01032252 -0.005977873 0.01 0.01017756 -0.006014784 0.01 0.01003094 -0.006044423 0.01 0.009883031 -0.006066718 0.01 0.00973419 -0.006081611 0.01 0.009584792 -0.006089067 0.01 0.009435208 -0.006089067 0.01 0.00928581 -0.006081611 0.01 0.009136969 -0.006066718 0.01 0.008989056 -0.006044423 0.01 0.008842437 -0.006014784 0.01 0.008697478 -0.005977873 0.01 0.00855454 -0.005933782 0.01 0.008413977 -0.005882621 0.01 0.008276138 -0.005824518 0.01 0.008141368 -0.005759615 0.01 0.00801 -0.005688076 0.01 0.007882361 -0.005610078 0.01 0.007758769 -0.005525814 0.01 0.007639531 -0.005435494 0.01 0.007524942 -0.005339344 0.01 0.007415289 -0.0052376 0.01 0.007310844 -0.005130518 0.01 0.007211867 -0.005018363 0.01 0.007118602 -0.004901413 0.01 0.007031284 -0.00477996 0.01 0.006950127 -0.004654305 0.01 0.006875335 -0.004524762 0.01 0.006807094 -0.004391651 0.01 0.006745571 -0.004255304 0.01 0.006690922 -0.00411606 0.01 0.006643281 -0.003974266 0.01 0.006602768 -0.003830272 0.01 0.006569482 -0.003684438 0.01 0.006543508 -0.003537127 0.01 0.006524908 -0.003388704 0.01 0.006513729 -0.003239538 0.01 0.00651 -0.00309 0.01 0.006513729 -0.002940462 0.01 0.006524908 -0.002791296 0.01 0.006543508 -0.002642873 0.01 0.006569482 -0.002495562 0.01 0.006602768 -0.002349728 0.01 0.006643281 -0.002205734 0.01 0.006690922 -0.00206394 0.01 0.006745571 -0.001924696 0.01 0.006807094 -0.001788349 0.01 0.006875335 -0.001655238 0.01 0.006950127 -0.001525694 0.01 0.007031284 -0.00140004 0.01 0.007118602 -0.001278587 0.01 0.007211867 -0.001161637 0.01 0.007310844 -0.001049482 0.01 0.007415289 -0.0009423994 0.01 0.007524942 -0.0008406564 0.01 0.007639531 -0.0007445055 0.01 0.007758769 -0.000654186 0.01 0.007882361 -0.0005699222 0.01 0.00801 -0.0004919238 0.01 0.008141368 -0.0004203846 0.01 0.008276138 -0.0003554824 0.01 0.008413977 -0.0002973787 0.01 0.00855454 -0.000246218 0.01 0.008697478 -0.0002021273 0.01 0.008842437 -0.0001652163 0.01 0.008989056 -0.0001355767 0.01 0.009136969 -0.0001132824 0.01 0.00928581 -9.83886e-05 0.01 0.009435208 -9.093245e-05 0.01 0.009584792 -9.093245e-05 0.01 0.00973419 -9.83886e-05 0.01 0.009883031 -0.0001132824 0.01 0.01003094 -0.0001355767 0.01 0.01017756 -0.0001652163 0.01 0.01032252 -0.0002021273 0.01 0.01046546 -0.000246218 0.01 0.01060602 -0.0002973787 0.01 0.01074386 -0.0003554824 0.01 0.01087863 -0.0004203846 0.01 0.01101 -0.0004919238 0.01 0.01113764 -0.0005699222 0.01 0.01126123 -0.000654186 0.01 0.01138047 -0.0007445055 0.01 0.01149506 -0.0008406564 0.01 0.01160471 -0.0009423994 0.01 0.01170916 -0.001049482 0.01 0.01180813 -0.001161637 0.01 0.0119014 -0.001278587 0.01 0.01198872 -0.00140004 0.01 0.01206987 -0.001525694 0.01 0.01214466 -0.001655238 0.01 0.01221291 -0.001788349 0.01 0.01227443 -0.001924696 0.01 0.01232908 -0.00206394 0.01 0.01237672 -0.002205734 0.01 0.01241723 -0.002349728 0.01 0.01245052 -0.002495562 0.01 0.01247649 -0.002642873 0.01 0.01249509 -0.002791296 0.01 0.01250627 -0.002940462 0.01 -0.00288 0.00809 0.01 -0.002883729 0.007940462 0.01 -0.002894908 0.007791296 0.01 -0.002913507 0.007642873 0.01 -0.002939482 0.007495562 0.01 -0.002972768 0.007349728 0.01 -0.003013282 0.007205734 0.01 -0.003060922 0.00706394 0.01 -0.003115571 0.006924695 0.01 -0.003177094 0.006788349 0.01 -0.003245335 0.006655238 0.01 -0.003320127 0.006525694 0.01 -0.003401284 0.00640004 0.01 -0.003488602 0.006278587 0.01 -0.003581867 0.006161637 0.01 -0.003680844 0.006049482 0.01 -0.00378529 0.0059424 0.01 -0.003894943 0.005840656 0.01 -0.004009531 0.005744505 0.01 -0.004128769 0.005654186 0.01 -0.004252361 0.005569922 0.01 -0.00438 0.005491924 0.01 -0.004511368 0.005420384 0.01 -0.004646139 0.005355483 0.01 -0.004783977 0.005297379 0.01 -0.00492454 0.005246218 0.01 -0.005067479 0.005202127 0.01 -0.005212437 0.005165216 0.01 -0.005359056 0.005135577 0.01 -0.005506969 0.005113282 0.01 -0.00565581 0.005098389 0.01 -0.005805208 0.005090932 0.01 -0.005954792 0.005090932 0.01 -0.00610419 0.005098389 0.01 -0.006253031 0.005113282 0.01 -0.006400945 0.005135577 0.01 -0.006547563 0.005165216 0.01 -0.006692522 0.005202127 0.01 -0.00683546 0.005246218 0.01 -0.006976023 0.005297379 0.01 -0.007113861 0.005355483 0.01 -0.007248632 0.005420384 0.01 -0.00738 0.005491924 0.01 -0.007507639 0.005569922 0.01 -0.007631231 0.005654186 0.01 -0.007750469 0.005744505 0.01 -0.007865057 0.005840656 0.01 -0.00797471 0.0059424 0.01 -0.008079156 0.006049482 0.01 -0.008178133 0.006161637 0.01 -0.008271398 0.006278587 0.01 -0.008358716 0.00640004 0.01 -0.008439873 0.006525694 0.01 -0.008514665 0.006655238 0.01 -0.008582907 0.006788349 0.01 -0.008644428 0.006924695 0.01 -0.008699078 0.00706394 0.01 -0.008746718 0.007205734 0.01 -0.008787231 0.007349728 0.01 -0.008820518 0.007495562 0.01 -0.008846493 0.007642873 0.01 -0.008865092 0.007791296 0.01 -0.00887627 0.007940462 0.01 -0.00888 0.00809 0.01 -0.00887627 0.008239537 0.01 -0.008865092 0.008388703 0.01 -0.008846493 0.008537127 0.01 -0.008820518 0.008684439 0.01 -0.008787231 0.008830272 0.01 -0.008746718 0.008974265 0.01 -0.008699078 0.00911606 0.01 -0.008644428 0.009255304 0.01 -0.008582907 0.009391651 0.01 -0.008514665 0.009524762 0.01 -0.008439873 0.009654305 0.01 -0.008358716 0.009779961 0.01 -0.008271398 0.009901413 0.01 -0.008178133 0.01001836 0.01 -0.008079156 0.01013052 0.01 -0.00797471 0.0102376 0.01 -0.007865057 0.01033934 0.01 -0.007750469 0.01043549 0.01 -0.007631231 0.01052581 0.01 -0.007507639 0.01061008 0.01 -0.00738 0.01068808 0.01 -0.007248632 0.01075962 0.01 -0.007113861 0.01082452 0.01 -0.006976023 0.01088262 0.01 -0.00683546 0.01093378 0.01 -0.006692522 0.01097787 0.01 -0.006547563 0.01101478 0.01 -0.006400945 0.01104442 0.01 -0.006253031 0.01106672 0.01 -0.00610419 0.01108161 0.01 -0.005954792 0.01108907 0.01 -0.005805208 0.01108907 0.01 -0.00565581 0.01108161 0.01 -0.005506969 0.01106672 0.01 -0.005359056 0.01104442 0.01 -0.005212437 0.01101478 0.01 -0.005067479 0.01097787 0.01 -0.00492454 0.01093378 0.01 -0.004783977 0.01088262 0.01 -0.004646139 0.01082452 0.01 -0.004511368 0.01075962 0.01 -0.00438 0.01068808 0.01 -0.004252361 0.01061008 0.01 -0.004128769 0.01052581 0.01 -0.004009531 0.01043549 0.01 -0.003894943 0.01033934 0.01 -0.00378529 0.0102376 0.01 -0.003680844 0.01013052 0.01 -0.003581867 0.01001836 0.01 -0.003488602 0.009901413 0.01 -0.003401284 0.009779961 0.01 -0.003320127 0.009654305 0.01 -0.003245335 0.009524762 0.01 -0.003177094 0.009391651 0.01 -0.003115571 0.009255304 0.01 -0.003060922 0.00911606 0.01 -0.003013282 0.008974265 0.01 -0.002972768 0.008830272 0.01 -0.002939482 0.008684439 0.01 -0.002913507 0.008537127 0.01 -0.002894908 0.008388703 0.01 -0.002883729 0.008239537 0.01 0.00888 0.00809 0.01 0.00887627 0.007940462 0.01 0.008865092 0.007791296 0.01 0.008846493 0.007642873 0.01 0.008820518 0.007495562 0.01 0.008787231 0.007349728 0.01 0.008746718 0.007205734 0.01 0.008699078 0.00706394 0.01 0.008644428 0.006924695 0.01 0.008582907 0.006788349 0.01 0.008514665 0.006655238 0.01 0.008439873 0.006525694 0.01 0.008358716 0.00640004 0.01 0.008271398 0.006278587 0.01 0.008178133 0.006161637 0.01 0.008079156 0.006049482 0.01 0.00797471 0.0059424 0.01 0.007865057 0.005840656 0.01 0.007750469 0.005744505 0.01 0.007631231 0.005654186 0.01 0.007507639 0.005569922 0.01 0.00738 0.005491924 0.01 0.007248632 0.005420384 0.01 0.007113861 0.005355483 0.01 0.006976023 0.005297379 0.01 0.00683546 0.005246218 0.01 0.006692522 0.005202127 0.01 0.006547563 0.005165216 0.01 0.006400945 0.005135577 0.01 0.006253031 0.005113282 0.01 0.00610419 0.005098389 0.01 0.005954792 0.005090932 0.01 0.005805208 0.005090932 0.01 0.00565581 0.005098389 0.01 0.005506969 0.005113282 0.01 0.005359056 0.005135577 0.01 0.005212437 0.005165216 0.01 0.005067479 0.005202127 0.01 0.00492454 0.005246218 0.01 0.004783977 0.005297379 0.01 0.004646139 0.005355483 0.01 0.004511368 0.005420384 0.01 0.00438 0.005491924 0.01 0.004252361 0.005569922 0.01 0.004128769 0.005654186 0.01 0.004009531 0.005744505 0.01 0.003894943 0.005840656 0.01 0.00378529 0.0059424 0.01 0.003680844 0.006049482 0.01 0.003581867 0.006161637 0.01 0.003488602 0.006278587 0.01 0.003401284 0.00640004 0.01 0.003320127 0.006525694 0.01 0.003245335 0.006655238 0.01 0.003177094 0.006788349 0.01 0.003115571 0.006924695 0.01 0.003060922 0.00706394 0.01 0.003013282 0.007205734 0.01 0.002972768 0.007349728 0.01 0.002939482 0.007495562 0.01 0.002913507 0.007642873 0.01 0.002894908 0.007791296 0.01 0.002883729 0.007940462 0.01 0.00288 0.00809 0.01 0.002883729 0.008239537 0.01 0.002894908 0.008388703 0.01 0.002913507 0.008537127 0.01 0.002939482 0.008684439 0.01 0.002972768 0.008830272 0.01 0.003013282 0.008974265 0.01 0.003060922 0.00911606 0.01 0.003115571 0.009255304 0.01 0.003177094 0.009391651 0.01 0.003245335 0.009524762 0.01 0.003320127 0.009654305 0.01 0.003401284 0.009779961 0.01 0.003488602 0.009901413 0.01 0.003581867 0.01001836 0.01 0.003680844 0.01013052 0.01 0.00378529 0.0102376 0.01 0.003894943 0.01033934 0.01 0.004009531 0.01043549 0.01 0.004128769 0.01052581 0.01 0.004252361 0.01061008 0.01 0.00438 0.01068808 0.01 0.004511368 0.01075962 0.01 0.004646139 0.01082452 0.01 0.004783977 0.01088262 0.01 0.00492454 0.01093378 0.01 0.005067479 0.01097787 0.01 0.005212437 0.01101478 0.01 0.005359056 0.01104442 0.01 0.005506969 0.01106672 0.01 0.00565581 0.01108161 0.01 0.005805208 0.01108907 0.01 0.005954792 0.01108907 0.01 0.00610419 0.01108161 0.01 0.006253031 0.01106672 0.01 0.006400945 0.01104442 0.01 0.006547563 0.01101478 0.01 0.006692522 0.01097787 0.01 0.00683546 0.01093378 0.01 0.006976023 0.01088262 0.01 0.007113861 0.01082452 0.01 0.007248632 0.01075962 0.01 0.00738 0.01068808 0.01 0.007507639 0.01061008 0.01 0.007631231 0.01052581 0.01 0.007750469 0.01043549 0.01 0.007865057 0.01033934 0.01 0.00797471 0.0102376 0.01 0.008079156 0.01013052 0.01 0.008178133 0.01001836 0.01 0.008271398 0.009901413 0.01 0.008358716 0.009779961 0.01 0.008439873 0.009654305 0.01 0.008514665 0.009524762 0.01 0.008582907 0.009391651 0.01 0.008644428 0.009255304 0.01 0.008699078 0.00911606 0.01 0.008746718 0.008974265 0.01 0.008787231 0.008830272 0.01 0.008820518 0.008684439 0.01 0.008846493 0.008537127 0.01 0.008865092 0.008388703 0.01 0.00887627 0.008239537 0.01</float_array>
          <technique_common>
            <accessor count="1730" source="#cubeverts-array0-array" stride="3">
              <param type="float" name="X"/>
              <param type="float" name="Y"/>
              <param type="float" name="Z"/>
            </accessor>
          </technique_common>
        </source>
        <source id="cubenormals-array0">
          <float_array count="10428" id="cubenormals-array0-array">-0.9996892 -0.02493054 0 -0.9996892 -0.02493054 0 -0.9972038 -0.07473075 0 -0.9972038 -0.07473075 0 -0.9922392 -0.1243432 0 -0.9848078 -0.1736479 -0 -0.9922392 -0.1243432 0 -0.9749278 -0.2225213 -0 -0.9848078 -0.1736479 0 -0.9749278 -0.2225213 0 -0.9626244 -0.2708401 0 -0.9479271 -0.3184876 -0 -0.9626244 -0.2708401 0 -0.9479271 -0.3184876 0 -0.9308738 -0.3653407 0 -0.9115063 -0.4112862 -0 -0.9308738 -0.3653407 0 -0.9115063 -0.4112862 0 -0.8898717 -0.4562109 0 -0.8660254 -0.4999998 -0 -0.8898717 -0.4562109 0 -0.8660254 -0.4999998 0 -0.840026 -0.5425462 0 -0.8119375 -0.5837443 -0 -0.840026 -0.5425462 0 -0.8119375 -0.5837443 0 -0.7818317 -0.6234894 0 -0.7818317 -0.6234894 0 -0.7497814 -0.6616855 0 -0.7497814 -0.6616855 0 -0.7158666 -0.6982372 0 -0.7158666 -0.6982372 0 -0.6801724 -0.7330521 0 -0.6427879 -0.7660443 -0 -0.6801724 -0.7330521 0 -0.6427879 -0.7660443 0 -0.6038044 -0.7971324 0 -0.5633197 -0.826239 -0 -0.6038044 -0.7971324 0 -0.5633197 -0.826239 0 -0.5214354 -0.8532907 0 -0.5214354 -0.8532907 0 -0.4782534 -0.8782219 0 -0.4782534 -0.8782219 0 -0.4338846 -0.9009685 0 -0.4338846 -0.9009685 0 -0.3884351 -0.9214761 0 -0.3884351 -0.9214761 0 -0.3420203 -0.9396926 0 -0.3420203 -0.9396926 0 -0.2947553 -0.9555728 0 -0.2947553 -0.9555728 0 -0.2467564 -0.9690775 -0 -0.2467564 -0.9690775 0 -0.1981471 -0.9801723 0 -0.1981471 -0.9801723 0 -0.1490408 -0.988831 0 -0.1490408 -0.988831 0 -0.09956913 -0.9950307 0 -0.09956913 -0.9950307 0 -0.04984543 -0.9987569 0 -0.04984543 -0.9987569 0 0 -1 0 0 -1 0 0.04984543 -0.9987569 0 0.04984543 -0.9987569 0 0.09956913 -0.9950307 0 0.09956913 -0.9950307 0 0.1490408 -0.988831 0 0.1490408 -0.988831 0 0.1981471 -0.9801723 0 0.1981471 -0.9801723 0 0.2467564 -0.9690775 0 0.2947553 -0.9555728 0 0.2467564 -0.9690775 0 0.2947553 -0.9555728 0 0.3420203 -0.9396926 0 0.3420203 -0.9396926 0 0.3884351 -0.9214761 0 0.3884351 -0.9214761 0 0.4338846 -0.9009685 0 0.4338846 -0.9009685 0 0.4782534 -0.8782219 0 0.4782534 -0.8782219 0 0.5214354 -0.8532907 0 0.5214354 -0.8532907 0 0.5633197 -0.826239 0 0.5633197 -0.826239 0 0.6038044 -0.7971324 0 0.6038044 -0.7971324 0 0.6427879 -0.7660443 0 0.6427879 -0.7660443 0 0.6801724 -0.7330521 0 0.6801724 -0.7330521 0 0.7158666 -0.6982372 0 0.7158666 -0.6982372 0 0.7497814 -0.6616855 0 0.7497814 -0.6616855 0 0.7818317 -0.6234894 0 0.7818317 -0.6234894 0 0.8119375 -0.5837443 0 0.8119375 -0.5837443 0 0.840026 -0.5425462 0 0.840026 -0.5425462 0 0.8660254 -0.4999998 0 0.8660254 -0.4999998 0 0.8898717 -0.4562109 0 0.8898717 -0.4562109 0 0.9115063 -0.4112862 0 0.9115063 -0.4112862 0 0.9308738 -0.3653407 0 0.9308738 -0.3653407 0 0.9479271 -0.3184876 0 0.9479271 -0.3184876 0 0.9626244 -0.2708401 0 0.9626244 -0.2708401 0 0.9749278 -0.2225213 0 0.9749278 -0.2225213 0 0.9848078 -0.1736479 0 0.9848078 -0.1736479 0 0.9922392 -0.1243432 0 0.9922392 -0.1243432 0 0.9972038 -0.07473075 0 0.9972038 -0.07473075 0 0.9996892 -0.02493054 0 0.9996892 -0.02493054 0 0.9996968 0.02462119 0 0.9972729 0.07380195 0 0.9996968 0.02462119 -0 0.9972729 0.07380195 0 0.9924308 0.1228049 0 0.9924308 0.1228049 -0 0.9851823 0.1715102 0 0.9755453 0.2197984 0 0.9851823 0.1715102 -0 0.9635426 0.2675547 0 0.9755453 0.2197984 0 0.9635426 0.2675547 0 0.9492034 0.3146632 0 0.9492034 0.3146632 -0 0.9325636 0.3610057 0 0.9136611 0.4064768 0 0.9325636 0.3610057 -0 0.9136611 0.4064768 0 0.8925442 0.4509599 -0 0.8925442 0.4509599 0 0.8692638 0.4943485 0 0.8692638 0.4943485 0 0.8438744 0.5365409 -0 0.8438744 0.5365409 0 0.8164397 0.5774307 0 0.8164397 0.5774307 0 0.7870241 0.6169224 -0 0.7870241 0.6169224 0 0.7557018 0.6549159 0 0.7557018 0.6549159 0 0.7225467 0.6913221 -0 0.7225467 0.6913221 0 0.6876388 0.726053 0 0.6876388 0.726053 0 0.651064 0.759023 -0 0.651064 0.759023 0 0.6129114 0.7901517 -0 0.6129114 0.7901517 0 0.573272 0.8193651 0 0.573272 0.8193651 0 0.5322429 0.8465917 -0 0.5322429 0.8465917 0 0.489922 0.8717663 0 0.489922 0.8717663 0 0.4464141 0.8948265 -0 0.4464141 0.8948265 0 0.401825 0.9157165 0 0.401825 0.9157165 0 0.3562591 0.9343871 -0 0.3562591 0.9343871 0 0.3098318 0.9507914 -0 0.3098318 0.9507914 0 0.2626514 0.9648908 0 0.2626514 0.9648908 0 0.214835 0.9766504 -0 0.214835 0.9766504 0 0.1664976 0.9860418 0 0.1664976 0.9860418 0 0.117757 0.9930425 0 0.117757 0.9930425 0 0.06872947 0.9976353 -0 0.06872947 0.9976353 0 0.01953638 0.9998091 0 0.01953638 0.9998091 0 -0.02970424 0.9995587 0 -0.02970424 0.9995587 0 -0.07887269 0.9968848 0 -0.07887269 0.9968848 0 -0.1278509 0.9917935 0 -0.1278509 0.9917935 0 -0.2247564 0.974415 0 -0.1765176 0.9842975 0 -0.1765176 0.9842975 0 -0.2724527 0.9621692 0 -0.2247564 0.974415 0 -0.2724527 0.9621692 0 -0.3194857 0.9475911 0 -0.3657439 0.9307156 0 -0.3194857 0.9475911 0 -0.3657439 0.9307156 0 -0.4111177 0.9115822 0 -0.4111177 0.9115822 0 -0.455492 0.8902398 0 -0.455492 0.8902398 0 2e-15 1 0 2.5e-15 1 -2e-16 -1 0 0 -1 0 0 -1 0 0 -1 0 0 0 1 0 0 1 0 0 0 -1 0 0 -1 0 -0 -1 0 0 -1 0 -0 -1 0 0 -1 0 0 -1 0 0 -1 0 0 -1 0 0 -1 0 -0 -1 0 0 -1 0 0 -1 0 -0 -1 0 0 -1 0 0 -1 0 0 -1 0 -0 -1 0 0 -1 0 0 -1 0 -0 -1 0 0 -1 0 0 -1 0 0 -1 0 0 -1 0 -0 -1 0 0 -1 0 0 -1 0 0 -1 0 -0 -1 0 0 -1 0 0 -1 0 0 -1 0 -0 -1 0 0 -1 0 0 -1 0 0 -1 0 -0 -1 0 0 -1 0 0 -1 0 0 -1 0 -0 -1 0 0 -1 0 0 -1 0 0 -1 0 -0 -1 0 0 -1 0 0 -1 0 0 -1 0 0 -1 0 -0 -1 0 0 -1 0 0 -1 0 -0 -1 0 0 -1 0 -0 -1 0 0 -1 0 0 -1 0 -0 -1 0 0 -1 0 -0 -1 0 0 -1 0 0 -1 0 0 -1 0 -0 -1 0 0 -1 0 0 -1 0 0 -1 0 -0 -1 0 0 -1 0 0 -1 0 0 -1 0 0 -1 0 -0 -1 0 0 -1 0 0 -1 0 0 -1 0 -0 -1 0 0 -1 0 0 -1 0 -0 -1 0 0 -1 0 0 -1 0 0 -1 0 -0 -1 0 0 -1 0 0 -1 0 0 -1 0 -0 -1 0 0 -1 0 0 -1 0 -0 -1 0 0 -1 0 0 -1 0 0 -1 0 0 -1 0 -0 -1 0 0 -1 0 0 -1 0 0 -1 0 -0 -1 0 0 -1 0 0 -1 0 -0 -1 0 0 -1 0 0 -1 0 0 -1 0 0 -1 0 -0 -1 0 0 -1 0 0 -1 0 0 -1 0 -0 -1 0 0 -1 0 0 -1 0 0 -1 0 -0 -1 0 0 -1 0 0 -1 0 0 -1 0 -0 -1 0 0 -1 0 0 -1 0 -0 -1 0 -0 -1 0 0 -1 0 0 -1 0 0 -1 0 0 -1 0 0 -1 0 -0 -1 0 0 -1 0 -0 -1 0 0 -1 0 0 -1 0 0 -1 0 0 -1 0 -0 -1 0 0 -1 0 0 -1 0 0 -1 0 -0 -1 0 0 -1 0 0 -1 0 0 -1 0 -0 -1 0 0 -1 0 0 -1 0 0 -1 0 -0 -1 0 0 -1 0 0 -1 0 0 -1 0 -0 -1 0 0 -1 0 0 -1 0 0 -1 0 -0 -1 0 0 -1 0 0 -1 0 0 -1 0 -0 -1 0 0 -1 0 0 -1 0 0 -1 0 -0 -1 0 0 -1 0 0 -1 0 0 -1 0 -0 -1 0 0 -1 0 -0 -1 0 0 -1 0 -0 -1 0 0 -1 0 -0 -1 0 0 -1 0 0 -1 0 0 -1 0 -0 -1 0 0 -1 0 0 -1 0 0 -1 0 0 -1 0 0 -1 0 0 -1 0 0 -1 0 0 -1 0 0 -1 0 0 -1 0 0 -1 0 0 -1 0 0 -1 0 0 -1 0 0 -1 0 0 -1 0 0 -1 0 -0 -1 0 0 -1 0 -0 -1 0 0 -1 0 0 -1 0 0 -1 0 0 -1 0 0 -1 0 0 -1 0 0 -1 0 0 -1 0 0 -1 0 0 -1 0 0 -1 0 0 -1 0 0 -1 0 0 -1 -1.565044e-15 3.982596e-15 -1 3.070484e-16 -2.207528e-16 -1 2.843927e-16 -2.267956e-16 -1 2.638532e-16 -2.328527e-16 -1 2.450198e-16 -2.389851e-16 -1 2.275588e-16 -2.452502e-16 -1 2.112033e-16 -2.517021e-16 -1 1.957287e-16 -2.583978e-16 -1 1.809433e-16 -2.653943e-16 -1 1.66677e-16 -2.727547e-16 -1 1.527788e-16 -2.805487e-16 -1 1.391043e-16 -2.888549e-16 -1 1.255184e-16 -2.977647e-16 -1 1.118792e-16 -3.073843e-16 -1 1.054614e-15 4.051185e-16 -1 -2.024405e-15 4.488768e-15 -1 -2.458043e-15 4.804141e-15 -1 7.346845e-17 -2.162162e-16 -1 0 -2.947472e-16 -1 1.943585e-16 -1.122129e-16 -1 1.857403e-16 -1.199638e-16 -1 -0.9996892 0.02493004 0 -0.9996892 0.02493004 0 -0.9972037 0.0747311 0 -0.9972037 0.0747311 0 -0.9922392 0.1243442 0 -0.9922392 0.1243442 0 -0.9848079 0.1736469 0 -0.9848079 0.1736469 0 -0.9749279 0.2225211 0 -0.9749279 0.2225211 0 -0.9626243 0.2708402 0 -0.9479269 0.318488 0 -0.9626243 0.2708402 0 -0.9479269 0.318488 0 -0.9308739 0.3653405 0 -0.9308739 0.3653405 0 -0.9115061 0.4112867 0 -0.8898717 0.4562109 0 -0.9115061 0.4112867 0 -0.8660255 0.4999998 0 -0.8898717 0.4562109 0 -0.8660255 0.4999998 0 -0.8400259 0.5425462 0 -0.8400259 0.5425462 0 -0.8119376 0.5837442 0 -0.8119376 0.5837442 0 -0.7818317 0.6234894 0 -0.7818317 0.6234894 0 -0.7497808 0.6616864 0 -0.7497808 0.6616864 0 -0.715867 0.6982367 0 -0.6801729 0.7330517 0 -0.715867 0.6982367 0 -0.6801729 0.7330517 0 -0.6427876 0.7660444 0 -0.6427876 0.7660444 0 -0.6038042 0.7971327 0 -0.6038042 0.7971327 0 -0.5633203 0.8262386 0 -0.5633203 0.8262386 0 -0.521435 0.853291 0 -0.521435 0.853291 0 -0.4782544 0.8782214 0 -0.4782544 0.8782214 0 -0.4338833 0.9009691 0 -0.4338833 0.9009691 0 -0.3884354 0.921476 0 -0.3420193 0.9396929 0 -0.3884354 0.921476 0 -0.3420193 0.9396929 0 -0.2947559 0.9555725 0 -0.2947559 0.9555725 0 -0.2467581 0.9690771 0 -0.2467581 0.9690771 0 -0.1981463 0.9801725 0 -0.1981463 0.9801725 0 -0.1490404 0.9888311 0 -0.1490404 0.9888311 0 -0.09956933 0.9950306 0 -0.09956933 0.9950306 0 -0.04984478 0.998757 0 -0.04984478 0.998757 0 0 1 0 0 1 -0 0.04984478 0.998757 0 0.04984478 0.998757 -0 0.09956933 0.9950306 0 0.09956933 0.9950306 -0 0.1490404 0.9888311 0 0.1490404 0.9888311 -0 0.1981463 0.9801725 0 0.1981463 0.9801725 -0 0.2467581 0.9690771 0 0.2947559 0.9555725 0 0.2467581 0.9690771 -0 0.2947559 0.9555725 0 0.3420193 0.9396929 -0 0.3420193 0.9396929 0 0.3884354 0.921476 -0 0.3884354 0.921476 0 0.4338833 0.9009691 0 0.4338833 0.9009691 0 0.4782544 0.8782214 -0 0.4782544 0.8782214 0 0.521435 0.853291 -0 0.521435 0.853291 0 0.5633203 0.8262386 0 0.5633203 0.8262386 0 0.6038042 0.7971327 -0 0.6038042 0.7971327 0 0.6427876 0.7660444 -0 0.6427876 0.7660444 0 0.6801729 0.7330517 -0 0.6801729 0.7330517 0 0.715867 0.6982367 0 0.715867 0.6982367 -0 0.7497808 0.6616864 0 0.7497808 0.6616864 0 0.7818317 0.6234894 -0 0.7818317 0.6234894 0 0.8119376 0.5837442 0 0.8400259 0.5425462 0 0.8119376 0.5837442 -0 0.8660255 0.4999998 0 0.8400259 0.5425462 0 0.8898717 0.4562109 0 0.8660255 0.4999998 0 0.8898717 0.4562109 0 0.9115061 0.4112867 0 0.9308739 0.3653405 0 0.9115061 0.4112867 -0 0.9308739 0.3653405 0 0.9479269 0.318488 0 0.9479269 0.318488 -0 0.9626243 0.2708402 0 0.9626243 0.2708402 -0 0.9749279 0.2225211 0 0.9848079 0.1736469 0 0.9749279 0.2225211 -0 0.9922392 0.1243442 0 0.9848079 0.1736469 0 0.9972037 0.0747311 0 0.9922392 0.1243442 0 0.9972037 0.0747311 0 0.9996892 0.02493004 -0 0.9996892 0.02493004 0 0.9996892 -0.02493004 0 0.9996892 -0.02493004 0 0.9972037 -0.0747311 0 0.9972037 -0.0747311 0 0.9922392 -0.1243442 0 0.9922392 -0.1243442 0 0.9848079 -0.1736469 0 0.9848079 -0.1736469 0 0.9749279 -0.2225211 0 0.9749279 -0.2225211 0 0.9626243 -0.2708402 0 0.9626243 -0.2708402 0 0.9479269 -0.318488 0 0.9479269 -0.318488 0 0.9308739 -0.3653405 0 0.9308739 -0.3653405 0 0.9115061 -0.4112867 0 0.9115061 -0.4112867 0 0.8898717 -0.4562109 0 0.8898717 -0.4562109 0 0.8660255 -0.4999998 0 0.8660255 -0.4999998 0 0.8400259 -0.5425462 0 0.8400259 -0.5425462 0 0.8119376 -0.5837442 0 0.8119376 -0.5837442 0 0.7818317 -0.6234894 0 0.7818317 -0.6234894 0 0.7497808 -0.6616864 0 0.7497808 -0.6616864 0 0.715867 -0.6982367 0 0.715867 -0.6982367 0 0.6801729 -0.7330517 0 0.6801729 -0.7330517 0 0.6427876 -0.7660444 0 0.6427876 -0.7660444 0 0.6038042 -0.7971327 0 0.6038042 -0.7971327 0 0.5633203 -0.8262386 0 0.5633203 -0.8262386 0 0.521435 -0.853291 0 0.521435 -0.853291 0 0.4782544 -0.8782214 0 0.4782544 -0.8782214 0 0.4338833 -0.9009691 0 0.3884354 -0.921476 0 0.4338833 -0.9009691 0 0.3884354 -0.921476 0 0.3420193 -0.9396929 0 0.3420193 -0.9396929 0 0.2947559 -0.9555725 0 0.2947559 -0.9555725 0 0.2467581 -0.9690771 0 0.2467581 -0.9690771 0 0.1981463 -0.9801725 0 0.1981463 -0.9801725 0 0.1490404 -0.9888311 0 0.1490404 -0.9888311 0 0.09956933 -0.9950306 0 0.09956933 -0.9950306 0 0.04984478 -0.998757 0 0.04984478 -0.998757 0 0 -1 0 0 -1 0 -0.04984478 -0.998757 0 -0.04984478 -0.998757 0 -0.09956933 -0.9950306 0 -0.09956933 -0.9950306 0 -0.1490404 -0.9888311 0 -0.1490404 -0.9888311 0 -0.1981463 -0.9801725 0 -0.1981463 -0.9801725 0 -0.2467581 -0.9690771 0 -0.2467581 -0.9690771 0 -0.2947559 -0.9555725 0 -0.2947559 -0.9555725 0 -0.3420193 -0.9396929 0 -0.3884354 -0.921476 -0 -0.3420193 -0.9396929 0 -0.3884354 -0.921476 0 -0.4338833 -0.9009691 0 -0.4338833 -0.9009691 0 -0.4782544 -0.8782214 0 -0.4782544 -0.8782214 0 -0.521435 -0.853291 0 -0.5633203 -0.8262386 -0 -0.521435 -0.853291 0 -0.5633203 -0.8262386 0 -0.6038042 -0.7971327 0 -0.6038042 -0.7971327 0 -0.6427876 -0.7660444 0 -0.6427876 -0.7660444 0 -0.6801729 -0.7330517 0 -0.715867 -0.6982367 -0 -0.6801729 -0.7330517 0 -0.715867 -0.6982367 0 -0.7497808 -0.6616864 0 -0.7497808 -0.6616864 0 -0.7818317 -0.6234894 0 -0.7818317 -0.6234894 0 -0.8119376 -0.5837442 -0 -0.8119376 -0.5837442 0 -0.8400259 -0.5425462 0 -0.8400259 -0.5425462 0 -0.8660255 -0.4999998 -0 -0.8660255 -0.4999998 0 -0.8898717 -0.4562109 0 -0.9115061 -0.4112867 -0 -0.8898717 -0.4562109 0 -0.9308739 -0.3653405 -0 -0.9115061 -0.4112867 0 -0.9308739 -0.3653405 0 -0.9479269 -0.318488 0 -0.9626243 -0.2708402 -0 -0.9479269 -0.318488 0 -0.9626243 -0.2708402 0 -0.9749279 -0.2225211 0 -0.9848079 -0.1736469 -0 -0.9749279 -0.2225211 0 -0.9848079 -0.1736469 0 -0.9922392 -0.1243442 0 -0.9972037 -0.0747311 -0 -0.9922392 -0.1243442 0 -0.9972037 -0.0747311 0 -0.9996892 -0.02493004 0 -0.9996892 -0.02493004 0 0 0 -1 0 0 -1 0 -0 -1 0 0 -1 0 -0 -1 0 0 -1 0 0 -1 0 0 -1 0 -0 -1 0 0 -1 0 -0 -1 0 0 -1 0 -0 -1 0 0 -1 0 0 -1 0 0 -1 0 -0 -1 0 0 -1 0 0 -1 0 -0 -1 0 0 -1 0 -0 -1 0 0 -1 0 0 -1 0 -0 -1 0 0 -1 0 0 -1 0 -0 -1 0 0 -1 0 -0 -1 0 0 -1 0 0 -1 0 0 -1 0 -0 -1 0 0 -1 0 -0 -1 0 0 -1 0 0 -1 0 -0 -1 0 0 -1 0 0 -1 0 -0 -1 0 0 -1 0 0 -1 0 -0 -1 0 0 -1 0 -0 -1 0 0 -1 0 0 -1 0 0 -1 0 -0 -1 0 0 -1 0 -0 -1 0 0 -1 0 0 -1 0 0 -1 0 -0 -1 0 0 -1 0 -0 -1 0 0 -1 0 0 -1 0 0 -1 0 0 -1 0 0 -1 0 -0 -1 0 0 -1 0 0 -1 0 -0 -1 0 0 -1 0 0 -1 0 0 -1 0 -0 -1 0 0 -1 0 0 -1 0 -0 -1 0 0 -1 0 -0 -1 0 0 -1 0 0 -1 0 -0 -1 0 0 -1 0 0 -1 0 -0 -1 0 0 -1 0 0 -1 0 0 -1 0 -0 -1 0 0 -1 0 0 -1 0 0 -1 0 -0 -1 0 0 -1 0 0 -1 0 0 -1 0 -0 -1 0 0 -1 0 0 -1 0 -0 -1 0 0 -1 0 0 -1 0 -0 -1 0 0 -1 0 0 -1 0 -0 -1 0 0 -1 0 -0 -1 0 0 -1 0 0 -1 0 -0 -1 0 0 -1 0 -0 -1 0 0 -1 0 -0 -1 0 -0 -1 0 0 -1 0 0 -1 0 -0 -1 0 0 -1 0 0 -1 0 -0 -1 0 0 -1 0 -0 -1 0 0 -1 0 0 -1 0 -0 -1 0 0 -1 0 0 -1 0 0 -1 0 0 -1 0 -0 -1 0 0 -1 0 0 -1 0 -0 -1 0 0 -1 0 -0 -1 0 0 -1 0 0 -1 0 -0 -1 0 0 -1 0 0 -1 0 0 -1 0 0 -1 0 -0 -1 0 0 -1 0 -0 -1 0 0 -1 0 0 -1 0 -0 -1 0 0 -1 0 0 -1 0 -0 -1 0 0 -1 0 0 -1 0 -0 -1 0 0 -1 0 0 -1 0 0 -1 0 -0 -1 0 0 -1 0 0 -1 0 -0 -1 0 0 -1 0 -0 -1 0 0 -1 0 0 -1 0 -0 -1 0 0 -1 0 0 -1 0 0 -1 0 0 -1 0 -0 -1 0 0 -1 0 0 -1 0 -0 -1 0 0 -1 0 0 -1 0 0 -1 0 -0 -1 0 0 -1 0 0 -1 0 0 -1 0 -0 -1 0 0 -1 0 -0 -1 0 0 -1 0 0 -1 0 0 -1 0 0 -1 0 -0 -1 0 0 -1 0 -0 -1 0 0 -1 0 0 -1 0 0 -1 0 0 -1 0 -0 -1 0 0 -1 0 -0 -1 0 0 -1 0 0 -1 0 -0 -1 0 0 -1 0 0 -1 0 0 -1 0 -0 -1 0 0 -1 0 0 -1 0 0 -1 0 -0 -1 0 0 -1 0 -0 -1 0 0 -1 0 0 -1 0 -0 -1 0 0 -1 0 0 -1 0 0 -1 0 0 -1 0 0 -1 0 -0 -1 0 -0 -1 0 0 -1 0 0 -1 0 0 -1 0 0 -1 0 0 -1 0 0 -1 0 0 -1 0 0 -1 0 -0 -1 0 -0 -1 0 0 -1 0 -0 -1 0 -0 -1 0 0 -1 0 0 -1 0 -0 -1 0 0 -1 0 0 -1 0 0 -1 0 0 -1 0 -0 -1 0 0 -1 0 0 -1 0 0 -1 0 -0 -1 0 0 -1 0 0 -1 0 0 -1 0 -0 -1 0 0 -1 0 0 -1 0 -0 -1 0 0 -1 0 0 -1 0 -0 -1 0 0 -1 0 0 -1 0 -0 -1 0 0 -1 0 -0 -1 0 0 -1 0 -0 -1 0 0 -1 0 0 -1 0 -0 -1 0 0 -1 0 0 -1 0 -0 -1 0 -0 -1 0 0 -1 0 -0 -1 0 0 -1 0 0 -1 0 0 -1 0 -0 -1 0 0 -1 0 -0 -1 0 0 -1 0 -0 -1 0 0 -1 0 -0 -1 0 0 -1 0 0 -1 0 -0 -1 0 0 -1 0 -0 -1 0 0 -1 0 0 -1 0 -0 -1 0 0 -1 0 -0 -1 0 0 -1 0 -0 -1 0 0 -1 0 0 -1 0 -0 -1 0 0 -1 0 -0 -1 0 0 -1 0 -0 -1 0 0 -1 0 0 -1 0 -0 -1 0 0 -1 0 0 -1 0 -0 -1 0 0 -1 0 -0 -1 0 0 -1 0 -0 -1 0 0 -1 0 -0 -1 0 0 -1 0 0 -1 0 0 -1 0 -0 -1 0 0 -1 0 -0 -1 0 0 -1 0 -0 -1 0 0 -1 0 -0 -1 0 0 -1 0 0 -1 0 -0 -1 0 -0 -1 0 0 -1 0 0 -1 0 0 -1 0 -0 -1 0 0 -1 0 0 -1 0 -0 -1 0 0 -1 0 0 -1 0 -0 -1 0 0 -1 0 0 -1 0 0 -1 0 0 -1 0 0 -1 0 0 -1 0 0 -1 0 -0 -1 0 0 -1 0 0 -1 0 0 -1 0 -0 -1 0 0 -1 0 0 -1 0 0 -1 0 -0 -1 0 0 -1 0 0 -1 0 0 -1 0 -0 -1 0 0 -1 0 0 -1 0 0 -1 0 -0 -1 0 0 -1 0 0 -1 0 0 -1 0 -0 -1 0 0 -1 0 0 -1 0 0 -1 0 -0 -1 0 0 -1 0 0 -1 0 0 -1 0 -0 -1 0 0 -1 0 0 -1 0 0 -1 0 -0 -1 0 0 -1 0 0 -1 0 0 -1 0 0 -1 0 -0 -1 0 -0 -1 0 0 -1 0 0 -1 0 0 -1 0 0 -1 0 0 -1 0 0 -1 0 0 -1 0 0 -1 0 0 -1 0 0 -1 0 0 -1 0 0 -1 0 0 -1 0 0 -1 0 0 -1 0 0 -1 0 0 -1 0 0 -1 0 0 -1 0 0 -1 0 0 -1 0 0 -1 0 0 -1 0 0 -1 0 0 -1 0 0 -1 0 0 -1 0 0 -1 0 0 -1 0 0 -1 0 0 -1 0 0 -1 0 0 -1 0 0 -1 0 0 -1 0 0 -1 0 0 -1 0 0 -1 0 0 -1 0 0 -1 0 0 -1 0 0 -1 0 0 -1 0 0 -1 0 0 -1 0 0 -1 0 0 -1 0 0 -1 0 0 -1 0 0 -1 0 0 -1 0 0 -1 0 0 -1 0 0 -1 0 0 -1 0 0 -1 0 0 -1 0 0 -1 0 0 -1 0 0 -1 0 0 -1 0 -0 -1 0 -0 -1 0 0 -1 0 0 -1 0 0 -1 0 0 -1 0 -0 -1 0 0 -1 0 -0 -1 0 -0 -1 0 0 -1 0 0 -1 0 0 -1 0 0 -1 0 0 -1 0 -0 -1 0 -0 -1 0 0 -1 0 0 -1 0 0 -1 0 0 -1 0 0 -1 0 -0 -1 0 -0 -1 0 -0 -1 0 -0 -1 0 -0 -1 0 0 -1 0 -0 -1 -0 -0 -1 0 0 -1 0 -0 -1 -0 -0 -1 0 -0 -1 0 0 -1 0 -0 -1 -0 -0 -1 0 0 -1 0 0 -1 0 -0 -1 0 -0 -1 0 0 -1 0 0 -1 0 0 -1 0 -0 -1 0 -0 -1 0 0 -1 0 0 -1 0 0 -1 0 0 -1 0 0 -1 0 0 -1 0 0 -1 0 0 -1 0 0 -1 0 -0 -1 0 0 -1 0 0 -1 0 0 -1 0 -0 -1 0 0 -1 0 0 -1 0 0 -1 0 -0 -1 0 -0 -1 0 0 -1 0 0 -1 0 0 -1 0 -0 -1 0 0 -1 0 0 -1 0 0 -1 0 0 -1 0 0 -1 0 0 -1 0 -0 -1 0 0 -1 0 0 -1 0 -0 -1 0 -0 -1 0 -0 -1 0 0 -1 0 0 -1 0 -0 -1 0 -0 -1 0 0 -1 0 0 -1 0 0 -1 0 -0 -1 0 0 -1 0 0 -1 0 0 -1 0 0 -1 0 0 -1 0 0 -1 0 -0 -1 0 0 -1 0 0 -1 0 0 -1 0 0 -1 0 0 -1 0 0 -1 0 0 -1 0 0 -1 0 0 -1 0 0 -1 0 0 -1 0 0 -1 0 0 -1 0 0 -1 0 0 -1 0 0 -1 0 0 -1 0 0 -1 0 0 -1 0 0 -1 0 -0 -1 0 -0 -1 0 -0 -1 0 0 -1 0 0 -1 0 0 -1 0 0 -1 0 0 -1 0 0 -1 0 0 -1 0 0 -1 0 0 -1 0 0 -1 0 0 -1 0 0 -1 0 0 -1 0 0 -1 0 0 -1 0 0 -1 0 0 -1 0 0 -1 0 0 -1 0 0 -1 0 0 -1 0 0 -1 0 0 -1 0 0 -1 0 0 -1 0 -0 -1 0 -0 -1 0 -0 -1 0 0 -1 0 0 -1 0 0 -1 0 0 -1 0 0 -1 0 0 -1 0 0 -1 0 0 -1 0 0 -1 0 0 -1 0 0 -1 0 0 -1 0 0 -1 0 0 -1 0 0 -1 0 -0 -1 0 0 -1 0 0 -1 0 0 -1 0 0 -1 0 0 -1 0 0 -1 0 0 -1 0 0 -1 0 0 -1 0 -0 -1 0 0 -1 0 0 -1 0 0 -1 0 0 -1 0 0 -1 0 0 -1 0 0 -1 0 0 -1 0 0 -1 0 0 -1 0 0 -1 0 -0 -1 0 0 -1 0 0 -1 0 0 -1 0 0 -1 0 0 -1 0 0 -1 0 0 -1 0 0 -1 0 0 -1 0 0 -1 0 0 -1 0 0 -1 0 -0 -1 0 0 -1 0 0 -1 0 0 -1 0 0 -1 0 0 -1 0 -0 -1 0 0 -1 0 0 -1 0 0 -1 0 0 -1 0 0 -1 0 0 -1 0 0 -1 0 -0 -1 0 0 -1 0 0 -1 0 0 -1 0 0 -1 0 0 -1 0 0 -1 0 0 -1 0 0 -1 0 0 -1 0 0 -1 0 0 -1 0 0 -1 0 0 -1 0 0 -1 0 0 -1 0 0 -1 0 0 -1 0 0 -1 0 0 -1 0 0 -1 0 0 -1 0 0 -1 0 0 -1 0 0 -1 0 0 -1 0 0 -1 0 0 -1 0 0 -1 0 0 -1 0 0 -1 0 0 -1 0 0 -1 0 0 -1 0 0 -1 0 0 -1 0 0 -1 0 0 -1 0 0 -1 0 0 -1 0 0 -1 0 0 -1 0 0 -1 0 0 -1 0 0 -1 0 -0 -1 0 -0 -1 0 0 -1 0 0 -1 0 0 -1 0 -0 -1 0 -0 -1 0 -0 -1 0 0 -1 0 -0 -1 0 0 -1 0 0 -1 0 0 -1 0 -0 -1 0 -0 -1 0 0 -1 0 0 -1 0 0 -1 0 0 -1 0 -0 -1 0 -0 -1 0 -0 -1 0 0 -1 0 0 -1 0 0 -1 0 -0 -1 0 -0 -1 0 -0 -1 0 0 -1 0 -0 -1 0 0 -1 0 0 -1 0 0 -1 0 -0 -1 0 0 -1 0 0 -1 0 0 -1 0 0 -1 0 0 -1 0 -0 -1 0 0 -1 0 0 -1 0 0 -1 0 0 -1 0 -0 -1 0 0 -1 0 0 -1 0 0 -1 0 0 -1 0 0 -1 0 0 -1 0 0 -1 0 -0 -1 0 0 -1 0 0 -1 0 0 -1 0 0 -1 0 0 -1 0 0 -1 0 0 -1 0 0 -1 0 0 -1 0 0 -1 0 -0 -1 -0.9996893 0.0249282 0 -0.9996893 0.0249282 0 -0.9972038 0.07473047 0 -0.9922391 0.1243447 0 -0.9972038 0.07473047 0 -0.9922391 0.1243447 0 -0.984808 0.1736464 0 -0.9749278 0.2225211 0 -0.984808 0.1736464 0 -0.9626241 0.2708409 0 -0.9749278 0.2225211 0 -0.9626241 0.2708409 0 -0.9479267 0.3184886 0 -0.9479267 0.3184886 0 -0.9308746 0.3653387 0 -0.9115047 0.4112897 0 -0.9308746 0.3653387 0 -0.9115047 0.4112897 0 -0.889873 0.4562083 0 -0.889873 0.4562083 0 -0.8660253 0.5000002 0 -0.8660253 0.5000002 0 -0.8400249 0.5425478 0 -0.8400249 0.5425478 0 -0.8119397 0.5837412 0 -0.8119397 0.5837412 0 -0.7818301 0.6234915 0 -0.7818301 0.6234915 0 -0.7497818 0.6616851 0 -0.7497818 0.6616851 0 -0.715866 0.6982377 0 -0.715866 0.6982377 0 -0.6801732 0.7330515 0 -0.6801732 0.7330515 0 -0.6427872 0.7660447 0 -0.6427872 0.7660447 0 -0.6038047 0.7971323 0 -0.6038047 0.7971323 0 -0.5633198 0.8262389 0 -0.5633198 0.8262389 0 -0.5214338 0.8532917 0 -0.5214338 0.8532917 0 -0.4782559 0.8782206 0 -0.4782559 0.8782206 0 -0.4338854 0.9009681 0 -0.4338854 0.9009681 0 -0.3884338 0.9214767 0 -0.3420205 0.9396925 0 -0.3884338 0.9214767 0 -0.3420205 0.9396925 0 -0.2947553 0.9555728 0 -0.2947553 0.9555728 0 -0.2467577 0.9690772 0 -0.1981436 0.980173 0 -0.2467577 0.9690772 0 -0.1490438 0.9888306 0 -0.1981436 0.980173 0 -0.1490438 0.9888306 0 -0.09956621 0.9950309 0 -0.04984668 0.9987569 0 -0.09956621 0.9950309 0 -0.04984668 0.9987569 0 0 1 0 0.04984699 0.9987568 0 0 1 -0 0.04984699 0.9987568 0 0.09956621 0.9950309 0 0.1490428 0.9888307 0 0.09956621 0.9950309 -0 0.1490428 0.9888307 0 0.1981448 0.9801728 -0 0.1981448 0.9801728 0 0.2467577 0.9690772 -0 0.2467577 0.9690772 0 0.2947553 0.9555728 -0 0.2947553 0.9555728 0 0.3420205 0.9396925 -0 0.3420205 0.9396925 0 0.3884338 0.9214767 -0 0.3884338 0.9214767 0 0.4338854 0.9009681 0 0.4338854 0.9009681 0 0.4782532 0.8782219 -0 0.4782532 0.8782219 0 0.5214338 0.8532917 -0 0.5214338 0.8532917 0 0.5633198 0.8262389 -0 0.5633198 0.8262389 0 0.6038063 0.7971311 -0 0.6038063 0.7971311 0 0.6427888 0.7660434 -0 0.6427888 0.7660434 0 0.6801715 0.733053 -0 0.6801715 0.733053 0 0.7158644 0.6982393 -0 0.7158644 0.6982393 0 0.7497835 0.6616833 -0 0.7497835 0.6616833 0 0.7818301 0.6234915 -0 0.7818301 0.6234915 0 0.8119397 0.5837412 -0 0.8119397 0.5837412 0 0.8400249 0.5425478 -0 0.8400249 0.5425478 0 0.8660253 0.5000002 -0 0.8660253 0.5000002 0 0.8898717 0.4562109 -0 0.8898717 0.4562109 0 0.9115071 0.4112843 -0 0.9115071 0.4112843 0 0.9308735 0.3653415 -0 0.9308735 0.3653415 0 0.9479267 0.3184886 -0 0.9479267 0.3184886 0 0.962625 0.2708379 0 0.962625 0.2708379 -0 0.9749272 0.2225241 0 0.9749272 0.2225241 -0 0.9848075 0.1736495 0 0.9848075 0.1736495 -0 0.9922395 0.1243415 0 0.9922395 0.1243415 -0 0.997204 0.0747273 -0 0.997204 0.0747273 0 0.9996891 0.02493457 -0 0.9996891 0.02493457 0 0.9996891 -0.02493461 0 0.9996891 -0.02493461 0 0.997204 -0.0747273 0 0.997204 -0.0747273 0 0.9922395 -0.1243415 0 0.9922395 -0.1243415 0 0.9848075 -0.1736495 0 0.9848075 -0.1736495 0 0.9749272 -0.2225241 0 0.9749272 -0.2225241 0 0.962625 -0.2708379 0 0.962625 -0.2708379 0 0.9479268 -0.3184881 0 0.9479268 -0.3184881 0 0.9308735 -0.3653417 0 0.9308735 -0.3653417 0 0.9115071 -0.4112843 0 0.9115071 -0.4112843 0 0.8898714 -0.4562115 0 0.8898714 -0.4562115 0 0.8660259 -0.4999992 0 0.8660259 -0.4999992 0 0.8400247 -0.5425482 0 0.8400247 -0.5425482 0 0.8119392 -0.583742 0 0.8119392 -0.583742 0 0.7818301 -0.6234915 0 0.7818301 -0.6234915 0 0.7497835 -0.6616833 0 0.7497835 -0.6616833 0 0.7158657 -0.6982379 0 0.7158657 -0.6982379 0 0.6801709 -0.7330536 0 0.6801709 -0.7330536 0 0.6427888 -0.7660434 0 0.6427888 -0.7660434 0 0.6038057 -0.7971315 0 0.6038057 -0.7971315 0 0.5633198 -0.8262389 0 0.5633198 -0.8262389 0 0.5214351 -0.853291 0 0.5214351 -0.853291 0 0.4782521 -0.8782225 0 0.4782521 -0.8782225 0 0.4338846 -0.9009685 0 0.4338846 -0.9009685 0 0.3884344 -0.9214764 0 0.3884344 -0.9214764 0 0.3420203 -0.9396926 0 0.3420203 -0.9396926 0 0.294755 -0.9555728 0 0.294755 -0.9555728 0 0.2467576 -0.9690772 0 0.2467576 -0.9690772 0 0.1981467 -0.9801724 0 0.1981467 -0.9801724 0 0.1490417 -0.9888309 0 0.1490417 -0.9888309 0 0.09956784 -0.9950308 0 0.049846 -0.9987569 0 0.09956784 -0.9950308 0 0.049846 -0.9987569 0 0 -1 0 0 -1 0 -0.04984568 -0.9987569 0 -0.04984568 -0.9987569 0 -0.09956784 -0.9950308 0 -0.09956784 -0.9950308 0 -0.1490427 -0.9888307 0 -0.1490427 -0.9888307 0 -0.1981454 -0.9801726 0 -0.2467576 -0.9690772 -0 -0.1981454 -0.9801726 0 -0.2467576 -0.9690772 0 -0.294755 -0.9555728 0 -0.294755 -0.9555728 0 -0.3420203 -0.9396926 0 -0.3420203 -0.9396926 0 -0.3884344 -0.9214764 0 -0.4338846 -0.9009685 -0 -0.3884344 -0.9214764 0 -0.4338846 -0.9009685 0 -0.4782548 -0.8782211 0 -0.4782548 -0.8782211 0 -0.5214351 -0.853291 0 -0.5214351 -0.853291 0 -0.5633198 -0.8262389 0 -0.6038042 -0.7971327 -0 -0.5633198 -0.8262389 0 -0.6038042 -0.7971327 0 -0.6427872 -0.7660447 0 -0.6801725 -0.7330521 -0 -0.6427872 -0.7660447 0 -0.6801725 -0.7330521 0 -0.7158673 -0.6982363 0 -0.7158673 -0.6982363 0 -0.7497818 -0.6616851 0 -0.7497818 -0.6616851 0 -0.7818301 -0.6234915 0 -0.7818301 -0.6234915 0 -0.8119392 -0.583742 0 -0.8119392 -0.583742 0 -0.8400247 -0.5425482 0 -0.8400247 -0.5425482 0 -0.8660259 -0.4999992 0 -0.8660259 -0.4999992 0 -0.8898727 -0.456209 0 -0.8898727 -0.456209 0 -0.9115047 -0.4112897 0 -0.9115047 -0.4112897 0 -0.9308745 -0.365339 0 -0.9308745 -0.365339 0 -0.9479268 -0.3184881 0 -0.9479268 -0.3184881 0 -0.9626241 -0.2708409 0 -0.9626241 -0.2708409 0 -0.9749278 -0.2225211 0 -0.9749278 -0.2225211 0 -0.984808 -0.1736464 0 -0.984808 -0.1736464 0 -0.9922391 -0.1243447 0 -0.9922391 -0.1243447 0 -0.9972038 -0.07473047 0 -0.9972038 -0.07473047 0 -0.9996893 -0.02492824 0 -0.9996893 -0.02492824 0 -0.9996891 0.02493134 0 -0.9996891 0.02493134 0 -0.9972039 0.07472924 0 -0.9922391 0.1243447 0 -0.9972039 0.07472924 0 -0.9922391 0.1243447 0 -0.9848079 0.1736474 0 -0.974928 0.2225207 0 -0.9848079 0.1736474 0 -0.9626245 0.2708394 0 -0.974928 0.2225207 0 -0.9626245 0.2708394 0 -0.9479268 0.3184881 0 -0.9479268 0.3184881 0 -0.9308735 0.3653415 0 -0.9115059 0.411287 0 -0.9308735 0.3653415 0 -0.9115059 0.411287 0 -0.8898723 0.4562096 0 -0.8898723 0.4562096 0 -0.8660246 0.5000014 0 -0.8660246 0.5000014 0 -0.8400273 0.5425441 0 -0.8400273 0.5425441 0 -0.811936 0.5837464 0 -0.811936 0.5837464 0 -0.7818329 0.623488 0 -0.7818329 0.623488 0 -0.7497797 0.6616876 0 -0.7497797 0.6616876 0 -0.7158667 0.6982369 0 -0.7158667 0.6982369 0 -0.6801752 0.7330495 0 -0.6801752 0.7330495 0 -0.6427861 0.7660456 0 -0.6427861 0.7660456 0 -0.6038047 0.7971323 0 -0.6038047 0.7971323 0 -0.5633202 0.8262387 0 -0.5633202 0.8262387 0 -0.5214338 0.8532917 0 -0.5214338 0.8532917 0 -0.4782574 0.8782197 0 -0.4782574 0.8782197 0 -0.4338796 0.9009709 0 -0.4338796 0.9009709 0 -0.3884395 0.9214743 0 -0.3420202 0.9396926 0 -0.3884395 0.9214743 0 -0.3420202 0.9396926 0 -0.2947525 0.9555736 0 -0.2947525 0.9555736 0 -0.2467575 0.9690773 0 -0.1981444 0.9801728 0 -0.2467575 0.9690773 0 -0.1490464 0.9888302 0 -0.1981444 0.9801728 0 -0.1490464 0.9888302 0 -0.09956627 0.9950309 0 -0.04984369 0.998757 0 -0.09956627 0.9950309 0 -0.04984369 0.998757 0 0 1 0 0.04984369 0.998757 0 0 1 -0 0.04984369 0.998757 0 0.09956627 0.9950309 0 0.1490464 0.9888302 0 0.09956627 0.9950309 -0 0.1490464 0.9888302 0 0.1981444 0.9801728 -0 0.1981444 0.9801728 0 0.2467575 0.9690773 -0 0.2467575 0.9690773 0 0.2947525 0.9555736 -0 0.2947525 0.9555736 0 0.3420202 0.9396926 -0 0.3420202 0.9396926 0 0.3884395 0.9214743 -0 0.3884395 0.9214743 0 0.4338796 0.9009709 0 0.4338796 0.9009709 0 0.4782574 0.8782197 -0 0.4782574 0.8782197 0 0.5214338 0.8532917 -0 0.5214338 0.8532917 0 0.5633202 0.8262387 -0 0.5633202 0.8262387 0 0.6038047 0.7971323 -0 0.6038047 0.7971323 0 0.6427861 0.7660456 -0 0.6427861 0.7660456 0 0.6801752 0.7330495 -0 0.6801752 0.7330495 0 0.7158667 0.6982369 -0 0.7158667 0.6982369 0 0.7497797 0.6616876 -0 0.7497797 0.6616876 0 0.7818329 0.623488 -0 0.7818329 0.623488 0 0.811936 0.5837464 -0 0.811936 0.5837464 0 0.8400273 0.5425441 -0 0.8400273 0.5425441 0 0.8660246 0.5000014 -0 0.8660246 0.5000014 0 0.8898723 0.4562096 -0 0.8898723 0.4562096 0 0.9115059 0.411287 -0 0.9115059 0.411287 0 0.9308735 0.3653415 -0 0.9308735 0.3653415 0 0.9479268 0.3184881 -0 0.9479268 0.3184881 0 0.9626245 0.2708394 0 0.9626245 0.2708394 -0 0.974928 0.2225207 0 0.974928 0.2225207 -0 0.9848079 0.1736474 0 0.9848079 0.1736474 -0 0.9922391 0.1243447 0 0.9922391 0.1243447 -0 0.9972039 0.07472924 -0 0.9972039 0.07472924 0 0.9996891 0.02493134 -0 0.9996891 0.02493134 0 0.9996891 -0.02493134 0 0.9996891 -0.02493134 0 0.9972039 -0.07472924 0 0.9972039 -0.07472924 0 0.9922391 -0.1243447 0 0.9922391 -0.1243447 0 0.9848079 -0.1736474 0 0.9848079 -0.1736474 0 0.974928 -0.2225207 0 0.974928 -0.2225207 0 0.9626245 -0.2708394 0 0.9626245 -0.2708394 0 0.9479268 -0.3184881 0 0.9479268 -0.3184881 0 0.9308735 -0.3653415 0 0.9308735 -0.3653415 0 0.9115059 -0.411287 0 0.9115059 -0.411287 0 0.8898723 -0.4562096 0 0.8898723 -0.4562096 0 0.8660246 -0.5000014 0 0.8660246 -0.5000014 0 0.8400273 -0.5425441 0 0.8400273 -0.5425441 0 0.811936 -0.5837464 0 0.811936 -0.5837464 0 0.7818329 -0.623488 0 0.7818329 -0.623488 0 0.749781 -0.661686 0 0.749781 -0.661686 0 0.7158667 -0.6982369 0 0.7158667 -0.6982369 0 0.6801718 -0.7330527 0 0.6801718 -0.7330527 0 0.6427881 -0.7660441 0 0.6427881 -0.7660441 0 0.6038047 -0.7971323 0 0.6038047 -0.7971323 0 0.5633202 -0.8262387 0 0.5633202 -0.8262387 0 0.5214361 -0.8532903 0 0.5214361 -0.8532903 0 0.4782524 -0.8782224 0 0.4782524 -0.8782224 0 0.4338848 -0.9009684 0 0.4338848 -0.9009684 0 0.3884341 -0.9214765 0 0.3884341 -0.9214765 0 0.3420202 -0.9396926 0 0.3420202 -0.9396926 0 0.2947554 -0.9555727 0 0.2947554 -0.9555727 0 0.2467575 -0.9690773 0 0.2467575 -0.9690773 0 0.1981474 -0.9801723 0 0.1981474 -0.9801723 0 0.1490402 -0.9888311 0 0.1490402 -0.9888311 0 0.09956942 -0.9950306 0 0.04984687 -0.9987568 0 0.09956942 -0.9950306 0 0.04984687 -0.9987568 0 0 -1 0 0 -1 0 -0.04984687 -0.9987568 0 -0.04984687 -0.9987568 0 -0.09956942 -0.9950306 0 -0.09956942 -0.9950306 0 -0.1490402 -0.9888311 0 -0.1490402 -0.9888311 0 -0.1981474 -0.9801723 0 -0.2467575 -0.9690773 -0 -0.1981474 -0.9801723 0 -0.2467575 -0.9690773 0 -0.2947554 -0.9555727 0 -0.2947554 -0.9555727 0 -0.3420202 -0.9396926 0 -0.3420202 -0.9396926 0 -0.3884341 -0.9214765 0 -0.4338848 -0.9009684 -0 -0.3884341 -0.9214765 0 -0.4338848 -0.9009684 0 -0.4782524 -0.8782224 0 -0.4782524 -0.8782224 0 -0.5214361 -0.8532903 0 -0.5214361 -0.8532903 0 -0.5633202 -0.8262387 0 -0.6038047 -0.7971323 -0 -0.5633202 -0.8262387 0 -0.6038047 -0.7971323 0 -0.6427881 -0.7660441 0 -0.6801718 -0.7330527 -0 -0.6427881 -0.7660441 0 -0.6801718 -0.7330527 0 -0.7158667 -0.6982369 0 -0.7158667 -0.6982369 0 -0.749781 -0.661686 0 -0.749781 -0.661686 0 -0.7818329 -0.623488 0 -0.7818329 -0.623488 0 -0.811936 -0.5837464 0 -0.811936 -0.5837464 0 -0.8400273 -0.5425441 0 -0.8400273 -0.5425441 0 -0.8660246 -0.5000014 0 -0.8660246 -0.5000014 0 -0.8898723 -0.4562096 0 -0.8898723 -0.4562096 0 -0.9115059 -0.411287 0 -0.9115059 -0.411287 0 -0.9308735 -0.3653415 0 -0.9308735 -0.3653415 0 -0.9479268 -0.3184881 0 -0.9479268 -0.3184881 0 -0.9626245 -0.2708394 0 -0.9626245 -0.2708394 0 -0.974928 -0.2225207 0 -0.974928 -0.2225207 0 -0.9848079 -0.1736474 0 -0.9848079 -0.1736474 0 -0.9922391 -0.1243447 0 -0.9922391 -0.1243447 0 -0.9972039 -0.07472924 0 -0.9972039 -0.07472924 0 -0.9996891 -0.02493134 0 -0.9996891 -0.02493134 0 -0.9996891 0.02493457 0 -0.9996891 0.02493457 0 -0.997204 0.0747273 0 -0.9922395 0.1243415 0 -0.997204 0.0747273 0 -0.9922395 0.1243415 0 -0.9848075 0.1736495 0 -0.9749272 0.2225241 0 -0.9848075 0.1736495 0 -0.962625 0.2708379 0 -0.9749272 0.2225241 0 -0.962625 0.2708379 0 -0.9479267 0.3184886 0 -0.9479267 0.3184886 0 -0.9308735 0.3653415 0 -0.9115071 0.4112843 0 -0.9308735 0.3653415 0 -0.9115071 0.4112843 0 -0.8898717 0.4562109 0 -0.8898717 0.4562109 0 -0.8660253 0.5000002 0 -0.8660253 0.5000002 0 -0.8400249 0.5425478 0 -0.8400249 0.5425478 0 -0.8119397 0.5837412 0 -0.8119397 0.5837412 0 -0.7818301 0.6234915 0 -0.7818301 0.6234915 0 -0.7497835 0.6616833 0 -0.7497835 0.6616833 0 -0.7158644 0.6982393 0 -0.7158644 0.6982393 0 -0.6801715 0.733053 0 -0.6801715 0.733053 0 -0.6427888 0.7660434 0 -0.6427888 0.7660434 0 -0.6038063 0.7971311 0 -0.6038063 0.7971311 0 -0.5633198 0.8262389 0 -0.5633198 0.8262389 0 -0.5214338 0.8532917 0 -0.5214338 0.8532917 0 -0.4782532 0.8782219 0 -0.4782532 0.8782219 0 -0.4338854 0.9009681 0 -0.4338854 0.9009681 0 -0.3884338 0.9214767 0 -0.3420205 0.9396925 0 -0.3884338 0.9214767 0 -0.3420205 0.9396925 0 -0.2947553 0.9555728 0 -0.2947553 0.9555728 0 -0.2467577 0.9690772 0 -0.1981448 0.9801728 0 -0.2467577 0.9690772 0 -0.1490428 0.9888307 0 -0.1981448 0.9801728 0 -0.1490428 0.9888307 0 -0.09956621 0.9950309 0 -0.04984699 0.9987568 0 -0.09956621 0.9950309 0 -0.04984699 0.9987568 0 0 1 0 0.04984668 0.9987569 0 0 1 -0 0.04984668 0.9987569 0 0.09956621 0.9950309 0 0.1490438 0.9888306 0 0.09956621 0.9950309 -0 0.1490438 0.9888306 0 0.1981436 0.980173 -0 0.1981436 0.980173 0 0.2467577 0.9690772 -0 0.2467577 0.9690772 0 0.2947553 0.9555728 -0 0.2947553 0.9555728 0 0.3420205 0.9396925 -0 0.3420205 0.9396925 0 0.3884338 0.9214767 -0 0.3884338 0.9214767 0 0.4338854 0.9009681 0 0.4338854 0.9009681 0 0.4782559 0.8782206 -0 0.4782559 0.8782206 0 0.5214338 0.8532917 -0 0.5214338 0.8532917 0 0.5633198 0.8262389 -0 0.5633198 0.8262389 0 0.6038047 0.7971323 -0 0.6038047 0.7971323 0 0.6427872 0.7660447 -0 0.6427872 0.7660447 0 0.6801732 0.7330515 -0 0.6801732 0.7330515 0 0.715866 0.6982377 -0 0.715866 0.6982377 0 0.7497818 0.6616851 -0 0.7497818 0.6616851 0 0.7818301 0.6234915 -0 0.7818301 0.6234915 0 0.8119397 0.5837412 -0 0.8119397 0.5837412 0 0.8400249 0.5425478 -0 0.8400249 0.5425478 0 0.8660253 0.5000002 -0 0.8660253 0.5000002 0 0.889873 0.4562083 -0 0.889873 0.4562083 0 0.9115047 0.4112897 -0 0.9115047 0.4112897 0 0.9308746 0.3653387 -0 0.9308746 0.3653387 0 0.9479267 0.3184886 -0 0.9479267 0.3184886 0 0.9626241 0.2708409 0 0.9626241 0.2708409 -0 0.9749278 0.2225211 0 0.9749278 0.2225211 -0 0.984808 0.1736464 0 0.984808 0.1736464 -0 0.9922391 0.1243447 0 0.9922391 0.1243447 -0 0.9972038 0.07473047 -0 0.9972038 0.07473047 0 0.9996893 0.0249282 -0 0.9996893 0.0249282 0 0.9996893 -0.02492824 0 0.9996893 -0.02492824 0 0.9972038 -0.07473047 0 0.9972038 -0.07473047 0 0.9922391 -0.1243447 0 0.9922391 -0.1243447 0 0.984808 -0.1736464 0 0.984808 -0.1736464 0 0.9749278 -0.2225211 0 0.9749278 -0.2225211 0 0.9626241 -0.2708409 0 0.9626241 -0.2708409 0 0.9479268 -0.3184881 0 0.9479268 -0.3184881 0 0.9308745 -0.365339 0 0.9308745 -0.365339 0 0.9115047 -0.4112897 0 0.9115047 -0.4112897 0 0.8898727 -0.456209 0 0.8898727 -0.456209 0 0.8660259 -0.4999992 0 0.8660259 -0.4999992 0 0.8400247 -0.5425482 0 0.8400247 -0.5425482 0 0.8119392 -0.583742 0 0.8119392 -0.583742 0 0.7818301 -0.6234915 0 0.7818301 -0.6234915 0 0.7497818 -0.6616851 0 0.7497818 -0.6616851 0 0.7158673 -0.6982363 0 0.7158673 -0.6982363 0 0.6801725 -0.7330521 0 0.6801725 -0.7330521 0 0.6427872 -0.7660447 0 0.6427872 -0.7660447 0 0.6038042 -0.7971327 0 0.6038042 -0.7971327 0 0.5633198 -0.8262389 0 0.5633198 -0.8262389 0 0.5214351 -0.853291 0 0.5214351 -0.853291 0 0.4782548 -0.8782211 0 0.4782548 -0.8782211 0 0.4338846 -0.9009685 0 0.4338846 -0.9009685 0 0.3884344 -0.9214764 0 0.3884344 -0.9214764 0 0.3420203 -0.9396926 0 0.3420203 -0.9396926 0 0.294755 -0.9555728 0 0.294755 -0.9555728 0 0.2467576 -0.9690772 0 0.2467576 -0.9690772 0 0.1981454 -0.9801726 0 0.1981454 -0.9801726 0 0.1490427 -0.9888307 0 0.1490427 -0.9888307 0 0.09956784 -0.9950308 0 0.04984568 -0.9987569 0 0.09956784 -0.9950308 0 0.04984568 -0.9987569 0 0 -1 0 0 -1 0 -0.049846 -0.9987569 0 -0.049846 -0.9987569 0 -0.09956784 -0.9950308 0 -0.09956784 -0.9950308 0 -0.1490417 -0.9888309 0 -0.1490417 -0.9888309 0 -0.1981467 -0.9801724 0 -0.2467576 -0.9690772 -0 -0.1981467 -0.9801724 0 -0.2467576 -0.9690772 0 -0.294755 -0.9555728 0 -0.294755 -0.9555728 0 -0.3420203 -0.9396926 0 -0.3420203 -0.9396926 0 -0.3884344 -0.9214764 0 -0.4338846 -0.9009685 -0 -0.3884344 -0.9214764 0 -0.4338846 -0.9009685 0 -0.4782521 -0.8782225 0 -0.4782521 -0.8782225 0 -0.5214351 -0.853291 0 -0.5214351 -0.853291 0 -0.5633198 -0.8262389 0 -0.6038057 -0.7971315 -0 -0.5633198 -0.8262389 0 -0.6038057 -0.7971315 0 -0.6427888 -0.7660434 0 -0.6801709 -0.7330536 -0 -0.6427888 -0.7660434 0 -0.6801709 -0.7330536 0 -0.7158657 -0.6982379 0 -0.7158657 -0.6982379 0 -0.7497835 -0.6616833 0 -0.7497835 -0.6616833 0 -0.7818301 -0.6234915 0 -0.7818301 -0.6234915 0 -0.8119392 -0.583742 0 -0.8119392 -0.583742 0 -0.8400247 -0.5425482 0 -0.8400247 -0.5425482 0 -0.8660259 -0.4999992 0 -0.8660259 -0.4999992 0 -0.8898714 -0.4562115 0 -0.8898714 -0.4562115 0 -0.9115071 -0.4112843 0 -0.9115071 -0.4112843 0 -0.9308735 -0.3653417 0 -0.9308735 -0.3653417 0 -0.9479268 -0.3184881 0 -0.9479268 -0.3184881 0 -0.962625 -0.2708379 0 -0.962625 -0.2708379 0 -0.9749272 -0.2225241 0 -0.9749272 -0.2225241 0 -0.9848075 -0.1736495 0 -0.9848075 -0.1736495 0 -0.9922395 -0.1243415 0 -0.9922395 -0.1243415 0 -0.997204 -0.0747273 0 -0.997204 -0.0747273 0 -0.9996891 -0.02493461 0 -0.9996891 -0.02493461 0 -0.9996892 0.02492975 0 -0.9996892 0.02492975 0 -0.9972038 0.07473059 0 -0.9922393 0.1243431 0 -0.9972038 0.07473059 0 -0.9922393 0.1243431 0 -0.9848078 0.1736479 0 -0.974928 0.2225207 0 -0.9848078 0.1736479 0 -0.9626241 0.2708409 0 -0.974928 0.2225207 0 -0.9626241 0.2708409 0 -0.9479272 0.3184872 0 -0.9479272 0.3184872 0 -0.9308741 0.3653401 0 -0.9115053 0.4112883 0 -0.9308741 0.3653401 0 -0.9115053 0.4112883 0 -0.8898717 0.4562109 0 -0.8898717 0.4562109 0 -0.866026 0.4999988 0 -0.866026 0.4999988 0 -0.8400257 0.5425467 0 -0.8400257 0.5425467 0 -0.8119379 0.5837438 0 -0.8119379 0.5837438 0 -0.7818309 0.6234905 0 -0.7818309 0.6234905 0 -0.7497818 0.6616851 0 -0.7497818 0.6616851 0 -0.7158667 0.6982369 0 -0.7158667 0.6982369 0 -0.6801732 0.7330515 0 -0.6801732 0.7330515 0 -0.6427881 0.7660441 0 -0.6427881 0.7660441 0 -0.6038047 0.7971323 0 -0.6038047 0.7971323 0 -0.5633177 0.8262404 0 -0.5633177 0.8262404 0 -0.5214361 0.8532903 0 -0.5214361 0.8532903 0 -0.4782559 0.8782206 0 -0.4782559 0.8782206 0 -0.4338816 0.9009699 0 -0.4338816 0.9009699 0 -0.3884365 0.9214755 0 -0.3420205 0.9396925 0 -0.3884365 0.9214755 0 -0.3420205 0.9396925 0 -0.2947524 0.9555737 0 -0.2947524 0.9555737 0 -0.2467577 0.9690772 0 -0.1981473 0.9801723 0 -0.2467577 0.9690772 0 -0.1490433 0.9888306 0 -0.1981473 0.9801723 0 -0.1490433 0.9888306 0 -0.09956621 0.9950309 0 -0.04984699 0.9987568 0 -0.09956621 0.9950309 0 -0.04984699 0.9987568 0 0 1 0 0.04984684 0.9987569 0 0 1 -0 0.04984684 0.9987569 0 0.09956621 0.9950309 0 0.1490433 0.9888306 0 0.09956621 0.9950309 -0 0.1490433 0.9888306 0 0.1981479 0.9801722 -0 0.1981479 0.9801722 0 0.2467569 0.9690774 -0 0.2467569 0.9690774 0 0.2947524 0.9555737 -0 0.2947524 0.9555737 0 0.3420205 0.9396925 -0 0.3420205 0.9396925 0 0.3884376 0.921475 -0 0.3884376 0.921475 0 0.4338816 0.9009699 0 0.4338816 0.9009699 0 0.4782546 0.8782213 -0 0.4782546 0.8782213 0 0.5214361 0.8532903 -0 0.5214361 0.8532903 0 0.5633191 0.8262394 -0 0.5633191 0.8262394 0 0.6038047 0.7971323 -0 0.6038047 0.7971323 0 0.6427872 0.7660447 -0 0.6427872 0.7660447 0 0.6801732 0.7330515 -0 0.6801732 0.7330515 0 0.715866 0.6982377 -0 0.715866 0.6982377 0 0.7497835 0.6616833 -0 0.7497835 0.6616833 0 0.7818301 0.6234915 -0 0.7818301 0.6234915 0 0.8119386 0.5837428 -0 0.8119386 0.5837428 0 0.8400249 0.5425478 -0 0.8400249 0.5425478 0 0.866026 0.4999988 -0 0.866026 0.4999988 0 0.889871 0.4562122 -0 0.889871 0.4562122 0 0.9115071 0.4112843 -0 0.9115071 0.4112843 0 0.9308735 0.3653415 -0 0.9308735 0.3653415 0 0.9479267 0.3184886 -0 0.9479267 0.3184886 0 0.962625 0.2708379 0 0.962625 0.2708379 -0 0.9749272 0.2225237 0 0.9749272 0.2225237 -0 0.9848075 0.1736495 0 0.9848075 0.1736495 -0 0.9922395 0.1243415 0 0.9922395 0.1243415 -0 0.997204 0.07472742 -0 0.997204 0.07472742 0 0.999689 0.02493453 -0 0.999689 0.02493453 0 0.9996891 -0.02493469 0 0.9996891 -0.02493469 0 0.997204 -0.07472719 0 0.997204 -0.07472719 0 0.9922395 -0.1243415 0 0.9922395 -0.1243415 0 0.9848076 -0.173649 0 0.9848076 -0.173649 0 0.9749269 -0.2225251 0 0.9749269 -0.2225251 0 0.962625 -0.2708379 0 0.962625 -0.2708379 0 0.9479271 -0.3184876 0 0.9479271 -0.3184876 0 0.9308735 -0.3653415 0 0.9308735 -0.3653415 0 0.9115071 -0.4112843 0 0.9115071 -0.4112843 0 0.8898717 -0.4562109 0 0.8898717 -0.4562109 0 0.8660253 -0.5000002 0 0.8660253 -0.5000002 0 0.8400259 -0.5425463 0 0.8400259 -0.5425463 0 0.8119376 -0.5837443 0 0.8119376 -0.5837443 0 0.7818313 -0.6234899 0 0.7818313 -0.6234899 0 0.749782 -0.6616849 0 0.749782 -0.6616849 0 0.715866 -0.6982377 0 0.715866 -0.6982377 0 0.6801748 -0.7330499 0 0.6801748 -0.7330499 0 0.6427854 -0.7660463 0 0.6427854 -0.7660463 0 0.6038047 -0.7971323 0 0.6038047 -0.7971323 0 0.5633213 -0.8262379 0 0.5633213 -0.8262379 0 0.5214338 -0.8532917 0 0.5214338 -0.8532917 0 0.478257 -0.8782199 0 0.478257 -0.8782199 0 0.433879 -0.9009711 0 0.433879 -0.9009711 0 0.3884349 -0.9214762 0 0.3884349 -0.9214762 0 0.3420205 -0.9396925 0 0.3420205 -0.9396925 0 0.2947582 -0.9555718 0 0.2947582 -0.9555718 0 0.2467569 -0.9690774 0 0.2467569 -0.9690774 0 0.1981448 -0.9801728 0 0.1981448 -0.9801728 0 0.1490402 -0.9888311 0 0.1490402 -0.9888311 0 0.09957252 -0.9950303 0 0.04984365 -0.9987571 0 0.09957252 -0.9950303 0 0.04984365 -0.9987571 0 0 -1 0 0 -1 0 -0.04984381 -0.9987571 0 -0.04984381 -0.9987571 0 -0.09957252 -0.9950303 0 -0.09957252 -0.9950303 0 -0.1490402 -0.9888311 0 -0.1490402 -0.9888311 0 -0.1981442 -0.9801729 0 -0.2467577 -0.9690772 -0 -0.1981442 -0.9801729 0 -0.2467577 -0.9690772 0 -0.2947582 -0.9555718 0 -0.2947582 -0.9555718 0 -0.3420205 -0.9396925 0 -0.3420205 -0.9396925 0 -0.3884338 -0.9214767 0 -0.433879 -0.9009711 -0 -0.3884338 -0.9214767 0 -0.433879 -0.9009711 0 -0.4782584 -0.8782192 0 -0.4782584 -0.8782192 0 -0.5214338 -0.8532917 0 -0.5214338 -0.8532917 0 -0.5633198 -0.8262389 0 -0.6038047 -0.7971323 -0 -0.5633198 -0.8262389 0 -0.6038047 -0.7971323 0 -0.6427861 -0.7660456 0 -0.6801748 -0.7330499 -0 -0.6427861 -0.7660456 0 -0.6801748 -0.7330499 0 -0.7158667 -0.6982369 0 -0.7158667 -0.6982369 0 -0.7497805 -0.6616867 0 -0.7497805 -0.6616867 0 -0.7818322 -0.623489 0 -0.7818322 -0.623489 0 -0.8119368 -0.5837454 0 -0.8119368 -0.5837454 0 -0.8400266 -0.5425452 0 -0.8400266 -0.5425452 0 -0.8660253 -0.5000002 0 -0.8660253 -0.5000002 0 -0.8898723 -0.4562096 0 -0.8898723 -0.4562096 0 -0.9115053 -0.4112883 0 -0.9115053 -0.4112883 0 -0.9308741 -0.3653401 0 -0.9308741 -0.3653401 0 -0.9479275 -0.3184862 0 -0.9479275 -0.3184862 0 -0.9626241 -0.2708409 0 -0.9626241 -0.2708409 0 -0.9749276 -0.2225221 0 -0.9749276 -0.2225221 0 -0.9848079 -0.1736474 0 -0.9848079 -0.1736474 0 -0.9922393 -0.1243431 0 -0.9922393 -0.1243431 0 -0.9972038 -0.07473035 0 -0.9972038 -0.07473035 0 -0.9996892 -0.02492991 0 -0.9996892 -0.02492991 0 -0.999689 0.02493453 0 -0.999689 0.02493453 0 -0.997204 0.07472742 0 -0.9922395 0.1243415 0 -0.997204 0.07472742 0 -0.9922395 0.1243415 0 -0.9848075 0.1736495 0 -0.9749272 0.2225237 0 -0.9848075 0.1736495 0 -0.962625 0.2708379 0 -0.9749272 0.2225237 0 -0.962625 0.2708379 0 -0.9479267 0.3184886 0 -0.9479267 0.3184886 0 -0.9308735 0.3653415 0 -0.9115071 0.4112843 0 -0.9308735 0.3653415 0 -0.9115071 0.4112843 0 -0.889871 0.4562122 0 -0.889871 0.4562122 0 -0.866026 0.4999988 0 -0.866026 0.4999988 0 -0.8400249 0.5425478 0 -0.8400249 0.5425478 0 -0.8119386 0.5837428 0 -0.8119386 0.5837428 0 -0.7818301 0.6234915 0 -0.7818301 0.6234915 0 -0.7497835 0.6616833 0 -0.7497835 0.6616833 0 -0.715866 0.6982377 0 -0.715866 0.6982377 0 -0.6801732 0.7330515 0 -0.6801732 0.7330515 0 -0.6427872 0.7660447 0 -0.6427872 0.7660447 0 -0.6038047 0.7971323 0 -0.6038047 0.7971323 0 -0.5633191 0.8262394 0 -0.5633191 0.8262394 0 -0.5214361 0.8532903 0 -0.5214361 0.8532903 0 -0.4782546 0.8782213 0 -0.4782546 0.8782213 0 -0.4338816 0.9009699 0 -0.4338816 0.9009699 0 -0.3884376 0.921475 0 -0.3420205 0.9396925 0 -0.3884376 0.921475 0 -0.3420205 0.9396925 0 -0.2947524 0.9555737 0 -0.2947524 0.9555737 0 -0.2467569 0.9690774 0 -0.1981479 0.9801722 0 -0.2467569 0.9690774 0 -0.1490433 0.9888306 0 -0.1981479 0.9801722 0 -0.1490433 0.9888306 0 -0.09956621 0.9950309 0 -0.04984684 0.9987569 0 -0.09956621 0.9950309 0 -0.04984684 0.9987569 0 0 1 0 0.04984699 0.9987568 0 0 1 -0 0.04984699 0.9987568 0 0.09956621 0.9950309 0 0.1490433 0.9888306 0 0.09956621 0.9950309 -0 0.1490433 0.9888306 0 0.1981473 0.9801723 -0 0.1981473 0.9801723 0 0.2467577 0.9690772 -0 0.2467577 0.9690772 0 0.2947524 0.9555737 -0 0.2947524 0.9555737 0 0.3420205 0.9396925 -0 0.3420205 0.9396925 0 0.3884365 0.9214755 -0 0.3884365 0.9214755 0 0.4338816 0.9009699 0 0.4338816 0.9009699 0 0.4782559 0.8782206 -0 0.4782559 0.8782206 0 0.5214361 0.8532903 -0 0.5214361 0.8532903 0 0.5633177 0.8262404 -0 0.5633177 0.8262404 0 0.6038047 0.7971323 -0 0.6038047 0.7971323 0 0.6427881 0.7660441 -0 0.6427881 0.7660441 0 0.6801732 0.7330515 -0 0.6801732 0.7330515 0 0.7158667 0.6982369 -0 0.7158667 0.6982369 0 0.7497818 0.6616851 -0 0.7497818 0.6616851 0 0.7818309 0.6234905 -0 0.7818309 0.6234905 0 0.8119379 0.5837438 -0 0.8119379 0.5837438 0 0.8400257 0.5425467 -0 0.8400257 0.5425467 0 0.866026 0.4999988 -0 0.866026 0.4999988 0 0.8898717 0.4562109 -0 0.8898717 0.4562109 0 0.9115053 0.4112883 -0 0.9115053 0.4112883 0 0.9308741 0.3653401 -0 0.9308741 0.3653401 0 0.9479272 0.3184872 -0 0.9479272 0.3184872 0 0.9626241 0.2708409 0 0.9626241 0.2708409 -0 0.974928 0.2225207 0 0.974928 0.2225207 -0 0.9848078 0.1736479 0 0.9848078 0.1736479 -0 0.9922393 0.1243431 0 0.9922393 0.1243431 -0 0.9972038 0.07473059 -0 0.9972038 0.07473059 0 0.9996892 0.02492975 -0 0.9996892 0.02492975 0 0.9996892 -0.02492991 0 0.9996892 -0.02492991 0 0.9972038 -0.07473035 0 0.9972038 -0.07473035 0 0.9922393 -0.1243431 0 0.9922393 -0.1243431 0 0.9848079 -0.1736474 0 0.9848079 -0.1736474 0 0.9749276 -0.2225221 0 0.9749276 -0.2225221 0 0.9626241 -0.2708409 0 0.9626241 -0.2708409 0 0.9479275 -0.3184862 0 0.9479275 -0.3184862 0 0.9308741 -0.3653401 0 0.9308741 -0.3653401 0 0.9115053 -0.4112883 0 0.9115053 -0.4112883 0 0.8898723 -0.4562096 0 0.8898723 -0.4562096 0 0.8660253 -0.5000002 0 0.8660253 -0.5000002 0 0.8400266 -0.5425452 0 0.8400266 -0.5425452 0 0.8119368 -0.5837454 0 0.8119368 -0.5837454 0 0.7818322 -0.623489 0 0.7818322 -0.623489 0 0.7497805 -0.6616867 0 0.7497805 -0.6616867 0 0.7158667 -0.6982369 0 0.7158667 -0.6982369 0 0.6801748 -0.7330499 0 0.6801748 -0.7330499 0 0.6427861 -0.7660456 0 0.6427861 -0.7660456 0 0.6038047 -0.7971323 0 0.6038047 -0.7971323 0 0.5633198 -0.8262389 0 0.5633198 -0.8262389 0 0.5214338 -0.8532917 0 0.5214338 -0.8532917 0 0.4782584 -0.8782192 0 0.4782584 -0.8782192 0 0.433879 -0.9009711 0 0.433879 -0.9009711 0 0.3884338 -0.9214767 0 0.3884338 -0.9214767 0 0.3420205 -0.9396925 0 0.3420205 -0.9396925 0 0.2947582 -0.9555718 0 0.2947582 -0.9555718 0 0.2467577 -0.9690772 0 0.2467577 -0.9690772 0 0.1981442 -0.9801729 0 0.1981442 -0.9801729 0 0.1490402 -0.9888311 0 0.1490402 -0.9888311 0 0.09957252 -0.9950303 0 0.04984381 -0.9987571 0 0.09957252 -0.9950303 0 0.04984381 -0.9987571 0 0 -1 0 0 -1 0 -0.04984365 -0.9987571 0 -0.04984365 -0.9987571 0 -0.09957252 -0.9950303 0 -0.09957252 -0.9950303 0 -0.1490402 -0.9888311 0 -0.1490402 -0.9888311 0 -0.1981448 -0.9801728 0 -0.2467569 -0.9690774 -0 -0.1981448 -0.9801728 0 -0.2467569 -0.9690774 0 -0.2947582 -0.9555718 0 -0.2947582 -0.9555718 0 -0.3420205 -0.9396925 0 -0.3420205 -0.9396925 0 -0.3884349 -0.9214762 0 -0.433879 -0.9009711 -0 -0.3884349 -0.9214762 0 -0.433879 -0.9009711 0 -0.478257 -0.8782199 0 -0.478257 -0.8782199 0 -0.5214338 -0.8532917 0 -0.5214338 -0.8532917 0 -0.5633213 -0.8262379 0 -0.6038047 -0.7971323 -0 -0.5633213 -0.8262379 0 -0.6038047 -0.7971323 0 -0.6427854 -0.7660463 0 -0.6801748 -0.7330499 -0 -0.6427854 -0.7660463 0 -0.6801748 -0.7330499 0 -0.715866 -0.6982377 0 -0.715866 -0.6982377 0 -0.749782 -0.6616849 0 -0.749782 -0.6616849 0 -0.7818313 -0.6234899 0 -0.7818313 -0.6234899 0 -0.8119376 -0.5837443 0 -0.8119376 -0.5837443 0 -0.8400259 -0.5425463 0 -0.8400259 -0.5425463 0 -0.8660253 -0.5000002 0 -0.8660253 -0.5000002 0 -0.8898717 -0.4562109 0 -0.8898717 -0.4562109 0 -0.9115071 -0.4112843 0 -0.9115071 -0.4112843 0 -0.9308735 -0.3653415 0 -0.9308735 -0.3653415 0 -0.9479271 -0.3184876 0 -0.9479271 -0.3184876 0 -0.962625 -0.2708379 0 -0.962625 -0.2708379 0 -0.9749269 -0.2225251 0 -0.9749269 -0.2225251 0 -0.9848076 -0.173649 0 -0.9848076 -0.173649 0 -0.9922395 -0.1243415 0 -0.9922395 -0.1243415 0 -0.997204 -0.07472719 0 -0.997204 -0.07472719 0 -0.9996891 -0.02493469 0 -0.9996891 -0.02493469 0 0 0 1 0 0 1 0 0 1 0 0 1 0 0 1 0 0 1 0 0 1 0 0 1 0 0 1 0 0 1 0 0 1 0 0 1 0 0 1 0 0 1 0 0 1 0 0 1 0 0 1 0 0 1 0 0 1 0 0 1 0 0 1 0 0 1 0 0 1 0 0 1 0 0 1 0 0 1 0 0 1 0 0 1 0 0 1 0 0 1 0 0 1 0 0 1 0 0 1 0 0 1 0 0 1 0 0 1 0 0 1 0 0 1 0 0 1 0 0 1 0 0 1 0 0 1 0 0 1 0 0 1 0 0 1 0 0 1 0 0 1 0 0 1 0 0 1 0 0 1 0 0 1 0 0 1 0 0 1 0 0 1 0 0 1 0 0 1 0 0 1 0 0 1 0 0 1 0 0 1 0 0 1 0 0 1 0 0 1 0 0 1 0 0 1 0 0 1 0 0 1 0 0 1 0 0 1 0 0 1 0 0 1 0 0 1 0 0 1 0 0 1 0 0 1 0 0 1 0 0 1 0 0 1 0 0 1 0 0 1 0 0 1 0 0 1 0 0 1 0 0 1 0 0 1 0 0 1 0 0 1 0 0 1 0 0 1 0 0 1 0 0 1 0 0 1 0 0 1 0 0 1 0 0 1 0 0 1 0 0 1 0 0 1 0 0 1 0 0 1 0 0 1 0 0 1 0 0 1 0 0 1 0 0 1 0 0 1 0 0 1 0 0 1 0 0 1 0 0 1 0 0 1 0 0 1 0 0 1 0 0 1 0 0 1 0 0 1 0 0 1 0 0 1 0 0 1 0 0 1 0 0 1 0 0 1 0 0 1 0 0 1 0 0 1 0 0 1 0 0 1 0 0 1 0 0 1 0 0 1 0 0 1 0 0 1 0 0 1 0 0 1 0 0 1 0 0 1 0 0 1 0 0 1 0 0 1 0 0 1 0 0 1 0 0 1 0 0 1 0 0 1 0 0 1 0 0 1 0 0 1 0 0 1 0 0 1 0 0 1 0 0 1 0 0 1 0 0 1 0 0 1 0 0 1 0 0 1 0 0 1 0 0 1 0 0 1 0 0 1 0 0 1 0 0 1 0 0 1 0 0 1 0 0 1 0 0 1 0 0 1 0 0 1 0 0 1 0 0 1 0 0 1 0 0 1 0 0 1 0 0 1 0 0 1 0 0 1 0 0 1 0 0 1 0 0 1 0 0 1 0 0 1 0 0 1 0 0 1 0 0 1 0 0 1 0 0 1 0 0 1 0 0 1 0 0 1 0 0 1 0 0 1 0 0 1 0 0 1 0 0 1 0 0 1 0 0 1 0 0 1 0 0 1 0 0 1 0 0 1 0 0 1 0 0 1 0 0 1 0 0 1 0 0 1 0 0 1 0 0 1 0 0 1 0 0 1 0 0 1 0 0 1 0 0 1 0 0 1 0 0 1 0 0 1 0 0 1 0 0 1 0 0 1 0 0 1 0 0 1 0 0 1 0 0 1 0 0 1 0 0 1 0 0 1 0 0 1 0 0 1 0 0 1 0 0 1 0 0 1 0 0 1 0 0 1 0 0 1 0 0 1 0 0 1 0 0 1 0 0 1 0 0 1 0 0 1 0 0 1 0 0 1 0 0 1 0 0 1 0 0 1 0 0 1 0 0 1 0 0 1 0 0 1 0 0 1 0 0 1 0 0 1 0 0 1 0 0 1 0 0 1 0 0 1 0 0 1 0 0 1 0 0 1 0 0 1 0 0 1 0 0 1 0 0 1 0 0 1 0 0 1 0 0 1 0 0 1 0 0 1 0 0 1 0 0 1 0 0 1 0 0 1 0 0 1 0 0 1 0 0 1 0 0 1 0 0 1 0 0 1 0 0 1 0 0 1 0 0 1 0 0 1 0 0 1 0 0 1 0 0 1 0 0 1 0 0 1 0 0 1 0 0 1 0 0 1 0 0 1 0 0 1 0 0 1 0 0 1 0 0 1 0 0 1 0 0 1 0 0 1 0 0 1 0 0 1 0 0 1 0 0 1 0 0 1 0 0 1 0 0 1 0 0 1 0 0 1 0 0 1 0 0 1 0 0 1 0 0 1 0 0 1 0 0 1 0 0 1 0 0 1 0 0 1 0 0 1 0 0 1 0 0 1 0 0 1 0 0 1 0 0 1 0 0 1 0 0 1 0 0 1 0 0 1 0 0 1 0 0 1 0 0 1 0 0 1 0 0 1 0 0 1 0 0 1 0 0 1 0 0 1 0 0 1 0 0 1 0 0 1 0 0 1 0 0 1 0 0 1 0 0 1 0 0 1 0 0 1 0 0 1 0 0 1 0 0 1 0 0 1 0 0 1 0 0 1 0 0 1 0 0 1 0 0 1 0 0 1 0 0 1 0 0 1 0 0 1 0 0 1 0 0 1 0 0 1 0 0 1 0 0 1 0 0 1 0 0 1 0 0 1 0 0 1 0 0 1 0 0 1 0 0 1 0 0 1 0 0 1 0 0 1 0 0 1 0 0 1 0 0 1 0 0 1 0 0 1 0 0 1 0 0 1 0 0 1 0 0 1 0 0 1 0 0 1 0 0 1 0 0 1 0 0 1 0 0 1 0 0 1 0 0 1 0 0 1 0 0 1 0 0 1 0 0 1 0 0 1 0 0 1 0 0 1 0 0 1 0 0 1 0 0 1 0 0 1 0 0 1 0 0 1 0 0 1 0 0 1 0 0 1 0 0 1 0 0 1 0 0 1 0 0 1 0 0 1 0 0 1 0 0 1 0 0 1 0 0 1 0 0 1 0 0 1 0 0 1 0 0 1 0 0 1 0 0 1 0 0 1 0 0 1 0 0 1 0 0 1 0 0 1 0 0 1 0 0 1 0 0 1 0 0 1 0 0 1 0 0 1 0 0 1 0 0 1 0 0 1 0 0 1 0 0 1 0 0 1 0 0 1 0 0 1 0 0 1 0 0 1 0 0 1 0 0 1 0 0 1 0 0 1 0 0 1 0 0 1 0 0 1 0 0 1 0 0 1 0 0 1 0 0 1 0 0 1 0 0 1 0 0 1 0 0 1 0 0 1 0 0 1 0 0 1 0 0 1 0 0 1 0 0 1 0 0 1 0 0 1 0 0 1 0 0 1 0 0 1 0 0 1 0 0 1 0 0 1 0 0 1 0 0 1 0 0 1 0 0 1 0 0 1 0 0 1 0 0 1 0 0 1 0 0 1 0 0 1 0 0 1 0 0 1 0 0 1 0 0 1 0 0 1 0 0 1 0 0 1 0 0 1 0 0 1 0 0 1 0 0 1 0 0 1 0 0 1 0 0 1 0 0 1 0 0 1 0 0 1 0 0 1 0 0 1 0 0 1 0 0 1 0 0 1 0 0 1 0 0 1 0 0 1 0 0 1 0 0 1 0 0 1 0 0 1 0 0 1 0 0 1 0 0 1 0 0 1 0 0 1 0 0 1 0 0 1 0 0 1 0 0 1 0 0 1 0 0 1 0 0 1 0 0 1 0 0 1 0 0 1 0 0 1 0 0 1 0 0 1 0 0 1 0 0 1 0 0 1 0 0 1 0 0 1 0 0 1 0 0 1 0 0 1 0 0 1 0 0 1 0 0 1 0 0 1 0 0 1 0 0 1 0 0 1 0 0 1 0 0 1 0 0 1 0 0 1 0 0 1 0 0 1 0 0 1 0 0 1 0 0 1 0 0 1 0 0 1 0 0 1 0 0 1 0 0 1 0 0 1 0 0 1 0 0 1 0 0 1 0 0 1 0 0 1 0 0 1 0 0 1 0 0 1 0 0 1 0 0 1 0 0 1 0 0 1 0 0 1 0 0 1 0 0 1 0 0 1 0 0 1 0 0 1 0 0 1 0 0 1 0 0 1 0 0 1 0 0 1 0 0 1 0 0 1 0 0 1 0 0 1 0 0 1 0 0 1 0 0 1 0 0 1 0 0 1 0 0 1 0 0 1 0 0 1 0 0 1 0 0 1 0 0 1 0 0 1 0 0 1 0 0 1 0 0 1 0 0 1 0 0 1 0 0 1 0 0 1 0 0 1 0 0 1 0 0 1 0 0 1 0 0 1 0 0 1 0 0 1 0 0 1 0 0 1 0 0 1 0 0 1 0 0 1 0 0 1 0 0 1 0 0 1 0 0 1 0 0 1 0 0 1 0 0 1 0 0 1 0 0 1 0 0 1 0 0 1 0 0 1 0 0 1 0 0 1 0 0 1 0 0 1 0 0 1 0 0 1 0 0 1 0 0 1 0 0 1 0 0 1 0 0 1 0 0 1 0 0 1 0 0 1 0 0 1 0 0 1 0 0 1 0 0 1 0 0 1 0 0 1 0 0 1 0 0 1 0 0 1 0 0 1 0 0 1 0 0 1 0 0 1 0 0 1 0 0 1 0 0 1 0 0 1 0 0 1 0 0 1 0 0 1 0 0 1 0 0 1 0 0 1 0 0 1 0 0 1 0 0 1 0 0 1 0 0 1 0 0 1 0 0 1 0 0 1 0 0 1 0 0 1 0 0 1 0 0 1 0 0 1 0 0 1 0 0 1 0 0 1 0 0 1 0 0 1 0 0 1 0 0 1 0 0 1 0 0 1 0 0 1 0 0 1 0 0 1 0 0 1 0 0 1 0 0 1 0 0 1 0 0 1 0 0 1 0 0 1 0 0 1 0 0 1 0 0 1 0 0 1 0 0 1 0 0 1 0 0 1 0 0 1 0 0 1 0 0 1 0 0 1 0 0 1 0 0 1 0 0 1 0 0 1 0 0 1 0 0 1 0 0 1 0 0 1 0 0 1 0 0 1 0 0 1 0 0 1 0 0 1 0 0 1 0 0 1 0 0 1 0 0 1 0 0 1 0 0 1 0 0 1 0 0 1 0 0 1 0 0 1 0 0 1 0 0 1 0 0 1 0 0 1 0 0 1 0 0 1 0 0 1 0 0 1 0 0 1 0 0 1 0 0 1 0 0 1 0 0 1 0 0 1 0 0 1 0 0 1 0 0 1 0 0 1</float_array>
          <technique_common>
            <accessor count="3476" source="#cubenormals-array0-array" stride="3">
              <param type="float" name="X"/>
              <param type="float" name="Y"/>
              <param type="float" name="Z"/>
            </accessor>
          </technique_common>
        </source>
        <vertices id="cubeverts-array0-vertices">
          <input semantic="POSITION" source="#cubeverts-array0"/>
        </vertices>
        <triangles count="3476" material="ref_Body004">
          <input offset="0" semantic="VERTEX" source="#cubeverts-array0-vertices"/>
          <input offset="1" semantic="NORMAL" source="#cubenormals-array0"/>
          <p>0 0 1 0 2 0 2 1 1 1 3 1 3 2 4 2 5 2 1 3 4 3 3 3 5 4 6 4 7 4 7 5 6 5 8 5 4 6 6 6 5 6 8 7 9 7 10 7 6 8 9 8 8 8 9 9 11 9 10 9 10 10 12 10 13 10 13 11 12 11 14 11 11 12 12 12 10 12 12 13 15 13 14 13 14 14 16 14 17 14 17 15 16 15 18 15 15 16 16 16 14 16 16 17 19 17 18 17 18 18 20 18 21 18 21 19 20 19 22 19 19 20 20 20 18 20 20 21 23 21 22 21 22 22 24 22 25 22 25 23 24 23 26 23 23 24 24 24 22 24 24 25 27 25 26 25 26 26 28 26 29 26 27 27 28 27 26 27 29 28 30 28 31 28 28 29 30 29 29 29 31 30 32 30 33 30 30 31 32 31 31 31 33 32 34 32 35 32 35 33 34 33 36 33 32 34 34 34 33 34 34 35 37 35 36 35 36 36 38 36 39 36 39 37 38 37 40 37 37 38 38 38 36 38 38 39 41 39 40 39 40 40 42 40 43 40 41 41 42 41 40 41 42 42 44 42 43 42 43 43 44 43 45 43 44 44 46 44 45 44 45 45 46 45 47 45 46 46 48 46 47 46 47 47 48 47 49 47 48 48 50 48 49 48 49 49 50 49 51 49 50 50 52 50 51 50 51 51 52 51 53 51 53 52 52 52 54 52 52 53 55 53 54 53 55 54 56 54 54 54 54 55 56 55 57 55 56 56 58 56 57 56 57 57 58 57 59 57 59 58 60 58 61 58 58 59 60 59 59 59 61 60 62 60 63 60 60 61 62 61 61 61 63 62 64 62 65 62 62 63 64 63 63 63 65 64 66 64 67 64 64 65 66 65 65 65 67 66 68 66 69 66 66 67 68 67 67 67 69 68 70 68 71 68 68 69 70 69 69 69 71 70 72 70 73 70 70 71 72 71 71 71 73 72 74 72 75 72 75 73 74 73 76 73 72 74 74 74 73 74 74 75 77 75 76 75 76 76 77 76 78 76 77 77 79 77 78 77 78 78 80 78 81 78 79 79 80 79 78 79 81 80 82 80 83 80 80 81 82 81 81 81 83 82 84 82 85 82 82 83 84 83 83 83 85 84 86 84 87 84 84 85 86 85 85 85 87 86 88 86 89 86 86 87 88 87 87 87 89 88 90 88 91 88 88 89 90 89 89 89 91 90 92 90 93 90 90 91 92 91 91 91 93 92 94 92 95 92 92 93 94 93 93 93 94 94 96 94 95 94 95 95 96 95 97 95 97 96 96 96 98 96 96 97 99 97 98 97 98 98 99 98 100 98 99 99 101 99 100 99 101 100 102 100 100 100 100 101 102 101 103 101 102 102 104 102 103 102 103 103 104 103 105 103 104 104 106 104 105 104 105 105 106 105 107 105 107 106 106 106 108 106 106 107 109 107 108 107 108 108 109 108 110 108 109 109 111 109 110 109 111 110 112 110 110 110 110 111 112 111 113 111 113 112 112 112 114 112 112 113 115 113 114 113 115 114 116 114 114 114 114 115 116 115 117 115 117 116 116 116 118 116 116 117 119 117 118 117 119 118 120 118 118 118 118 119 120 119 121 119 121 120 120 120 122 120 120 121 123 121 122 121 123 122 124 122 122 122 122 123 124 123 125 123 125 124 124 124 126 124 124 125 127 125 126 125 126 126 128 126 129 126 129 127 128 127 130 127 127 128 128 128 126 128 128 129 131 129 130 129 130 130 132 130 133 130 131 131 132 131 130 131 133 132 134 132 135 132 135 133 134 133 136 133 132 134 134 134 133 134 136 135 137 135 138 135 134 136 137 136 136 136 137 137 139 137 138 137 138 138 140 138 141 138 139 139 140 139 138 139 141 140 142 140 143 140 143 141 142 141 144 141 140 142 142 142 141 142 142 143 145 143 144 143 145 144 146 144 144 144 144 145 146 145 147 145 147 146 146 146 148 146 146 147 149 147 148 147 149 148 150 148 148 148 148 149 150 149 151 149 151 150 150 150 152 150 150 151 153 151 152 151 153 152 154 152 152 152 152 153 154 153 155 153 155 154 154 154 156 154 154 155 157 155 156 155 157 156 158 156 156 156 156 157 158 157 159 157 159 158 158 158 160 158 158 159 161 159 160 159 161 160 162 160 160 160 160 161 162 161 163 161 162 162 164 162 163 162 163 163 164 163 165 163 165 164 164 164 166 164 164 165 167 165 166 165 167 166 168 166 166 166 166 167 168 167 169 167 169 168 168 168 170 168 168 169 171 169 170 169 171 170 172 170 170 170 170 171 172 171 173 171 173 172 172 172 174 172 172 173 175 173 174 173 175 174 176 174 174 174 174 175 176 175 177 175 176 176 178 176 177 176 177 177 178 177 179 177 179 178 178 178 180 178 178 179 181 179 180 179 181 180 182 180 180 180 180 181 182 181 183 181 183 182 182 182 184 182 182 183 185 183 184 183 184 184 185 184 186 184 185 185 187 185 186 185 187 186 188 186 186 186 186 187 188 187 189 187 189 188 188 188 190 188 188 189 191 189 190 189 190 190 192 190 193 190 191 191 192 191 190 191 193 192 194 192 195 192 192 193 194 193 193 193 195 194 194 194 196 194 194 195 197 195 196 195 198 196 199 196 200 196 197 197 199 197 196 197 196 198 199 198 198 198 200 199 201 199 202 199 199 200 201 200 200 200 201 201 203 201 202 201 202 202 204 202 205 202 205 203 204 203 206 203 203 204 204 204 202 204 204 205 207 205 206 205 206 206 208 206 209 206 207 207 208 207 206 207 209 208 210 208 211 208 208 209 210 209 209 209 2 210 212 210 0 210 0 211 212 211 213 211 214 212 215 212 210 212 215 213 211 213 210 213 213 214 212 214 216 214 213 215 216 215 217 215 214 216 217 216 216 216 215 217 214 217 216 217 218 218 94 218 92 218 219 219 96 219 94 219 219 220 94 220 218 220 220 221 218 221 92 221 221 222 96 222 219 222 221 223 99 223 96 223 222 224 220 224 92 224 222 225 90 225 88 225 222 226 92 226 90 226 223 227 101 227 99 227 223 228 99 228 221 228 224 229 222 229 88 229 224 230 88 230 86 230 225 231 101 231 223 231 225 232 102 232 101 232 226 233 224 233 86 233 227 234 104 234 102 234 227 235 102 235 225 235 228 236 86 236 84 236 228 237 226 237 86 237 229 238 104 238 227 238 229 239 106 239 104 239 230 240 82 240 80 240 230 241 84 241 82 241 230 242 228 242 84 242 231 243 106 243 229 243 231 244 109 244 106 244 232 245 80 245 79 245 232 246 230 246 80 246 233 247 109 247 231 247 233 248 111 248 109 248 234 249 232 249 79 249 235 250 112 250 111 250 235 251 111 251 233 251 236 252 77 252 74 252 236 253 79 253 77 253 236 254 234 254 79 254 237 255 112 255 235 255 237 256 115 256 112 256 238 257 236 257 74 257 238 258 74 258 72 258 239 259 115 259 237 259 239 260 116 260 115 260 240 261 238 261 72 261 241 262 119 262 116 262 241 263 116 263 239 263 242 264 70 264 68 264 242 265 72 265 70 265 242 266 240 266 72 266 243 267 120 267 119 267 243 268 119 268 241 268 244 269 68 269 66 269 244 270 242 270 68 270 245 271 120 271 243 271 245 272 123 272 120 272 246 273 66 273 64 273 246 274 244 274 66 274 247 275 124 275 123 275 247 276 123 276 245 276 248 277 246 277 64 277 249 278 124 278 247 278 249 279 127 279 124 279 249 280 128 280 127 280 250 281 62 281 60 281 250 282 64 282 62 282 250 283 248 283 64 283 251 284 131 284 128 284 251 285 128 285 249 285 252 286 250 286 60 286 253 287 131 287 251 287 253 288 132 288 131 288 254 289 58 289 56 289 254 290 60 290 58 290 254 291 252 291 60 291 255 292 132 292 253 292 255 293 134 293 132 293 256 294 56 294 55 294 256 295 254 295 56 295 257 296 137 296 134 296 257 297 134 297 255 297 258 298 256 298 55 298 258 299 55 299 52 299 259 300 137 300 257 300 259 301 139 301 137 301 260 302 258 302 52 302 261 303 139 303 259 303 261 304 140 304 139 304 262 305 52 305 50 305 262 306 260 306 52 306 263 307 140 307 261 307 263 308 142 308 140 308 264 309 262 309 50 309 264 310 48 310 46 310 264 311 50 311 48 311 265 312 142 312 263 312 265 313 145 313 142 313 266 314 264 314 46 314 267 315 145 315 265 315 267 316 146 316 145 316 268 317 46 317 44 317 268 318 266 318 46 318 269 319 146 319 267 319 269 320 149 320 146 320 270 321 268 321 44 321 270 322 44 322 42 322 271 323 149 323 269 323 271 324 150 324 149 324 272 325 42 325 41 325 272 326 270 326 42 326 273 327 150 327 271 327 273 328 153 328 150 328 274 329 41 329 38 329 274 330 272 330 41 330 275 331 153 331 273 331 275 332 154 332 153 332 276 333 38 333 37 333 276 334 274 334 38 334 277 335 154 335 275 335 277 336 157 336 154 336 278 337 37 337 34 337 278 338 276 338 37 338 279 339 157 339 277 339 280 340 34 340 32 340 280 341 278 341 34 341 158 342 157 342 279 342 281 343 158 343 279 343 30 344 282 344 280 344 30 345 283 345 282 345 30 346 280 346 32 346 161 347 281 347 284 347 161 348 158 348 281 348 28 349 283 349 30 349 162 350 161 350 284 350 162 351 284 351 285 351 27 352 283 352 28 352 27 353 286 353 283 353 164 354 285 354 287 354 164 355 162 355 285 355 24 356 288 356 286 356 24 357 286 357 27 357 167 358 287 358 289 358 167 359 164 359 287 359 23 360 288 360 24 360 23 361 290 361 288 361 168 362 289 362 291 362 168 363 167 363 289 363 20 364 290 364 23 364 20 365 292 365 290 365 171 366 291 366 293 366 171 367 168 367 291 367 19 368 292 368 20 368 19 369 294 369 292 369 172 370 293 370 295 370 172 371 171 371 293 371 16 372 294 372 19 372 16 373 296 373 294 373 175 374 295 374 297 374 175 375 172 375 295 375 15 376 298 376 296 376 15 377 296 377 16 377 176 378 297 378 299 378 176 379 175 379 297 379 12 380 298 380 15 380 12 381 300 381 298 381 178 382 299 382 301 382 178 383 176 383 299 383 11 384 302 384 300 384 11 385 300 385 12 385 181 386 301 386 303 386 181 387 178 387 301 387 182 388 303 388 304 388 182 389 181 389 303 389 185 390 304 390 305 390 185 391 182 391 304 391 187 392 305 392 306 392 187 393 185 393 305 393 213 394 6 394 4 394 213 395 9 395 6 395 213 396 11 396 9 396 213 397 302 397 11 397 213 398 307 398 302 398 213 399 308 399 307 399 213 400 309 400 308 400 213 401 310 401 309 401 213 402 311 402 310 402 213 403 312 403 311 403 213 404 313 404 312 404 213 405 314 405 313 405 213 406 315 406 314 406 213 407 316 407 315 407 213 408 317 408 316 408 213 409 318 409 317 409 213 410 319 410 318 410 213 411 320 411 319 411 213 412 321 412 320 412 1 413 213 413 4 413 188 414 306 414 322 414 188 415 187 415 306 415 0 416 213 416 1 416 191 417 322 417 323 417 191 418 188 418 322 418 192 419 323 419 324 419 192 420 191 420 323 420 194 421 324 421 325 421 194 422 192 422 324 422 197 423 194 423 325 423 197 424 325 424 326 424 199 425 197 425 326 425 199 426 326 426 327 426 201 427 199 427 327 427 201 428 327 428 328 428 203 429 201 429 328 429 203 430 328 430 329 430 204 431 203 431 329 431 214 432 207 432 204 432 214 433 330 433 331 433 214 434 332 434 330 434 214 435 333 435 332 435 214 436 334 436 333 436 214 437 335 437 334 437 214 438 336 438 335 438 214 439 337 439 336 439 214 440 338 440 337 440 214 441 339 441 338 441 214 442 340 442 339 442 214 443 341 443 340 443 214 444 342 444 341 444 214 445 329 445 342 445 214 446 204 446 329 446 208 447 207 447 214 447 210 448 208 448 214 448 217 449 321 449 213 449 217 450 214 450 331 450 217 451 343 451 321 451 217 452 331 452 343 452 249 453 247 453 344 453 344 454 247 454 345 454 345 455 247 455 346 455 247 456 245 456 346 456 346 457 243 457 347 457 245 458 243 458 346 458 347 459 241 459 348 459 243 460 241 460 347 460 348 461 239 461 349 461 241 462 239 462 348 462 349 463 237 463 350 463 350 464 237 464 351 464 239 465 237 465 349 465 237 466 235 466 351 466 351 467 233 467 352 467 235 468 233 468 351 468 352 469 231 469 353 469 353 470 231 470 354 470 233 471 231 471 352 471 354 472 229 472 355 472 231 473 229 473 354 473 229 474 227 474 355 474 227 475 225 475 355 475 355 476 225 476 356 476 225 477 223 477 356 477 356 478 223 478 357 478 357 479 223 479 358 479 223 480 221 480 358 480 358 481 219 481 359 481 221 482 219 482 358 482 359 483 218 483 360 483 360 484 218 484 361 484 219 485 218 485 359 485 218 486 220 486 361 486 361 487 222 487 362 487 220 488 222 488 361 488 362 489 224 489 363 489 222 490 224 490 362 490 363 491 226 491 364 491 224 492 226 492 363 492 364 493 228 493 365 493 226 494 228 494 364 494 365 495 230 495 366 495 228 496 230 496 365 496 366 497 232 497 367 497 230 498 232 498 366 498 367 499 234 499 368 499 368 500 234 500 369 500 232 501 234 501 367 501 234 502 236 502 369 502 369 503 238 503 370 503 236 504 238 504 369 504 370 505 240 505 371 505 238 506 240 506 370 506 371 507 242 507 372 507 240 508 242 508 371 508 372 509 244 509 373 509 242 510 244 510 372 510 373 511 246 511 374 511 244 512 246 512 373 512 374 513 248 513 375 513 246 514 248 514 374 514 375 515 250 515 376 515 248 516 250 516 375 516 376 517 252 517 377 517 250 518 252 518 376 518 377 519 254 519 378 519 252 520 254 520 377 520 378 521 256 521 379 521 254 522 256 522 378 522 379 523 258 523 380 523 256 524 258 524 379 524 380 525 260 525 381 525 381 526 260 526 382 526 258 527 260 527 380 527 260 528 262 528 382 528 262 529 264 529 382 529 382 530 264 530 383 530 264 531 266 531 383 531 383 532 266 532 384 532 384 533 266 533 385 533 266 534 268 534 385 534 268 535 270 535 385 535 385 536 270 536 386 536 270 537 272 537 386 537 386 538 272 538 387 538 387 539 272 539 388 539 272 540 274 540 388 540 274 541 276 541 388 541 388 542 276 542 389 542 276 543 278 543 389 543 389 544 278 544 390 544 278 545 280 545 390 545 390 546 280 546 391 546 391 547 282 547 392 547 280 548 282 548 391 548 392 549 282 549 393 549 282 550 283 550 393 550 283 551 286 551 393 551 393 552 286 552 394 552 394 553 288 553 395 553 395 554 288 554 396 554 286 555 288 555 394 555 396 556 290 556 397 556 288 557 290 557 396 557 397 558 292 558 398 558 290 559 292 559 397 559 292 560 294 560 398 560 398 561 296 561 399 561 399 562 296 562 400 562 294 563 296 563 398 563 296 564 298 564 400 564 400 565 300 565 401 565 298 566 300 566 400 566 401 567 302 567 402 567 300 568 302 568 401 568 402 569 307 569 403 569 403 570 307 570 404 570 302 571 307 571 402 571 404 572 308 572 405 572 307 573 308 573 404 573 405 574 309 574 406 574 308 575 309 575 405 575 309 576 310 576 406 576 310 577 311 577 406 577 406 578 311 578 407 578 311 579 312 579 407 579 407 580 312 580 408 580 312 581 313 581 408 581 408 582 313 582 409 582 313 583 314 583 409 583 409 584 314 584 410 584 410 585 314 585 411 585 314 586 315 586 411 586 411 587 315 587 412 587 315 588 316 588 412 588 316 589 317 589 412 589 412 590 317 590 413 590 317 591 318 591 413 591 413 592 318 592 414 592 414 593 318 593 415 593 318 594 319 594 415 594 319 595 320 595 415 595 415 596 320 596 416 596 320 597 321 597 416 597 416 598 321 598 417 598 417 599 321 599 418 599 321 600 343 600 418 600 418 601 343 601 419 601 343 602 331 602 419 602 331 603 330 603 419 603 419 604 330 604 420 604 420 605 330 605 421 605 330 606 332 606 421 606 332 607 333 607 421 607 421 608 333 608 422 608 333 609 334 609 422 609 422 610 334 610 423 610 423 611 334 611 424 611 334 612 335 612 424 612 335 613 336 613 424 613 424 614 336 614 425 614 425 615 336 615 426 615 336 616 337 616 426 616 426 617 338 617 427 617 337 618 338 618 426 618 427 619 339 619 428 619 338 620 339 620 427 620 428 621 340 621 429 621 339 622 340 622 428 622 429 623 341 623 430 623 430 624 341 624 431 624 340 625 341 625 429 625 341 626 342 626 431 626 342 627 329 627 431 627 431 628 329 628 432 628 329 629 328 629 432 629 432 630 328 630 433 630 328 631 327 631 433 631 433 632 327 632 434 632 327 633 326 633 434 633 434 634 326 634 435 634 326 635 325 635 435 635 435 636 325 636 436 636 436 637 325 637 437 637 325 638 324 638 437 638 324 639 323 639 437 639 437 640 323 640 438 640 323 641 322 641 438 641 438 642 322 642 439 642 322 643 306 643 439 643 439 644 306 644 440 644 306 645 305 645 440 645 440 646 305 646 441 646 305 647 304 647 441 647 441 648 304 648 442 648 304 649 303 649 442 649 442 650 303 650 443 650 443 651 301 651 444 651 303 652 301 652 443 652 444 653 299 653 445 653 301 654 299 654 444 654 445 655 297 655 446 655 446 656 297 656 447 656 299 657 297 657 445 657 297 658 295 658 447 658 447 659 293 659 448 659 295 660 293 660 447 660 448 661 291 661 449 661 293 662 291 662 448 662 449 663 289 663 450 663 450 664 289 664 451 664 291 665 289 665 449 665 289 666 287 666 451 666 451 667 285 667 452 667 287 668 285 668 451 668 452 669 284 669 453 669 285 670 284 670 452 670 453 671 281 671 454 671 454 672 281 672 455 672 284 673 281 673 453 673 281 674 279 674 455 674 279 675 277 675 455 675 455 676 277 676 456 676 277 677 275 677 456 677 456 678 275 678 457 678 457 679 275 679 458 679 275 680 273 680 458 680 273 681 271 681 458 681 458 682 271 682 459 682 459 683 271 683 460 683 271 684 269 684 460 684 460 685 267 685 461 685 461 686 267 686 462 686 269 687 267 687 460 687 462 688 265 688 463 688 267 689 265 689 462 689 265 690 263 690 463 690 463 691 261 691 464 691 464 692 261 692 465 692 263 693 261 693 463 693 261 694 259 694 465 694 465 695 257 695 466 695 466 696 257 696 467 696 259 697 257 697 465 697 257 698 255 698 467 698 467 699 253 699 468 699 468 700 253 700 469 700 255 701 253 701 467 701 253 702 251 702 469 702 469 703 249 703 344 703 251 704 249 704 469 704 398 705 470 705 397 705 397 706 470 706 471 706 471 707 472 707 397 707 398 708 473 708 470 708 472 709 474 709 397 709 397 710 474 710 396 710 398 711 475 711 473 711 399 712 475 712 398 712 474 713 476 713 396 713 399 714 477 714 475 714 476 715 478 715 396 715 399 716 479 716 477 716 478 717 480 717 396 717 396 718 480 718 395 718 399 719 481 719 479 719 400 720 481 720 399 720 480 721 482 721 395 721 400 722 483 722 481 722 395 723 484 723 394 723 482 724 484 724 395 724 400 725 485 725 483 725 484 726 486 726 394 726 400 727 487 727 485 727 401 728 487 728 400 728 486 729 488 729 394 729 401 730 489 730 487 730 394 731 490 731 393 731 488 732 490 732 394 732 401 733 491 733 489 733 490 734 492 734 393 734 401 735 493 735 491 735 402 736 493 736 401 736 393 737 494 737 392 737 492 738 494 738 393 738 402 739 495 739 493 739 494 740 496 740 392 740 402 741 497 741 495 741 392 742 498 742 391 742 496 743 498 743 392 743 403 744 499 744 402 744 402 745 499 745 497 745 498 746 500 746 391 746 403 747 501 747 499 747 391 748 502 748 390 748 500 749 502 749 391 749 403 750 503 750 501 750 502 751 504 751 390 751 403 752 505 752 503 752 404 753 505 753 403 753 390 754 506 754 389 754 504 755 506 755 390 755 404 756 507 756 505 756 506 757 508 757 389 757 405 758 509 758 404 758 404 759 509 759 507 759 389 760 510 760 388 760 508 761 510 761 389 761 405 762 511 762 509 762 510 763 512 763 388 763 405 764 513 764 511 764 405 765 514 765 513 765 406 766 514 766 405 766 382 767 515 767 381 767 381 768 515 768 516 768 516 769 517 769 381 769 382 770 518 770 515 770 381 771 519 771 380 771 517 772 519 772 381 772 382 773 520 773 518 773 383 774 520 774 382 774 406 775 521 775 514 775 519 776 522 776 380 776 383 777 523 777 520 777 380 778 524 778 379 778 522 779 524 779 380 779 383 780 525 780 523 780 524 781 526 781 379 781 383 782 527 782 525 782 384 783 527 783 383 783 526 784 528 784 379 784 384 785 529 785 527 785 406 786 530 786 521 786 528 787 531 787 379 787 379 788 531 788 378 788 385 789 532 789 384 789 384 790 532 790 529 790 531 791 533 791 378 791 385 792 534 792 532 792 407 793 535 793 406 793 406 794 535 794 530 794 533 795 536 795 378 795 386 796 537 796 385 796 385 797 537 797 534 797 378 798 538 798 377 798 536 799 538 799 378 799 386 800 539 800 537 800 407 801 540 801 535 801 538 802 541 802 377 802 386 803 542 803 539 803 387 804 542 804 386 804 541 805 543 805 377 805 387 806 544 806 542 806 407 807 545 807 540 807 408 808 545 808 407 808 377 809 546 809 376 809 543 810 546 810 377 810 388 811 547 811 387 811 387 812 547 812 544 812 546 813 548 813 376 813 408 814 549 814 545 814 512 815 550 815 388 815 388 816 550 816 547 816 548 817 551 817 376 817 552 818 553 818 512 818 512 819 553 819 550 819 408 820 554 820 549 820 551 821 555 821 376 821 376 822 555 822 375 822 552 823 556 823 553 823 557 824 556 824 552 824 555 825 558 825 375 825 409 826 559 826 408 826 408 827 559 827 554 827 557 828 560 828 556 828 561 829 560 829 557 829 558 830 562 830 375 830 375 831 562 831 374 831 409 832 563 832 559 832 561 833 564 833 560 833 565 834 564 834 561 834 562 835 566 835 374 835 565 836 567 836 564 836 568 837 567 837 565 837 409 838 569 838 563 838 410 839 569 839 409 839 566 840 570 840 374 840 568 841 571 841 567 841 572 842 571 842 568 842 410 843 573 843 569 843 374 844 574 844 373 844 570 845 574 845 374 845 572 846 575 846 571 846 576 847 575 847 572 847 410 848 577 848 573 848 411 849 577 849 410 849 574 850 578 850 373 850 576 851 579 851 575 851 580 852 579 852 576 852 411 853 581 853 577 853 578 854 582 854 373 854 583 855 584 855 580 855 580 856 584 856 579 856 411 857 585 857 581 857 412 858 585 858 411 858 373 859 586 859 372 859 582 860 586 860 373 860 583 861 587 861 584 861 588 862 587 862 583 862 586 863 589 863 372 863 412 864 590 864 585 864 591 865 592 865 588 865 588 866 592 866 587 866 413 867 593 867 412 867 412 868 593 868 590 868 589 869 594 869 372 869 595 870 596 870 591 870 591 871 596 871 592 871 413 872 597 872 593 872 372 873 598 873 371 873 594 874 598 874 372 874 599 875 600 875 595 875 595 876 600 876 596 876 598 877 601 877 371 877 602 878 603 878 599 878 599 879 603 879 600 879 371 880 604 880 370 880 601 881 604 881 371 881 605 882 606 882 602 882 602 883 606 883 603 883 604 884 607 884 370 884 605 885 608 885 606 885 609 886 608 886 605 886 607 887 610 887 370 887 611 888 612 888 609 888 609 889 612 889 608 889 370 890 613 890 369 890 610 891 613 891 370 891 611 892 614 892 612 892 615 893 614 893 611 893 613 894 616 894 369 894 617 895 618 895 615 895 615 896 618 896 614 896 369 897 619 897 368 897 616 898 619 898 369 898 617 899 620 899 618 899 621 900 620 900 617 900 619 901 622 901 368 901 623 902 624 902 621 902 621 903 624 903 620 903 622 904 625 904 368 904 626 905 627 905 623 905 623 906 627 906 624 906 625 907 628 907 368 907 628 908 367 908 368 908 629 909 630 909 626 909 626 910 630 910 627 910 628 911 631 911 367 911 629 912 632 912 630 912 633 913 632 913 629 913 631 914 634 914 367 914 635 915 636 915 633 915 633 916 636 916 632 916 635 917 637 917 636 917 638 918 637 918 635 918 639 919 640 919 638 919 638 920 640 920 637 920 641 921 642 921 639 921 639 922 642 922 640 922 634 923 366 923 367 923 643 924 366 924 644 924 644 925 366 925 634 925 645 926 646 926 641 926 641 927 646 927 642 927 647 928 648 928 645 928 645 929 648 929 646 929 649 930 650 930 647 930 647 931 650 931 648 931 651 932 652 932 649 932 649 933 652 933 650 933 653 934 365 934 654 934 654 935 365 935 643 935 643 936 365 936 366 936 655 937 364 937 656 937 656 938 364 938 653 938 653 939 364 939 365 939 655 940 363 940 364 940 657 941 363 941 655 941 658 942 659 942 660 942 661 943 662 943 658 943 658 944 662 944 659 944 660 945 663 945 664 945 659 946 663 946 660 946 665 947 666 947 661 947 661 948 666 948 662 948 664 949 667 949 668 949 663 950 667 950 664 950 669 951 670 951 665 951 665 952 670 952 666 952 668 953 671 953 672 953 667 954 671 954 668 954 597 955 673 955 669 955 669 956 673 956 670 956 671 957 674 957 672 957 672 958 674 958 675 958 413 959 676 959 597 959 414 960 676 960 413 960 597 961 676 961 673 961 675 962 677 962 678 962 674 963 677 963 675 963 414 964 679 964 676 964 677 965 680 965 678 965 678 966 680 966 681 966 415 967 682 967 414 967 414 968 682 968 679 968 681 969 683 969 684 969 680 970 683 970 681 970 415 971 685 971 682 971 684 972 686 972 687 972 683 973 686 973 684 973 416 974 688 974 415 974 415 975 688 975 685 975 686 976 689 976 687 976 687 977 689 977 690 977 416 978 691 978 688 978 690 979 692 979 693 979 689 980 692 980 690 980 416 981 694 981 691 981 417 982 694 982 416 982 693 983 695 983 696 983 692 984 695 984 693 984 417 985 697 985 694 985 695 986 698 986 696 986 696 987 698 987 699 987 417 988 700 988 697 988 418 989 700 989 417 989 699 990 701 990 702 990 698 991 701 991 699 991 418 992 703 992 700 992 702 993 704 993 705 993 701 994 704 994 702 994 418 995 706 995 703 995 419 996 706 996 418 996 705 997 707 997 708 997 704 998 707 998 705 998 419 999 709 999 706 999 708 1000 710 1000 711 1000 707 1001 710 1001 708 1001 419 1002 712 1002 709 1002 420 1003 712 1003 419 1003 711 1004 713 1004 714 1004 710 1005 713 1005 711 1005 420 1006 715 1006 712 1006 714 1007 716 1007 717 1007 713 1008 716 1008 714 1008 420 1009 718 1009 715 1009 717 1010 719 1010 720 1010 716 1011 719 1011 717 1011 420 1012 721 1012 718 1012 421 1013 721 1013 420 1013 720 1014 722 1014 723 1014 719 1015 722 1015 720 1015 421 1016 724 1016 721 1016 722 1017 725 1017 723 1017 723 1018 725 1018 726 1018 421 1019 727 1019 724 1019 726 1020 728 1020 729 1020 725 1021 728 1021 726 1021 421 1022 730 1022 727 1022 422 1023 730 1023 421 1023 729 1024 731 1024 732 1024 728 1025 731 1025 729 1025 422 1026 733 1026 730 1026 731 1027 734 1027 732 1027 732 1028 734 1028 735 1028 422 1029 736 1029 733 1029 423 1030 736 1030 422 1030 734 1031 737 1031 735 1031 735 1032 737 1032 738 1032 423 1033 739 1033 736 1033 738 1034 740 1034 741 1034 737 1035 740 1035 738 1035 423 1036 742 1036 739 1036 741 1037 743 1037 744 1037 740 1038 743 1038 741 1038 423 1039 745 1039 742 1039 744 1040 746 1040 651 1040 743 1041 746 1041 744 1041 423 1042 424 1042 745 1042 424 1043 747 1043 745 1043 424 1044 748 1044 747 1044 424 1045 749 1045 748 1045 750 1046 751 1046 752 1046 753 1047 754 1047 750 1047 750 1048 754 1048 751 1048 751 1049 755 1049 752 1049 752 1050 755 1050 756 1050 753 1051 757 1051 754 1051 758 1052 757 1052 753 1052 755 1053 759 1053 756 1053 756 1054 759 1054 760 1054 758 1055 761 1055 757 1055 762 1056 761 1056 758 1056 759 1057 763 1057 760 1057 760 1058 763 1058 764 1058 762 1059 765 1059 761 1059 766 1060 765 1060 762 1060 763 1061 767 1061 764 1061 764 1062 767 1062 768 1062 766 1063 769 1063 765 1063 770 1064 769 1064 766 1064 767 1065 771 1065 768 1065 768 1066 771 1066 772 1066 770 1067 773 1067 769 1067 774 1068 773 1068 770 1068 771 1069 775 1069 772 1069 772 1070 775 1070 776 1070 774 1071 777 1071 773 1071 778 1072 777 1072 774 1072 775 1073 779 1073 776 1073 776 1074 779 1074 780 1074 778 1075 781 1075 777 1075 782 1076 781 1076 778 1076 779 1077 783 1077 780 1077 780 1078 783 1078 784 1078 782 1079 785 1079 781 1079 786 1080 785 1080 782 1080 783 1081 787 1081 784 1081 784 1082 787 1082 788 1082 786 1083 789 1083 785 1083 790 1084 789 1084 786 1084 657 1085 791 1085 363 1085 788 1086 791 1086 657 1086 787 1087 791 1087 788 1087 749 1088 425 1088 792 1088 792 1089 425 1089 793 1089 793 1090 425 1090 794 1090 424 1091 425 1091 749 1091 795 1092 796 1092 790 1092 790 1093 796 1093 789 1093 791 1094 797 1094 363 1094 363 1095 797 1095 362 1095 798 1096 799 1096 795 1096 795 1097 799 1097 796 1097 797 1098 800 1098 362 1098 801 1099 802 1099 798 1099 798 1100 802 1100 799 1100 362 1101 803 1101 361 1101 800 1102 803 1102 362 1102 804 1103 805 1103 801 1103 801 1104 805 1104 802 1104 803 1105 806 1105 361 1105 807 1106 808 1106 804 1106 804 1107 808 1107 805 1107 361 1108 809 1108 360 1108 806 1109 809 1109 361 1109 807 1110 810 1110 808 1110 811 1111 810 1111 807 1111 809 1112 812 1112 360 1112 813 1113 814 1113 811 1113 811 1114 814 1114 810 1114 812 1115 815 1115 360 1115 360 1116 815 1116 359 1116 816 1117 817 1117 813 1117 813 1118 817 1118 814 1118 815 1119 818 1119 359 1119 819 1120 820 1120 816 1120 816 1121 820 1121 817 1121 818 1122 821 1122 359 1122 359 1123 821 1123 358 1123 425 1124 426 1124 794 1124 794 1125 426 1125 822 1125 822 1126 426 1126 823 1126 823 1127 426 1127 824 1127 819 1128 825 1128 820 1128 826 1129 825 1129 819 1129 821 1130 827 1130 358 1130 826 1131 828 1131 825 1131 829 1132 828 1132 826 1132 358 1133 830 1133 357 1133 827 1134 830 1134 358 1134 651 1135 831 1135 652 1135 829 1136 831 1136 828 1136 652 1137 831 1137 829 1137 830 1138 832 1138 357 1138 832 1139 833 1139 357 1139 357 1140 834 1140 356 1140 833 1141 834 1141 357 1141 834 1142 835 1142 356 1142 426 1143 427 1143 824 1143 824 1144 427 1144 836 1144 836 1145 427 1145 837 1145 837 1146 427 1146 838 1146 835 1147 839 1147 356 1147 839 1148 355 1148 356 1148 840 1149 355 1149 841 1149 841 1150 355 1150 839 1150 840 1151 842 1151 355 1151 427 1152 428 1152 838 1152 838 1153 428 1153 843 1153 843 1154 428 1154 844 1154 845 1155 354 1155 846 1155 842 1156 354 1156 355 1156 846 1157 354 1157 847 1157 847 1158 354 1158 842 1158 428 1159 429 1159 844 1159 844 1160 429 1160 848 1160 848 1161 429 1161 849 1161 849 1162 429 1162 850 1162 845 1163 353 1163 354 1163 851 1164 353 1164 852 1164 852 1165 353 1165 845 1165 429 1166 430 1166 850 1166 850 1167 430 1167 853 1167 853 1168 430 1168 854 1168 854 1169 430 1169 855 1169 851 1170 352 1170 353 1170 856 1171 352 1171 857 1171 857 1172 352 1172 858 1172 858 1173 352 1173 851 1173 859 1174 860 1174 861 1174 861 1175 860 1175 862 1175 862 1176 860 1176 863 1176 862 1177 864 1177 865 1177 863 1178 864 1178 862 1178 859 1179 866 1179 860 1179 865 1180 867 1180 868 1180 864 1181 867 1181 865 1181 869 1182 870 1182 859 1182 859 1183 870 1183 866 1183 868 1184 871 1184 746 1184 867 1185 871 1185 868 1185 831 1186 871 1186 872 1186 651 1187 871 1187 831 1187 746 1188 871 1188 651 1188 873 1189 874 1189 869 1189 869 1190 874 1190 870 1190 872 1191 875 1191 876 1191 871 1192 875 1192 872 1192 877 1193 878 1193 879 1193 879 1194 878 1194 873 1194 873 1195 878 1195 874 1195 876 1196 880 1196 881 1196 875 1197 880 1197 876 1197 430 1198 431 1198 855 1198 855 1199 431 1199 882 1199 882 1200 431 1200 883 1200 877 1201 884 1201 878 1201 881 1202 885 1202 886 1202 880 1203 885 1203 881 1203 887 1204 888 1204 877 1204 877 1205 888 1205 884 1205 885 1206 889 1206 886 1206 886 1207 889 1207 890 1207 891 1208 892 1208 887 1208 887 1209 892 1209 888 1209 890 1210 893 1210 894 1210 889 1211 893 1211 890 1211 895 1212 896 1212 897 1212 897 1213 896 1213 891 1213 891 1214 896 1214 892 1214 894 1215 898 1215 899 1215 893 1216 898 1216 894 1216 900 1217 901 1217 895 1217 895 1218 901 1218 896 1218 898 1219 902 1219 899 1219 899 1220 902 1220 903 1220 900 1221 904 1221 901 1221 902 1222 905 1222 903 1222 903 1223 905 1223 906 1223 907 1224 908 1224 900 1224 900 1225 908 1225 904 1225 856 1226 351 1226 352 1226 909 1227 351 1227 910 1227 910 1228 351 1228 911 1228 911 1229 351 1229 856 1229 905 1230 912 1230 906 1230 906 1231 912 1231 913 1231 914 1232 915 1232 916 1232 916 1233 915 1233 907 1233 907 1234 915 1234 908 1234 912 1235 917 1235 913 1235 913 1236 917 1236 918 1236 919 1237 920 1237 914 1237 914 1238 920 1238 915 1238 917 1239 921 1239 918 1239 918 1240 921 1240 922 1240 919 1241 923 1241 920 1241 921 1242 924 1242 922 1242 922 1243 924 1243 925 1243 926 1244 927 1244 919 1244 919 1245 927 1245 923 1245 431 1246 432 1246 883 1246 883 1247 432 1247 928 1247 928 1248 432 1248 929 1248 929 1249 432 1249 930 1249 925 1250 931 1250 932 1250 924 1251 931 1251 925 1251 933 1252 934 1252 935 1252 935 1253 934 1253 926 1253 926 1254 934 1254 927 1254 932 1255 936 1255 937 1255 931 1256 936 1256 932 1256 933 1257 938 1257 934 1257 937 1258 939 1258 940 1258 936 1259 939 1259 937 1259 941 1260 942 1260 943 1260 943 1261 942 1261 933 1261 933 1262 942 1262 938 1262 940 1263 944 1263 945 1263 939 1264 944 1264 940 1264 946 1265 350 1265 947 1265 947 1266 350 1266 948 1266 948 1267 350 1267 909 1267 909 1268 350 1268 351 1268 949 1269 950 1269 941 1269 941 1270 950 1270 942 1270 945 1271 951 1271 952 1271 944 1272 951 1272 945 1272 953 1273 954 1273 949 1273 949 1274 954 1274 950 1274 952 1275 955 1275 956 1275 951 1276 955 1276 952 1276 953 1277 957 1277 954 1277 956 1278 958 1278 959 1278 955 1279 958 1279 956 1279 960 1280 433 1280 961 1280 432 1281 433 1281 930 1281 930 1282 433 1282 960 1282 962 1283 963 1283 964 1283 964 1284 963 1284 953 1284 953 1285 963 1285 957 1285 958 1286 965 1286 959 1286 959 1287 965 1287 966 1287 967 1288 968 1288 962 1288 962 1289 968 1289 963 1289 965 1290 969 1290 966 1290 966 1291 969 1291 970 1291 967 1292 971 1292 968 1292 972 1293 349 1293 973 1293 973 1294 349 1294 974 1294 974 1295 349 1295 946 1295 946 1296 349 1296 350 1296 970 1297 975 1297 976 1297 969 1298 975 1298 970 1298 977 1299 978 1299 967 1299 967 1300 978 1300 971 1300 975 1301 979 1301 976 1301 976 1302 979 1302 980 1302 977 1303 981 1303 978 1303 982 1304 981 1304 983 1304 983 1305 981 1305 977 1305 979 1306 984 1306 980 1306 980 1307 984 1307 985 1307 961 1308 434 1308 986 1308 986 1309 434 1309 987 1309 987 1310 434 1310 988 1310 433 1311 434 1311 961 1311 982 1312 989 1312 981 1312 984 1313 990 1313 985 1313 985 1314 990 1314 991 1314 992 1315 993 1315 994 1315 994 1316 993 1316 982 1316 982 1317 993 1317 989 1317 991 1318 995 1318 996 1318 990 1319 995 1319 991 1319 992 1320 997 1320 993 1320 998 1321 348 1321 972 1321 972 1322 348 1322 349 1322 999 1323 348 1323 1000 1323 1000 1324 348 1324 998 1324 995 1325 1001 1325 996 1325 996 1326 1001 1326 1002 1326 1001 1327 1003 1327 1002 1327 1002 1328 1003 1328 1004 1328 1003 1329 1005 1329 1004 1329 1004 1330 1005 1330 1006 1330 988 1331 435 1331 1007 1331 1007 1332 435 1332 1008 1332 434 1333 435 1333 988 1333 1005 1334 1009 1334 1006 1334 1006 1335 1009 1335 1010 1335 1009 1336 1011 1336 1010 1336 1010 1337 1011 1337 1012 1337 999 1338 347 1338 348 1338 1013 1339 347 1339 1014 1339 1014 1340 347 1340 999 1340 1011 1341 1015 1341 1012 1341 1012 1342 1015 1342 1016 1342 1015 1343 1017 1343 1016 1343 1008 1344 436 1344 1018 1344 1018 1345 436 1345 1019 1345 435 1346 436 1346 1008 1346 1013 1347 346 1347 347 1347 1020 1348 346 1348 1021 1348 1021 1349 346 1349 1022 1349 1022 1350 346 1350 1013 1350 1019 1351 437 1351 1023 1351 436 1352 437 1352 1019 1352 1020 1353 345 1353 346 1353 1024 1354 345 1354 1025 1354 1025 1355 345 1355 1026 1355 1026 1356 345 1356 1020 1356 1023 1357 438 1357 1027 1357 1027 1358 438 1358 992 1358 992 1359 438 1359 997 1359 437 1360 438 1360 1023 1360 1024 1361 344 1361 345 1361 1028 1362 344 1362 1029 1362 1029 1363 344 1363 1024 1363 997 1364 439 1364 1030 1364 1030 1365 439 1365 1031 1365 438 1366 439 1366 997 1366 1028 1367 469 1367 344 1367 1032 1368 469 1368 1033 1368 1033 1369 469 1369 1034 1369 1034 1370 469 1370 1028 1370 1031 1371 440 1371 1035 1371 439 1372 440 1372 1031 1372 1032 1373 468 1373 469 1373 1036 1374 468 1374 1037 1374 1037 1375 468 1375 1032 1375 1035 1376 441 1376 1038 1376 1038 1377 441 1377 1039 1377 440 1378 441 1378 1035 1378 1040 1379 467 1379 1041 1379 1041 1380 467 1380 1036 1380 1036 1381 467 1381 468 1381 1039 1382 442 1382 1042 1382 1042 1383 442 1383 1043 1383 441 1384 442 1384 1039 1384 1040 1385 466 1385 467 1385 1044 1386 466 1386 1045 1386 1045 1387 466 1387 1040 1387 1043 1388 443 1388 1046 1388 1046 1389 443 1389 1047 1389 1047 1390 443 1390 1048 1390 442 1391 443 1391 1043 1391 1044 1392 465 1392 466 1392 1049 1393 465 1393 1050 1393 1050 1394 465 1394 1044 1394 1048 1395 444 1395 1051 1395 1051 1396 444 1396 1052 1396 443 1397 444 1397 1048 1397 1049 1398 464 1398 465 1398 1017 1399 464 1399 1016 1399 1016 1400 464 1400 1049 1400 1052 1401 445 1401 1053 1401 1053 1402 445 1402 1054 1402 1054 1403 445 1403 1055 1403 444 1404 445 1404 1052 1404 1056 1405 463 1405 1057 1405 1057 1406 463 1406 1017 1406 1017 1407 463 1407 464 1407 1055 1408 446 1408 1058 1408 1058 1409 446 1409 1059 1409 445 1410 446 1410 1055 1410 1060 1411 462 1411 1061 1411 1061 1412 462 1412 1056 1412 1056 1413 462 1413 463 1413 446 1414 447 1414 1059 1414 1059 1415 447 1415 1062 1415 1062 1416 447 1416 1063 1416 1063 1417 447 1417 1064 1417 1065 1418 461 1418 1066 1418 1066 1419 461 1419 1060 1419 1060 1420 461 1420 462 1420 1064 1421 448 1421 1067 1421 1067 1422 448 1422 1068 1422 1068 1423 448 1423 1069 1423 447 1424 448 1424 1064 1424 1070 1425 460 1425 1071 1425 1071 1426 460 1426 1065 1426 1065 1427 460 1427 461 1427 1069 1428 449 1428 1072 1428 1072 1429 449 1429 1073 1429 448 1430 449 1430 1069 1430 1074 1431 459 1431 1075 1431 1075 1432 459 1432 1070 1432 1070 1433 459 1433 460 1433 449 1434 450 1434 1073 1434 1073 1435 450 1435 1076 1435 1076 1436 450 1436 1077 1436 1077 1437 450 1437 1078 1437 1079 1438 458 1438 1074 1438 1074 1439 458 1439 459 1439 1080 1440 458 1440 1079 1440 1078 1441 451 1441 1081 1441 1081 1442 451 1442 1082 1442 1082 1443 451 1443 1083 1443 450 1444 451 1444 1078 1444 1080 1445 457 1445 458 1445 1084 1446 457 1446 1085 1446 1085 1447 457 1447 1086 1447 1086 1448 457 1448 1080 1448 451 1449 452 1449 1083 1449 1083 1450 452 1450 1087 1450 1087 1451 452 1451 1088 1451 1088 1452 452 1452 1089 1452 1084 1453 456 1453 457 1453 1090 1454 456 1454 1091 1454 1091 1455 456 1455 1092 1455 1092 1456 456 1456 1084 1456 452 1457 453 1457 1089 1457 1089 1458 453 1458 1093 1458 1093 1459 453 1459 1094 1459 1094 1460 453 1460 1095 1460 1096 1461 455 1461 1097 1461 1097 1462 455 1462 1090 1462 1090 1463 455 1463 456 1463 1096 1464 454 1464 455 1464 1095 1465 454 1465 1098 1465 1098 1466 454 1466 1099 1466 1099 1467 454 1467 1096 1467 453 1468 454 1468 1095 1468 638 1469 635 1469 1100 1469 1100 1470 635 1470 1101 1470 1101 1471 633 1471 1102 1471 1102 1472 633 1472 1103 1472 635 1473 633 1473 1101 1473 633 1474 629 1474 1103 1474 1103 1475 626 1475 1104 1475 1104 1476 626 1476 1105 1476 629 1477 626 1477 1103 1477 1105 1478 623 1478 1106 1478 626 1479 623 1479 1105 1479 623 1480 621 1480 1106 1480 1106 1481 617 1481 1107 1481 621 1482 617 1482 1106 1482 1107 1483 615 1483 1108 1483 1108 1484 615 1484 1109 1484 617 1485 615 1485 1107 1485 615 1486 611 1486 1109 1486 1109 1487 609 1487 1110 1487 611 1488 609 1488 1109 1488 609 1489 605 1489 1110 1489 1110 1490 605 1490 1111 1490 605 1491 602 1491 1111 1491 1111 1492 602 1492 1112 1492 602 1493 599 1493 1112 1493 1112 1494 599 1494 1113 1494 599 1495 595 1495 1113 1495 1113 1496 595 1496 1114 1496 595 1497 591 1497 1114 1497 1114 1498 591 1498 1115 1498 591 1499 588 1499 1115 1499 1115 1500 588 1500 1116 1500 588 1501 583 1501 1116 1501 1116 1502 583 1502 1117 1502 583 1503 580 1503 1117 1503 1117 1504 580 1504 1118 1504 580 1505 576 1505 1118 1505 1118 1506 576 1506 1119 1506 576 1507 572 1507 1119 1507 1119 1508 572 1508 1120 1508 1120 1509 572 1509 1121 1509 572 1510 568 1510 1121 1510 568 1511 565 1511 1121 1511 1121 1512 565 1512 1122 1512 1122 1513 565 1513 1123 1513 565 1514 561 1514 1123 1514 1123 1515 557 1515 1124 1515 1124 1516 557 1516 1125 1516 561 1517 557 1517 1123 1517 557 1518 552 1518 1125 1518 1125 1519 512 1519 1126 1519 552 1520 512 1520 1125 1520 1126 1521 510 1521 1127 1521 1127 1522 510 1522 1128 1522 512 1523 510 1523 1126 1523 1128 1524 508 1524 1129 1524 510 1525 508 1525 1128 1525 508 1526 506 1526 1129 1526 1129 1527 504 1527 1130 1527 1130 1528 504 1528 1131 1528 506 1529 504 1529 1129 1529 504 1530 502 1530 1131 1530 1131 1531 500 1531 1132 1531 1132 1532 500 1532 1133 1532 502 1533 500 1533 1131 1533 500 1534 498 1534 1133 1534 1133 1535 496 1535 1134 1535 1134 1536 496 1536 1135 1536 498 1537 496 1537 1133 1537 496 1538 494 1538 1135 1538 494 1539 492 1539 1135 1539 1135 1540 492 1540 1136 1540 492 1541 490 1541 1136 1541 1136 1542 490 1542 1137 1542 490 1543 488 1543 1137 1543 1137 1544 488 1544 1138 1544 488 1545 486 1545 1138 1545 1138 1546 486 1546 1139 1546 486 1547 484 1547 1139 1547 1139 1548 484 1548 1140 1548 1140 1549 484 1549 1141 1549 484 1550 482 1550 1141 1550 482 1551 480 1551 1141 1551 1141 1552 480 1552 1142 1552 480 1553 478 1553 1142 1553 1142 1554 478 1554 1143 1554 478 1555 476 1555 1143 1555 1143 1556 476 1556 1144 1556 476 1557 474 1557 1144 1557 1144 1558 474 1558 1145 1558 474 1559 472 1559 1145 1559 1145 1560 472 1560 1146 1560 472 1561 471 1561 1146 1561 1146 1562 471 1562 1147 1562 471 1563 470 1563 1147 1563 1147 1564 470 1564 1148 1564 470 1565 473 1565 1148 1565 1148 1566 473 1566 1149 1566 473 1567 475 1567 1149 1567 1149 1568 475 1568 1150 1568 475 1569 477 1569 1150 1569 1150 1570 477 1570 1151 1570 477 1571 479 1571 1151 1571 1151 1572 479 1572 1152 1572 479 1573 481 1573 1152 1573 1152 1574 481 1574 1153 1574 481 1575 483 1575 1153 1575 1153 1576 483 1576 1154 1576 483 1577 485 1577 1154 1577 1154 1578 485 1578 1155 1578 485 1579 487 1579 1155 1579 1155 1580 487 1580 1156 1580 487 1581 489 1581 1156 1581 1156 1582 489 1582 1157 1582 1157 1583 491 1583 1158 1583 489 1584 491 1584 1157 1584 1158 1585 493 1585 1159 1585 491 1586 493 1586 1158 1586 1159 1587 495 1587 1160 1587 493 1588 495 1588 1159 1588 1160 1589 497 1589 1161 1589 495 1590 497 1590 1160 1590 497 1591 499 1591 1161 1591 1161 1592 499 1592 1162 1592 499 1593 501 1593 1162 1593 1162 1594 501 1594 1163 1594 501 1595 503 1595 1163 1595 1163 1596 503 1596 1164 1596 503 1597 505 1597 1164 1597 1164 1598 505 1598 1165 1598 505 1599 507 1599 1165 1599 1165 1600 507 1600 1166 1600 507 1601 509 1601 1166 1601 1166 1602 509 1602 1167 1602 509 1603 511 1603 1167 1603 1167 1604 511 1604 1168 1604 511 1605 513 1605 1168 1605 1168 1606 513 1606 1169 1606 513 1607 514 1607 1169 1607 1169 1608 514 1608 1170 1608 514 1609 521 1609 1170 1609 1170 1610 521 1610 1171 1610 521 1611 530 1611 1171 1611 1171 1612 530 1612 1172 1612 530 1613 535 1613 1172 1613 1172 1614 535 1614 1173 1614 535 1615 540 1615 1173 1615 1173 1616 540 1616 1174 1616 1174 1617 545 1617 1175 1617 540 1618 545 1618 1174 1618 1175 1619 549 1619 1176 1619 545 1620 549 1620 1175 1620 1176 1621 554 1621 1177 1621 549 1622 554 1622 1176 1622 1177 1623 559 1623 1178 1623 554 1624 559 1624 1177 1624 1178 1625 563 1625 1179 1625 559 1626 563 1626 1178 1626 1179 1627 569 1627 1180 1627 563 1628 569 1628 1179 1628 1180 1629 573 1629 1181 1629 569 1630 573 1630 1180 1630 1181 1631 577 1631 1182 1631 573 1632 577 1632 1181 1632 1182 1633 581 1633 1183 1633 577 1634 581 1634 1182 1634 1183 1635 585 1635 1184 1635 581 1636 585 1636 1183 1636 1184 1637 590 1637 1185 1637 585 1638 590 1638 1184 1638 1185 1639 593 1639 1186 1639 590 1640 593 1640 1185 1640 1186 1641 597 1641 1187 1641 593 1642 597 1642 1186 1642 597 1643 669 1643 1187 1643 1187 1644 669 1644 1188 1644 669 1645 665 1645 1188 1645 1188 1646 665 1646 1189 1646 665 1647 661 1647 1189 1647 1189 1648 661 1648 1190 1648 661 1649 658 1649 1190 1649 1190 1650 658 1650 1191 1650 1191 1651 660 1651 1192 1651 658 1652 660 1652 1191 1652 1192 1653 664 1653 1193 1653 1193 1654 664 1654 1194 1654 660 1655 664 1655 1192 1655 664 1656 668 1656 1194 1656 1194 1657 672 1657 1195 1657 668 1658 672 1658 1194 1658 1195 1659 675 1659 1196 1659 672 1660 675 1660 1195 1660 1196 1661 678 1661 1197 1661 675 1662 678 1662 1196 1662 1197 1663 681 1663 1198 1663 678 1664 681 1664 1197 1664 1198 1665 684 1665 1199 1665 1199 1666 684 1666 1200 1666 681 1667 684 1667 1198 1667 684 1668 687 1668 1200 1668 1200 1669 690 1669 1201 1669 687 1670 690 1670 1200 1670 1201 1671 693 1671 1202 1671 690 1672 693 1672 1201 1672 1202 1673 696 1673 1203 1673 1203 1674 696 1674 1204 1674 693 1675 696 1675 1202 1675 696 1676 699 1676 1204 1676 1204 1677 702 1677 1205 1677 699 1678 702 1678 1204 1678 1205 1679 705 1679 1206 1679 702 1680 705 1680 1205 1680 1206 1681 708 1681 1207 1681 1207 1682 708 1682 1208 1682 705 1683 708 1683 1206 1683 708 1684 711 1684 1208 1684 1208 1685 714 1685 1209 1685 1209 1686 714 1686 1210 1686 711 1687 714 1687 1208 1687 714 1688 717 1688 1210 1688 1210 1689 720 1689 1211 1689 717 1690 720 1690 1210 1690 720 1691 723 1691 1211 1691 1211 1692 723 1692 1212 1692 723 1693 726 1693 1212 1693 1212 1694 726 1694 1213 1694 726 1695 729 1695 1213 1695 1213 1696 729 1696 1214 1696 729 1697 732 1697 1214 1697 1214 1698 732 1698 1215 1698 732 1699 735 1699 1215 1699 1215 1700 735 1700 1216 1700 735 1701 738 1701 1216 1701 1216 1702 738 1702 1217 1702 738 1703 741 1703 1217 1703 1217 1704 741 1704 1218 1704 741 1705 744 1705 1218 1705 1218 1706 744 1706 1219 1706 744 1707 651 1707 1219 1707 1219 1708 651 1708 1220 1708 651 1709 649 1709 1220 1709 1220 1710 649 1710 1221 1710 649 1711 647 1711 1221 1711 1221 1712 647 1712 1222 1712 647 1713 645 1713 1222 1713 1222 1714 645 1714 1223 1714 1223 1715 641 1715 1224 1715 645 1716 641 1716 1223 1716 641 1717 639 1717 1224 1717 1224 1718 639 1718 1225 1718 1225 1719 638 1719 1100 1719 639 1720 638 1720 1225 1720 788 1721 657 1721 1226 1721 1226 1722 657 1722 1227 1722 1227 1723 655 1723 1228 1723 1228 1724 655 1724 1229 1724 657 1725 655 1725 1227 1725 655 1726 656 1726 1229 1726 1229 1727 653 1727 1230 1727 1230 1728 653 1728 1231 1728 656 1729 653 1729 1229 1729 1231 1730 654 1730 1232 1730 653 1731 654 1731 1231 1731 654 1732 643 1732 1232 1732 1232 1733 644 1733 1233 1733 643 1734 644 1734 1232 1734 1233 1735 634 1735 1234 1735 1234 1736 634 1736 1235 1736 644 1737 634 1737 1233 1737 634 1738 631 1738 1235 1738 1235 1739 628 1739 1236 1739 631 1740 628 1740 1235 1740 628 1741 625 1741 1236 1741 1236 1742 625 1742 1237 1742 625 1743 622 1743 1237 1743 1237 1744 622 1744 1238 1744 622 1745 619 1745 1238 1745 1238 1746 619 1746 1239 1746 619 1747 616 1747 1239 1747 1239 1748 616 1748 1240 1748 616 1749 613 1749 1240 1749 1240 1750 613 1750 1241 1750 613 1751 610 1751 1241 1751 1241 1752 610 1752 1242 1752 610 1753 607 1753 1242 1753 1242 1754 607 1754 1243 1754 607 1755 604 1755 1243 1755 1243 1756 604 1756 1244 1756 604 1757 601 1757 1244 1757 1244 1758 601 1758 1245 1758 601 1759 598 1759 1245 1759 1245 1760 598 1760 1246 1760 1246 1761 598 1761 1247 1761 598 1762 594 1762 1247 1762 594 1763 589 1763 1247 1763 1247 1764 589 1764 1248 1764 1248 1765 589 1765 1249 1765 589 1766 586 1766 1249 1766 1249 1767 582 1767 1250 1767 1250 1768 582 1768 1251 1768 586 1769 582 1769 1249 1769 582 1770 578 1770 1251 1770 1251 1771 574 1771 1252 1771 578 1772 574 1772 1251 1772 1252 1773 570 1773 1253 1773 1253 1774 570 1774 1254 1774 574 1775 570 1775 1252 1775 1254 1776 566 1776 1255 1776 570 1777 566 1777 1254 1777 566 1778 562 1778 1255 1778 1255 1779 558 1779 1256 1779 1256 1780 558 1780 1257 1780 562 1781 558 1781 1255 1781 558 1782 555 1782 1257 1782 1257 1783 551 1783 1258 1783 1258 1784 551 1784 1259 1784 555 1785 551 1785 1257 1785 551 1786 548 1786 1259 1786 1259 1787 546 1787 1260 1787 1260 1788 546 1788 1261 1788 548 1789 546 1789 1259 1789 546 1790 543 1790 1261 1790 543 1791 541 1791 1261 1791 1261 1792 541 1792 1262 1792 541 1793 538 1793 1262 1793 1262 1794 538 1794 1263 1794 538 1795 536 1795 1263 1795 1263 1796 536 1796 1264 1796 536 1797 533 1797 1264 1797 1264 1798 533 1798 1265 1798 533 1799 531 1799 1265 1799 1265 1800 531 1800 1266 1800 1266 1801 531 1801 1267 1801 531 1802 528 1802 1267 1802 528 1803 526 1803 1267 1803 1267 1804 526 1804 1268 1804 526 1805 524 1805 1268 1805 1268 1806 524 1806 1269 1806 524 1807 522 1807 1269 1807 1269 1808 522 1808 1270 1808 522 1809 519 1809 1270 1809 1270 1810 519 1810 1271 1810 519 1811 517 1811 1271 1811 1271 1812 517 1812 1272 1812 517 1813 516 1813 1272 1813 1272 1814 516 1814 1273 1814 516 1815 515 1815 1273 1815 1273 1816 515 1816 1274 1816 515 1817 518 1817 1274 1817 1274 1818 518 1818 1275 1818 518 1819 520 1819 1275 1819 1275 1820 520 1820 1276 1820 520 1821 523 1821 1276 1821 1276 1822 523 1822 1277 1822 523 1823 525 1823 1277 1823 1277 1824 525 1824 1278 1824 525 1825 527 1825 1278 1825 1278 1826 527 1826 1279 1826 527 1827 529 1827 1279 1827 1279 1828 529 1828 1280 1828 529 1829 532 1829 1280 1829 1280 1830 532 1830 1281 1830 532 1831 534 1831 1281 1831 1281 1832 534 1832 1282 1832 534 1833 537 1833 1282 1833 1282 1834 537 1834 1283 1834 1283 1835 539 1835 1284 1835 537 1836 539 1836 1283 1836 1284 1837 542 1837 1285 1837 539 1838 542 1838 1284 1838 1285 1839 544 1839 1286 1839 542 1840 544 1840 1285 1840 1286 1841 547 1841 1287 1841 544 1842 547 1842 1286 1842 547 1843 550 1843 1287 1843 1287 1844 550 1844 1288 1844 550 1845 553 1845 1288 1845 1288 1846 553 1846 1289 1846 553 1847 556 1847 1289 1847 1289 1848 556 1848 1290 1848 556 1849 560 1849 1290 1849 1290 1850 560 1850 1291 1850 560 1851 564 1851 1291 1851 1291 1852 564 1852 1292 1852 564 1853 567 1853 1292 1853 1292 1854 567 1854 1293 1854 567 1855 571 1855 1293 1855 1293 1856 571 1856 1294 1856 571 1857 575 1857 1294 1857 1294 1858 575 1858 1295 1858 575 1859 579 1859 1295 1859 1295 1860 579 1860 1296 1860 579 1861 584 1861 1296 1861 1296 1862 584 1862 1297 1862 584 1863 587 1863 1297 1863 1297 1864 587 1864 1298 1864 587 1865 592 1865 1298 1865 1298 1866 592 1866 1299 1866 592 1867 596 1867 1299 1867 1299 1868 596 1868 1300 1868 1300 1869 600 1869 1301 1869 596 1870 600 1870 1300 1870 1301 1871 603 1871 1302 1871 600 1872 603 1872 1301 1872 1302 1873 606 1873 1303 1873 603 1874 606 1874 1302 1874 1303 1875 608 1875 1304 1875 606 1876 608 1876 1303 1876 1304 1877 612 1877 1305 1877 608 1878 612 1878 1304 1878 1305 1879 614 1879 1306 1879 612 1880 614 1880 1305 1880 1306 1881 618 1881 1307 1881 614 1882 618 1882 1306 1882 1307 1883 620 1883 1308 1883 618 1884 620 1884 1307 1884 1308 1885 624 1885 1309 1885 620 1886 624 1886 1308 1886 1309 1887 627 1887 1310 1887 624 1888 627 1888 1309 1888 1310 1889 630 1889 1311 1889 627 1890 630 1890 1310 1890 1311 1891 632 1891 1312 1891 630 1892 632 1892 1311 1892 1312 1893 636 1893 1313 1893 632 1894 636 1894 1312 1894 636 1895 637 1895 1313 1895 1313 1896 637 1896 1314 1896 637 1897 640 1897 1314 1897 1314 1898 640 1898 1315 1898 640 1899 642 1899 1315 1899 1315 1900 642 1900 1316 1900 642 1901 646 1901 1316 1901 1316 1902 646 1902 1317 1902 1317 1903 648 1903 1318 1903 646 1904 648 1904 1317 1904 1318 1905 650 1905 1319 1905 1319 1906 650 1906 1320 1906 648 1907 650 1907 1318 1907 650 1908 652 1908 1320 1908 1320 1909 829 1909 1321 1909 652 1910 829 1910 1320 1910 1321 1911 826 1911 1322 1911 829 1912 826 1912 1321 1912 1322 1913 819 1913 1323 1913 826 1914 819 1914 1322 1914 1323 1915 816 1915 1324 1915 819 1916 816 1916 1323 1916 1324 1917 813 1917 1325 1917 1325 1918 813 1918 1326 1918 816 1919 813 1919 1324 1919 813 1920 811 1920 1326 1920 1326 1921 807 1921 1327 1921 811 1922 807 1922 1326 1922 1327 1923 804 1923 1328 1923 807 1924 804 1924 1327 1924 1328 1925 801 1925 1329 1925 1329 1926 801 1926 1330 1926 804 1927 801 1927 1328 1927 801 1928 798 1928 1330 1928 1330 1929 795 1929 1331 1929 798 1930 795 1930 1330 1930 1331 1931 790 1931 1332 1931 795 1932 790 1932 1331 1932 1332 1933 786 1933 1333 1933 1333 1934 786 1934 1334 1934 790 1935 786 1935 1332 1935 786 1936 782 1936 1334 1936 1334 1937 778 1937 1335 1937 1335 1938 778 1938 1336 1938 782 1939 778 1939 1334 1939 778 1940 774 1940 1336 1940 1336 1941 770 1941 1337 1941 774 1942 770 1942 1336 1942 770 1943 766 1943 1337 1943 1337 1944 766 1944 1338 1944 766 1945 762 1945 1338 1945 1338 1946 762 1946 1339 1946 762 1947 758 1947 1339 1947 1339 1948 758 1948 1340 1948 758 1949 753 1949 1340 1949 1340 1950 753 1950 1341 1950 753 1951 750 1951 1341 1951 1341 1952 750 1952 1342 1952 750 1953 752 1953 1342 1953 1342 1954 752 1954 1343 1954 752 1955 756 1955 1343 1955 1343 1956 756 1956 1344 1956 756 1957 760 1957 1344 1957 1344 1958 760 1958 1345 1958 760 1959 764 1959 1345 1959 1345 1960 764 1960 1346 1960 764 1961 768 1961 1346 1961 1346 1962 768 1962 1347 1962 768 1963 772 1963 1347 1963 1347 1964 772 1964 1348 1964 772 1965 776 1965 1348 1965 1348 1966 776 1966 1349 1966 1349 1967 780 1967 1350 1967 776 1968 780 1968 1349 1968 780 1969 784 1969 1350 1969 1350 1970 784 1970 1351 1970 1351 1971 788 1971 1226 1971 784 1972 788 1972 1351 1972 998 1973 972 1973 1352 1973 1352 1974 972 1974 1353 1974 1353 1975 973 1975 1354 1975 1354 1976 973 1976 1355 1976 972 1977 973 1977 1353 1977 973 1978 974 1978 1355 1978 1355 1979 946 1979 1356 1979 1356 1980 946 1980 1357 1980 974 1981 946 1981 1355 1981 1357 1982 947 1982 1358 1982 946 1983 947 1983 1357 1983 947 1984 948 1984 1358 1984 1358 1985 909 1985 1359 1985 948 1986 909 1986 1358 1986 1359 1987 910 1987 1360 1987 1360 1988 910 1988 1361 1988 909 1989 910 1989 1359 1989 910 1990 911 1990 1361 1990 1361 1991 856 1991 1362 1991 911 1992 856 1992 1361 1992 856 1993 857 1993 1362 1993 1362 1994 857 1994 1363 1994 857 1995 858 1995 1363 1995 1363 1996 858 1996 1364 1996 858 1997 851 1997 1364 1997 1364 1998 851 1998 1365 1998 851 1999 852 1999 1365 1999 1365 2000 852 2000 1366 2000 852 2001 845 2001 1366 2001 1366 2002 845 2002 1367 2002 845 2003 846 2003 1367 2003 1367 2004 846 2004 1368 2004 846 2005 847 2005 1368 2005 1368 2006 847 2006 1369 2006 847 2007 842 2007 1369 2007 1369 2008 842 2008 1370 2008 842 2009 840 2009 1370 2009 1370 2010 840 2010 1371 2010 840 2011 841 2011 1371 2011 1371 2012 841 2012 1372 2012 1372 2013 841 2013 1373 2013 841 2014 839 2014 1373 2014 839 2015 835 2015 1373 2015 1373 2016 835 2016 1374 2016 1374 2017 835 2017 1375 2017 835 2018 834 2018 1375 2018 1375 2019 833 2019 1376 2019 1376 2020 833 2020 1377 2020 834 2021 833 2021 1375 2021 833 2022 832 2022 1377 2022 1377 2023 830 2023 1378 2023 832 2024 830 2024 1377 2024 1378 2025 827 2025 1379 2025 1379 2026 827 2026 1380 2026 830 2027 827 2027 1378 2027 1380 2028 821 2028 1381 2028 827 2029 821 2029 1380 2029 821 2030 818 2030 1381 2030 1381 2031 815 2031 1382 2031 1382 2032 815 2032 1383 2032 818 2033 815 2033 1381 2033 815 2034 812 2034 1383 2034 1383 2035 809 2035 1384 2035 1384 2036 809 2036 1385 2036 812 2037 809 2037 1383 2037 809 2038 806 2038 1385 2038 1385 2039 803 2039 1386 2039 1386 2040 803 2040 1387 2040 806 2041 803 2041 1385 2041 803 2042 800 2042 1387 2042 800 2043 797 2043 1387 2043 1387 2044 797 2044 1388 2044 797 2045 791 2045 1388 2045 1388 2046 791 2046 1389 2046 791 2047 787 2047 1389 2047 1389 2048 787 2048 1390 2048 787 2049 783 2049 1390 2049 1390 2050 783 2050 1391 2050 783 2051 779 2051 1391 2051 1391 2052 779 2052 1392 2052 1392 2053 779 2053 1393 2053 779 2054 775 2054 1393 2054 775 2055 771 2055 1393 2055 1393 2056 771 2056 1394 2056 771 2057 767 2057 1394 2057 1394 2058 767 2058 1395 2058 767 2059 763 2059 1395 2059 1395 2060 763 2060 1396 2060 763 2061 759 2061 1396 2061 1396 2062 759 2062 1397 2062 759 2063 755 2063 1397 2063 1397 2064 755 2064 1398 2064 755 2065 751 2065 1398 2065 1398 2066 751 2066 1399 2066 751 2067 754 2067 1399 2067 1399 2068 754 2068 1400 2068 754 2069 757 2069 1400 2069 1400 2070 757 2070 1401 2070 757 2071 761 2071 1401 2071 1401 2072 761 2072 1402 2072 761 2073 765 2073 1402 2073 1402 2074 765 2074 1403 2074 765 2075 769 2075 1403 2075 1403 2076 769 2076 1404 2076 769 2077 773 2077 1404 2077 1404 2078 773 2078 1405 2078 773 2079 777 2079 1405 2079 1405 2080 777 2080 1406 2080 777 2081 781 2081 1406 2081 1406 2082 781 2082 1407 2082 781 2083 785 2083 1407 2083 1407 2084 785 2084 1408 2084 785 2085 789 2085 1408 2085 1408 2086 789 2086 1409 2086 1409 2087 796 2087 1410 2087 789 2088 796 2088 1409 2088 1410 2089 799 2089 1411 2089 796 2090 799 2090 1410 2090 1411 2091 802 2091 1412 2091 799 2092 802 2092 1411 2092 1412 2093 805 2093 1413 2093 802 2094 805 2094 1412 2094 805 2095 808 2095 1413 2095 1413 2096 808 2096 1414 2096 808 2097 810 2097 1414 2097 1414 2098 810 2098 1415 2098 810 2099 814 2099 1415 2099 1415 2100 814 2100 1416 2100 814 2101 817 2101 1416 2101 1416 2102 817 2102 1417 2102 817 2103 820 2103 1417 2103 1417 2104 820 2104 1418 2104 820 2105 825 2105 1418 2105 1418 2106 825 2106 1419 2106 825 2107 828 2107 1419 2107 1419 2108 828 2108 1420 2108 828 2109 831 2109 1420 2109 1420 2110 831 2110 1421 2110 831 2111 872 2111 1421 2111 1421 2112 872 2112 1422 2112 872 2113 876 2113 1422 2113 1422 2114 876 2114 1423 2114 876 2115 881 2115 1423 2115 1423 2116 881 2116 1424 2116 881 2117 886 2117 1424 2117 1424 2118 886 2118 1425 2118 886 2119 890 2119 1425 2119 1425 2120 890 2120 1426 2120 1426 2121 894 2121 1427 2121 890 2122 894 2122 1426 2122 1427 2123 899 2123 1428 2123 894 2124 899 2124 1427 2124 1428 2125 903 2125 1429 2125 899 2126 903 2126 1428 2126 1429 2127 906 2127 1430 2127 903 2128 906 2128 1429 2128 1430 2129 913 2129 1431 2129 906 2130 913 2130 1430 2130 1431 2131 918 2131 1432 2131 913 2132 918 2132 1431 2132 1432 2133 922 2133 1433 2133 918 2134 922 2134 1432 2134 1433 2135 925 2135 1434 2135 922 2136 925 2136 1433 2136 1434 2137 932 2137 1435 2137 925 2138 932 2138 1434 2138 1435 2139 937 2139 1436 2139 932 2140 937 2140 1435 2140 1436 2141 940 2141 1437 2141 937 2142 940 2142 1436 2142 1437 2143 945 2143 1438 2143 940 2144 945 2144 1437 2144 1438 2145 952 2145 1439 2145 945 2146 952 2146 1438 2146 952 2147 956 2147 1439 2147 1439 2148 956 2148 1440 2148 956 2149 959 2149 1440 2149 1440 2150 959 2150 1441 2150 959 2151 966 2151 1441 2151 1441 2152 966 2152 1442 2152 966 2153 970 2153 1442 2153 1442 2154 970 2154 1443 2154 1443 2155 976 2155 1444 2155 970 2156 976 2156 1443 2156 1444 2157 980 2157 1445 2157 1445 2158 980 2158 1446 2158 976 2159 980 2159 1444 2159 980 2160 985 2160 1446 2160 1446 2161 991 2161 1447 2161 985 2162 991 2162 1446 2162 1447 2163 996 2163 1448 2163 991 2164 996 2164 1447 2164 1448 2165 1002 2165 1449 2165 996 2166 1002 2166 1448 2166 1449 2167 1004 2167 1450 2167 1002 2168 1004 2168 1449 2168 1450 2169 1006 2169 1451 2169 1451 2170 1006 2170 1452 2170 1004 2171 1006 2171 1450 2171 1006 2172 1010 2172 1452 2172 1452 2173 1012 2173 1453 2173 1010 2174 1012 2174 1452 2174 1453 2175 1016 2175 1454 2175 1012 2176 1016 2176 1453 2176 1454 2177 1049 2177 1455 2177 1455 2178 1049 2178 1456 2178 1016 2179 1049 2179 1454 2179 1049 2180 1050 2180 1456 2180 1456 2181 1044 2181 1457 2181 1050 2182 1044 2182 1456 2182 1457 2183 1045 2183 1458 2183 1044 2184 1045 2184 1457 2184 1458 2185 1040 2185 1459 2185 1459 2186 1040 2186 1460 2186 1045 2187 1040 2187 1458 2187 1040 2188 1041 2188 1460 2188 1460 2189 1036 2189 1461 2189 1461 2190 1036 2190 1462 2190 1041 2191 1036 2191 1460 2191 1036 2192 1037 2192 1462 2192 1462 2193 1032 2193 1463 2193 1037 2194 1032 2194 1462 2194 1032 2195 1033 2195 1463 2195 1463 2196 1033 2196 1464 2196 1033 2197 1034 2197 1464 2197 1464 2198 1034 2198 1465 2198 1034 2199 1028 2199 1465 2199 1465 2200 1028 2200 1466 2200 1028 2201 1029 2201 1466 2201 1466 2202 1029 2202 1467 2202 1029 2203 1024 2203 1467 2203 1467 2204 1024 2204 1468 2204 1024 2205 1025 2205 1468 2205 1468 2206 1025 2206 1469 2206 1025 2207 1026 2207 1469 2207 1469 2208 1026 2208 1470 2208 1026 2209 1020 2209 1470 2209 1470 2210 1020 2210 1471 2210 1020 2211 1021 2211 1471 2211 1471 2212 1021 2212 1472 2212 1021 2213 1022 2213 1472 2213 1472 2214 1022 2214 1473 2214 1022 2215 1013 2215 1473 2215 1473 2216 1013 2216 1474 2216 1013 2217 1014 2217 1474 2217 1474 2218 1014 2218 1475 2218 1475 2219 999 2219 1476 2219 1014 2220 999 2220 1475 2220 999 2221 1000 2221 1476 2221 1476 2222 1000 2222 1477 2222 1477 2223 998 2223 1352 2223 1000 2224 998 2224 1477 2224 926 2225 919 2225 1478 2225 1478 2226 919 2226 1479 2226 1479 2227 914 2227 1480 2227 1480 2228 914 2228 1481 2228 919 2229 914 2229 1479 2229 914 2230 916 2230 1481 2230 1481 2231 907 2231 1482 2231 1482 2232 907 2232 1483 2232 916 2233 907 2233 1481 2233 1483 2234 900 2234 1484 2234 907 2235 900 2235 1483 2235 900 2236 895 2236 1484 2236 1484 2237 897 2237 1485 2237 895 2238 897 2238 1484 2238 1485 2239 891 2239 1486 2239 1486 2240 891 2240 1487 2240 897 2241 891 2241 1485 2241 891 2242 887 2242 1487 2242 1487 2243 877 2243 1488 2243 887 2244 877 2244 1487 2244 877 2245 879 2245 1488 2245 1488 2246 879 2246 1489 2246 879 2247 873 2247 1489 2247 1489 2248 873 2248 1490 2248 873 2249 869 2249 1490 2249 1490 2250 869 2250 1491 2250 869 2251 859 2251 1491 2251 1491 2252 859 2252 1492 2252 859 2253 861 2253 1492 2253 1492 2254 861 2254 1493 2254 861 2255 862 2255 1493 2255 1493 2256 862 2256 1494 2256 862 2257 865 2257 1494 2257 1494 2258 865 2258 1495 2258 865 2259 868 2259 1495 2259 1495 2260 868 2260 1496 2260 868 2261 746 2261 1496 2261 1496 2262 746 2262 1497 2262 746 2263 743 2263 1497 2263 1497 2264 743 2264 1498 2264 1498 2265 743 2265 1499 2265 743 2266 740 2266 1499 2266 740 2267 737 2267 1499 2267 1499 2268 737 2268 1500 2268 1500 2269 737 2269 1501 2269 737 2270 734 2270 1501 2270 1501 2271 731 2271 1502 2271 1502 2272 731 2272 1503 2272 734 2273 731 2273 1501 2273 731 2274 728 2274 1503 2274 1503 2275 725 2275 1504 2275 728 2276 725 2276 1503 2276 1504 2277 722 2277 1505 2277 1505 2278 722 2278 1506 2278 725 2279 722 2279 1504 2279 1506 2280 719 2280 1507 2280 722 2281 719 2281 1506 2281 719 2282 716 2282 1507 2282 1507 2283 713 2283 1508 2283 1508 2284 713 2284 1509 2284 716 2285 713 2285 1507 2285 713 2286 710 2286 1509 2286 1509 2287 707 2287 1510 2287 1510 2288 707 2288 1511 2288 710 2289 707 2289 1509 2289 707 2290 704 2290 1511 2290 1511 2291 701 2291 1512 2291 1512 2292 701 2292 1513 2292 704 2293 701 2293 1511 2293 701 2294 698 2294 1513 2294 698 2295 695 2295 1513 2295 1513 2296 695 2296 1514 2296 695 2297 692 2297 1514 2297 1514 2298 692 2298 1515 2298 692 2299 689 2299 1515 2299 1515 2300 689 2300 1516 2300 689 2301 686 2301 1516 2301 1516 2302 686 2302 1517 2302 686 2303 683 2303 1517 2303 1517 2304 683 2304 1518 2304 1518 2305 683 2305 1519 2305 683 2306 680 2306 1519 2306 680 2307 677 2307 1519 2307 1519 2308 677 2308 1520 2308 677 2309 674 2309 1520 2309 1520 2310 674 2310 1521 2310 674 2311 671 2311 1521 2311 1521 2312 671 2312 1522 2312 671 2313 667 2313 1522 2313 1522 2314 667 2314 1523 2314 667 2315 663 2315 1523 2315 1523 2316 663 2316 1524 2316 663 2317 659 2317 1524 2317 1524 2318 659 2318 1525 2318 659 2319 662 2319 1525 2319 1525 2320 662 2320 1526 2320 662 2321 666 2321 1526 2321 1526 2322 666 2322 1527 2322 666 2323 670 2323 1527 2323 1527 2324 670 2324 1528 2324 670 2325 673 2325 1528 2325 1528 2326 673 2326 1529 2326 673 2327 676 2327 1529 2327 1529 2328 676 2328 1530 2328 676 2329 679 2329 1530 2329 1530 2330 679 2330 1531 2330 679 2331 682 2331 1531 2331 1531 2332 682 2332 1532 2332 682 2333 685 2333 1532 2333 1532 2334 685 2334 1533 2334 685 2335 688 2335 1533 2335 1533 2336 688 2336 1534 2336 688 2337 691 2337 1534 2337 1534 2338 691 2338 1535 2338 1535 2339 694 2339 1536 2339 691 2340 694 2340 1535 2340 1536 2341 697 2341 1537 2341 694 2342 697 2342 1536 2342 1537 2343 700 2343 1538 2343 697 2344 700 2344 1537 2344 1538 2345 703 2345 1539 2345 700 2346 703 2346 1538 2346 703 2347 706 2347 1539 2347 1539 2348 706 2348 1540 2348 706 2349 709 2349 1540 2349 1540 2350 709 2350 1541 2350 709 2351 712 2351 1541 2351 1541 2352 712 2352 1542 2352 712 2353 715 2353 1542 2353 1542 2354 715 2354 1543 2354 715 2355 718 2355 1543 2355 1543 2356 718 2356 1544 2356 718 2357 721 2357 1544 2357 1544 2358 721 2358 1545 2358 721 2359 724 2359 1545 2359 1545 2360 724 2360 1546 2360 724 2361 727 2361 1546 2361 1546 2362 727 2362 1547 2362 727 2363 730 2363 1547 2363 1547 2364 730 2364 1548 2364 730 2365 733 2365 1548 2365 1548 2366 733 2366 1549 2366 733 2367 736 2367 1549 2367 1549 2368 736 2368 1550 2368 736 2369 739 2369 1550 2369 1550 2370 739 2370 1551 2370 739 2371 742 2371 1551 2371 1551 2372 742 2372 1552 2372 1552 2373 745 2373 1553 2373 742 2374 745 2374 1552 2374 1553 2375 747 2375 1554 2375 745 2376 747 2376 1553 2376 1554 2377 748 2377 1555 2377 747 2378 748 2378 1554 2378 1555 2379 749 2379 1556 2379 748 2380 749 2380 1555 2380 1556 2381 792 2381 1557 2381 749 2382 792 2382 1556 2382 1557 2383 793 2383 1558 2383 792 2384 793 2384 1557 2384 1558 2385 794 2385 1559 2385 793 2386 794 2386 1558 2386 1559 2387 822 2387 1560 2387 794 2388 822 2388 1559 2388 1560 2389 823 2389 1561 2389 822 2390 823 2390 1560 2390 1561 2391 824 2391 1562 2391 823 2392 824 2392 1561 2392 1562 2393 836 2393 1563 2393 824 2394 836 2394 1562 2394 1563 2395 837 2395 1564 2395 836 2396 837 2396 1563 2396 1564 2397 838 2397 1565 2397 837 2398 838 2398 1564 2398 838 2399 843 2399 1565 2399 1565 2400 843 2400 1566 2400 843 2401 844 2401 1566 2401 1566 2402 844 2402 1567 2402 844 2403 848 2403 1567 2403 1567 2404 848 2404 1568 2404 848 2405 849 2405 1568 2405 1568 2406 849 2406 1569 2406 1569 2407 850 2407 1570 2407 849 2408 850 2408 1569 2408 1570 2409 853 2409 1571 2409 1571 2410 853 2410 1572 2410 850 2411 853 2411 1570 2411 853 2412 854 2412 1572 2412 1572 2413 855 2413 1573 2413 854 2414 855 2414 1572 2414 1573 2415 882 2415 1574 2415 855 2416 882 2416 1573 2416 1574 2417 883 2417 1575 2417 882 2418 883 2418 1574 2418 1575 2419 928 2419 1576 2419 883 2420 928 2420 1575 2420 1576 2421 929 2421 1577 2421 1577 2422 929 2422 1578 2422 928 2423 929 2423 1576 2423 929 2424 930 2424 1578 2424 1578 2425 960 2425 1579 2425 930 2426 960 2426 1578 2426 1579 2427 961 2427 1580 2427 960 2428 961 2428 1579 2428 1580 2429 986 2429 1581 2429 1581 2430 986 2430 1582 2430 961 2431 986 2431 1580 2431 986 2432 987 2432 1582 2432 1582 2433 988 2433 1583 2433 987 2434 988 2434 1582 2434 1583 2435 1007 2435 1584 2435 988 2436 1007 2436 1583 2436 1584 2437 1008 2437 1585 2437 1585 2438 1008 2438 1586 2438 1007 2439 1008 2439 1584 2439 1008 2440 1018 2440 1586 2440 1586 2441 1019 2441 1587 2441 1587 2442 1019 2442 1588 2442 1018 2443 1019 2443 1586 2443 1019 2444 1023 2444 1588 2444 1588 2445 1027 2445 1589 2445 1023 2446 1027 2446 1588 2446 1027 2447 992 2447 1589 2447 1589 2448 992 2448 1590 2448 992 2449 994 2449 1590 2449 1590 2450 994 2450 1591 2450 994 2451 982 2451 1591 2451 1591 2452 982 2452 1592 2452 982 2453 983 2453 1592 2453 1592 2454 983 2454 1593 2454 983 2455 977 2455 1593 2455 1593 2456 977 2456 1594 2456 977 2457 967 2457 1594 2457 1594 2458 967 2458 1595 2458 967 2459 962 2459 1595 2459 1595 2460 962 2460 1596 2460 962 2461 964 2461 1596 2461 1596 2462 964 2462 1597 2462 964 2463 953 2463 1597 2463 1597 2464 953 2464 1598 2464 953 2465 949 2465 1598 2465 1598 2466 949 2466 1599 2466 949 2467 941 2467 1599 2467 1599 2468 941 2468 1600 2468 941 2469 943 2469 1600 2469 1600 2470 943 2470 1601 2470 1601 2471 933 2471 1602 2471 943 2472 933 2472 1601 2472 933 2473 935 2473 1602 2473 1602 2474 935 2474 1603 2474 1603 2475 926 2475 1478 2475 935 2476 926 2476 1603 2476 1079 2477 1074 2477 1604 2477 1604 2478 1074 2478 1605 2478 1605 2479 1075 2479 1606 2479 1606 2480 1075 2480 1607 2480 1074 2481 1075 2481 1605 2481 1075 2482 1070 2482 1607 2482 1607 2483 1071 2483 1608 2483 1608 2484 1071 2484 1609 2484 1070 2485 1071 2485 1607 2485 1609 2486 1065 2486 1610 2486 1071 2487 1065 2487 1609 2487 1065 2488 1066 2488 1610 2488 1610 2489 1060 2489 1611 2489 1066 2490 1060 2490 1610 2490 1611 2491 1061 2491 1612 2491 1612 2492 1061 2492 1613 2492 1060 2493 1061 2493 1611 2493 1061 2494 1056 2494 1613 2494 1613 2495 1057 2495 1614 2495 1056 2496 1057 2496 1613 2496 1057 2497 1017 2497 1614 2497 1614 2498 1017 2498 1615 2498 1017 2499 1015 2499 1615 2499 1615 2500 1015 2500 1616 2500 1015 2501 1011 2501 1616 2501 1616 2502 1011 2502 1617 2502 1011 2503 1009 2503 1617 2503 1617 2504 1009 2504 1618 2504 1009 2505 1005 2505 1618 2505 1618 2506 1005 2506 1619 2506 1005 2507 1003 2507 1619 2507 1619 2508 1003 2508 1620 2508 1003 2509 1001 2509 1620 2509 1620 2510 1001 2510 1621 2510 1001 2511 995 2511 1621 2511 1621 2512 995 2512 1622 2512 995 2513 990 2513 1622 2513 1622 2514 990 2514 1623 2514 990 2515 984 2515 1623 2515 1623 2516 984 2516 1624 2516 1624 2517 984 2517 1625 2517 984 2518 979 2518 1625 2518 979 2519 975 2519 1625 2519 1625 2520 975 2520 1626 2520 1626 2521 975 2521 1627 2521 975 2522 969 2522 1627 2522 1627 2523 965 2523 1628 2523 1628 2524 965 2524 1629 2524 969 2525 965 2525 1627 2525 965 2526 958 2526 1629 2526 1629 2527 955 2527 1630 2527 958 2528 955 2528 1629 2528 1630 2529 951 2529 1631 2529 1631 2530 951 2530 1632 2530 955 2531 951 2531 1630 2531 1632 2532 944 2532 1633 2532 951 2533 944 2533 1632 2533 944 2534 939 2534 1633 2534 1633 2535 936 2535 1634 2535 1634 2536 936 2536 1635 2536 939 2537 936 2537 1633 2537 936 2538 931 2538 1635 2538 1635 2539 924 2539 1636 2539 1636 2540 924 2540 1637 2540 931 2541 924 2541 1635 2541 924 2542 921 2542 1637 2542 1637 2543 917 2543 1638 2543 1638 2544 917 2544 1639 2544 921 2545 917 2545 1637 2545 917 2546 912 2546 1639 2546 912 2547 905 2547 1639 2547 1639 2548 905 2548 1640 2548 905 2549 902 2549 1640 2549 1640 2550 902 2550 1641 2550 902 2551 898 2551 1641 2551 1641 2552 898 2552 1642 2552 898 2553 893 2553 1642 2553 1642 2554 893 2554 1643 2554 893 2555 889 2555 1643 2555 1643 2556 889 2556 1644 2556 1644 2557 889 2557 1645 2557 889 2558 885 2558 1645 2558 885 2559 880 2559 1645 2559 1645 2560 880 2560 1646 2560 880 2561 875 2561 1646 2561 1646 2562 875 2562 1647 2562 875 2563 871 2563 1647 2563 1647 2564 871 2564 1648 2564 871 2565 867 2565 1648 2565 1648 2566 867 2566 1649 2566 867 2567 864 2567 1649 2567 1649 2568 864 2568 1650 2568 864 2569 863 2569 1650 2569 1650 2570 863 2570 1651 2570 863 2571 860 2571 1651 2571 1651 2572 860 2572 1652 2572 860 2573 866 2573 1652 2573 1652 2574 866 2574 1653 2574 866 2575 870 2575 1653 2575 1653 2576 870 2576 1654 2576 870 2577 874 2577 1654 2577 1654 2578 874 2578 1655 2578 874 2579 878 2579 1655 2579 1655 2580 878 2580 1656 2580 878 2581 884 2581 1656 2581 1656 2582 884 2582 1657 2582 884 2583 888 2583 1657 2583 1657 2584 888 2584 1658 2584 888 2585 892 2585 1658 2585 1658 2586 892 2586 1659 2586 892 2587 896 2587 1659 2587 1659 2588 896 2588 1660 2588 896 2589 901 2589 1660 2589 1660 2590 901 2590 1661 2590 1661 2591 904 2591 1662 2591 901 2592 904 2592 1661 2592 1662 2593 908 2593 1663 2593 904 2594 908 2594 1662 2594 1663 2595 915 2595 1664 2595 908 2596 915 2596 1663 2596 1664 2597 920 2597 1665 2597 915 2598 920 2598 1664 2598 920 2599 923 2599 1665 2599 1665 2600 923 2600 1666 2600 923 2601 927 2601 1666 2601 1666 2602 927 2602 1667 2602 927 2603 934 2603 1667 2603 1667 2604 934 2604 1668 2604 934 2605 938 2605 1668 2605 1668 2606 938 2606 1669 2606 938 2607 942 2607 1669 2607 1669 2608 942 2608 1670 2608 942 2609 950 2609 1670 2609 1670 2610 950 2610 1671 2610 950 2611 954 2611 1671 2611 1671 2612 954 2612 1672 2612 954 2613 957 2613 1672 2613 1672 2614 957 2614 1673 2614 957 2615 963 2615 1673 2615 1673 2616 963 2616 1674 2616 963 2617 968 2617 1674 2617 1674 2618 968 2618 1675 2618 968 2619 971 2619 1675 2619 1675 2620 971 2620 1676 2620 971 2621 978 2621 1676 2621 1676 2622 978 2622 1677 2622 978 2623 981 2623 1677 2623 1677 2624 981 2624 1678 2624 1678 2625 989 2625 1679 2625 981 2626 989 2626 1678 2626 1679 2627 993 2627 1680 2627 989 2628 993 2628 1679 2628 1680 2629 997 2629 1681 2629 993 2630 997 2630 1680 2630 1681 2631 1030 2631 1682 2631 997 2632 1030 2632 1681 2632 1682 2633 1031 2633 1683 2633 1030 2634 1031 2634 1682 2634 1683 2635 1035 2635 1684 2635 1031 2636 1035 2636 1683 2636 1684 2637 1038 2637 1685 2637 1035 2638 1038 2638 1684 2638 1685 2639 1039 2639 1686 2639 1038 2640 1039 2640 1685 2640 1686 2641 1042 2641 1687 2641 1039 2642 1042 2642 1686 2642 1687 2643 1043 2643 1688 2643 1042 2644 1043 2644 1687 2644 1688 2645 1046 2645 1689 2645 1043 2646 1046 2646 1688 2646 1689 2647 1047 2647 1690 2647 1046 2648 1047 2648 1689 2648 1690 2649 1048 2649 1691 2649 1047 2650 1048 2650 1690 2650 1048 2651 1051 2651 1691 2651 1691 2652 1051 2652 1692 2652 1051 2653 1052 2653 1692 2653 1692 2654 1052 2654 1693 2654 1052 2655 1053 2655 1693 2655 1693 2656 1053 2656 1694 2656 1053 2657 1054 2657 1694 2657 1694 2658 1054 2658 1695 2658 1695 2659 1055 2659 1696 2659 1054 2660 1055 2660 1695 2660 1696 2661 1058 2661 1697 2661 1697 2662 1058 2662 1698 2662 1055 2663 1058 2663 1696 2663 1058 2664 1059 2664 1698 2664 1698 2665 1062 2665 1699 2665 1059 2666 1062 2666 1698 2666 1699 2667 1063 2667 1700 2667 1062 2668 1063 2668 1699 2668 1700 2669 1064 2669 1701 2669 1063 2670 1064 2670 1700 2670 1701 2671 1067 2671 1702 2671 1064 2672 1067 2672 1701 2672 1702 2673 1068 2673 1703 2673 1703 2674 1068 2674 1704 2674 1067 2675 1068 2675 1702 2675 1068 2676 1069 2676 1704 2676 1704 2677 1072 2677 1705 2677 1069 2678 1072 2678 1704 2678 1705 2679 1073 2679 1706 2679 1072 2680 1073 2680 1705 2680 1706 2681 1076 2681 1707 2681 1707 2682 1076 2682 1708 2682 1073 2683 1076 2683 1706 2683 1076 2684 1077 2684 1708 2684 1708 2685 1078 2685 1709 2685 1077 2686 1078 2686 1708 2686 1709 2687 1081 2687 1710 2687 1078 2688 1081 2688 1709 2688 1710 2689 1082 2689 1711 2689 1711 2690 1082 2690 1712 2690 1081 2691 1082 2691 1710 2691 1082 2692 1083 2692 1712 2692 1712 2693 1087 2693 1713 2693 1713 2694 1087 2694 1714 2694 1083 2695 1087 2695 1712 2695 1087 2696 1088 2696 1714 2696 1714 2697 1089 2697 1715 2697 1088 2698 1089 2698 1714 2698 1089 2699 1093 2699 1715 2699 1715 2700 1093 2700 1716 2700 1093 2701 1094 2701 1716 2701 1716 2702 1094 2702 1717 2702 1094 2703 1095 2703 1717 2703 1717 2704 1095 2704 1718 2704 1095 2705 1098 2705 1718 2705 1718 2706 1098 2706 1719 2706 1098 2707 1099 2707 1719 2707 1719 2708 1099 2708 1720 2708 1099 2709 1096 2709 1720 2709 1720 2710 1096 2710 1721 2710 1096 2711 1097 2711 1721 2711 1721 2712 1097 2712 1722 2712 1097 2713 1090 2713 1722 2713 1722 2714 1090 2714 1723 2714 1090 2715 1091 2715 1723 2715 1723 2716 1091 2716 1724 2716 1091 2717 1092 2717 1724 2717 1724 2718 1092 2718 1725 2718 1092 2719 1084 2719 1725 2719 1725 2720 1084 2720 1726 2720 1084 2721 1085 2721 1726 2721 1726 2722 1085 2722 1727 2722 1727 2723 1086 2723 1728 2723 1085 2724 1086 2724 1727 2724 1086 2725 1080 2725 1728 2725 1728 2726 1080 2726 1729 2726 1729 2727 1079 2727 1604 2727 1080 2728 1079 2728 1729 2728 212 2729 2 2729 3 2729 212 2730 3 2730 5 2730 212 2731 5 2731 7 2731 212 2732 7 2732 8 2732 212 2733 8 2733 10 2733 212 2734 10 2734 13 2734 1147 2735 25 2735 26 2735 1148 2736 25 2736 1147 2736 1146 2737 26 2737 29 2737 1146 2738 1147 2738 26 2738 1149 2739 22 2739 25 2739 1149 2740 25 2740 1148 2740 1145 2741 1146 2741 29 2741 1150 2742 22 2742 1149 2742 1150 2743 21 2743 22 2743 1144 2744 29 2744 31 2744 1144 2745 1145 2745 29 2745 1151 2746 21 2746 1150 2746 1143 2747 1144 2747 31 2747 1143 2748 31 2748 33 2748 1152 2749 18 2749 21 2749 1152 2750 21 2750 1151 2750 1142 2751 1143 2751 33 2751 1153 2752 17 2752 18 2752 1153 2753 18 2753 1152 2753 1141 2754 33 2754 35 2754 1141 2755 1142 2755 33 2755 1154 2756 17 2756 1153 2756 1140 2757 35 2757 36 2757 1140 2758 1141 2758 35 2758 1155 2759 14 2759 17 2759 1155 2760 17 2760 1154 2760 1139 2761 36 2761 39 2761 1139 2762 1140 2762 36 2762 1156 2763 13 2763 14 2763 1156 2764 14 2764 1155 2764 1138 2765 1139 2765 39 2765 1157 2766 212 2766 13 2766 1157 2767 13 2767 1156 2767 1158 2768 212 2768 1157 2768 1159 2769 212 2769 1158 2769 1160 2770 212 2770 1159 2770 1161 2771 212 2771 1160 2771 1162 2772 212 2772 1161 2772 1163 2773 212 2773 1162 2773 1164 2774 212 2774 1163 2774 1165 2775 212 2775 1164 2775 1166 2776 212 2776 1165 2776 1167 2777 212 2777 1166 2777 1168 2778 212 2778 1167 2778 1169 2779 212 2779 1168 2779 1170 2780 212 2780 1169 2780 1274 2781 43 2781 1273 2781 1274 2782 40 2782 43 2782 1272 2783 1273 2783 43 2783 1272 2784 43 2784 45 2784 1275 2785 40 2785 1274 2785 1275 2786 39 2786 40 2786 1271 2787 45 2787 47 2787 1271 2788 1272 2788 45 2788 1276 2789 39 2789 1275 2789 1276 2790 1138 2790 39 2790 1171 2791 212 2791 1170 2791 1270 2792 47 2792 49 2792 1270 2793 1271 2793 47 2793 1277 2794 1137 2794 1138 2794 1277 2795 1138 2795 1276 2795 1269 2796 1270 2796 49 2796 1278 2797 1137 2797 1277 2797 1278 2798 1136 2798 1137 2798 1268 2799 49 2799 51 2799 1268 2800 1269 2800 49 2800 1279 2801 1136 2801 1278 2801 1279 2802 1135 2802 1136 2802 1267 2803 51 2803 53 2803 1267 2804 1268 2804 51 2804 1280 2805 1134 2805 1135 2805 1280 2806 1135 2806 1279 2806 1172 2807 212 2807 1171 2807 1266 2808 1267 2808 53 2808 1281 2809 1134 2809 1280 2809 1281 2810 1133 2810 1134 2810 1265 2811 53 2811 54 2811 1265 2812 1266 2812 53 2812 1282 2813 1133 2813 1281 2813 1282 2814 1132 2814 1133 2814 1173 2815 212 2815 1172 2815 1264 2816 1265 2816 54 2816 1264 2817 54 2817 57 2817 1283 2818 1132 2818 1282 2818 1283 2819 1131 2819 1132 2819 1263 2820 1264 2820 57 2820 1284 2821 1130 2821 1131 2821 1284 2822 1131 2822 1283 2822 1174 2823 212 2823 1173 2823 1262 2824 57 2824 59 2824 1262 2825 1263 2825 57 2825 1285 2826 1129 2826 1130 2826 1285 2827 1130 2827 1284 2827 1261 2828 59 2828 61 2828 1261 2829 1262 2829 59 2829 1286 2830 1128 2830 1129 2830 1286 2831 1129 2831 1285 2831 1175 2832 212 2832 1174 2832 1260 2833 1261 2833 61 2833 1287 2834 1127 2834 1128 2834 1287 2835 1128 2835 1286 2835 1259 2836 61 2836 63 2836 1259 2837 1260 2837 61 2837 1288 2838 1126 2838 1127 2838 1288 2839 1127 2839 1287 2839 1258 2840 1259 2840 63 2840 1289 2841 1125 2841 1126 2841 1289 2842 1126 2842 1288 2842 1257 2843 63 2843 65 2843 1257 2844 1258 2844 63 2844 1290 2845 1124 2845 1125 2845 1290 2846 1125 2846 1289 2846 1256 2847 65 2847 67 2847 1256 2848 1257 2848 65 2848 1291 2849 1124 2849 1290 2849 1291 2850 1123 2850 1124 2850 1255 2851 1256 2851 67 2851 1292 2852 1123 2852 1291 2852 1292 2853 1122 2853 1123 2853 1254 2854 67 2854 69 2854 1254 2855 1255 2855 67 2855 1293 2856 1122 2856 1292 2856 1293 2857 1121 2857 1122 2857 1253 2858 1254 2858 69 2858 1253 2859 69 2859 71 2859 1294 2860 1120 2860 1121 2860 1294 2861 1121 2861 1293 2861 1252 2862 1253 2862 71 2862 1295 2863 1119 2863 1120 2863 1295 2864 1120 2864 1294 2864 1251 2865 71 2865 73 2865 1251 2866 1252 2866 71 2866 1296 2867 1118 2867 1119 2867 1296 2868 1119 2868 1295 2868 1250 2869 73 2869 75 2869 1250 2870 1251 2870 73 2870 1297 2871 1118 2871 1296 2871 1297 2872 1117 2872 1118 2872 1249 2873 1250 2873 75 2873 1298 2874 1116 2874 1117 2874 1298 2875 1117 2875 1297 2875 1248 2876 75 2876 76 2876 1248 2877 1249 2877 75 2877 1299 2878 1115 2878 1116 2878 1299 2879 1116 2879 1298 2879 1247 2880 76 2880 78 2880 1247 2881 1248 2881 76 2881 1300 2882 1114 2882 1115 2882 1300 2883 1115 2883 1299 2883 1246 2884 1247 2884 78 2884 1301 2885 1113 2885 1114 2885 1301 2886 1114 2886 1300 2886 1245 2887 78 2887 81 2887 1245 2888 1246 2888 78 2888 1302 2889 1112 2889 1113 2889 1302 2890 1113 2890 1301 2890 1244 2891 81 2891 83 2891 1244 2892 1245 2892 81 2892 1303 2893 1111 2893 1112 2893 1303 2894 1112 2894 1302 2894 1243 2895 1244 2895 83 2895 1243 2896 83 2896 85 2896 1304 2897 1110 2897 1111 2897 1304 2898 1111 2898 1303 2898 1242 2899 1243 2899 85 2899 1305 2900 1109 2900 1110 2900 1305 2901 1110 2901 1304 2901 1241 2902 85 2902 87 2902 1241 2903 1242 2903 85 2903 1306 2904 1109 2904 1305 2904 1306 2905 1108 2905 1109 2905 1240 2906 87 2906 89 2906 1240 2907 1241 2907 87 2907 1307 2908 1108 2908 1306 2908 1307 2909 1107 2909 1108 2909 1239 2910 1240 2910 89 2910 1308 2911 1106 2911 1107 2911 1308 2912 1107 2912 1307 2912 1309 2913 1105 2913 1106 2913 1309 2914 1106 2914 1308 2914 1310 2915 1104 2915 1105 2915 1310 2916 1105 2916 1309 2916 1311 2917 1103 2917 1104 2917 1311 2918 1104 2918 1310 2918 1312 2919 1102 2919 1103 2919 1312 2920 1103 2920 1311 2920 1313 2921 1101 2921 1102 2921 1313 2922 1102 2922 1312 2922 1314 2923 1100 2923 1101 2923 1314 2924 1101 2924 1313 2924 1315 2925 1225 2925 1100 2925 1315 2926 1100 2926 1314 2926 1316 2927 1224 2927 1225 2927 1316 2928 1225 2928 1315 2928 1317 2929 1224 2929 1316 2929 1317 2930 1223 2930 1224 2930 1318 2931 1222 2931 1223 2931 1318 2932 1223 2932 1317 2932 1319 2933 1222 2933 1318 2933 1319 2934 1221 2934 1222 2934 1320 2935 1220 2935 1221 2935 1320 2936 1221 2936 1319 2936 1525 2937 1191 2937 1192 2937 1526 2938 1191 2938 1525 2938 1526 2939 1190 2939 1191 2939 1524 2940 1192 2940 1193 2940 1524 2941 1525 2941 1192 2941 1527 2942 1190 2942 1526 2942 1527 2943 1189 2943 1190 2943 1523 2944 1193 2944 1194 2944 1523 2945 1524 2945 1193 2945 1528 2946 1189 2946 1527 2946 1528 2947 1188 2947 1189 2947 1522 2948 1194 2948 1195 2948 1522 2949 1523 2949 1194 2949 1529 2950 1188 2950 1528 2950 1529 2951 1187 2951 1188 2951 1521 2952 1195 2952 1196 2952 1521 2953 1522 2953 1195 2953 1530 2954 1187 2954 1529 2954 1530 2955 1186 2955 1187 2955 1520 2956 1196 2956 1197 2956 1520 2957 1521 2957 1196 2957 1531 2958 1186 2958 1530 2958 1531 2959 1185 2959 1186 2959 1519 2960 1197 2960 1198 2960 1519 2961 1520 2961 1197 2961 1532 2962 1185 2962 1531 2962 1532 2963 1184 2963 1185 2963 1518 2964 1198 2964 1199 2964 1518 2965 1519 2965 1198 2965 1533 2966 1184 2966 1532 2966 1533 2967 1183 2967 1184 2967 1517 2968 1199 2968 1200 2968 1517 2969 1518 2969 1199 2969 1534 2970 1183 2970 1533 2970 1534 2971 1182 2971 1183 2971 1516 2972 1200 2972 1201 2972 1516 2973 1517 2973 1200 2973 1535 2974 1182 2974 1534 2974 1535 2975 1181 2975 1182 2975 1515 2976 1201 2976 1202 2976 1515 2977 1516 2977 1201 2977 1536 2978 1181 2978 1535 2978 1536 2979 1180 2979 1181 2979 1514 2980 1515 2980 1202 2980 1514 2981 1202 2981 1203 2981 1537 2982 1180 2982 1536 2982 1537 2983 1179 2983 1180 2983 1513 2984 1203 2984 1204 2984 1513 2985 1514 2985 1203 2985 1538 2986 1179 2986 1537 2986 1538 2987 1178 2987 1179 2987 1512 2988 1204 2988 1205 2988 1512 2989 1513 2989 1204 2989 1539 2990 1178 2990 1538 2990 1539 2991 1177 2991 1178 2991 1511 2992 1205 2992 1206 2992 1511 2993 1512 2993 1205 2993 1540 2994 1176 2994 1177 2994 1540 2995 1177 2995 1539 2995 1510 2996 1206 2996 1207 2996 1510 2997 1511 2997 1206 2997 1541 2998 212 2998 1175 2998 1541 2999 1176 2999 1540 2999 1541 3000 1175 3000 1176 3000 1509 3001 1207 3001 1208 3001 1509 3002 1510 3002 1207 3002 1542 3003 212 3003 1541 3003 1508 3004 1208 3004 1209 3004 1508 3005 1509 3005 1208 3005 1543 3006 212 3006 1542 3006 1507 3007 1209 3007 1210 3007 1507 3008 1508 3008 1209 3008 1544 3009 212 3009 1543 3009 1506 3010 1507 3010 1210 3010 1506 3011 1210 3011 1211 3011 1545 3012 212 3012 1544 3012 1505 3013 1211 3013 1212 3013 1505 3014 1506 3014 1211 3014 1546 3015 212 3015 1545 3015 1504 3016 1212 3016 1213 3016 1504 3017 1505 3017 1212 3017 1547 3018 212 3018 1546 3018 1503 3019 1504 3019 1213 3019 1503 3020 1213 3020 1214 3020 1548 3021 212 3021 1547 3021 1502 3022 1214 3022 1215 3022 1502 3023 1503 3023 1214 3023 1549 3024 212 3024 1548 3024 1501 3025 1215 3025 1216 3025 1501 3026 1502 3026 1215 3026 1500 3027 1216 3027 1217 3027 1500 3028 1501 3028 1216 3028 1499 3029 1217 3029 1218 3029 1499 3030 1500 3030 1217 3030 1498 3031 1218 3031 1219 3031 1498 3032 1499 3032 1218 3032 1497 3033 1498 3033 1219 3033 1497 3034 1219 3034 1220 3034 1399 3035 1342 3035 1343 3035 1400 3036 1342 3036 1399 3036 1400 3037 1341 3037 1342 3037 1398 3038 1343 3038 1344 3038 1398 3039 1399 3039 1343 3039 1401 3040 1340 3040 1341 3040 1401 3041 1341 3041 1400 3041 1397 3042 1344 3042 1345 3042 1397 3043 1398 3043 1344 3043 1402 3044 1339 3044 1340 3044 1402 3045 1340 3045 1401 3045 1396 3046 1397 3046 1345 3046 1396 3047 1345 3047 1346 3047 1403 3048 1339 3048 1402 3048 1403 3049 1338 3049 1339 3049 1395 3050 1396 3050 1346 3050 1395 3051 1346 3051 1347 3051 1404 3052 1337 3052 1338 3052 1404 3053 1338 3053 1403 3053 1394 3054 1347 3054 1348 3054 1394 3055 1395 3055 1347 3055 1405 3056 1336 3056 1337 3056 1405 3057 1337 3057 1404 3057 1393 3058 1348 3058 1349 3058 1393 3059 1394 3059 1348 3059 1406 3060 1336 3060 1405 3060 1406 3061 1335 3061 1336 3061 1392 3062 1349 3062 1350 3062 1392 3063 1393 3063 1349 3063 1407 3064 1334 3064 1335 3064 1407 3065 1335 3065 1406 3065 1391 3066 1350 3066 1351 3066 1391 3067 1392 3067 1350 3067 1408 3068 1333 3068 1334 3068 1408 3069 1334 3069 1407 3069 1390 3070 1391 3070 1351 3070 1390 3071 1351 3071 1226 3071 1409 3072 1332 3072 1333 3072 1409 3073 1333 3073 1408 3073 1389 3074 1226 3074 1227 3074 1389 3075 1390 3075 1226 3075 1410 3076 1331 3076 1332 3076 1410 3077 1332 3077 1409 3077 1388 3078 1389 3078 1227 3078 1388 3079 1227 3079 1228 3079 1411 3080 1331 3080 1410 3080 1411 3081 1330 3081 1331 3081 1387 3082 1228 3082 1229 3082 1387 3083 1388 3083 1228 3083 1412 3084 1330 3084 1411 3084 1412 3085 1329 3085 1330 3085 1386 3086 1387 3086 1229 3086 1386 3087 1229 3087 1230 3087 1413 3088 1329 3088 1412 3088 1413 3089 1328 3089 1329 3089 1385 3090 1230 3090 1231 3090 1385 3091 1386 3091 1230 3091 1414 3092 1327 3092 1328 3092 1414 3093 1328 3093 1413 3093 1384 3094 1231 3094 1232 3094 1384 3095 1385 3095 1231 3095 1415 3096 1326 3096 1327 3096 1415 3097 1327 3097 1414 3097 1383 3098 1232 3098 1233 3098 1383 3099 1384 3099 1232 3099 1416 3100 1325 3100 1326 3100 1416 3101 1326 3101 1415 3101 1382 3102 1383 3102 1233 3102 1382 3103 1233 3103 1234 3103 1417 3104 1324 3104 1325 3104 1417 3105 1325 3105 1416 3105 1381 3106 1382 3106 1234 3106 1381 3107 1234 3107 1235 3107 1418 3108 1323 3108 1324 3108 1418 3109 1324 3109 1417 3109 1380 3110 1235 3110 1236 3110 1380 3111 1381 3111 1235 3111 1419 3112 1322 3112 1323 3112 1419 3113 1323 3113 1418 3113 1379 3114 1236 3114 1237 3114 1379 3115 1380 3115 1236 3115 1420 3116 1322 3116 1419 3116 1420 3117 1321 3117 1322 3117 1378 3118 1379 3118 1237 3118 1378 3119 1237 3119 1238 3119 1421 3120 1320 3120 1321 3120 1421 3121 1220 3121 1320 3121 1421 3122 1321 3122 1420 3122 1377 3123 1378 3123 1238 3123 1377 3124 1238 3124 1239 3124 1377 3125 1239 3125 89 3125 1376 3126 89 3126 91 3126 1376 3127 1377 3127 89 3127 1375 3128 91 3128 93 3128 1375 3129 1376 3129 91 3129 1374 3130 93 3130 95 3130 1374 3131 1375 3131 93 3131 1373 3132 1374 3132 95 3132 1372 3133 1373 3133 95 3133 1372 3134 95 3134 97 3134 1371 3135 97 3135 98 3135 1371 3136 1372 3136 97 3136 1370 3137 1371 3137 98 3137 1369 3138 1370 3138 98 3138 100 3139 1369 3139 98 3139 100 3140 1368 3140 1369 3140 1652 3141 1494 3141 1651 3141 1652 3142 1493 3142 1494 3142 1650 3143 1495 3143 1496 3143 1650 3144 1651 3144 1494 3144 1650 3145 1494 3145 1495 3145 1653 3146 1493 3146 1652 3146 1653 3147 1492 3147 1493 3147 1649 3148 1650 3148 1496 3148 1654 3149 1492 3149 1653 3149 1654 3150 1491 3150 1492 3150 1648 3151 1496 3151 1497 3151 1648 3152 1421 3152 1422 3152 1648 3153 1497 3153 1220 3153 1648 3154 1220 3154 1421 3154 1648 3155 1649 3155 1496 3155 1655 3156 1491 3156 1654 3156 1655 3157 1490 3157 1491 3157 1647 3158 1422 3158 1423 3158 1647 3159 1648 3159 1422 3159 1656 3160 1490 3160 1655 3160 1656 3161 1489 3161 1490 3161 1646 3162 1647 3162 1423 3162 1646 3163 1423 3163 1424 3163 1657 3164 1489 3164 1656 3164 1657 3165 1488 3165 1489 3165 1645 3166 1646 3166 1424 3166 1645 3167 1424 3167 1425 3167 1658 3168 1488 3168 1657 3168 1658 3169 1487 3169 1488 3169 1644 3170 1425 3170 1426 3170 1644 3171 1645 3171 1425 3171 1659 3172 1487 3172 1658 3172 1659 3173 1486 3173 1487 3173 1643 3174 1426 3174 1427 3174 1643 3175 1644 3175 1426 3175 1660 3176 1485 3176 1486 3176 1660 3177 1486 3177 1659 3177 1642 3178 1643 3178 1427 3178 1642 3179 1427 3179 1428 3179 1661 3180 1483 3180 1484 3180 1661 3181 1485 3181 1660 3181 1661 3182 1484 3182 1485 3182 1641 3183 1642 3183 1428 3183 1641 3184 1428 3184 1429 3184 1662 3185 1483 3185 1661 3185 1640 3186 1641 3186 1429 3186 1640 3187 1429 3187 1430 3187 1663 3188 1483 3188 1662 3188 1663 3189 1481 3189 1482 3189 1663 3190 1482 3190 1483 3190 1639 3191 1430 3191 1431 3191 1639 3192 1640 3192 1430 3192 1664 3193 1481 3193 1663 3193 1664 3194 1480 3194 1481 3194 1638 3195 1639 3195 1431 3195 1638 3196 1431 3196 1432 3196 1665 3197 1480 3197 1664 3197 1665 3198 1479 3198 1480 3198 1637 3199 1432 3199 1433 3199 1637 3200 1638 3200 1432 3200 1666 3201 1479 3201 1665 3201 1636 3202 1637 3202 1433 3202 1636 3203 1433 3203 1434 3203 1667 3204 1479 3204 1666 3204 1667 3205 1478 3205 1479 3205 1635 3206 1636 3206 1434 3206 1635 3207 1434 3207 1435 3207 1668 3208 1603 3208 1478 3208 1668 3209 1478 3209 1667 3209 1634 3210 1435 3210 1436 3210 1634 3211 1635 3211 1435 3211 1669 3212 1601 3212 1602 3212 1669 3213 1602 3213 1603 3213 1669 3214 1603 3214 1668 3214 1633 3215 1436 3215 1437 3215 1633 3216 1634 3216 1436 3216 1670 3217 1601 3217 1669 3217 1632 3218 1437 3218 1438 3218 1632 3219 1633 3219 1437 3219 103 3220 1368 3220 100 3220 103 3221 1366 3221 1367 3221 103 3222 1367 3222 1368 3222 1671 3223 1600 3223 1601 3223 1671 3224 1601 3224 1670 3224 1631 3225 1632 3225 1438 3225 1631 3226 1438 3226 1439 3226 1672 3227 1599 3227 1600 3227 1672 3228 1600 3228 1671 3228 1630 3229 1439 3229 1440 3229 1630 3230 1631 3230 1439 3230 1673 3231 1597 3231 1598 3231 1673 3232 1598 3232 1599 3232 1673 3233 1599 3233 1672 3233 1629 3234 1440 3234 1441 3234 1629 3235 1630 3235 1440 3235 1674 3236 1597 3236 1673 3236 1628 3237 1629 3237 1441 3237 1628 3238 1441 3238 1442 3238 1675 3239 1596 3239 1597 3239 1675 3240 1597 3240 1674 3240 1627 3241 1628 3241 1442 3241 1627 3242 1442 3242 1443 3242 1676 3243 1596 3243 1675 3243 1676 3244 1595 3244 1596 3244 1626 3245 1627 3245 1443 3245 1626 3246 1443 3246 1444 3246 1677 3247 1595 3247 1676 3247 1677 3248 1593 3248 1594 3248 1677 3249 1594 3249 1595 3249 1625 3250 1626 3250 1444 3250 1625 3251 1444 3251 1445 3251 1678 3252 1593 3252 1677 3252 1624 3253 1625 3253 1445 3253 1624 3254 1445 3254 1446 3254 1679 3255 1593 3255 1678 3255 1679 3256 1592 3256 1593 3256 1623 3257 1446 3257 1447 3257 1623 3258 1624 3258 1446 3258 1680 3259 1592 3259 1679 3259 1680 3260 1590 3260 1591 3260 1680 3261 1591 3261 1592 3261 1622 3262 1623 3262 1447 3262 1622 3263 1447 3263 1448 3263 1681 3264 1590 3264 1680 3264 1621 3265 1448 3265 1449 3265 1621 3266 1622 3266 1448 3266 1682 3267 1590 3267 1681 3267 1682 3268 1589 3268 1590 3268 1620 3269 1449 3269 1450 3269 1620 3270 1621 3270 1449 3270 1683 3271 1589 3271 1682 3271 1683 3272 1588 3272 1589 3272 1619 3273 1620 3273 1450 3273 1619 3274 1450 3274 1451 3274 1684 3275 1588 3275 1683 3275 1684 3276 1587 3276 1588 3276 1618 3277 1451 3277 1452 3277 1618 3278 1619 3278 1451 3278 1685 3279 1587 3279 1684 3279 1685 3280 1586 3280 1587 3280 1617 3281 1618 3281 1452 3281 1617 3282 1452 3282 1453 3282 105 3283 1366 3283 103 3283 105 3284 1365 3284 1366 3284 1686 3285 1586 3285 1685 3285 1686 3286 1585 3286 1586 3286 1616 3287 1453 3287 1454 3287 1616 3288 1617 3288 1453 3288 1687 3289 1585 3289 1686 3289 1687 3290 1584 3290 1585 3290 1615 3291 1454 3291 1455 3291 1615 3292 1616 3292 1454 3292 1688 3293 1584 3293 1687 3293 1688 3294 1582 3294 1583 3294 1688 3295 1583 3295 1584 3295 1614 3296 1455 3296 1456 3296 1614 3297 1615 3297 1455 3297 1689 3298 1582 3298 1688 3298 1613 3299 1614 3299 1456 3299 1613 3300 1456 3300 1457 3300 1690 3301 1582 3301 1689 3301 1690 3302 1581 3302 1582 3302 1612 3303 1457 3303 1458 3303 1612 3304 1613 3304 1457 3304 1691 3305 1579 3305 1580 3305 1691 3306 1580 3306 1581 3306 1691 3307 1581 3307 1690 3307 1611 3308 1458 3308 1459 3308 1611 3309 1612 3309 1458 3309 1692 3310 1579 3310 1691 3310 1610 3311 1459 3311 1460 3311 1610 3312 1611 3312 1459 3312 215 3313 216 3313 212 3313 215 3314 212 3314 1549 3314 215 3315 1549 3315 1550 3315 215 3316 1550 3316 1551 3316 215 3317 1551 3317 1552 3317 215 3318 1552 3318 1553 3318 215 3319 1553 3319 1554 3319 215 3320 1554 3320 1555 3320 215 3321 1555 3321 1556 3321 215 3322 1556 3322 1557 3322 215 3323 1557 3323 1558 3323 215 3324 1558 3324 1559 3324 215 3325 1559 3325 1560 3325 215 3326 1560 3326 1561 3326 215 3327 1561 3327 1562 3327 215 3328 1562 3328 1563 3328 215 3329 1563 3329 1564 3329 215 3330 1564 3330 1565 3330 215 3331 1565 3331 1566 3331 215 3332 1566 3332 1567 3332 215 3333 1567 3333 1568 3333 215 3334 1568 3334 1569 3334 1609 3335 1610 3335 1460 3335 1609 3336 1460 3336 1461 3336 1608 3337 1609 3337 1461 3337 1608 3338 1461 3338 1462 3338 1607 3339 1462 3339 1463 3339 1607 3340 1608 3340 1462 3340 1606 3341 1463 3341 1464 3341 1606 3342 1607 3342 1463 3342 1605 3343 1606 3343 1464 3343 1605 3344 1464 3344 1465 3344 1604 3345 1605 3345 1465 3345 1604 3346 1465 3346 1466 3346 107 3347 1365 3347 105 3347 107 3348 1363 3348 1364 3348 107 3349 1364 3349 1365 3349 108 3350 1363 3350 107 3350 108 3351 1362 3351 1363 3351 209 3352 211 3352 215 3352 206 3353 209 3353 215 3353 110 3354 1360 3354 1361 3354 110 3355 1361 3355 1362 3355 110 3356 1362 3356 108 3356 205 3357 206 3357 215 3357 113 3358 1360 3358 110 3358 113 3359 1359 3359 1360 3359 202 3360 215 3360 1569 3360 202 3361 1569 3361 1570 3361 202 3362 1570 3362 1571 3362 202 3363 205 3363 215 3363 114 3364 1359 3364 113 3364 114 3365 1357 3365 1358 3365 114 3366 1358 3366 1359 3366 200 3367 202 3367 1571 3367 200 3368 1571 3368 1572 3368 117 3369 1357 3369 114 3369 117 3370 1356 3370 1357 3370 198 3371 200 3371 1572 3371 198 3372 1572 3372 1573 3372 198 3373 1573 3373 1574 3373 118 3374 1354 3374 1355 3374 118 3375 1355 3375 1356 3375 118 3376 1356 3376 117 3376 196 3377 1574 3377 1575 3377 196 3378 198 3378 1574 3378 121 3379 1354 3379 118 3379 121 3380 1352 3380 1353 3380 121 3381 1353 3381 1354 3381 195 3382 196 3382 1575 3382 195 3383 1575 3383 1576 3383 122 3384 1352 3384 121 3384 122 3385 1477 3385 1352 3385 193 3386 195 3386 1576 3386 193 3387 1576 3387 1577 3387 193 3388 1577 3388 1578 3388 125 3389 1477 3389 122 3389 125 3390 1475 3390 1476 3390 125 3391 1476 3391 1477 3391 190 3392 1579 3392 1692 3392 190 3393 193 3393 1578 3393 190 3394 1578 3394 1579 3394 190 3395 1692 3395 1693 3395 126 3396 1475 3396 125 3396 126 3397 1474 3397 1475 3397 189 3398 190 3398 1693 3398 189 3399 1693 3399 1694 3399 129 3400 1474 3400 126 3400 129 3401 1473 3401 1474 3401 186 3402 189 3402 1694 3402 186 3403 1694 3403 1695 3403 186 3404 1695 3404 1696 3404 130 3405 1473 3405 129 3405 130 3406 1471 3406 1472 3406 130 3407 1472 3407 1473 3407 184 3408 186 3408 1696 3408 184 3409 1696 3409 1697 3409 133 3410 1471 3410 130 3410 133 3411 1470 3411 1471 3411 183 3412 1697 3412 1698 3412 183 3413 1698 3413 1699 3413 183 3414 184 3414 1697 3414 135 3415 1470 3415 133 3415 135 3416 1468 3416 1469 3416 135 3417 1469 3417 1470 3417 180 3418 1699 3418 1700 3418 180 3419 183 3419 1699 3419 136 3420 1468 3420 135 3420 136 3421 1467 3421 1468 3421 179 3422 1700 3422 1701 3422 179 3423 1701 3423 1702 3423 179 3424 180 3424 1700 3424 138 3425 1604 3425 1466 3425 138 3426 1467 3426 136 3426 138 3427 1466 3427 1467 3427 177 3428 1702 3428 1703 3428 177 3429 179 3429 1702 3429 141 3430 1728 3430 1729 3430 141 3431 1729 3431 1604 3431 141 3432 1604 3432 138 3432 174 3433 1703 3433 1704 3433 174 3434 177 3434 1703 3434 143 3435 1727 3435 1728 3435 143 3436 1728 3436 141 3436 173 3437 1704 3437 1705 3437 173 3438 1705 3438 1706 3438 173 3439 174 3439 1704 3439 144 3440 1725 3440 1726 3440 144 3441 1726 3441 1727 3441 144 3442 1727 3442 143 3442 170 3443 1706 3443 1707 3443 170 3444 1707 3444 1708 3444 170 3445 173 3445 1706 3445 147 3446 1724 3446 1725 3446 147 3447 1725 3447 144 3447 169 3448 1708 3448 1709 3448 169 3449 170 3449 1708 3449 148 3450 1723 3450 1724 3450 148 3451 1724 3451 147 3451 166 3452 1709 3452 1710 3452 166 3453 1710 3453 1711 3453 166 3454 169 3454 1709 3454 151 3455 1721 3455 1722 3455 151 3456 1722 3456 1723 3456 151 3457 1723 3457 148 3457 165 3458 1711 3458 1712 3458 165 3459 166 3459 1711 3459 152 3460 1720 3460 1721 3460 152 3461 1721 3461 151 3461 163 3462 1712 3462 1713 3462 163 3463 1713 3463 1714 3463 163 3464 165 3464 1712 3464 155 3465 1718 3465 1719 3465 155 3466 1719 3466 1720 3466 155 3467 1720 3467 152 3467 160 3468 163 3468 1714 3468 160 3469 1714 3469 1715 3469 156 3470 1718 3470 155 3470 156 3471 1717 3471 1718 3471 159 3472 1715 3472 1716 3472 159 3473 1716 3473 1717 3473 159 3474 160 3474 1715 3474 159 3475 1717 3475 156 3475</p>
        </triangles>
      </mesh>
    </geometry>
  </library_geometries>
  <library_materials>
    <material id="mat_Body004" name="Body004">
      <instance_effect url="#effect_Body004"/>
    </material>
  </library_materials>
  <library_visual_scenes>
    <visual_scene id="scene">
      <node id="node0" name="node0">
        <instance_geometry url="#geometry0">
          <bind_material>
            <technique_common>
              <instance_material symbol="ref_Body004" target="#mat_Body004"/>
            </technique_common>
          </bind_material>
        </instance_geometry>
      </node>
    </visual_scene>
  </library_visual_scenes>
  <scene>
    <instance_visual_scene url="#scene"/>
  </scene>
</COLLADA>
