<COLLADA xmlns="http://www.collada.org/2005/11/COLLADASchema" version="1.4.1">
  <asset>
    <contributor/>
    <created>2026-10-08T20:05:50.614548</created>
    <modified>2026-10-08T20:05:50.614548</modified>
    <unit name="meter" meter="1.0"/>
    <up_axis>Z_UP</up_axis>
  </asset>
  <library_effects>
    <effect id="effect_Body001" name="effect_Body001">
      <profile_COMMON>
        <technique sid="common">
          <phong>
            <emission>
              <color>0.0 0.0 0.0 1.0</color>
            </emission>
            <ambient>
              <color>0.0 0.0 0.0 1.0</color>
            </ambient>
            <diffuse>
              <color>0.4470588266849518 0.4745098054409027 0.501960813999176 1.0</color>
            </diffuse>
            <specular>
              <color>1 1 1 1.0</color>
            </specular>
            <shininess>
              <float>0.0</float>
            </shininess>
            <reflective>
              <color>0.0 0.0 0.0 1.0</color>
            </reflective>
            <reflectivity>
              <float>0.0</float>
            </reflectivity>
            <transparent>
              <color>0.0 0.0 0.0 1.0</color>
            </transparent>
            <transparency>
              <float>1.0</float>
            </transparency>
          </phong>
        </technique>
        <extra>
          <technique profile="GOOGLEEARTH">
            <double_sided>0</double_sided>
          </technique>
        </extra>
      </profile_COMMON>
    </effect>
  </library_effects>
  <library_geometries>
    <geometry id="geometry0" name="J1_Base">
      <mesh>
        <source id="cubeverts-array0">
          <float_array count="2754" id="cubeverts-array0-array">0.06823794 0.1343928 0 0.06893121 0.1378145 0 0.06823794 0.1343928 0.012 0.06893121 0.1378145 0.012 0.06945304 0.1412664 0 0.06945304 0.1412664 0.012 0.0698021 0.1447401 0 0.0698021 0.1447401 0.012 0.06997754 0.1482269 0 0.06997754 0.1482269 0.012 0.06997891 0.151718 0 0.06997891 0.151718 0.012 0.06980622 0.1552049 0 0.06980622 0.1552049 0.012 0.06945989 0.1586789 0 0.06945989 0.1586789 0.012 0.0689408 0.1621312 0 0.0689408 0.1621312 0.012 0.06825021 0.1655534 0 0.06825021 0.1655534 0.012 0.06738985 0.1689369 0 0.06738985 0.1689369 0.012 0.06636188 0.1722733 0.012 0.06636188 0.1722733 0 0.06516883 0.1755543 0 0.06516883 0.1755543 0.012 0.06381369 0.1787717 0.012 0.06381369 0.1787717 0 0.06229981 0.1819176 0.012 0.06229981 0.1819176 0 0.06063097 0.1849841 0 0.06063097 0.1849841 0.012 0.05881131 0.1879635 0 0.05881131 0.1879635 0.012 0.05684537 0.1908486 0.012 0.05684537 0.1908486 0 0.05473803 0.193632 0 0.05473803 0.193632 0.012 0.05249453 0.1963069 0 0.05249453 0.1963069 0.012 0.05012046 0.1988665 0 0.05012046 0.1988665 0.012 0.04762172 0.2013047 0 0.04762172 0.2013047 0.012 0.04500452 0.2036152 0.012 0.04500452 0.2036152 0 0.04227538 0.2057924 0 0.04227538 0.2057924 0.012 0.03944108 0.2078308 0.012 0.03944108 0.2078308 0 0.03650868 0.2097253 0 0.03650868 0.2097253 0.012 0.03348547 0.2114713 0 0.03348547 0.2114713 0.012 0.03037896 0.2130644 0 0.03037896 0.2130644 0.012 0.02719689 0.2145006 0 0.02719689 0.2145006 0.012 0.02394717 0.2157764 0 0.02394717 0.2157764 0.012 0.02063788 0.2168885 0 0.02063788 0.2168885 0.012 0.01727726 0.2178343 0 0.01727726 0.2178343 0.012 0.01387366 0.2186114 0 0.01387366 0.2186114 0.012 0.01043556 0.2192178 0 0.01043556 0.2192178 0.012 0.006971491 0.219652 0.012 0.006971491 0.219652 0 0.003490086 0.2199129 0 0.003490086 0.2199129 0.012 2.079488e-16 0.22 0 2.079488e-16 0.22 0.012 -0.003490086 0.2199129 0 -0.003490086 0.2199129 0.012 -0.006971491 0.219652 0 -0.006971491 0.219652 0.012 -0.01043556 0.2192178 0 -0.01043556 0.2192178 0.012 -0.01387366 0.2186114 0.012 -0.01387366 0.2186114 0 -0.01727726 0.2178343 0 -0.01727726 0.2178343 0.012 -0.02063788 0.2168885 0 -0.02063788 0.2168885 0.012 -0.02394717 0.2157764 0.012 -0.02394717 0.2157764 0 -0.02719689 0.2145006 0 -0.02719689 0.2145006 0.012 -0.03037896 0.2130644 0.012 -0.03037896 0.2130644 0 -0.03348547 0.2114713 0 -0.03348547 0.2114713 0.012 -0.03650868 0.2097253 0.012 -0.03650868 0.2097253 0 -0.03944108 0.2078308 0 -0.03944108 0.2078308 0.012 -0.04227538 0.2057924 0 -0.04227538 0.2057924 0.012 -0.04500452 0.2036152 0 -0.04500452 0.2036152 0.012 -0.04762172 0.2013047 0 -0.04762172 0.2013047 0.012 -0.05012046 0.1988665 0.012 -0.05012046 0.1988665 0 -0.05249453 0.1963069 0 -0.05249453 0.1963069 0.012 -0.05473803 0.193632 0 -0.05473803 0.193632 0.012 -0.05684537 0.1908486 0 -0.05684537 0.1908486 0.012 -0.05881131 0.1879635 0 -0.05881131 0.1879635 0.012 -0.06063097 0.1849841 0.012 -0.06063097 0.1849841 0 -0.06229981 0.1819176 0 -0.06229981 0.1819176 0.012 -0.06381369 0.1787717 0.012 -0.06381369 0.1787717 0 -0.06516883 0.1755543 0 -0.06516883 0.1755543 0.012 -0.06636188 0.1722733 0 -0.06636188 0.1722733 0.012 -0.06738985 0.1689369 0 -0.06738985 0.1689369 0.012 -0.06825021 0.1655534 0 -0.06825021 0.1655534 0.012 -0.0689408 0.1621312 0 -0.0689408 0.1621312 0.012 -0.06945989 0.1586789 0 -0.06945989 0.1586789 0.012 -0.06980622 0.1552049 0 -0.06980622 0.1552049 0.012 -0.06997891 0.151718 0 -0.06997891 0.151718 0.012 -0.06997754 0.1482269 0 -0.06997754 0.1482269 0.012 -0.0698021 0.1447401 0 -0.0698021 0.1447401 0.012 -0.06945304 0.1412664 0.012 -0.06945304 0.1412664 0 -0.06893121 0.1378145 0.012 -0.06893121 0.1378145 0 -0.06823794 0.1343928 0 -0.06823794 0.1343928 0.012 0.0375 0 0 0.0375 0 0.012 -0.0375 0 0 -0.0375 0 0.012 -0.01322792 0.01927208 0 -0.01258806 0.01866288 0 -0.01383712 0.01991194 0 -0.01191908 0.01808581 0 -0.01441419 0.02058092 0 -0.01122259 0.01754226 0 -0.01495774 0.02127741 0 -0.01050026 0.01703355 0 -0.01546645 0.02199973 0 -0.009753849 0.01656088 0 -0.01593911 0.02274615 0 -0.008985141 0.01612542 0 -0.01637458 0.02351486 0 -0.008195992 0.01572819 0 -0.01677181 0.02430401 0 -0.007388302 0.01537017 0 -0.01712983 0.0251117 0 -0.006564017 0.01505221 0 -0.01744779 0.02593598 0 -0.005725124 0.01477507 0 -0.01772493 0.02677488 0 -0.004873643 0.01453944 0 -0.01796056 0.02762636 0 -0.004011626 0.01434587 0 -0.01815413 0.02848837 0 -0.003141149 0.01419482 0 -0.01830518 0.02935885 0 -0.002264308 0.01408667 0 -0.01841332 0.03023569 0 -0.001383218 0.01402168 0 -0.01847832 0.03111678 0 -0.0005 0.014 0 -0.0185 0.032 0 0.0005 0.014 0 -0.0185 0.043 0 -0.01847832 0.04388322 0 -0.01841332 0.04476431 0 0.001383218 0.01402168 0 0.002264308 0.01408667 0 0.003141149 0.01419482 0 0.004011626 0.01434587 0 0.004873643 0.01453944 0 0.005725124 0.01477507 0 0.006564017 0.01505221 0 0.007388302 0.01537017 0 0.008195992 0.01572819 0 0.008985141 0.01612542 0 0.009753849 0.01656088 0 0.01050026 0.01703355 0 0.01122259 0.01754226 0 0.01191908 0.01808581 0 0.01258806 0.01866288 0 0.01322792 0.01927208 0 0.01383712 0.01991194 0 0.01441419 0.02058092 0 0.01495774 0.02127741 0 0.01546645 0.02199973 0 0.01593911 0.02274615 0 0.01637458 0.02351486 0 0.01677181 0.02430401 0 0.01712983 0.0251117 0 0.01744779 0.02593598 0 0.01772493 0.02677488 0 0.01796056 0.02762636 0 0.01815413 0.02848837 0 0.01830518 0.02935885 0 0.01841332 0.03023569 0 0.01847832 0.03111678 0 0.0185 0.032 0 0.0185 0.043 0 0.01847832 0.04388322 0 0.01841332 0.04476431 0 -0.01191908 0.05691419 0 -0.01122259 0.05745774 0 -0.01258806 0.05633712 0 -0.01322792 0.05572792 0 -0.01383712 0.05508806 0 -0.01441419 0.05441908 0 -0.01495774 0.05372259 0 -0.01546645 0.05300026 0 -0.01593911 0.05225385 0 -0.01637458 0.05148514 0 -0.01677181 0.05069599 0 -0.01712983 0.0498883 0 -0.01744779 0.04906402 0 -0.01772493 0.04822512 0 -0.01796056 0.04737364 0 -0.01815413 0.04651163 0 -0.01830518 0.04564115 0 -0.01304832 0.1378929 1.776357e-18 -0.01242862 0.1372576 1.776357e-18 -0.01177801 0.1366539 1.776357e-18 -0.01363559 0.1385584 1.776357e-18 -0.01109812 0.1360834 1.776357e-18 -0.01418896 0.1392523 1.776357e-18 -0.01039064 0.1355475 1.776357e-18 -0.01050026 0.05796645 0 -0.01470705 0.1399729 1.776357e-18 -0.009657324 0.1350475 1.776357e-18 -0.009753849 0.05843911 0 -0.01518858 0.1407185 1.776357e-18 -0.0089 0.1345847 1.776357e-18 -0.008985141 0.05887458 0 -0.01563234 0.1414871 1.776357e-18 -0.00812055 0.1341603 1.776357e-18 -0.008195992 0.05927181 0 -0.01603725 0.1422769 1.776357e-18 -0.00732091 0.1337752 1.776357e-18 -0.007388302 0.05962983 0 -0.01640228 0.1430859 1.776357e-18 -0.00650307 0.1334305 1.776357e-18 -0.006564017 0.05994779 0 -0.01672653 0.143912 1.776357e-18 -0.005669062 0.1331269 1.776357e-18 -0.005725124 0.06022493 0 -0.0170092 0.1447534 1.776357e-18 -0.004820961 0.1328653 1.776357e-18 -0.004873643 0.06046056 0 -0.01724958 0.1456077 1.776357e-18 -0.003960873 0.1326463 1.776357e-18 -0.004011626 0.06065414 0 -0.01744707 0.146473 1.776357e-18 -0.003090938 0.1324704 1.776357e-18 -0.003141149 0.06080518 0 -0.01760119 0.147347 1.776357e-18 -0.002213318 0.1323381 1.776357e-18 -0.002264308 0.06091333 0 -0.01771155 0.1482277 1.776357e-18 -0.001330196 0.1322498 1.776357e-18 -0.001383218 0.06097832 0 -0.01777787 0.1491127 1.776357e-18 -0.0004437663 0.1322055 1.776357e-18 -0.0005 0.061 0 -0.0178 0.15 1.776357e-18 0.0004437663 0.1322055 1.776357e-18 0.0005 0.061 0 0.001383218 0.06097832 0 -0.01777787 0.1508873 1.776357e-18 0.001330196 0.1322498 1.776357e-18 0.002264308 0.06091333 0 -0.01771155 0.1517723 1.776357e-18 0.002213318 0.1323381 1.776357e-18 0.003141149 0.06080518 0 -0.01760119 0.152653 1.776357e-18 0.003090938 0.1324704 1.776357e-18 0.004011626 0.06065414 0 -0.01744707 0.153527 1.776357e-18 0.003960873 0.1326463 1.776357e-18 0.004873643 0.06046056 0 -0.01724958 0.1543923 1.776357e-18 0.004820961 0.1328653 1.776357e-18 0.005725124 0.06022493 0 -0.0170092 0.1552466 1.776357e-18 0.005669062 0.1331269 1.776357e-18 0.006564017 0.05994779 0 -0.01672653 0.156088 1.776357e-18 0.00650307 0.1334305 1.776357e-18 0.007388302 0.05962983 0 -0.01640228 0.1569141 1.776357e-18 0.00732091 0.1337752 1.776357e-18 0.008195992 0.05927181 0 -0.01603725 0.1577231 1.776357e-18 0.00812055 0.1341603 1.776357e-18 0.008985141 0.05887458 0 -0.01563234 0.1585129 1.776357e-18 0.0089 0.1345847 1.776357e-18 0.009753849 0.05843911 0 -0.01518858 0.1592815 1.776357e-18 0.009657324 0.1350475 1.776357e-18 0.01050026 0.05796645 0 -0.01470705 0.1600271 1.776357e-18 0.01039064 0.1355475 1.776357e-18 0.01122259 0.05745774 0 -0.01418896 0.1607477 1.776357e-18 -0.01363559 0.1614416 1.776357e-18 -0.01304832 0.1621071 1.776357e-18 -0.01242862 0.1627424 1.776357e-18 -0.01177801 0.1633461 1.776357e-18 -0.01109812 0.1639166 1.776357e-18 -0.01039064 0.1644525 1.776357e-18 -0.009657324 0.1649525 1.776357e-18 -0.0089 0.1654153 1.776357e-18 -0.00812055 0.1658397 1.776357e-18 -0.00732091 0.1662248 1.776357e-18 -0.00650307 0.1665695 1.776357e-18 -0.005669062 0.1668731 1.776357e-18 -0.004820961 0.1671347 1.776357e-18 -0.003960873 0.1673537 1.776357e-18 0.01109812 0.1360834 1.776357e-18 0.01177801 0.1366539 1.776357e-18 0.01242862 0.1372576 1.776357e-18 0.01304832 0.1378929 1.776357e-18 0.01363559 0.1385584 1.776357e-18 0.01418896 0.1392523 1.776357e-18 0.01470705 0.1399729 1.776357e-18 0.01518858 0.1407185 1.776357e-18 0.01563234 0.1414871 1.776357e-18 0.01603725 0.1422769 1.776357e-18 0.01640228 0.1430859 1.776357e-18 0.01672653 0.143912 1.776357e-18 0.0170092 0.1447534 1.776357e-18 0.01724958 0.1456077 1.776357e-18 0.01744707 0.146473 1.776357e-18 0.01830518 0.04564115 0 0.01815413 0.04651163 0 0.01796056 0.04737364 0 0.01772493 0.04822512 0 0.01744779 0.04906402 0 0.01712983 0.0498883 0 0.01677181 0.05069599 0 0.01637458 0.05148514 0 0.01593911 0.05225385 0 0.01546645 0.05300026 0 0.01495774 0.05372259 0 0.01441419 0.05441908 0 0.01383712 0.05508806 0 0.01322792 0.05572792 0 0.01258806 0.05633712 0 0.01191908 0.05691419 0 -0.003090938 0.1675296 1.776357e-18 0.01760119 0.147347 1.776357e-18 -0.002213318 0.1676619 1.776357e-18 0.01771155 0.1482277 1.776357e-18 -0.001330196 0.1677502 1.776357e-18 0.01777787 0.1491127 1.776357e-18 -0.0004437663 0.1677945 1.776357e-18 0.0178 0.15 2e-18 0.0004437663 0.1677945 1.776357e-18 0.01777787 0.1508873 1.776357e-18 0.001330196 0.1677502 1.776357e-18 0.01771155 0.1517723 1.776357e-18 0.002213318 0.1676619 1.776357e-18 0.01760119 0.152653 1.776357e-18 0.003090938 0.1675296 1.776357e-18 0.01744707 0.153527 1.776357e-18 0.003960873 0.1673537 1.776357e-18 0.01724958 0.1543923 1.776357e-18 0.004820961 0.1671347 1.776357e-18 0.0170092 0.1552466 1.776357e-18 0.005669062 0.1668731 1.776357e-18 0.01672653 0.156088 1.776357e-18 0.00650307 0.1665695 1.776357e-18 0.01640228 0.1569141 1.776357e-18 0.00732091 0.1662248 1.776357e-18 0.01603725 0.1577231 1.776357e-18 0.00812055 0.1658397 1.776357e-18 0.01563234 0.1585129 1.776357e-18 0.0089 0.1654153 1.776357e-18 0.01518858 0.1592815 1.776357e-18 0.009657324 0.1649525 1.776357e-18 0.01470705 0.1600271 1.776357e-18 0.01039064 0.1644525 1.776357e-18 0.01418896 0.1607477 1.776357e-18 0.01109812 0.1639166 1.776357e-18 0.01363559 0.1614416 1.776357e-18 0.01177801 0.1633461 1.776357e-18 0.01304832 0.1621071 1.776357e-18 0.01242862 0.1627424 1.776357e-18 -0.01258806 0.01866288 0.012 -0.01322792 0.01927208 0.012 -0.01383712 0.01991194 0.012 -0.01191908 0.01808581 0.012 -0.01441419 0.02058092 0.012 -0.01122259 0.01754226 0.012 -0.01495774 0.02127741 0.012 -0.01050026 0.01703355 0.012 -0.01546645 0.02199973 0.012 -0.009753849 0.01656088 0.012 -0.01593911 0.02274615 0.012 -0.008985141 0.01612542 0.012 -0.01637458 0.02351486 0.012 -0.008195992 0.01572819 0.012 -0.01677181 0.02430401 0.012 -0.007388302 0.01537017 0.012 -0.01712983 0.0251117 0.012 -0.006564017 0.01505221 0.012 -0.01744779 0.02593598 0.012 -0.005725124 0.01477507 0.012 -0.01772493 0.02677488 0.012 -0.004873643 0.01453944 0.012 -0.01796056 0.02762636 0.012 -0.004011626 0.01434587 0.012 -0.01815413 0.02848837 0.012 -0.003141149 0.01419482 0.012 -0.01830518 0.02935885 0.012 -0.002264308 0.01408667 0.012 -0.01841332 0.03023569 0.012 -0.001383218 0.01402168 0.012 -0.01847832 0.03111678 0.012 -0.0005 0.014 0.012 -0.0185 0.032 0.012 0.0005 0.014 0.012 -0.0185 0.043 0.012 -0.01847832 0.04388322 0.012 -0.01841332 0.04476431 0.012 0.001383218 0.01402168 0.012 0.002264308 0.01408667 0.012 0.003141149 0.01419482 0.012 0.004011626 0.01434587 0.012 0.004873643 0.01453944 0.012 0.005725124 0.01477507 0.012 0.006564017 0.01505221 0.012 0.007388302 0.01537017 0.012 0.008195992 0.01572819 0.012 0.008985141 0.01612542 0.012 0.009753849 0.01656088 0.012 0.01050026 0.01703355 0.012 0.01122259 0.01754226 0.012 0.01191908 0.01808581 0.012 0.01258806 0.01866288 0.012 0.01322792 0.01927208 0.012 0.01383712 0.01991194 0.012 0.01441419 0.02058092 0.012 0.01495774 0.02127741 0.012 0.01546645 0.02199973 0.012 0.01593911 0.02274615 0.012 0.01637458 0.02351486 0.012 0.01677181 0.02430401 0.012 0.01712983 0.0251117 0.012 0.01744779 0.02593598 0.012 0.01772493 0.02677488 0.012 0.01796056 0.02762636 0.012 0.01815413 0.02848837 0.012 0.01830518 0.02935885 0.012 0.01841332 0.03023569 0.012 0.01847832 0.03111678 0.012 0.0185 0.032 0.012 0.0185 0.043 0.012 0.01847832 0.04388322 0.012 0.01841332 0.04476431 0.012 -0.01744779 0.04906402 0.012 -0.01712983 0.0498883 0.012 -0.01772493 0.04822512 0.012 -0.01796056 0.04737364 0.012 -0.01815413 0.04651163 0.012 -0.01830518 0.04564115 0.012 -0.03107154 0.1181439 0.012 -0.01677181 0.05069599 0.012 -0.03262081 0.1197323 0.012 -0.02944502 0.1166347 0.012 -0.01637458 0.05148514 0.012 -0.03408898 0.121396 0.012 -0.0277453 0.1152085 0.012 -0.01593911 0.05225385 0.012 -0.01546645 0.05300026 0.012 -0.0354724 0.1231307 0.012 -0.02597659 0.1138688 0.012 -0.01495774 0.05372259 0.012 -0.03676762 0.1249323 0.012 -0.02414331 0.1126188 0.012 -0.01441419 0.05441908 0.012 -0.03797144 0.1267961 0.012 -0.02225 0.1114619 0.012 -0.01383712 0.05508806 0.012 -0.01322792 0.05572792 0.012 -0.03908086 0.1287177 0.012 -0.02030137 0.1104007 0.012 -0.01258806 0.05633712 0.012 -0.01191908 0.05691419 0.012 -0.04009311 0.1306922 0.012 -0.01830228 0.109438 0.012 -0.01122259 0.05745774 0.012 -0.04100569 0.1327146 0.012 -0.01625768 0.1085761 0.012 -0.01050026 0.05796645 0.012 -0.009753849 0.05843911 0.012 -0.04181632 0.1347801 0.012 -0.01417266 0.1078172 0.012 -0.008985141 0.05887458 0.012 -0.04252299 0.1368834 0.012 -0.0120524 0.1071632 0.012 -0.008195992 0.05927181 0.012 -0.007388302 0.05962983 0.012 -0.04312394 0.1390193 0.012 -0.009902182 0.1066157 0.012 -0.006564017 0.05994779 0.012 -0.005725124 0.06022493 0.012 -0.04361768 0.1411825 0.012 -0.007727344 0.1061761 0.012 -0.004873643 0.06046056 0.012 -0.04400297 0.1433676 0.012 -0.005533295 0.1058454 0.012 -0.004011626 0.06065414 0.012 -0.003141149 0.06080518 0.012 -0.04427887 0.1455692 0.012 -0.003325489 0.1056244 0.012 -0.002264308 0.06091333 0.012 -0.001383218 0.06097832 0.012 -0.04444468 0.1477819 0.012 -0.001109416 0.1055138 0.012 -0.0005 0.061 0.012 -0.0445 0.15 0.012 0.001109416 0.1055138 0.012 0.0005 0.061 0.012 0.001383218 0.06097832 0.012 -0.04444468 0.1522181 0.012 0.003325489 0.1056244 0.012 0.002264308 0.06091333 0.012 0.003141149 0.06080518 0.012 -0.04427887 0.1544308 0.012 0.005533295 0.1058454 0.012 0.004011626 0.06065414 0.012 0.004873643 0.06046056 0.012 -0.04400297 0.1566324 0.012 0.007727344 0.1061761 0.012 0.005725124 0.06022493 0.012 -0.04361768 0.1588175 0.012 0.009902182 0.1066157 0.012 0.006564017 0.05994779 0.012 0.007388302 0.05962983 0.012 -0.04312394 0.1609807 0.012 0.0120524 0.1071632 0.012 0.008195992 0.05927181 0.012 0.008985141 0.05887458 0.012 -0.04252299 0.1631166 0.012 0.01417266 0.1078172 0.012 0.009753849 0.05843911 0.012 -0.04181632 0.1652199 0.012 0.01625768 0.1085761 0.012 0.01050026 0.05796645 0.012 0.01122259 0.05745774 0.012 -0.04100569 0.1672854 0.012 0.01830228 0.109438 0.012 0.01191908 0.05691419 0.012 -0.04009311 0.1693078 0.012 0.02030137 0.1104007 0.012 0.01258806 0.05633712 0.012 0.01322792 0.05572792 0.012 -0.03908086 0.1712823 0.012 0.02225 0.1114619 0.012 0.01383712 0.05508806 0.012 0.01441419 0.05441908 0.012 -0.03797144 0.1732039 0.012 0.02414331 0.1126188 0.012 0.01495774 0.05372259 0.012 -0.03676762 0.1750677 0.012 0.02597659 0.1138688 0.012 0.01546645 0.05300026 0.012 -0.0354724 0.1768693 0.012 0.0277453 0.1152085 0.012 0.01593911 0.05225385 0.012 0.01637458 0.05148514 0.012 -0.03408898 0.178604 0.012 0.02944502 0.1166347 0.012 0.01677181 0.05069599 0.012 -0.03262081 0.1802677 0.012 0.03107154 0.1181439 0.012 0.01712983 0.0498883 0.012 -0.03107154 0.1818561 0.012 -0.02944502 0.1833653 0.012 -0.0277453 0.1847915 0.012 -0.02597659 0.1861312 0.012 -0.02414331 0.1873811 0.012 -0.02225 0.1885381 0.012 -0.02030137 0.1895993 0.012 -0.01830228 0.190562 0.012 -0.01625768 0.1914239 0.012 -0.01417266 0.1921828 0.012 -0.0120524 0.1928368 0.012 -0.009902182 0.1933843 0.012 0.03262081 0.1197323 0.012 0.03408898 0.121396 0.012 0.0354724 0.1231307 0.012 0.03676762 0.1249323 0.012 0.03797144 0.1267961 0.012 0.03908086 0.1287177 0.012 0.04009311 0.1306922 0.012 0.04100569 0.1327146 0.012 0.04181632 0.1347801 0.012 0.04252299 0.1368834 0.012 0.04312394 0.1390193 0.012 0.04361768 0.1411825 0.012 0.01830518 0.04564115 0.012 0.01815413 0.04651163 0.012 0.01796056 0.04737364 0.012 0.01772493 0.04822512 0.012 0.01744779 0.04906402 0.012 -0.007727344 0.1938239 0.012 0.04400297 0.1433676 0.012 -0.005533295 0.1941546 0.012 0.04427887 0.1455692 0.012 -0.003325489 0.1943756 0.012 0.04444468 0.1477819 0.012 -0.001109416 0.1944862 0.012 0.0445 0.15 0.012 0.001109416 0.1944862 0.012 0.04444468 0.1522181 0.012 0.003325489 0.1943756 0.012 0.04427887 0.1544308 0.012 0.005533295 0.1941546 0.012 0.04400297 0.1566324 0.012 0.007727344 0.1938239 0.012 0.04361768 0.1588175 0.012 0.009902182 0.1933843 0.012 0.04312394 0.1609807 0.012 0.0120524 0.1928368 0.012 0.04252299 0.1631166 0.012 0.01417266 0.1921828 0.012 0.04181632 0.1652199 0.012 0.01625768 0.1914239 0.012 0.04100569 0.1672854 0.012 0.01830228 0.190562 0.012 0.04009311 0.1693078 0.012 0.02030137 0.1895993 0.012 0.03908086 0.1712823 0.012 0.02225 0.1885381 0.012 0.03797144 0.1732039 0.012 0.02414331 0.1873811 0.012 0.03676762 0.1750677 0.012 0.02597659 0.1861312 0.012 0.0354724 0.1768693 0.012 0.0277453 0.1847915 0.012 0.03408898 0.178604 0.012 0.02944502 0.1833653 0.012 0.03262081 0.1802677 0.012 0.03107154 0.1818561 0.012 0.0178 0.15 0.007 0.01777787 0.1508873 0.007 0.01771155 0.1517723 0.007 0.01760119 0.152653 0.007 0.01744707 0.153527 0.007 0.01724958 0.1543923 0.007 0.0170092 0.1552466 0.007 0.01672653 0.156088 0.007 0.01640228 0.1569141 0.007 0.01603725 0.1577231 0.007 0.01563234 0.1585129 0.007 0.01518858 0.1592815 0.007 0.01470705 0.1600271 0.007 0.01418896 0.1607477 0.007 0.01363559 0.1614416 0.007 0.01304832 0.1621071 0.007 0.01242862 0.1627424 0.007 0.01177801 0.1633461 0.007 0.01109812 0.1639166 0.007 0.01039064 0.1644525 0.007 0.009657324 0.1649525 0.007 0.0089 0.1654153 0.007 0.00812055 0.1658397 0.007 0.00732091 0.1662248 0.007 0.00650307 0.1665695 0.007 0.005669062 0.1668731 0.007 0.004820961 0.1671347 0.007 0.003960873 0.1673537 0.007 0.003090938 0.1675296 0.007 0.002213318 0.1676619 0.007 0.001330196 0.1677502 0.007 0.0004437663 0.1677945 0.007 -0.0004437663 0.1677945 0.007 -0.001330196 0.1677502 0.007 -0.002213318 0.1676619 0.007 -0.003090938 0.1675296 0.007 -0.003960873 0.1673537 0.007 -0.004820961 0.1671347 0.007 -0.005669062 0.1668731 0.007 -0.00650307 0.1665695 0.007 -0.00732091 0.1662248 0.007 -0.00812055 0.1658397 0.007 -0.0089 0.1654153 0.007 -0.009657324 0.1649525 0.007 -0.01039064 0.1644525 0.007 -0.01109812 0.1639166 0.007 -0.01177801 0.1633461 0.007 -0.01242862 0.1627424 0.007 -0.01304832 0.1621071 0.007 -0.01363559 0.1614416 0.007 -0.01418896 0.1607477 0.007 -0.01470705 0.1600271 0.007 -0.01518858 0.1592815 0.007 -0.01563234 0.1585129 0.007 -0.01603725 0.1577231 0.007 -0.01640228 0.1569141 0.007 -0.01672653 0.156088 0.007 -0.0170092 0.1552466 0.007 -0.01724958 0.1543923 0.007 -0.01744707 0.153527 0.007 -0.01760119 0.152653 0.007 -0.01771155 0.1517723 0.007 -0.01777787 0.1508873 0.007 -0.0178 0.15 0.007 -0.01777787 0.1491127 0.007 -0.01771155 0.1482277 0.007 -0.01760119 0.147347 0.007 -0.01744707 0.146473 0.007 -0.01724958 0.1456077 0.007 -0.0170092 0.1447534 0.007 -0.01672653 0.143912 0.007 -0.01640228 0.1430859 0.007 -0.01603725 0.1422769 0.007 -0.01563234 0.1414871 0.007 -0.01518858 0.1407185 0.007 -0.01470705 0.1399729 0.007 -0.01418896 0.1392523 0.007 -0.01363559 0.1385584 0.007 -0.01304832 0.1378929 0.007 -0.01242862 0.1372576 0.007 -0.01177801 0.1366539 0.007 -0.01109812 0.1360834 0.007 -0.01039064 0.1355475 0.007 -0.009657324 0.1350475 0.007 -0.0089 0.1345847 0.007 -0.00812055 0.1341603 0.007 -0.00732091 0.1337752 0.007 -0.00650307 0.1334305 0.007 -0.005669062 0.1331269 0.007 -0.004820961 0.1328653 0.007 -0.003960873 0.1326463 0.007 -0.003090938 0.1324704 0.007 -0.002213318 0.1323381 0.007 -0.001330196 0.1322498 0.007 -0.0004437663 0.1322055 0.007 0.0004437663 0.1322055 0.007 0.001330196 0.1322498 0.007 0.002213318 0.1323381 0.007 0.003090938 0.1324704 0.007 0.003960873 0.1326463 0.007 0.004820961 0.1328653 0.007 0.005669062 0.1331269 0.007 0.00650307 0.1334305 0.007 0.00732091 0.1337752 0.007 0.00812055 0.1341603 0.007 0.0089 0.1345847 0.007 0.009657324 0.1350475 0.007 0.01039064 0.1355475 0.007 0.01109812 0.1360834 0.007 0.01177801 0.1366539 0.007 0.01242862 0.1372576 0.007 0.01304832 0.1378929 0.007 0.01363559 0.1385584 0.007 0.01418896 0.1392523 0.007 0.01470705 0.1399729 0.007 0.01518858 0.1407185 0.007 0.01563234 0.1414871 0.007 0.01603725 0.1422769 0.007 0.01640228 0.1430859 0.007 0.01672653 0.143912 0.007 0.0170092 0.1447534 0.007 0.01724958 0.1456077 0.007 0.01744707 0.146473 0.007 0.01760119 0.147347 0.007 0.01771155 0.1482277 0.007 0.01777787 0.1491127 0.007 0.0445 0.15 0.007 0.04444468 0.1522181 0.007 0.04427887 0.1544308 0.007 0.04400297 0.1566324 0.007 0.04361768 0.1588175 0.007 0.04312394 0.1609807 0.007 0.04252299 0.1631166 0.007 0.04181632 0.1652199 0.007 0.04100569 0.1672854 0.007 0.04009311 0.1693078 0.007 0.03908086 0.1712823 0.007 0.03797144 0.1732039 0.007 0.03676762 0.1750677 0.007 0.0354724 0.1768693 0.007 0.03408898 0.178604 0.007 0.03262081 0.1802677 0.007 0.03107154 0.1818561 0.007 0.02944502 0.1833653 0.007 0.0277453 0.1847915 0.007 0.02597659 0.1861312 0.007 0.02414331 0.1873811 0.007 0.02225 0.1885381 0.007 0.02030137 0.1895993 0.007 0.01830228 0.190562 0.007 0.01625768 0.1914239 0.007 0.01417266 0.1921828 0.007 0.0120524 0.1928368 0.007 0.009902182 0.1933843 0.007 0.007727344 0.1938239 0.007 0.005533295 0.1941546 0.007 0.003325489 0.1943756 0.007 0.001109416 0.1944862 0.007 -0.001109416 0.1944862 0.007 -0.003325489 0.1943756 0.007 -0.005533295 0.1941546 0.007 -0.007727344 0.1938239 0.007 -0.009902182 0.1933843 0.007 -0.0120524 0.1928368 0.007 -0.01417266 0.1921828 0.007 -0.01625768 0.1914239 0.007 -0.01830228 0.190562 0.007 -0.02030137 0.1895993 0.007 -0.02225 0.1885381 0.007 -0.02414331 0.1873811 0.007 -0.02597659 0.1861312 0.007 -0.0277453 0.1847915 0.007 -0.02944502 0.1833653 0.007 -0.03107154 0.1818561 0.007 -0.03262081 0.1802677 0.007 -0.03408898 0.178604 0.007 -0.0354724 0.1768693 0.007 -0.03676762 0.1750677 0.007 -0.03797144 0.1732039 0.007 -0.03908086 0.1712823 0.007 -0.04009311 0.1693078 0.007 -0.04100569 0.1672854 0.007 -0.04181632 0.1652199 0.007 -0.04252299 0.1631166 0.007 -0.04312394 0.1609807 0.007 -0.04361768 0.1588175 0.007 -0.04400297 0.1566324 0.007 -0.04427887 0.1544308 0.007 -0.04444468 0.1522181 0.007 -0.0445 0.15 0.007 -0.04444468 0.1477819 0.007 -0.04427887 0.1455692 0.007 -0.04400297 0.1433676 0.007 -0.04361768 0.1411825 0.007 -0.04312394 0.1390193 0.007 -0.04252299 0.1368834 0.007 -0.04181632 0.1347801 0.007 -0.04100569 0.1327146 0.007 -0.04009311 0.1306922 0.007 -0.03908086 0.1287177 0.007 -0.03797144 0.1267961 0.007 -0.03676762 0.1249323 0.007 -0.0354724 0.1231307 0.007 -0.03408898 0.121396 0.007 -0.03262081 0.1197323 0.007 -0.03107154 0.1181439 0.007 -0.02944502 0.1166347 0.007 -0.0277453 0.1152085 0.007 -0.02597659 0.1138688 0.007 -0.02414331 0.1126188 0.007 -0.02225 0.1114619 0.007 -0.02030137 0.1104007 0.007 -0.01830228 0.109438 0.007 -0.01625768 0.1085761 0.007 -0.01417266 0.1078172 0.007 -0.0120524 0.1071632 0.007 -0.009902182 0.1066157 0.007 -0.007727344 0.1061761 0.007 -0.005533295 0.1058454 0.007 -0.003325489 0.1056244 0.007 -0.001109416 0.1055138 0.007 0.001109416 0.1055138 0.007 0.003325489 0.1056244 0.007 0.005533295 0.1058454 0.007 0.007727344 0.1061761 0.007 0.009902182 0.1066157 0.007 0.0120524 0.1071632 0.007 0.01417266 0.1078172 0.007 0.01625768 0.1085761 0.007 0.01830228 0.109438 0.007 0.02030137 0.1104007 0.007 0.02225 0.1114619 0.007 0.02414331 0.1126188 0.007 0.02597659 0.1138688 0.007 0.0277453 0.1152085 0.007 0.02944502 0.1166347 0.007 0.03107154 0.1181439 0.007 0.03262081 0.1197323 0.007 0.03408898 0.121396 0.007 0.0354724 0.1231307 0.007 0.03676762 0.1249323 0.007 0.03797144 0.1267961 0.007 0.03908086 0.1287177 0.007 0.04009311 0.1306922 0.007 0.04100569 0.1327146 0.007 0.04181632 0.1347801 0.007 0.04252299 0.1368834 0.007 0.04312394 0.1390193 0.007 0.04361768 0.1411825 0.007 0.04400297 0.1433676 0.007 0.04427887 0.1455692 0.007 0.04444468 0.1477819 0.007</float_array>
          <technique_common>
            <accessor count="918" source="#cubeverts-array0-array" stride="3">
              <param type="float" name="X"/>
              <param type="float" name="Y"/>
              <param type="float" name="Z"/>
            </accessor>
          </technique_common>
        </source>
        <source id="cubenormals-array0">
          <float_array count="5520" id="cubenormals-array0-array">0.9800847 -0.1985803 0 0.9800847 -0.1985803 0 0.9887662 -0.1494701 0 0.9887662 -0.1494701 0 0.9949891 -0.09998362 0 0.9949891 -0.09998362 0 0.9987366 -0.05025196 0 0.9987366 -0.05025196 0 0.9999999 -0.0003933618 0 0.9999999 -0.0003933618 0 0.9987758 0.04946501 0 0.9987758 0.04946501 -0 0.9950674 0.09920123 0 0.9950674 0.09920123 -0 0.9888841 0.1486884 0 0.9888841 0.1486884 -0 0.9802402 0.1978107 0 0.9802402 0.1978107 -0 0.9691589 0.2464364 0 0.9556667 0.2944506 0 0.9691589 0.2464364 -0 0.9556667 0.2944506 0 0.9397978 0.3417313 0 0.9215903 0.3881641 0 0.9397978 0.3417313 -0 0.9215903 0.3881641 0 0.9010906 0.4336308 0 0.9010906 0.4336308 0 0.8783509 0.4780165 -0 0.8783509 0.4780165 0 0.8534241 0.5212172 -0 0.8534241 0.5212172 0 0.8263767 0.5631178 0 0.8263767 0.5631178 0 0.7972723 0.6036198 0 0.7972723 0.6036198 -0 0.7661849 0.6426202 0 0.7661849 0.6426202 -0 0.733191 0.6800228 0 0.733191 0.6800228 -0 0.6983767 0.7157304 0 0.6618217 0.7496614 0 0.6983767 0.7157304 -0 0.6618217 0.7496614 0 0.6236215 0.7817264 0 0.5838702 0.811847 0 0.6236215 0.7817264 -0 0.5838702 0.811847 0 0.5426674 0.8399477 0 0.5426674 0.8399477 -0 0.5001148 0.865959 0 0.5001148 0.865959 -0 0.4563161 0.8898178 0 0.4563161 0.8898178 -0 0.4113819 0.911463 0 0.4113819 0.911463 -0 0.365428 0.9308396 0 0.365428 0.9308396 -0 0.3185655 0.9479008 0 0.3185655 0.9479008 -0 0.2709076 0.9626054 0 0.2709076 0.9626054 -0 0.2225727 0.9749161 0 0.2225727 0.9749161 -0 0.173695 0.9847995 0 0.124372 0.9922357 0 0.173695 0.9847995 -0 0.124372 0.9922357 0 0.07474735 0.9972025 0 0.07474735 0.9972025 -0 0.02493909 0.999689 0 0.02493909 0.999689 -0 -0.02493909 0.999689 0 -0.02493909 0.999689 0 -0.07474735 0.9972025 0 -0.07474735 0.9972025 0 -0.124372 0.9922357 0 -0.124372 0.9922357 0 -0.173695 0.9847995 0 -0.173695 0.9847995 0 -0.2225727 0.9749161 0 -0.2225727 0.9749161 0 -0.2709076 0.9626054 0 -0.2709076 0.9626054 0 -0.3185655 0.9479008 0 -0.3185655 0.9479008 0 -0.365428 0.9308396 0 -0.365428 0.9308396 0 -0.4113819 0.911463 0 -0.4113819 0.911463 0 -0.4563161 0.8898178 0 -0.4563161 0.8898178 0 -0.5001148 0.865959 0 -0.5001148 0.865959 0 -0.5426674 0.8399477 0 -0.5426674 0.8399477 0 -0.5838702 0.811847 0 -0.5838702 0.811847 0 -0.6236215 0.7817264 0 -0.6236215 0.7817264 0 -0.6618217 0.7496614 0 -0.6983767 0.7157304 0 -0.6618217 0.7496614 0 -0.6983767 0.7157304 0 -0.733191 0.6800228 0 -0.733191 0.6800228 0 -0.7661849 0.6426202 0 -0.7661849 0.6426202 0 -0.7972723 0.6036198 0 -0.7972723 0.6036198 0 -0.8263767 0.5631178 0 -0.8534241 0.5212172 0 -0.8263767 0.5631178 0 -0.8534241 0.5212172 0 -0.8783509 0.4780165 0 -0.9010906 0.4336308 0 -0.8783509 0.4780165 0 -0.9010906 0.4336308 0 -0.9215903 0.3881641 0 -0.9215903 0.3881641 0 -0.9397978 0.3417313 0 -0.9397978 0.3417313 0 -0.9556667 0.2944506 0 -0.9556667 0.2944506 0 -0.9691589 0.2464364 0 -0.9691589 0.2464364 0 -0.9802402 0.1978107 0 -0.9802402 0.1978107 0 -0.9888841 0.1486884 0 -0.9888841 0.1486884 0 -0.9950674 0.09920123 0 -0.9950674 0.09920123 0 -0.9987758 0.04946501 0 -0.9987758 0.04946501 0 -0.9999999 -0.0003933618 0 -0.9999999 -0.0003933618 0 -0.9987366 -0.05025196 0 -0.9987366 -0.05025196 0 -0.9949891 -0.09998362 -0 -0.9949891 -0.09998362 0 -0.9887662 -0.1494701 -0 -0.9887662 -0.1494701 0 -0.9800847 -0.1985803 0 -0.9800847 -0.1985803 0 0.9748276 -0.2229598 0 0.9748276 -0.2229598 0 -0.9748276 -0.2229598 0 -0.9748276 -0.2229598 0 0 -0 -1 0 0 -1 0 -0 -1 0 0 -1 0 -0 -1 0 0 -1 0 -0 -1 0 0 -1 0 -0 -1 0 0 -1 0 -0 -1 0 0 -1 0 -0 -1 0 0 -1 0 -0 -1 0 0 -1 0 -0 -1 0 0 -1 0 -0 -1 0 0 -1 0 -0 -1 0 0 -1 0 -0 -1 0 0 -1 0 -0 -1 0 0 -1 0 -0 -1 0 0 -1 0 -0 -1 0 0 -1 0 -0 -1 0 0 -1 0 -0 -1 0 0 -1 0 0 -1 0 0 -1 0 -0 -1 0 -0 -1 0 -0 -1 0 -0 -1 0 -0 -1 0 -0 -1 0 -0 -1 0 -0 -1 0 -0 -1 0 -0 -1 0 -0 -1 0 -0 -1 0 -0 -1 0 -0 -1 0 -0 -1 0 -0 -1 0 -0 -1 0 -0 -1 0 -0 -1 0 -0 -1 0 -0 -1 0 0 -1 0 0 -1 0 0 -1 0 0 -1 0 0 -1 0 0 -1 0 0 -1 0 0 -1 0 0 -1 0 0 -1 0 0 -1 0 0 -1 0 0 -1 0 0 -1 0 0 -1 0 0 -1 0 0 -1 0 0 -1 0 0 -1 0 0 -1 0 0 -1 0 0 -1 0 0 -1 0 0 -1 0 0 -1 0 0 -1 0 0 -1 0 0 -1 0 0 -1 0 0 -1 0 0 -1 0 0 -1 0 0 -1 3.031145e-17 2.956475e-17 -1 3.016048e-17 3.250569e-17 -1 3.048049e-17 2.689924e-17 -1 3.002907e-17 3.578718e-17 -1 3.06669e-17 2.445576e-17 -1 3.026006e-17 2.242524e-17 -1 -1.614177e-17 2.29196e-17 -1 2.991927e-17 3.949836e-17 -1 3.087021e-17 2.219454e-17 -1 -1.469497e-17 2.3206e-17 -1 1.559589e-17 2.287475e-17 -1 3.109062e-17 2.008012e-17 -1 -1.329995e-17 2.347755e-17 -1 1.415845e-17 2.316965e-17 -1 3.132822e-17 1.808764e-17 -1 1.276933e-17 2.344824e-17 -1 -1.194572e-17 2.373207e-17 -1 3.158384e-17 1.619206e-17 -1 -1.062404e-17 2.396742e-17 -1 1.141742e-17 2.370853e-17 -1 3.185826e-17 1.437492e-17 -1 1.009498e-17 2.394859e-17 -1 -9.327775e-18 2.418156e-17 -1 3.215275e-17 1.261897e-17 -1 -8.051643e-18 2.437257e-17 -1 8.796018e-18 2.416653e-17 -1 3.246877e-17 1.090895e-17 -1 -6.790793e-18 2.453866e-17 -1 7.514019e-18 2.43606e-17 -1 3.28081e-17 9.230959e-18 -1 6.246011e-18 2.452917e-17 -1 -5.541693e-18 2.467822e-17 -1 3.317311e-17 7.571544e-18 -1 3.336602e-17 6.760474e-18 -1 -4.301366e-18 2.478988e-17 -1 4.987206e-18 2.46708e-17 -1 3.366158e-17 5.088563e-18 -1 3.35093e-17 5.908528e-18 -1 -3.067803e-18 2.48725e-17 -1 3.736014e-18 2.478425e-17 -1 3.387343e-17 3.403844e-18 -1 3.376217e-17 4.230948e-18 -1 -1.838532e-18 2.492519e-17 -1 2.488301e-18 2.486853e-17 -1 3.400101e-17 1.710779e-18 -1 3.393108e-17 2.542798e-18 -1 -6.124506e-19 2.494738e-17 -1 1.24372e-18 2.492289e-17 -1 3.404402e-17 1.339162e-20 -1 3.401565e-17 8.482413e-19 -1 0 2.494689e-17 -1 0 2.494689e-17 -1 6.124506e-19 2.494738e-17 -1 3.400235e-17 -1.683988e-18 -1 3.401565e-17 -8.482413e-19 -1 -1.24372e-18 2.492289e-17 -1 1.838532e-18 2.492519e-17 -1 3.393108e-17 -2.542798e-18 -1 3.38761e-17 -3.377209e-18 -1 -2.488301e-18 2.486853e-17 -1 3.067803e-18 2.48725e-17 -1 3.376215e-17 -4.230945e-18 -1 3.366559e-17 -5.061951e-18 -1 -3.736014e-18 2.478425e-17 -1 4.301366e-18 2.478988e-17 -1 3.35093e-17 -5.908528e-18 -1 3.337132e-17 -6.734273e-18 -1 -4.987206e-18 2.46708e-17 -1 5.541693e-18 2.467822e-17 -1 3.317311e-17 -7.571544e-18 -1 3.299407e-17 -8.389688e-18 -1 -6.246011e-18 2.452917e-17 -1 6.790793e-18 2.453865e-17 -1 3.275443e-17 -9.215857e-18 -1 3.253474e-17 -1.002428e-17 -1 -7.514019e-18 2.43606e-17 -1 8.051644e-18 2.437257e-17 -1 3.225438e-17 -1.083692e-17 -1 3.199449e-17 -1.163391e-17 -1 -8.796018e-18 2.416653e-17 -1 9.327775e-18 2.418156e-17 -1 3.167415e-17 -1.243113e-17 -1 3.137464e-17 -1.321467e-17 -1 -1.009498e-17 2.394859e-17 -1 1.062404e-17 2.396742e-17 -1 3.101507e-17 -1.39946e-17 -1 3.067675e-17 -1.476254e-17 -1 -1.141742e-17 2.370853e-17 -1 1.194572e-17 2.373206e-17 -1 3.0279e-17 -1.55231e-17 -1 2.99026e-17 -1.62736e-17 -1 -1.276933e-17 2.344823e-17 -1 1.329995e-17 2.347755e-17 -1 2.946742e-17 -1.701329e-17 -1 2.905398e-17 -1.774433e-17 -1 -1.415845e-17 2.316965e-17 -1 1.469498e-17 2.320601e-17 -1 2.858304e-17 -1.846057e-17 -1 2.813319e-17 -1.917079e-17 -1 -1.559589e-17 2.287475e-17 -1 1.614177e-17 2.29196e-17 -1 2.762702e-17 -1.986281e-17 -1 2.714235e-17 -2.054964e-17 -1 2.608401e-17 -2.187737e-17 -1 2.660293e-17 -2.121475e-17 -1 2.496077e-17 -2.315071e-17 -1 2.55122e-17 -2.251468e-17 -1 2.435833e-17 -2.375828e-17 -1 2.377555e-17 -2.436634e-17 -1 2.314354e-17 -2.494313e-17 -1 2.253107e-17 -2.552148e-17 -1 2.187166e-17 -2.606557e-17 -1 2.054536e-17 -2.712326e-17 -1 2.123058e-17 -2.661311e-17 -1 1.987729e-17 -2.763854e-17 -1 1.916778e-17 -2.81137e-17 -1 1.847458e-17 -2.85952e-17 -1 1.774226e-17 -2.903439e-17 -1 1.627327e-17 -2.98825e-17 -1 1.702592e-17 -2.948073e-17 -1 1.476342e-17 -3.065656e-17 -1 1.553483e-17 -3.029298e-17 -1 1.40051e-17 -3.102987e-17 -1 1.321675e-17 -3.135444e-17 -1 1.244064e-17 -3.168952e-17 -1 1.16378e-17 -3.197414e-17 -1 1.084525e-17 -3.227036e-17 -1 1.002912e-17 -3.251461e-17 -1 9.222783e-18 -3.277095e-17 -1 8.396368e-18 -3.297399e-17 -1 -2.991927e-17 3.949836e-17 -1 -3.002907e-17 3.578718e-17 -1 -3.016048e-17 3.250569e-17 -1 -3.031145e-17 2.95647e-17 -1 -3.048048e-17 2.689936e-17 -1 -3.06669e-17 2.445573e-17 -1 -3.087021e-17 2.21945e-17 -1 -3.109061e-17 2.008018e-17 -1 -3.132821e-17 1.80876e-17 -1 -3.158384e-17 1.619202e-17 -1 -3.185827e-17 1.437499e-17 -1 -3.215277e-17 1.26189e-17 -1 -3.246876e-17 1.090902e-17 -1 -3.280814e-17 9.230897e-18 -1 -3.317311e-17 7.571545e-18 -1 0 0 -1 0 0 -1 0 0 -1 0 0 -1 0 0 -1 0 0 -1 0 0 -1 0 0 -1 0 0 -1 0 0 -1 -3.026006e-17 2.242524e-17 -1 0 0 -1 0 0 -1 0 0 -1 0 0 -1 0 0 -1 0 0 -1 0 0 -1 0 0 -1 7.577268e-18 -3.319006e-17 -1 6.74203e-18 -3.335159e-17 -1 -3.35093e-17 5.908528e-18 -1 -3.336602e-17 6.760472e-18 -1 5.913276e-18 -3.352653e-17 -1 5.071862e-18 -3.364609e-17 -1 -3.376215e-17 4.230945e-18 -1 -3.366158e-17 5.088563e-18 -1 4.234125e-18 -3.377969e-17 -1 3.387688e-18 -3.385716e-17 -1 -3.393108e-17 2.542798e-18 -1 -3.387343e-17 3.403844e-18 -1 2.544701e-18 -3.394879e-17 -1 1.695891e-18 -3.398393e-17 -1 -2.973963e-17 2.528041e-16 -1 -3.400101e-17 1.710779e-18 -1 8.490269e-19 -3.403343e-17 -1 0 -3.402622e-17 -1 -3.000574e-17 -2.528107e-16 -1 -3.833016e-17 1.506557e-20 -1 -8.490269e-19 -3.403343e-17 -1 -1.695891e-18 -3.398393e-17 -1 -3.393108e-17 -2.542798e-18 -1 -3.400235e-17 -1.683988e-18 -1 -3.387688e-18 -3.385716e-17 -1 -2.544701e-18 -3.394879e-17 -1 -3.376215e-17 -4.230945e-18 -1 -3.38761e-17 -3.377209e-18 -1 -4.234125e-18 -3.377969e-17 -1 -5.071862e-18 -3.364609e-17 -1 -3.35093e-17 -5.908528e-18 -1 -3.366559e-17 -5.06195e-18 -1 -6.74203e-18 -3.335159e-17 -1 -5.913276e-18 -3.352653e-17 -1 -3.317312e-17 -7.571546e-18 -1 -3.337132e-17 -6.734274e-18 -1 -7.577268e-18 -3.319006e-17 -1 -8.396368e-18 -3.297399e-17 -1 -3.275444e-17 -9.215787e-18 -1 -3.299407e-17 -8.389688e-18 -1 -1.002912e-17 -3.251461e-17 -1 -9.222783e-18 -3.277095e-17 -1 -3.225436e-17 -1.083699e-17 -1 -3.253474e-17 -1.002428e-17 -1 -1.084525e-17 -3.227036e-17 -1 -1.163779e-17 -3.197414e-17 -1 -3.167416e-17 -1.243106e-17 -1 -3.199449e-17 -1.163391e-17 -1 -1.321675e-17 -3.135444e-17 -1 -1.244064e-17 -3.168952e-17 -1 -3.10151e-17 -1.399454e-17 -1 -3.137461e-17 -1.321469e-17 -1 -1.476342e-17 -3.065656e-17 -1 -1.40051e-17 -3.102987e-17 -1 -3.067675e-17 -1.476254e-17 -1 -3.0279e-17 -1.552307e-17 -1 -1.627327e-17 -2.98825e-17 -1 -1.553483e-17 -3.029298e-17 -1 -2.946747e-17 -1.701329e-17 -1 -2.990262e-17 -1.627361e-17 -1 -1.774226e-17 -2.903439e-17 -1 -1.702592e-17 -2.948073e-17 -1 -2.858301e-17 -1.846063e-17 -1 -2.905398e-17 -1.774433e-17 -1 -1.847458e-17 -2.85952e-17 -1 -1.916778e-17 -2.81137e-17 -1 -2.762704e-17 -1.986278e-17 -1 -2.813318e-17 -1.917079e-17 -1 -2.054536e-17 -2.712326e-17 -1 -1.987729e-17 -2.763854e-17 -1 -2.66029e-17 -2.121483e-17 -1 -2.714235e-17 -2.054964e-17 -1 -2.187165e-17 -2.606557e-17 -1 -2.123058e-17 -2.661311e-17 -1 -2.551214e-17 -2.251475e-17 -1 -2.608404e-17 -2.187736e-17 -1 -2.314354e-17 -2.494313e-17 -1 -2.253107e-17 -2.552148e-17 -1 -2.435834e-17 -2.375826e-17 -1 -2.496077e-17 -2.31507e-17 -1 -2.377555e-17 -2.436634e-17 -1 0 0 1 0 0 1 0 0 1 0 0 1 0 0 1 0 0 1 0 0 1 0 0 1 0 0 1 0 0 1 0 0 1 0 0 1 0 0 1 0 0 1 0 0 1 0 0 1 0 0 1 0 0 1 0 0 1 0 0 1 0 0 1 0 0 1 0 0 1 0 0 1 0 0 1 0 0 1 0 0 1 0 0 1 0 0 1 0 0 1 0 0 1 0 0 1 0 0 1 0 0 1 0 0 1 0 0 1 0 0 1 0 0 1 0 0 1 0 0 1 0 0 1 0 0 1 0 0 1 0 0 1 0 0 1 0 0 1 0 0 1 0 0 1 0 0 1 0 0 1 0 0 1 0 0 1 0 0 1 0 0 1 0 0 1 0 0 1 0 0 1 0 0 1 0 0 1 0 0 1 0 0 1 0 0 1 0 0 1 0 0 1 0 0 1 0 0 1 0 0 1 0 0 1 0 0 1 0 0 1 0 0 1 0 0 1 0 0 1 0 0 1 0 0 1 0 0 1 0 0 1 0 0 1 0 0 1 0 0 1 0 0 1 0 0 1 0 0 1 0 0 1 0 0 1 0 0 1 0 0 1 0 0 1 0 0 1 0 0 1 0 0 1 0 0 1 0 0 1 0 0 1 0 0 1 0 0 1 0 0 1 0 0 1 0 0 1 0 0 1 0 0 1 0 0 1 0 0 1 0 0 1 0 0 1 0 0 1 0 0 1 0 0 1 0 0 1 0 0 1 0 0 1 0 0 1 0 0 1 0 0 1 0 0 1 0 0 1 0 0 1 0 0 1 0 0 1 0 0 1 0 0 1 0 0 1 0 0 1 0 0 1 0 0 1 0 0 1 0 0 1 0 0 1 0 0 1 0 0 1 0 0 1 0 0 1 0 0 1 0 0 1 0 0 1 0 0 1 0 0 1 0 0 1 0 0 1 0 0 1 0 0 1 0 0 1 0 0 1 0 0 1 0 0 1 0 0 1 0 0 1 0 0 1 0 0 1 0 0 1 0 0 1 0 0 1 0 0 1 0 0 1 0 0 1 0 0 1 0 0 1 0 0 1 0 0 1 0 0 1 0 0 1 0 0 1 0 0 1 0 0 1 0 0 1 0 0 1 0 0 1 0 0 1 0 0 1 0 0 1 0 0 1 0 0 1 0 0 1 0 0 1 0 0 1 0 0 1 0 0 1 0 0 1 0 0 1 0 0 1 0 0 1 0 0 1 0 0 1 0 0 1 0 0 1 0 0 1 0 0 1 0 0 1 0 0 1 0 0 1 0 0 1 0 0 1 0 0 1 0 0 1 0 0 1 0 0 1 0 0 1 0 0 1 0 0 1 0 0 1 0 0 1 0 0 1 0 0 1 0 0 1 0 0 1 0 0 1 0 0 1 0 0 1 0 0 1 0 0 1 0 0 1 0 0 1 0 0 1 0 0 1 0 0 1 0 0 1 0 0 1 0 0 1 0 0 1 0 0 1 0 0 1 0 0 1 0 0 1 0 0 1 0 0 1 0 0 1 0 0 1 0 0 1 0 0 1 0 0 1 0 0 1 0 0 1 0 0 1 0 0 1 0 0 1 0 0 1 0 0 1 0 0 1 0 0 1 0 0 1 0 0 1 0 0 1 0 0 1 0 0 1 0 0 1 0 0 1 0 0 1 0 0 1 0 0 1 0 0 1 0 0 1 0 0 1 0 0 1 0 0 1 0 0 1 0 0 1 0 0 1 0 0 1 0 0 1 0 0 1 0 0 1 0 0 1 0 0 1 0 0 1 0 0 1 0 0 1 0 0 1 0 0 1 0 0 1 0 0 1 0 0 1 0 0 1 0 0 1 0 0 1 0 0 1 0 0 1 0 0 1 0 0 1 0 0 1 0 0 1 0 0 1 0 0 1 0 0 1 0 0 1 0 0 1 0 0 1 0 0 1 0 0 1 0 0 1 0 0 1 0 0 1 0 0 1 0 0 1 0 0 1 0 0 1 0 0 1 0 0 1 0 0 1 0 0 1 0 0 1 0 0 1 0 0 1 0 0 1 0 0 1 0 0 1 0 0 1 0 0 1 0 0 1 0 0 1 0 0 1 0 0 1 0 0 1 0 0 1 0 0 1 0 0 1 0 0 1 0 0 1 0 0 1 0 0 1 0 0 1 0 0 1 0 0 1 0 0 1 0 0 1 0 0 1 0 0 1 0 0 1 0 0 1 0 0 1 0 0 1 0 0 1 0 0 1 0 0 1 0 0 1 0 0 1 0 -1 0 0 -1 0 -0 1 0 0 1 0 0.9996988 0.02454229 0 0.9996988 0.02454229 0 0.9972905 0.07356433 0 0.9972905 0.07356433 0 0.9924797 0.1224095 0 0.9852775 0.1709627 -0 0.9924797 0.1224095 0 0.9852775 0.1709627 0 0.975702 0.2191015 0 0.9637762 0.2667121 -0 0.975702 0.2191015 0 0.9495285 0.3136806 -0 0.9637762 0.2667121 0 0.9329923 0.3598964 -0 0.9495285 0.3136806 0 0.9329923 0.3598964 0 0.9142096 0.4052417 0 0.9142096 0.4052417 0 0.8932245 0.4496109 0 0.8932245 0.4496109 0 0.8700867 0.4928985 0 0.8700867 0.4928985 0 0.844854 0.534997 -0 0.844854 0.534997 0 0.8175849 0.5758079 0 0.7883462 0.615232 -0 0.8175849 0.5758079 0 0.7883462 0.615232 0 0.7572083 0.6531734 0 0.7572083 0.6531734 0 0.7242481 0.6895396 0 0.7242481 0.6895396 0 0.6895401 0.7242476 0 0.6895401 0.7242476 0 0.6531729 0.7572088 0 0.6531729 0.7572088 0 0.6152313 0.7883466 0 0.6152313 0.7883466 0 0.5758089 0.8175843 0 0.5758089 0.8175843 0 0.5349975 0.8448536 0 0.5349975 0.8448536 0 0.4928973 0.8700875 0 0.4496122 0.8932238 -0 0.4928973 0.8700875 0 0.4496122 0.8932238 0 0.4052408 0.91421 0 0.4052408 0.91421 0 0.3598951 0.9329928 -0 0.3598951 0.9329928 0 0.3136819 0.9495281 0 0.3136819 0.9495281 0 0.266713 0.963776 0 0.266713 0.963776 0 0.2191007 0.9757023 0 0.2191007 0.9757023 0 0.1709617 0.9852777 0 0.1709617 0.9852777 0 0.1224114 0.9924794 0 0.1224114 0.9924794 0 0.07356431 0.9972905 0 0.07356431 0.9972905 0 0.02454123 0.9996988 0 0.02454123 0.9996988 0 -0.02454123 0.9996988 0 -0.02454123 0.9996988 0 -0.07356431 0.9972905 0 -0.07356431 0.9972905 0 -0.1224114 0.9924794 0 -0.1224114 0.9924794 0 -0.1709617 0.9852777 0 -0.1709617 0.9852777 0 -0.2191007 0.9757023 0 -0.2191007 0.9757023 0 -0.266713 0.963776 0 -0.266713 0.963776 0 -0.3136819 0.9495281 0 -0.3136819 0.9495281 0 -0.3598951 0.9329928 0 -0.3598951 0.9329928 0 -0.4052408 0.91421 0 -0.4052408 0.91421 0 -0.4496122 0.8932238 0 -0.4496122 0.8932238 0 -0.4928973 0.8700875 0 -0.4928973 0.8700875 0 -0.5349975 0.8448536 0 -0.5349975 0.8448536 0 -0.5758089 0.8175843 0 -0.5758089 0.8175843 0 -0.6152313 0.7883466 0 -0.6152313 0.7883466 0 -0.6531729 0.7572088 0 -0.6531729 0.7572088 0 -0.6895401 0.7242476 0 -0.6895401 0.7242476 0 -0.7242481 0.6895396 0 -0.7242481 0.6895396 0 -0.7572083 0.6531734 0 -0.7883462 0.615232 0 -0.7572083 0.6531734 0 -0.7883462 0.615232 0 -0.8175849 0.5758079 0 -0.8175849 0.5758079 0 -0.844854 0.534997 0 -0.8700867 0.4928985 0 -0.844854 0.534997 0 -0.8700867 0.4928985 0 -0.8932245 0.4496109 0 -0.8932245 0.4496109 0 -0.9142096 0.4052417 0 -0.9142096 0.4052417 0 -0.9329923 0.3598964 0 -0.9329923 0.3598964 0 -0.9495285 0.3136806 0 -0.9495285 0.3136806 0 -0.9637762 0.2667121 0 -0.9637762 0.2667121 0 -0.975702 0.2191015 0 -0.9852775 0.1709627 0 -0.975702 0.2191015 0 -0.9924797 0.1224095 0 -0.9852775 0.1709627 0 -0.9924797 0.1224095 0 -0.9972905 0.07356433 0 -0.9972905 0.07356433 0 -0.9996988 0.02454229 0 -0.9996988 0.02454229 0 1 0 0 1 0 0 -1 0 0 -1 0 0 0.0245423 -0.9996988 0 0.0245423 -0.9996988 0 0.07356217 -0.9972907 0 0.07356217 -0.9972907 0 0.1224135 -0.9924791 0 0.1224135 -0.9924791 0 0.1709586 -0.9852782 0 0.2191017 -0.975702 0 0.1709586 -0.9852782 0 0.2191017 -0.975702 0 0.266714 -0.9637758 0 0.266714 -0.9637758 0 0.3136829 -0.9495279 0 0.3136829 -0.9495279 0 0.3598923 -0.9329939 0 0.3598923 -0.9329939 0 0.4052417 -0.9142096 0 0.4052417 -0.9142096 0 0.4496114 -0.8932242 0 0.4496114 -0.8932242 0 0.4929005 -0.8700857 0 0.4929005 -0.8700857 0 0.5349959 -0.8448547 0 0.5758075 -0.8175853 0 0.5349959 -0.8448547 0 0.5758075 -0.8175853 0 0.6152326 -0.7883456 0 0.6152326 -0.7883456 0 0.6531729 -0.7572088 0 0.6531729 -0.7572088 0 0.6895412 -0.7242464 0 0.724246 -0.6895417 0 0.6895412 -0.7242464 0 0.724246 -0.6895417 0 0.7572093 -0.6531723 0 0.7572093 -0.6531723 0 0.7883462 -0.615232 0 0.7883462 -0.615232 0 0.8175857 -0.575807 0 0.8175857 -0.575807 0 0.8448533 -0.5349979 0 0.8700867 -0.4928985 0 0.8448533 -0.5349979 0 0.8700867 -0.4928985 0 0.8932245 -0.4496109 0 0.9142096 -0.4052417 0 0.8932245 -0.4496109 0 0.9142096 -0.4052417 0 0.9329923 -0.3598964 0 0.9329923 -0.3598964 0 0.9495285 -0.3136806 0 0.9495285 -0.3136806 0 0.9637764 -0.2667115 0 0.9757019 -0.2191024 0 0.9637764 -0.2667115 0 0.9757019 -0.2191024 0 0.9852775 -0.1709623 0 0.9852775 -0.1709623 0 0.9924797 -0.1224095 0 0.9924797 -0.1224095 0 0.9972905 -0.07356417 0 0.9972905 -0.07356417 0 0.9996988 -0.02454234 0 0.9996988 -0.02454234 0 -0.9996988 -0.02454234 -0 -0.9996988 -0.02454234 0 -0.9972905 -0.07356417 0 -0.9924797 -0.1224095 0 -0.9972905 -0.07356417 -0 -0.9924797 -0.1224095 0 -0.9852775 -0.1709623 0 -0.9852775 -0.1709623 -0 -0.9757019 -0.2191024 0 -0.9757019 -0.2191024 -0 -0.9637764 -0.2667115 0 -0.9495285 -0.3136806 0 -0.9637764 -0.2667115 -0 -0.9495285 -0.3136806 0 -0.9329923 -0.3598964 -0 -0.9329923 -0.3598964 0 -0.9142096 -0.4052417 0 -0.9142096 -0.4052417 0 -0.8932245 -0.4496109 0 -0.8932245 -0.4496109 -0 -0.8700867 -0.4928985 0 -0.8700867 -0.4928985 -0 -0.8448533 -0.5349979 0 -0.8175857 -0.575807 0 -0.8448533 -0.5349979 0 -0.8175857 -0.575807 0 -0.7883462 -0.615232 0 -0.7572093 -0.6531723 0 -0.7883462 -0.615232 -0 -0.7572093 -0.6531723 0 -0.724246 -0.6895417 0 -0.724246 -0.6895417 -0 -0.6895412 -0.7242464 0 -0.6531729 -0.7572088 0 -0.6895412 -0.7242464 -0 -0.6531729 -0.7572088 0 -0.6152326 -0.7883456 0 -0.6152326 -0.7883456 -0 -0.5758075 -0.8175853 0 -0.5758075 -0.8175853 -0 -0.5349959 -0.8448547 0 -0.5349959 -0.8448547 -0 -0.4929005 -0.8700857 0 -0.4929005 -0.8700857 -0 -0.4496114 -0.8932242 0 -0.4496114 -0.8932242 -0 -0.4052417 -0.9142096 0 -0.4052417 -0.9142096 -0 -0.3598923 -0.9329939 0 -0.3598923 -0.9329939 -0 -0.3136829 -0.9495279 0 -0.3136829 -0.9495279 -0 -0.266714 -0.9637758 0 -0.266714 -0.9637758 -0 -0.2191017 -0.975702 0 -0.2191017 -0.975702 -0 -0.1709586 -0.9852782 0 -0.1709586 -0.9852782 -0 -0.1224135 -0.9924791 0 -0.1224135 -0.9924791 -0 -0.07356217 -0.9972907 0 -0.0245423 -0.9996988 0 -0.07356217 -0.9972907 -0 -0.0245423 -0.9996988 0 -0 -1 -0 0 -1 0 -0.9996892 -0.02492905 -0 -0.9996892 -0.02492905 0 -0.9972038 -0.07473055 0 -0.9972038 -0.07473055 0 -0.9922392 -0.1243437 0 -0.9922392 -0.1243437 -0 -0.9848081 -0.1736463 0 -0.9848081 -0.1736463 -0 -0.9749279 -0.2225209 0 -0.9749279 -0.2225209 -0 -0.9626234 -0.2708437 0 -0.9479265 -0.3184892 0 -0.9626234 -0.2708437 -0 -0.9479265 -0.3184892 0 -0.9308751 -0.3653377 0 -0.9308751 -0.3653377 -0 -0.9115059 -0.411287 0 -0.8898726 -0.4562091 0 -0.9115059 -0.411287 -0 -0.8660224 -0.5000051 0 -0.8898726 -0.4562091 0 -0.8660224 -0.5000051 0 -0.8400291 -0.5425413 -0 -0.8400291 -0.5425413 0 -0.8119339 -0.5837494 -0 -0.8119339 -0.5837494 0 -0.7818353 -0.6234849 0 -0.7818353 -0.6234849 0 -0.749779 -0.6616883 0 -0.749779 -0.6616883 -0 -0.7158698 -0.6982338 0 -0.680168 -0.7330562 0 -0.7158698 -0.6982338 -0 -0.680168 -0.7330562 0 -0.6427885 -0.7660438 0 -0.6427885 -0.7660438 -0 -0.6038099 -0.7971284 0 -0.6038099 -0.7971284 -0 -0.5633237 -0.8262362 0 -0.5633237 -0.8262362 -0 -0.5214291 -0.8532946 0 -0.5214291 -0.8532946 -0 -0.478257 -0.87822 0 -0.478257 -0.87822 -0 -0.4338836 -0.9009689 0 -0.4338836 -0.9009689 -0 -0.3884284 -0.921479 0 -0.3420243 -0.9396911 0 -0.3884284 -0.921479 -0 -0.3420243 -0.9396911 0 -0.2947469 -0.9555754 0 -0.2947469 -0.9555754 -0 -0.2467618 -0.9690762 0 -0.2467618 -0.9690762 -0 -0.1981422 -0.9801733 0 -0.1981422 -0.9801733 -0 -0.1490575 -0.9888285 0 -0.1490575 -0.9888285 -0 -0.0995611 -0.9950315 0 -0.0995611 -0.9950315 -0 -0.04984069 -0.9987572 0 -0.04984069 -0.9987572 -0 0 -1 0 -0 -1 -0 0.04984069 -0.9987572 0 0.04984069 -0.9987572 0 0.0995611 -0.9950315 0 0.0995611 -0.9950315 0 0.1490575 -0.9888285 0 0.1490575 -0.9888285 0 0.1981422 -0.9801733 0 0.1981422 -0.9801733 0 0.2467618 -0.9690762 0 0.2947469 -0.9555754 0 0.2467618 -0.9690762 0 0.2947469 -0.9555754 0 0.3420243 -0.9396911 0 0.3420243 -0.9396911 0 0.3884284 -0.921479 0 0.3884284 -0.921479 0 0.4338836 -0.9009689 0 0.4338836 -0.9009689 0 0.478257 -0.87822 0 0.478257 -0.87822 0 0.5214291 -0.8532946 0 0.5214291 -0.8532946 0 0.5633237 -0.8262362 0 0.5633237 -0.8262362 0 0.6038099 -0.7971284 0 0.6038099 -0.7971284 0 0.6427885 -0.7660438 0 0.6427885 -0.7660438 0 0.680168 -0.7330562 0 0.680168 -0.7330562 0 0.7158698 -0.6982338 0 0.7158698 -0.6982338 0 0.749779 -0.6616883 0 0.749779 -0.6616883 0 0.7818353 -0.6234849 0 0.7818353 -0.6234849 0 0.8119339 -0.5837494 0 0.8400291 -0.5425413 0 0.8119339 -0.5837494 0 0.8660224 -0.5000051 0 0.8400291 -0.5425413 0 0.8898726 -0.4562091 0 0.8660224 -0.5000051 0 0.8898726 -0.4562091 0 0.9115059 -0.411287 0 0.9308751 -0.3653377 0 0.9115059 -0.411287 0 0.9308751 -0.3653377 0 0.9479265 -0.3184892 0 0.9479265 -0.3184892 0 0.9626234 -0.2708437 0 0.9626234 -0.2708437 0 0.9749279 -0.2225209 0 0.9848081 -0.1736463 0 0.9749279 -0.2225209 0 0.9922392 -0.1243437 0 0.9848081 -0.1736463 0 0.9972038 -0.07473055 0 0.9922392 -0.1243437 0 0.9972038 -0.07473055 0 0.9996892 -0.02492905 0 0.9996892 -0.02492905 0 0.9996892 0.02492905 0 0.9996892 0.02492905 0 0.9972038 0.07473055 0 0.9972038 0.07473055 0 0.9922392 0.1243437 0 0.9922392 0.1243437 0 0.9848081 0.1736463 -0 0.9848081 0.1736463 0 0.9749279 0.2225209 -0 0.9749279 0.2225209 0 0.9626234 0.2708437 0 0.9626234 0.2708437 0 0.9479265 0.3184892 0 0.9479265 0.3184892 0 0.9308751 0.3653377 -0 0.9308751 0.3653377 0 0.9115059 0.411287 0 0.9115059 0.411287 0 0.8898726 0.4562091 0 0.8898726 0.4562091 0 0.8660224 0.5000051 -0 0.8660224 0.5000051 0 0.8400291 0.5425413 -0 0.8400291 0.5425413 0 0.8119339 0.5837494 0 0.8119339 0.5837494 0 0.7818353 0.6234849 -0 0.7818353 0.6234849 0 0.749779 0.6616883 0 0.749779 0.6616883 0 0.7158698 0.6982338 0 0.7158698 0.6982338 0 0.680168 0.7330562 -0 0.680168 0.7330562 0 0.6427885 0.7660438 0 0.6427885 0.7660438 0 0.6038099 0.7971284 -0 0.6038099 0.7971284 0 0.5633237 0.8262362 0 0.5633237 0.8262362 0 0.5214291 0.8532946 0 0.5214291 0.8532946 0 0.478257 0.87822 0 0.478257 0.87822 0 0.4338836 0.9009689 0 0.3884284 0.921479 -0 0.4338836 0.9009689 0 0.3884284 0.921479 0 0.3420243 0.9396911 0 0.3420243 0.9396911 0 0.2947469 0.9555754 0 0.2947469 0.9555754 0 0.2467618 0.9690762 0 0.2467618 0.9690762 0 0.1981422 0.9801733 0 0.1981422 0.9801733 0 0.1490575 0.9888285 0 0.1490575 0.9888285 0 0.0995611 0.9950315 -0 0.0995611 0.9950315 0 0.04984069 0.9987572 0 0.04984069 0.9987572 0 -0 1 0 0 1 0 -0.04984069 0.9987572 0 -0.04984069 0.9987572 0 -0.0995611 0.9950315 0 -0.0995611 0.9950315 0 -0.1490575 0.9888285 0 -0.1490575 0.9888285 0 -0.1981422 0.9801733 0 -0.1981422 0.9801733 0 -0.2467618 0.9690762 0 -0.2467618 0.9690762 0 -0.2947469 0.9555754 0 -0.2947469 0.9555754 0 -0.3420243 0.9396911 0 -0.3884284 0.921479 0 -0.3420243 0.9396911 0 -0.3884284 0.921479 0 -0.4338836 0.9009689 0 -0.4338836 0.9009689 0 -0.478257 0.87822 0 -0.478257 0.87822 0 -0.5214291 0.8532946 0 -0.5633237 0.8262362 0 -0.5214291 0.8532946 0 -0.5633237 0.8262362 0 -0.6038099 0.7971284 0 -0.6038099 0.7971284 0 -0.6427885 0.7660438 0 -0.6427885 0.7660438 0 -0.680168 0.7330562 0 -0.7158698 0.6982338 0 -0.680168 0.7330562 0 -0.7158698 0.6982338 0 -0.749779 0.6616883 0 -0.749779 0.6616883 0 -0.7818353 0.6234849 0 -0.7818353 0.6234849 0 -0.8119339 0.5837494 0 -0.8119339 0.5837494 0 -0.8400291 0.5425413 0 -0.8400291 0.5425413 0 -0.8660224 0.5000051 0 -0.8660224 0.5000051 0 -0.8898726 0.4562091 0 -0.9115059 0.411287 0 -0.8898726 0.4562091 0 -0.9308751 0.3653377 0 -0.9115059 0.411287 0 -0.9308751 0.3653377 0 -0.9479265 0.3184892 0 -0.9626234 0.2708437 0 -0.9479265 0.3184892 0 -0.9626234 0.2708437 0 -0.9749279 0.2225209 0 -0.9848081 0.1736463 0 -0.9749279 0.2225209 0 -0.9848081 0.1736463 0 -0.9922392 0.1243437 0 -0.9972038 0.07473055 0 -0.9922392 0.1243437 0 -0.9972038 0.07473055 0 -0.9996892 0.02492905 0 -0.9996892 0.02492905 0 -0.9996892 -0.02493068 -0 -0.9996892 -0.02493068 0 -0.9972038 -0.07472993 0 -0.9922392 -0.1243437 0 -0.9972038 -0.07472993 -0 -0.9922392 -0.1243437 0 -0.9848078 -0.1736483 0 -0.9749278 -0.2225216 0 -0.9848078 -0.1736483 -0 -0.9749278 -0.2225216 0 -0.9626246 -0.270839 0 -0.9626246 -0.270839 -0 -0.9479271 -0.3184875 0 -0.9308742 -0.36534 0 -0.9479271 -0.3184875 -0 -0.9308742 -0.36534 0 -0.9115054 -0.4112881 0 -0.9115054 -0.4112881 -0 -0.8898718 -0.4562107 0 -0.8898718 -0.4562107 -0 -0.8660257 -0.4999993 -0 -0.8660257 -0.4999993 0 -0.8400258 -0.5425463 0 -0.8400258 -0.5425463 0 -0.811937 -0.5837452 -0 -0.811937 -0.5837452 0 -0.7818322 -0.623489 -0 -0.7818322 -0.623489 0 -0.7497804 -0.6616867 0 -0.7158685 -0.6982352 0 -0.7497804 -0.6616867 -0 -0.7158685 -0.6982352 0 -0.6801721 -0.7330525 0 -0.6801721 -0.7330525 -0 -0.6427879 -0.7660443 0 -0.6038033 -0.7971333 0 -0.6427879 -0.7660443 -0 -0.6038033 -0.7971333 0 -0.5633189 -0.8262395 0 -0.5633189 -0.8262395 -0 -0.521437 -0.8532898 0 -0.521437 -0.8532898 -0 -0.4782513 -0.8782231 0 -0.4782513 -0.8782231 -0 -0.4338867 -0.9009674 0 -0.4338867 -0.9009674 -0 -0.3884369 -0.9214752 0 -0.3884369 -0.9214752 -0 -0.3420184 -0.9396932 0 -0.3420184 -0.9396932 -0 -0.294753 -0.9555734 0 -0.294753 -0.9555734 -0 -0.2467586 -0.9690771 0 -0.2467586 -0.9690771 -0 -0.1981455 -0.9801726 0 -0.149044 -0.9888306 0 -0.1981455 -0.9801726 -0 -0.149044 -0.9888306 0 -0.09956449 -0.9950311 0 -0.09956449 -0.9950311 -0 -0.04985098 -0.9987566 0 -0.04985098 -0.9987566 -0 0 -1 0 -0 -1 -0 0.04985098 -0.9987566 0 0.04985098 -0.9987566 0 0.09956449 -0.9950311 0 0.09956449 -0.9950311 0 0.149044 -0.9888306 0 0.149044 -0.9888306 0 0.1981455 -0.9801726 0 0.1981455 -0.9801726 0 0.2467586 -0.9690771 0 0.294753 -0.9555734 0 0.2467586 -0.9690771 0 0.294753 -0.9555734 0 0.3420184 -0.9396932 0 0.3420184 -0.9396932 0 0.3884369 -0.9214752 0 0.3884369 -0.9214752 0 0.4338867 -0.9009674 0 0.4338867 -0.9009674 0 0.4782513 -0.8782231 0 0.4782513 -0.8782231 0 0.521437 -0.8532898 0 0.521437 -0.8532898 0 0.5633189 -0.8262395 0 0.5633189 -0.8262395 0 0.6038033 -0.7971333 0 0.6038033 -0.7971333 0 0.6427879 -0.7660443 0 0.6427879 -0.7660443 0 0.6801721 -0.7330525 0 0.6801721 -0.7330525 0 0.7158685 -0.6982352 0 0.7158685 -0.6982352 0 0.7497804 -0.6616867 0 0.7497804 -0.6616867 0 0.7818322 -0.623489 0 0.811937 -0.5837452 0 0.7818322 -0.623489 0 0.811937 -0.5837452 0 0.8400258 -0.5425463 0 0.8660257 -0.4999993 0 0.8400258 -0.5425463 0 0.8660257 -0.4999993 0 0.8898718 -0.4562107 0 0.9115054 -0.4112881 0 0.8898718 -0.4562107 0 0.9115054 -0.4112881 0 0.9308742 -0.36534 0 0.9308742 -0.36534 0 0.9479271 -0.3184875 0 0.9626246 -0.270839 0 0.9479271 -0.3184875 0 0.9626246 -0.270839 0 0.9749278 -0.2225216 0 0.9749278 -0.2225216 0 0.9848078 -0.1736483 0 0.9848078 -0.1736483 0 0.9922392 -0.1243437 0 0.9922392 -0.1243437 0 0.9972038 -0.07472993 0 0.9972038 -0.07472993 0 0.9996892 -0.02493068 0 0.9996892 -0.02493068 0 0.9996892 0.02493068 -0 0.9996892 0.02493068 0 0.9972038 0.07472993 0 0.9972038 0.07472993 0 0.9922392 0.1243437 -0 0.9922392 0.1243437 0 0.9848078 0.1736483 -0 0.9848078 0.1736483 0 0.9749278 0.2225216 -0 0.9749278 0.2225216 0 0.9626246 0.270839 0 0.9626246 0.270839 0 0.9479271 0.3184875 -0 0.9479271 0.3184875 0 0.9308742 0.36534 0 0.9308742 0.36534 0 0.9115054 0.4112881 0 0.9115054 0.4112881 0 0.8898718 0.4562107 -0 0.8898718 0.4562107 0 0.8660249 0.5000008 0 0.8660249 0.5000008 0 0.8400258 0.5425463 0 0.8400258 0.5425463 0 0.8119381 0.5837435 0 0.8119381 0.5837435 0 0.7818322 0.623489 -0 0.7818322 0.623489 0 0.7497804 0.6616867 0 0.7497804 0.6616867 0 0.7158668 0.6982369 0 0.7158668 0.6982369 0 0.6801739 0.7330507 -0 0.6801739 0.7330507 0 0.6427879 0.7660443 0 0.6427879 0.7660443 0 0.6038033 0.7971333 0 0.6038033 0.7971333 0 0.5633212 0.8262379 0 0.5633212 0.8262379 0 0.5214345 0.8532913 -0 0.5214345 0.8532913 0 0.4782539 0.8782215 0 0.4782539 0.8782215 0 0.4338838 0.9009688 0 0.4338838 0.9009688 0 0.3884341 0.9214765 0 0.3884341 0.9214765 0 0.3420215 0.9396921 0 0.3420215 0.9396921 0 0.294753 0.9555734 0 0.294753 0.9555734 0 0.2467586 0.9690771 0 0.2467586 0.9690771 0 0.1981455 0.9801726 0 0.1981455 0.9801726 0 0.149044 0.9888306 -0 0.149044 0.9888306 0 0.0995679 0.9950307 0 0.0995679 0.9950307 0 0.04984412 0.998757 0 0.04984412 0.998757 0 -0 1 0 0 1 0 -0.04984412 0.998757 0 -0.04984412 0.998757 0 -0.0995679 0.9950307 0 -0.0995679 0.9950307 0 -0.149044 0.9888306 0 -0.149044 0.9888306 0 -0.1981455 0.9801726 0 -0.1981455 0.9801726 0 -0.2467586 0.9690771 0 -0.2467586 0.9690771 0 -0.294753 0.9555734 0 -0.294753 0.9555734 0 -0.3420215 0.9396921 0 -0.3420215 0.9396921 0 -0.3884341 0.9214765 0 -0.3884341 0.9214765 0 -0.4338838 0.9009688 0 -0.4782539 0.8782215 0 -0.4338838 0.9009688 0 -0.4782539 0.8782215 0 -0.5214345 0.8532913 0 -0.5214345 0.8532913 0 -0.5633212 0.8262379 0 -0.5633212 0.8262379 0 -0.6038033 0.7971333 0 -0.6038033 0.7971333 0 -0.6427879 0.7660443 0 -0.6427879 0.7660443 0 -0.6801739 0.7330507 0 -0.6801739 0.7330507 0 -0.7158668 0.6982369 0 -0.7158668 0.6982369 0 -0.7497804 0.6616867 0 -0.7497804 0.6616867 0 -0.7818322 0.623489 0 -0.7818322 0.623489 0 -0.8119381 0.5837435 0 -0.8119381 0.5837435 0 -0.8400258 0.5425463 0 -0.8400258 0.5425463 0 -0.8660249 0.5000008 0 -0.8660249 0.5000008 0 -0.8898718 0.4562107 0 -0.8898718 0.4562107 0 -0.9115054 0.4112881 0 -0.9115054 0.4112881 0 -0.9308742 0.36534 0 -0.9479271 0.3184875 0 -0.9308742 0.36534 0 -0.9479271 0.3184875 0 -0.9626246 0.270839 0 -0.9626246 0.270839 0 -0.9749278 0.2225216 0 -0.9749278 0.2225216 0 -0.9848078 0.1736483 0 -0.9848078 0.1736483 0 -0.9922392 0.1243437 0 -0.9922392 0.1243437 0 -0.9972038 0.07472993 0 -0.9996892 0.02493068 0 -0.9972038 0.07472993 0 -0.9996892 0.02493068 0 0 0 1 0 0 1 0 0 1 0 0 1 0 0 1 0 0 1 0 0 1 0 0 1 0 0 1 0 0 1 0 0 1 0 0 1 0 0 1 0 0 1 0 0 1 0 0 1 0 0 1 0 0 1 0 0 1 0 0 1 0 0 1 0 0 1 0 0 1 0 0 1 0 0 1 0 0 1 0 0 1 0 0 1 0 0 1 0 0 1 0 0 1 0 0 1 0 0 1 0 0 1 0 0 1 0 0 1 0 0 1 0 0 1 0 0 1 0 0 1 0 0 1 0 0 1 0 0 1 0 0 1 0 0 1 0 0 1 0 0 1 0 0 1 0 0 1 0 0 1 0 0 1 0 0 1 0 0 1 0 0 1 0 0 1 0 0 1 0 0 1 0 0 1 0 0 1 0 0 1 0 0 1 0 0 1 0 0 1 0 0 1 0 0 1 0 0 1 0 0 1 0 0 1 0 0 1 0 0 1 0 0 1 0 0 1 0 0 1 0 0 1 0 0 1 0 0 1 0 0 1 0 0 1 0 0 1 0 0 1 0 0 1 0 0 1 0 0 1 0 0 1 0 0 1 0 0 1 0 0 1 0 0 1 0 0 1 0 0 1 0 0 1 0 0 1 0 0 1 0 0 1 0 0 1 0 0 1 0 0 1 0 0 1 0 0 1 0 0 1 0 0 1 0 0 1 0 0 1 0 0 1 0 0 1 0 0 1 0 0 1 0 0 1 0 0 1 0 0 1 0 0 1 0 0 1 0 0 1 0 0 1 0 0 1 0 0 1 0 0 1 0 0 1 0 0 1 0 0 1 0 0 1 0 0 1 0 0 1 0 0 1 0 0 1 0 0 1 0 0 1 0 0 1 0 0 1 0 0 1 0 0 1 0 0 1 0 0 1 0 0 1 0 0 1 0 0 1 0 0 1 0 0 1 0 0 1 0 0 1 0 0 1 0 0 1 0 0 1 0 0 1 0 0 1 0 0 1 0 0 1 0 0 1 0 0 1 0 0 1 0 0 1 0 0 1 0 0 1 0 0 1 0 0 1 0 0 1 0 0 1 0 0 1 0 0 1 0 0 1 0 0 1 0 0 1 0 0 1 0 0 1 0 0 1 0 0 1 0 0 1 0 0 1 0 0 1 0 0 1 0 0 1 0 0 1 0 0 1 0 0 1 0 0 1 0 0 1 0 0 1 0 0 1 0 0 1 0 0 1 0 0 1 0 0 1 0 0 1 0 0 1 0 0 1 0 0 1 0 0 1 0 0 1 0 0 1 0 0 1 0 0 1 0 0 1 0 0 1 0 0 1 0 0 1 0 0 1 0 0 1 0 0 1 0 0 1 0 0 1 0 0 1 0 0 1 0 0 1 0 0 1 0 0 1 0 0 1 0 0 1 0 0 1 0 0 1 0 0 1 0 0 1 0 0 1 0 0 1 0 0 1 0 0 1 0 0 1 0 0 1 0 0 1 0 0 1 0 0 1 0 0 1 0 0 1 0 0 1 0 0 1 0 0 1 0 0 1 0 0 1 0 0 1 0 0 1 0 0 1 0 0 1 0 0 1 0 0 1 0 0 1 0 0 1 0 0 1 0 0 1 0 0 1 0 0 1 0 0 1 0 0 1 0 0 1 0 0 1 0 0 1 0 0 1 0 0 1 0 0 1 0 0 1 0 0 1 0 0 1 0 0 1 0 0 1</float_array>
          <technique_common>
            <accessor count="1840" source="#cubenormals-array0-array" stride="3">
              <param type="float" name="X"/>
              <param type="float" name="Y"/>
              <param type="float" name="Z"/>
            </accessor>
          </technique_common>
        </source>
        <vertices id="cubeverts-array0-vertices">
          <input semantic="POSITION" source="#cubeverts-array0"/>
        </vertices>
        <triangles count="1840" material="ref_Body001">
          <input offset="0" semantic="VERTEX" source="#cubeverts-array0-vertices"/>
          <input offset="1" semantic="NORMAL" source="#cubenormals-array0"/>
          <p>0 0 1 0 2 0 2 1 1 1 3 1 3 2 4 2 5 2 1 3 4 3 3 3 5 4 6 4 7 4 4 5 6 5 5 5 7 6 8 6 9 6 6 7 8 7 7 7 9 8 10 8 11 8 8 9 10 9 9 9 11 10 12 10 13 10 10 11 12 11 11 11 13 12 14 12 15 12 12 13 14 13 13 13 15 14 16 14 17 14 14 15 16 15 15 15 17 16 18 16 19 16 16 17 18 17 17 17 19 18 20 18 21 18 21 19 20 19 22 19 18 20 20 20 19 20 20 21 23 21 22 21 22 22 24 22 25 22 25 23 24 23 26 23 23 24 24 24 22 24 24 25 27 25 26 25 26 26 27 26 28 26 27 27 29 27 28 27 29 28 30 28 28 28 28 29 30 29 31 29 30 30 32 30 31 30 31 31 32 31 33 31 33 32 32 32 34 32 32 33 35 33 34 33 34 34 36 34 37 34 35 35 36 35 34 35 37 36 38 36 39 36 36 37 38 37 37 37 39 38 40 38 41 38 38 39 40 39 39 39 41 40 42 40 43 40 43 41 42 41 44 41 40 42 42 42 41 42 42 43 45 43 44 43 44 44 46 44 47 44 47 45 46 45 48 45 45 46 46 46 44 46 46 47 49 47 48 47 48 48 50 48 51 48 49 49 50 49 48 49 51 50 52 50 53 50 50 51 52 51 51 51 53 52 54 52 55 52 52 53 54 53 53 53 55 54 56 54 57 54 54 55 56 55 55 55 57 56 58 56 59 56 56 57 58 57 57 57 59 58 60 58 61 58 58 59 60 59 59 59 61 60 62 60 63 60 60 61 62 61 61 61 63 62 64 62 65 62 62 63 64 63 63 63 65 64 66 64 67 64 67 65 66 65 68 65 64 66 66 66 65 66 66 67 69 67 68 67 68 68 70 68 71 68 69 69 70 69 68 69 71 70 72 70 73 70 70 71 72 71 71 71 73 72 74 72 75 72 72 73 74 73 73 73 74 74 76 74 75 74 75 75 76 75 77 75 76 76 78 76 77 76 77 77 78 77 79 77 79 78 78 78 80 78 78 79 81 79 80 79 81 80 82 80 80 80 80 81 82 81 83 81 82 82 84 82 83 82 83 83 84 83 85 83 85 84 84 84 86 84 84 85 87 85 86 85 87 86 88 86 86 86 86 87 88 87 89 87 89 88 88 88 90 88 88 89 91 89 90 89 91 90 92 90 90 90 90 91 92 91 93 91 93 92 92 92 94 92 92 93 95 93 94 93 95 94 96 94 94 94 94 95 96 95 97 95 96 96 98 96 97 96 97 97 98 97 99 97 98 98 100 98 99 98 99 99 100 99 101 99 101 100 102 100 103 100 103 101 102 101 104 101 100 102 102 102 101 102 102 103 105 103 104 103 104 104 106 104 107 104 105 105 106 105 104 105 107 106 108 106 109 106 106 107 108 107 107 107 109 108 110 108 111 108 108 109 110 109 109 109 111 110 112 110 113 110 113 111 112 111 114 111 110 112 112 112 111 112 112 113 115 113 114 113 114 114 116 114 117 114 117 115 116 115 118 115 115 116 116 116 114 116 116 117 119 117 118 117 118 118 120 118 121 118 119 119 120 119 118 119 121 120 122 120 123 120 120 121 122 121 121 121 123 122 124 122 125 122 122 123 124 123 123 123 125 124 126 124 127 124 124 125 126 125 125 125 126 126 128 126 127 126 127 127 128 127 129 127 128 128 130 128 129 128 129 129 130 129 131 129 130 130 132 130 131 130 131 131 132 131 133 131 132 132 134 132 133 132 133 133 134 133 135 133 134 134 136 134 135 134 135 135 136 135 137 135 136 136 138 136 137 136 137 137 138 137 139 137 139 138 138 138 140 138 138 139 141 139 140 139 140 140 141 140 142 140 141 141 143 141 142 141 143 142 144 142 142 142 142 143 144 143 145 143 146 144 0 144 147 144 147 145 0 145 2 145 145 146 148 146 149 146 144 147 148 147 145 147 150 148 151 148 148 148 148 149 152 149 150 149 151 150 153 150 148 150 148 151 154 151 152 151 153 152 155 152 148 152 148 153 156 153 154 153 155 154 157 154 148 154 148 155 158 155 156 155 157 156 159 156 148 156 148 157 160 157 158 157 159 158 161 158 148 158 148 159 162 159 160 159 161 160 163 160 148 160 148 161 164 161 162 161 163 162 165 162 148 162 148 163 166 163 164 163 165 164 167 164 148 164 148 165 168 165 166 165 167 166 169 166 148 166 148 167 170 167 168 167 169 168 171 168 148 168 148 169 172 169 170 169 171 170 173 170 148 170 148 171 174 171 172 171 173 172 175 172 148 172 148 173 176 173 174 173 175 174 177 174 148 174 148 175 178 175 176 175 177 176 179 176 148 176 148 177 180 177 178 177 179 178 181 178 148 178 148 179 182 179 180 179 181 180 183 180 148 180 148 181 184 181 182 181 148 182 185 182 184 182 148 183 186 183 185 183 183 184 146 184 148 184 187 185 146 185 183 185 188 186 146 186 187 186 189 187 146 187 188 187 190 188 146 188 189 188 191 189 146 189 190 189 192 190 146 190 191 190 193 191 146 191 192 191 194 192 146 192 193 192 195 193 146 193 194 193 196 194 146 194 195 194 197 195 146 195 196 195 198 196 146 196 197 196 199 197 146 197 198 197 200 198 146 198 199 198 201 199 146 199 200 199 202 200 146 200 201 200 203 201 146 201 202 201 204 202 146 202 203 202 205 203 146 203 204 203 206 204 146 204 205 204 206 205 207 205 146 205 207 206 208 206 146 206 208 207 209 207 146 207 209 208 210 208 146 208 210 209 211 209 146 209 211 210 212 210 146 210 212 211 213 211 146 211 213 212 214 212 146 212 214 213 215 213 146 213 215 214 216 214 146 214 216 215 217 215 146 215 217 216 218 216 146 216 218 217 219 217 146 217 219 218 220 218 146 218 220 219 221 219 146 219 222 220 144 220 223 220 224 221 144 221 222 221 225 222 144 222 224 222 226 223 144 223 225 223 227 224 144 224 226 224 228 225 144 225 227 225 148 226 144 226 186 226 229 227 144 227 228 227 230 228 144 228 229 228 231 229 144 229 230 229 232 230 144 230 231 230 233 231 144 231 232 231 234 232 144 232 233 232 235 233 144 233 234 233 236 234 144 234 235 234 237 235 144 235 236 235 238 236 144 236 237 236 186 237 144 237 238 237 144 238 239 238 240 238 240 239 241 239 144 239 144 240 242 240 239 240 241 241 243 241 144 241 144 242 244 242 242 242 144 243 245 243 223 243 223 244 245 244 246 244 243 245 245 245 144 245 144 246 247 246 244 246 246 247 248 247 249 247 245 248 248 248 246 248 144 249 250 249 247 249 249 250 251 250 252 250 248 251 251 251 249 251 144 252 253 252 250 252 251 253 254 253 252 253 252 254 254 254 255 254 144 255 256 255 253 255 255 256 257 256 258 256 254 257 257 257 255 257 144 258 259 258 256 258 257 259 260 259 258 259 258 260 260 260 261 260 144 261 262 261 259 261 261 262 263 262 264 262 260 263 263 263 261 263 144 264 265 264 262 264 264 265 266 265 267 265 263 266 266 266 264 266 144 267 268 267 265 267 266 268 269 268 267 268 267 269 269 269 270 269 144 270 271 270 268 270 143 271 271 271 144 271 270 272 272 272 273 272 269 273 272 273 270 273 141 274 274 274 143 274 143 275 274 275 271 275 273 276 275 276 276 276 272 277 275 277 273 277 138 278 277 278 141 278 141 279 277 279 274 279 276 280 278 280 279 280 275 281 278 281 276 281 136 282 280 282 138 282 138 283 280 283 277 283 279 284 281 284 282 284 278 285 281 285 279 285 134 286 283 286 136 286 136 287 283 287 280 287 281 288 284 288 282 288 282 289 284 289 285 289 285 290 284 290 286 290 132 291 287 291 134 291 134 292 287 292 283 292 284 293 288 293 286 293 286 294 288 294 289 294 132 295 290 295 287 295 130 296 290 296 132 296 288 297 291 297 289 297 289 298 291 298 292 298 130 299 293 299 290 299 128 300 293 300 130 300 291 301 294 301 292 301 292 302 294 302 295 302 128 303 296 303 293 303 126 304 296 304 128 304 294 305 297 305 295 305 295 306 297 306 298 306 126 307 299 307 296 307 124 308 299 308 126 308 297 309 300 309 298 309 298 310 300 310 301 310 124 311 302 311 299 311 122 312 302 312 124 312 300 313 303 313 301 313 301 314 303 314 304 314 122 315 305 315 302 315 120 316 305 316 122 316 303 317 306 317 304 317 304 318 306 318 307 318 120 319 308 319 305 319 119 320 308 320 120 320 306 321 309 321 307 321 307 322 309 322 310 322 119 323 311 323 308 323 116 324 311 324 119 324 309 325 312 325 310 325 310 326 312 326 313 326 116 327 314 327 311 327 115 328 314 328 116 328 312 329 315 329 313 329 313 330 315 330 316 330 115 331 317 331 314 331 112 332 317 332 115 332 315 333 318 333 316 333 316 334 318 334 319 334 112 335 320 335 317 335 110 336 320 336 112 336 318 337 321 337 319 337 319 338 321 338 322 338 110 339 323 339 320 339 108 340 323 340 110 340 106 341 324 341 108 341 108 342 324 342 323 342 105 343 325 343 106 343 106 344 325 344 324 344 105 345 326 345 325 345 105 346 102 346 326 346 326 347 102 347 327 347 102 348 100 348 327 348 327 349 100 349 328 349 328 350 98 350 329 350 100 351 98 351 328 351 98 352 96 352 329 352 329 353 96 353 330 353 96 354 95 354 330 354 330 355 95 355 331 355 331 356 92 356 332 356 95 357 92 357 331 357 332 358 91 358 333 358 92 359 91 359 332 359 91 360 88 360 333 360 333 361 88 361 334 361 88 362 87 362 334 362 334 363 87 363 335 363 87 364 84 364 335 364 335 365 84 365 336 365 84 366 82 366 336 366 336 367 82 367 337 367 338 368 0 368 321 368 339 369 0 369 338 369 340 370 0 370 339 370 341 371 0 371 340 371 342 372 0 372 341 372 343 373 0 373 342 373 344 374 0 374 343 374 345 375 0 375 344 375 346 376 0 376 345 376 347 377 0 377 346 377 348 378 0 378 347 378 349 379 0 379 348 379 350 380 0 380 349 380 351 381 0 381 350 381 352 382 0 382 351 382 221 383 0 383 146 383 353 384 0 384 221 384 354 385 0 385 353 385 355 386 0 386 354 386 356 387 0 387 355 387 357 388 0 388 356 388 358 389 0 389 357 389 359 390 0 390 358 390 360 391 0 391 359 391 361 392 0 392 360 392 321 393 0 393 322 393 362 394 0 394 361 394 363 395 0 395 362 395 364 396 0 396 363 396 365 397 0 397 364 397 366 398 0 398 365 398 367 399 0 399 366 399 368 400 0 400 367 400 322 401 0 401 368 401 82 402 81 402 337 402 337 403 81 403 369 403 370 404 1 404 352 404 352 405 1 405 0 405 81 406 78 406 369 406 369 407 78 407 371 407 372 408 4 408 370 408 370 409 4 409 1 409 78 410 76 410 371 410 371 411 76 411 373 411 374 412 6 412 372 412 372 413 6 413 4 413 76 414 74 414 373 414 373 415 74 415 375 415 376 416 8 416 374 416 374 417 8 417 6 417 74 418 72 418 375 418 375 419 72 419 377 419 378 420 10 420 376 420 376 421 10 421 8 421 72 422 70 422 377 422 377 423 70 423 379 423 380 424 12 424 378 424 378 425 12 425 10 425 379 426 69 426 381 426 70 427 69 427 379 427 382 428 14 428 380 428 380 429 14 429 12 429 69 430 66 430 381 430 381 431 66 431 383 431 384 432 16 432 382 432 382 433 16 433 14 433 383 434 64 434 385 434 66 435 64 435 383 435 386 436 18 436 384 436 384 437 18 437 16 437 64 438 62 438 385 438 385 439 62 439 387 439 388 440 20 440 386 440 386 441 20 441 18 441 387 442 60 442 389 442 62 443 60 443 387 443 390 444 23 444 388 444 388 445 23 445 20 445 60 446 58 446 389 446 389 447 58 447 391 447 392 448 24 448 390 448 390 449 24 449 23 449 391 450 56 450 393 450 58 451 56 451 391 451 394 452 27 452 392 452 392 453 27 453 24 453 393 454 54 454 395 454 56 455 54 455 393 455 394 456 29 456 27 456 396 457 29 457 394 457 395 458 52 458 397 458 54 459 52 459 395 459 398 460 30 460 396 460 396 461 30 461 29 461 397 462 50 462 399 462 52 463 50 463 397 463 400 464 32 464 398 464 398 465 32 465 30 465 50 466 49 466 399 466 399 467 49 467 401 467 402 468 35 468 400 468 400 469 35 469 32 469 401 470 46 470 403 470 49 471 46 471 401 471 404 472 36 472 402 472 402 473 36 473 35 473 403 474 45 474 405 474 46 475 45 475 403 475 406 476 38 476 404 476 404 477 38 477 36 477 405 478 42 478 407 478 45 479 42 479 405 479 407 480 40 480 406 480 406 481 40 481 38 481 42 482 40 482 407 482 408 483 409 483 149 483 410 484 149 484 409 484 411 485 408 485 149 485 412 486 149 486 410 486 413 487 411 487 149 487 414 488 149 488 412 488 415 489 413 489 149 489 416 490 149 490 414 490 417 491 415 491 149 491 418 492 149 492 416 492 419 493 417 493 149 493 420 494 149 494 418 494 421 495 419 495 149 495 422 496 149 496 420 496 423 497 421 497 149 497 424 498 149 498 422 498 425 499 423 499 149 499 426 500 149 500 424 500 427 501 425 501 149 501 428 502 149 502 426 502 429 503 427 503 149 503 430 504 149 504 428 504 431 505 429 505 149 505 432 506 149 506 430 506 433 507 431 507 149 507 434 508 149 508 432 508 435 509 433 509 149 509 436 510 149 510 434 510 437 511 435 511 149 511 438 512 149 512 436 512 439 513 437 513 149 513 440 514 149 514 438 514 441 515 439 515 149 515 442 516 149 516 440 516 443 517 149 517 442 517 444 518 149 518 443 518 147 519 441 519 149 519 147 520 445 520 441 520 147 521 446 521 445 521 147 522 447 522 446 522 147 523 448 523 447 523 147 524 449 524 448 524 147 525 450 525 449 525 147 526 451 526 450 526 147 527 452 527 451 527 147 528 453 528 452 528 147 529 454 529 453 529 147 530 455 530 454 530 147 531 456 531 455 531 147 532 457 532 456 532 147 533 458 533 457 533 147 534 459 534 458 534 147 535 460 535 459 535 147 536 461 536 460 536 147 537 462 537 461 537 147 538 463 538 462 538 147 539 464 539 463 539 465 540 464 540 147 540 466 541 465 541 147 541 467 542 466 542 147 542 468 543 467 543 147 543 469 544 468 544 147 544 470 545 469 545 147 545 471 546 470 546 147 546 472 547 471 547 147 547 473 548 472 548 147 548 474 549 473 549 147 549 475 550 474 550 147 550 476 551 475 551 147 551 477 552 476 552 147 552 478 553 477 553 147 553 479 554 478 554 147 554 145 555 149 555 444 555 145 556 480 556 481 556 145 557 482 557 480 557 145 558 483 558 482 558 145 559 484 559 483 559 145 560 485 560 484 560 145 561 444 561 485 561 486 562 481 562 487 562 486 563 145 563 481 563 488 564 145 564 486 564 489 565 487 565 490 565 489 566 486 566 487 566 491 567 145 567 488 567 492 568 489 568 490 568 492 569 493 569 494 569 492 570 490 570 493 570 495 571 145 571 491 571 496 572 492 572 494 572 496 573 494 573 497 573 498 574 145 574 495 574 499 575 497 575 500 575 499 576 496 576 497 576 501 577 145 577 498 577 502 578 499 578 500 578 502 579 503 579 504 579 502 580 500 580 503 580 505 581 145 581 501 581 506 582 507 582 508 582 506 583 504 583 507 583 506 584 502 584 504 584 509 585 145 585 505 585 510 586 508 586 511 586 510 587 506 587 508 587 512 588 145 588 509 588 513 589 510 589 511 589 513 590 514 590 515 590 513 591 511 591 514 591 516 592 145 592 512 592 517 593 515 593 518 593 517 594 513 594 515 594 519 595 145 595 516 595 520 596 521 596 522 596 520 597 518 597 521 597 520 598 517 598 518 598 523 599 145 599 519 599 524 600 525 600 526 600 524 601 522 601 525 601 524 602 520 602 522 602 527 603 145 603 523 603 527 604 142 604 145 604 528 605 526 605 529 605 528 606 524 606 526 606 530 607 142 607 527 607 530 608 140 608 142 608 531 609 532 609 533 609 531 610 529 610 532 610 531 611 528 611 529 611 534 612 139 612 140 612 534 613 140 613 530 613 535 614 536 614 537 614 535 615 533 615 536 615 535 616 531 616 533 616 538 617 137 617 139 617 538 618 139 618 534 618 539 619 537 619 540 619 539 620 535 620 537 620 541 621 135 621 137 621 541 622 137 622 538 622 542 623 539 623 540 623 542 624 540 624 543 624 542 625 543 625 544 625 545 626 135 626 541 626 545 627 133 627 135 627 546 628 547 628 548 628 546 629 544 629 547 629 546 630 542 630 544 630 549 631 133 631 545 631 549 632 131 632 133 632 550 633 551 633 552 633 550 634 548 634 551 634 550 635 546 635 548 635 553 636 129 636 131 636 553 637 131 637 549 637 554 638 552 638 555 638 554 639 550 639 552 639 556 640 129 640 553 640 556 641 127 641 129 641 557 642 554 642 555 642 557 643 558 643 559 643 557 644 555 644 558 644 560 645 125 645 127 645 560 646 127 646 556 646 561 647 557 647 559 647 561 648 562 648 563 648 561 649 559 649 562 649 564 650 125 650 560 650 564 651 123 651 125 651 565 652 561 652 563 652 565 653 563 653 566 653 567 654 123 654 564 654 567 655 121 655 123 655 568 656 565 656 566 656 568 657 569 657 570 657 568 658 566 658 569 658 571 659 121 659 567 659 571 660 118 660 121 660 572 661 568 661 570 661 572 662 570 662 573 662 574 663 118 663 571 663 574 664 117 664 118 664 575 665 572 665 573 665 575 666 576 666 577 666 575 667 573 667 576 667 578 668 117 668 574 668 578 669 114 669 117 669 579 670 575 670 577 670 579 671 580 671 581 671 579 672 577 672 580 672 582 673 114 673 578 673 582 674 113 674 114 674 583 675 579 675 581 675 583 676 581 676 584 676 585 677 113 677 582 677 585 678 111 678 113 678 586 679 583 679 584 679 586 680 584 680 587 680 588 681 111 681 585 681 588 682 109 682 111 682 589 683 586 683 587 683 589 684 590 684 591 684 589 685 587 685 590 685 592 686 109 686 588 686 592 687 107 687 109 687 593 688 589 688 591 688 593 689 591 689 594 689 595 690 107 690 592 690 104 691 107 691 595 691 596 692 594 692 597 692 596 693 593 693 594 693 598 694 104 694 595 694 103 695 104 695 598 695 599 696 103 696 598 696 101 697 599 697 600 697 101 698 103 698 599 698 99 699 600 699 601 699 99 700 101 700 600 700 97 701 601 701 602 701 97 702 99 702 601 702 94 703 602 703 603 703 94 704 97 704 602 704 93 705 603 705 604 705 93 706 94 706 603 706 90 707 93 707 604 707 90 708 604 708 605 708 89 709 90 709 605 709 89 710 605 710 606 710 86 711 89 711 606 711 86 712 606 712 607 712 85 713 86 713 607 713 85 714 607 714 608 714 83 715 608 715 609 715 83 716 85 716 608 716 2 717 610 717 596 717 2 718 611 718 610 718 2 719 612 719 611 719 2 720 613 720 612 720 2 721 614 721 613 721 2 722 615 722 614 722 2 723 616 723 615 723 2 724 617 724 616 724 2 725 618 725 617 725 2 726 619 726 618 726 2 727 620 727 619 727 2 728 621 728 620 728 2 729 479 729 147 729 2 730 622 730 479 730 2 731 623 731 622 731 2 732 624 732 623 732 2 733 625 733 624 733 2 734 596 734 597 734 2 735 626 735 625 735 2 736 597 736 626 736 80 737 609 737 627 737 80 738 83 738 609 738 3 739 628 739 621 739 3 740 621 740 2 740 79 741 80 741 627 741 79 742 627 742 629 742 5 743 630 743 628 743 5 744 628 744 3 744 77 745 629 745 631 745 77 746 79 746 629 746 7 747 632 747 630 747 7 748 630 748 5 748 75 749 77 749 631 749 75 750 631 750 633 750 9 751 632 751 7 751 9 752 634 752 632 752 73 753 75 753 633 753 73 754 633 754 635 754 11 755 636 755 634 755 11 756 634 756 9 756 71 757 73 757 635 757 71 758 635 758 637 758 13 759 638 759 636 759 13 760 636 760 11 760 68 761 637 761 639 761 68 762 71 762 637 762 15 763 640 763 638 763 15 764 638 764 13 764 67 765 68 765 639 765 67 766 639 766 641 766 17 767 642 767 640 767 17 768 640 768 15 768 65 769 67 769 641 769 65 770 641 770 643 770 19 771 644 771 642 771 19 772 642 772 17 772 63 773 65 773 643 773 63 774 643 774 645 774 21 775 646 775 644 775 21 776 644 776 19 776 61 777 645 777 647 777 61 778 63 778 645 778 22 779 648 779 646 779 22 780 646 780 21 780 59 781 647 781 649 781 59 782 61 782 647 782 25 783 650 783 648 783 25 784 648 784 22 784 57 785 649 785 651 785 57 786 59 786 649 786 26 787 652 787 650 787 26 788 650 788 25 788 55 789 651 789 653 789 55 790 57 790 651 790 28 791 654 791 652 791 28 792 652 792 26 792 53 793 653 793 655 793 53 794 55 794 653 794 31 795 656 795 654 795 31 796 654 796 28 796 51 797 655 797 657 797 51 798 53 798 655 798 33 799 658 799 656 799 33 800 656 800 31 800 48 801 657 801 659 801 48 802 51 802 657 802 34 803 660 803 658 803 34 804 658 804 33 804 47 805 659 805 661 805 47 806 48 806 659 806 37 807 662 807 660 807 37 808 660 808 34 808 44 809 661 809 663 809 44 810 47 810 661 810 39 811 664 811 662 811 39 812 662 812 37 812 43 813 663 813 665 813 43 814 44 814 663 814 41 815 665 815 664 815 41 816 664 816 39 816 41 817 43 817 665 817 148 818 146 818 149 818 149 819 146 819 147 819 439 820 441 820 181 820 181 821 441 821 183 821 440 822 438 822 182 822 182 823 438 823 180 823 180 824 436 824 178 824 438 825 436 825 180 825 178 826 434 826 176 826 176 827 434 827 174 827 436 828 434 828 178 828 434 829 432 829 174 829 174 830 430 830 172 830 172 831 430 831 170 831 432 832 430 832 174 832 170 833 428 833 168 833 430 834 428 834 170 834 168 835 426 835 166 835 428 836 426 836 168 836 426 837 424 837 166 837 424 838 422 838 166 838 166 839 422 839 164 839 164 840 420 840 162 840 422 841 420 841 164 841 162 842 418 842 160 842 420 843 418 843 162 843 160 844 418 844 158 844 418 845 416 845 158 845 158 846 414 846 156 846 156 847 414 847 154 847 416 848 414 848 158 848 414 849 412 849 154 849 154 850 410 850 152 850 412 851 410 851 154 851 152 852 409 852 150 852 410 853 409 853 152 853 150 854 408 854 151 854 409 855 408 855 150 855 151 856 411 856 153 856 408 857 411 857 151 857 153 858 413 858 155 858 411 859 413 859 153 859 155 860 415 860 157 860 413 861 415 861 155 861 157 862 417 862 159 862 415 863 417 863 157 863 159 864 419 864 161 864 161 865 419 865 163 865 417 866 419 866 159 866 419 867 421 867 163 867 421 868 423 868 163 868 163 869 423 869 165 869 165 870 423 870 167 870 423 871 425 871 167 871 167 872 427 872 169 872 425 873 427 873 167 873 169 874 429 874 171 874 427 875 429 875 169 875 171 876 431 876 173 876 429 877 431 877 171 877 173 878 433 878 175 878 431 879 433 879 173 879 175 880 435 880 177 880 433 881 435 881 175 881 177 882 437 882 179 882 435 883 437 883 177 883 179 884 439 884 181 884 437 885 439 885 179 885 441 886 445 886 183 886 183 887 445 887 187 887 187 888 446 888 188 888 445 889 446 889 187 889 188 890 447 890 189 890 446 891 447 891 188 891 189 892 448 892 190 892 447 893 448 893 189 893 190 894 449 894 191 894 448 895 449 895 190 895 191 896 450 896 192 896 449 897 450 897 191 897 192 898 451 898 193 898 450 899 451 899 192 899 193 900 452 900 194 900 451 901 452 901 193 901 452 902 453 902 194 902 194 903 453 903 195 903 195 904 454 904 196 904 453 905 454 905 195 905 196 906 455 906 197 906 454 907 455 907 196 907 197 908 456 908 198 908 455 909 456 909 197 909 198 910 457 910 199 910 456 911 457 911 198 911 199 912 458 912 200 912 457 913 458 913 199 913 200 914 459 914 201 914 458 915 459 915 200 915 201 916 460 916 202 916 459 917 460 917 201 917 202 918 461 918 203 918 460 919 461 919 202 919 203 920 462 920 204 920 204 921 462 921 205 921 461 922 462 922 203 922 462 923 463 923 205 923 205 924 464 924 206 924 463 925 464 925 205 925 206 926 465 926 207 926 207 927 465 927 208 927 464 928 465 928 206 928 465 929 466 929 208 929 208 930 467 930 209 930 466 931 467 931 208 931 209 932 468 932 210 932 467 933 468 933 209 933 210 934 469 934 211 934 468 935 469 935 210 935 211 936 470 936 212 936 469 937 470 937 211 937 212 938 471 938 213 938 470 939 471 939 212 939 213 940 472 940 214 940 214 941 472 941 215 941 471 942 472 942 213 942 215 943 473 943 216 943 472 944 473 944 215 944 473 945 474 945 216 945 216 946 475 946 217 946 474 947 475 947 216 947 217 948 476 948 218 948 475 949 476 949 217 949 442 950 440 950 184 950 184 951 440 951 182 951 476 952 477 952 218 952 218 953 477 953 219 953 540 954 537 954 282 954 282 955 537 955 279 955 279 956 536 956 276 956 537 957 536 957 279 957 276 958 533 958 273 958 536 959 533 959 276 959 273 960 532 960 270 960 270 961 532 961 267 961 533 962 532 962 273 962 532 963 529 963 267 963 267 964 526 964 264 964 529 965 526 965 267 965 264 966 525 966 261 966 526 967 525 967 264 967 261 968 522 968 258 968 525 969 522 969 261 969 522 970 521 970 258 970 258 971 521 971 255 971 255 972 518 972 252 972 521 973 518 973 255 973 252 974 515 974 249 974 518 975 515 975 252 975 249 976 514 976 246 976 246 977 514 977 223 977 515 978 514 978 249 978 514 979 511 979 223 979 223 980 508 980 222 980 511 981 508 981 223 981 222 982 507 982 224 982 508 983 507 983 222 983 224 984 504 984 225 984 225 985 504 985 226 985 507 986 504 986 224 986 504 987 503 987 226 987 226 988 500 988 227 988 503 989 500 989 226 989 227 990 497 990 228 990 500 991 497 991 227 991 228 992 494 992 229 992 497 993 494 993 228 993 229 994 493 994 230 994 230 995 493 995 231 995 494 996 493 996 229 996 493 997 490 997 231 997 231 998 487 998 232 998 232 999 487 999 233 999 490 1000 487 1000 231 1000 487 1001 481 1001 233 1001 233 1002 480 1002 234 1002 481 1003 480 1003 233 1003 234 1004 482 1004 235 1004 480 1005 482 1005 234 1005 235 1006 483 1006 236 1006 236 1007 483 1007 237 1007 482 1008 483 1008 235 1008 483 1009 484 1009 237 1009 237 1010 485 1010 238 1010 484 1011 485 1011 237 1011 238 1012 444 1012 186 1012 485 1013 444 1013 238 1013 186 1014 443 1014 185 1014 444 1015 443 1015 186 1015 185 1016 442 1016 184 1016 443 1017 442 1017 185 1017 477 1018 478 1018 219 1018 219 1019 478 1019 220 1019 220 1020 479 1020 221 1020 221 1021 479 1021 353 1021 478 1022 479 1022 220 1022 479 1023 622 1023 353 1023 353 1024 623 1024 354 1024 622 1025 623 1025 353 1025 354 1026 624 1026 355 1026 623 1027 624 1027 354 1027 355 1028 625 1028 356 1028 356 1029 625 1029 357 1029 624 1030 625 1030 355 1030 625 1031 626 1031 357 1031 626 1032 597 1032 357 1032 357 1033 597 1033 358 1033 358 1034 597 1034 359 1034 597 1035 594 1035 359 1035 359 1036 591 1036 360 1036 594 1037 591 1037 359 1037 360 1038 590 1038 361 1038 591 1039 590 1039 360 1039 361 1040 590 1040 362 1040 362 1041 587 1041 363 1041 590 1042 587 1042 362 1042 587 1043 584 1043 363 1043 363 1044 581 1044 364 1044 364 1045 581 1045 365 1045 584 1046 581 1046 363 1046 581 1047 580 1047 365 1047 365 1048 577 1048 366 1048 580 1049 577 1049 365 1049 366 1050 576 1050 367 1050 367 1051 576 1051 368 1051 577 1052 576 1052 366 1052 576 1053 573 1053 368 1053 368 1054 570 1054 322 1054 573 1055 570 1055 368 1055 322 1056 569 1056 319 1056 570 1057 569 1057 322 1057 319 1058 566 1058 316 1058 569 1059 566 1059 319 1059 316 1060 563 1060 313 1060 566 1061 563 1061 316 1061 313 1062 562 1062 310 1062 563 1063 562 1063 313 1063 310 1064 559 1064 307 1064 562 1065 559 1065 310 1065 307 1066 558 1066 304 1066 559 1067 558 1067 307 1067 304 1068 555 1068 301 1068 558 1069 555 1069 304 1069 301 1070 552 1070 298 1070 555 1071 552 1071 301 1071 298 1072 551 1072 295 1072 552 1073 551 1073 298 1073 295 1074 548 1074 292 1074 551 1075 548 1075 295 1075 292 1076 547 1076 289 1076 548 1077 547 1077 292 1077 289 1078 544 1078 286 1078 286 1079 544 1079 285 1079 547 1080 544 1080 289 1080 544 1081 543 1081 285 1081 543 1082 540 1082 285 1082 285 1083 540 1083 282 1083 666 1084 667 1084 376 1084 376 1085 667 1085 378 1085 378 1086 667 1086 380 1086 667 1087 668 1087 380 1087 380 1088 669 1088 382 1088 668 1089 669 1089 380 1089 382 1090 670 1090 384 1090 669 1091 670 1091 382 1091 384 1092 671 1092 386 1092 670 1093 671 1093 384 1093 386 1094 672 1094 388 1094 388 1095 672 1095 390 1095 671 1096 672 1096 386 1096 672 1097 673 1097 390 1097 390 1098 674 1098 392 1098 673 1099 674 1099 390 1099 392 1100 675 1100 394 1100 394 1101 675 1101 396 1101 674 1102 675 1102 392 1102 396 1103 676 1103 398 1103 675 1104 676 1104 396 1104 676 1105 677 1105 398 1105 677 1106 678 1106 398 1106 398 1107 678 1107 400 1107 678 1108 679 1108 400 1108 400 1109 679 1109 402 1109 402 1110 679 1110 404 1110 679 1111 680 1111 404 1111 404 1112 681 1112 406 1112 680 1113 681 1113 404 1113 406 1114 682 1114 407 1114 407 1115 682 1115 405 1115 681 1116 682 1116 406 1116 682 1117 683 1117 405 1117 405 1118 684 1118 403 1118 683 1119 684 1119 405 1119 403 1120 685 1120 401 1120 684 1121 685 1121 403 1121 401 1122 686 1122 399 1122 685 1123 686 1123 401 1123 399 1124 687 1124 397 1124 686 1125 687 1125 399 1125 397 1126 688 1126 395 1126 687 1127 688 1127 397 1127 395 1128 689 1128 393 1128 688 1129 689 1129 395 1129 393 1130 690 1130 391 1130 391 1131 690 1131 389 1131 689 1132 690 1132 393 1132 690 1133 691 1133 389 1133 389 1134 692 1134 387 1134 691 1135 692 1135 389 1135 387 1136 693 1136 385 1136 692 1137 693 1137 387 1137 385 1138 694 1138 383 1138 693 1139 694 1139 385 1139 383 1140 695 1140 381 1140 694 1141 695 1141 383 1141 381 1142 696 1142 379 1142 695 1143 696 1143 381 1143 379 1144 697 1144 377 1144 696 1145 697 1145 379 1145 377 1146 698 1146 375 1146 697 1147 698 1147 377 1147 375 1148 699 1148 373 1148 698 1149 699 1149 375 1149 373 1150 700 1150 371 1150 699 1151 700 1151 373 1151 371 1152 701 1152 369 1152 700 1153 701 1153 371 1153 369 1154 702 1154 337 1154 701 1155 702 1155 369 1155 337 1156 703 1156 336 1156 336 1157 703 1157 335 1157 702 1158 703 1158 337 1158 703 1159 704 1159 335 1159 704 1160 705 1160 335 1160 335 1161 705 1161 334 1161 705 1162 706 1162 334 1162 334 1163 706 1163 333 1163 333 1164 706 1164 332 1164 706 1165 707 1165 332 1165 707 1166 708 1166 332 1166 332 1167 708 1167 331 1167 708 1168 709 1168 331 1168 331 1169 709 1169 330 1169 330 1170 709 1170 329 1170 709 1171 710 1171 329 1171 710 1172 711 1172 329 1172 329 1173 711 1173 328 1173 711 1174 712 1174 328 1174 328 1175 712 1175 327 1175 712 1176 713 1176 327 1176 327 1177 713 1177 326 1177 326 1178 714 1178 325 1178 713 1179 714 1179 326 1179 325 1180 714 1180 324 1180 714 1181 715 1181 324 1181 715 1182 716 1182 324 1182 324 1183 716 1183 323 1183 323 1184 717 1184 320 1184 320 1185 717 1185 317 1185 716 1186 717 1186 323 1186 317 1187 718 1187 314 1187 717 1188 718 1188 317 1188 314 1189 719 1189 311 1189 718 1190 719 1190 314 1190 719 1191 720 1191 311 1191 311 1192 721 1192 308 1192 308 1193 721 1193 305 1193 720 1194 721 1194 311 1194 721 1195 722 1195 305 1195 305 1196 723 1196 302 1196 722 1197 723 1197 305 1197 302 1198 724 1198 299 1198 723 1199 724 1199 302 1199 299 1200 725 1200 296 1200 296 1201 725 1201 293 1201 724 1202 725 1202 299 1202 293 1203 726 1203 290 1203 725 1204 726 1204 293 1204 290 1205 727 1205 287 1205 726 1206 727 1206 290 1206 727 1207 728 1207 287 1207 728 1208 729 1208 287 1208 287 1209 729 1209 283 1209 729 1210 730 1210 283 1210 283 1211 730 1211 280 1211 730 1212 731 1212 280 1212 280 1213 731 1213 277 1213 731 1214 732 1214 277 1214 277 1215 732 1215 274 1215 274 1216 732 1216 271 1216 732 1217 733 1217 271 1217 271 1218 733 1218 268 1218 733 1219 734 1219 268 1219 734 1220 735 1220 268 1220 268 1221 735 1221 265 1221 735 1222 736 1222 265 1222 265 1223 736 1223 262 1223 262 1224 736 1224 259 1224 736 1225 737 1225 259 1225 737 1226 738 1226 259 1226 259 1227 738 1227 256 1227 738 1228 739 1228 256 1228 256 1229 739 1229 253 1229 253 1230 739 1230 250 1230 739 1231 740 1231 250 1231 250 1232 740 1232 247 1232 740 1233 741 1233 247 1233 741 1234 742 1234 247 1234 247 1235 742 1235 244 1235 244 1236 742 1236 242 1236 742 1237 743 1237 242 1237 743 1238 744 1238 242 1238 242 1239 744 1239 239 1239 744 1240 745 1240 239 1240 239 1241 745 1241 240 1241 240 1242 745 1242 241 1242 745 1243 746 1243 241 1243 746 1244 747 1244 241 1244 241 1245 747 1245 243 1245 243 1246 747 1246 245 1246 747 1247 748 1247 245 1247 245 1248 749 1248 248 1248 748 1249 749 1249 245 1249 248 1250 750 1250 251 1250 749 1251 750 1251 248 1251 251 1252 751 1252 254 1252 750 1253 751 1253 251 1253 254 1254 752 1254 257 1254 257 1255 752 1255 260 1255 751 1256 752 1256 254 1256 752 1257 753 1257 260 1257 753 1258 754 1258 260 1258 260 1259 754 1259 263 1259 754 1260 755 1260 263 1260 263 1261 755 1261 266 1261 755 1262 756 1262 266 1262 266 1263 756 1263 269 1263 756 1264 757 1264 269 1264 269 1265 757 1265 272 1265 757 1266 758 1266 272 1266 272 1267 758 1267 275 1267 275 1268 758 1268 278 1268 758 1269 759 1269 278 1269 759 1270 760 1270 278 1270 278 1271 760 1271 281 1271 760 1272 761 1272 281 1272 281 1273 761 1273 284 1273 761 1274 762 1274 284 1274 284 1275 762 1275 288 1275 762 1276 763 1276 288 1276 288 1277 763 1277 291 1277 763 1278 764 1278 291 1278 291 1279 764 1279 294 1279 764 1280 765 1280 294 1280 294 1281 765 1281 297 1281 297 1282 766 1282 300 1282 765 1283 766 1283 297 1283 300 1284 767 1284 303 1284 766 1285 767 1285 300 1285 303 1286 768 1286 306 1286 306 1287 768 1287 309 1287 767 1288 768 1288 303 1288 768 1289 769 1289 309 1289 309 1290 770 1290 312 1290 769 1291 770 1291 309 1291 312 1292 771 1292 315 1292 770 1293 771 1293 312 1293 315 1294 772 1294 318 1294 318 1295 772 1295 321 1295 771 1296 772 1296 315 1296 772 1297 773 1297 321 1297 321 1298 774 1298 338 1298 773 1299 774 1299 321 1299 338 1300 775 1300 339 1300 774 1301 775 1301 338 1301 339 1302 776 1302 340 1302 340 1303 776 1303 341 1303 775 1304 776 1304 339 1304 776 1305 777 1305 341 1305 777 1306 778 1306 341 1306 341 1307 778 1307 342 1307 778 1308 779 1308 342 1308 342 1309 779 1309 343 1309 343 1310 779 1310 344 1310 779 1311 780 1311 344 1311 780 1312 781 1312 344 1312 344 1313 781 1313 345 1313 345 1314 781 1314 346 1314 781 1315 782 1315 346 1315 346 1316 783 1316 347 1316 347 1317 783 1317 348 1317 782 1318 783 1318 346 1318 348 1319 784 1319 349 1319 783 1320 784 1320 348 1320 784 1321 785 1321 349 1321 349 1322 786 1322 350 1322 350 1323 786 1323 351 1323 785 1324 786 1324 349 1324 786 1325 787 1325 351 1325 351 1326 788 1326 352 1326 352 1327 788 1327 370 1327 787 1328 788 1328 351 1328 788 1329 789 1329 370 1329 370 1330 790 1330 372 1330 372 1331 790 1331 374 1331 789 1332 790 1332 370 1332 790 1333 791 1333 374 1333 374 1334 666 1334 376 1334 791 1335 666 1335 374 1335 634 1336 636 1336 792 1336 792 1337 636 1337 793 1337 793 1338 638 1338 794 1338 794 1339 638 1339 795 1339 636 1340 638 1340 793 1340 638 1341 640 1341 795 1341 795 1342 642 1342 796 1342 796 1343 642 1343 797 1343 640 1344 642 1344 795 1344 642 1345 644 1345 797 1345 797 1346 646 1346 798 1346 644 1347 646 1347 797 1347 798 1348 648 1348 799 1348 799 1349 648 1349 800 1349 646 1350 648 1350 798 1350 648 1351 650 1351 800 1351 800 1352 652 1352 801 1352 650 1353 652 1353 800 1353 801 1354 654 1354 802 1354 652 1355 654 1355 801 1355 654 1356 656 1356 802 1356 802 1357 656 1357 803 1357 803 1358 656 1358 804 1358 656 1359 658 1359 804 1359 658 1360 660 1360 804 1360 804 1361 660 1361 805 1361 660 1362 662 1362 805 1362 805 1363 662 1363 806 1363 806 1364 664 1364 807 1364 807 1365 664 1365 808 1365 662 1366 664 1366 806 1366 664 1367 665 1367 808 1367 808 1368 663 1368 809 1368 665 1369 663 1369 808 1369 809 1370 661 1370 810 1370 810 1371 661 1371 811 1371 663 1372 661 1372 809 1372 661 1373 659 1373 811 1373 811 1374 657 1374 812 1374 659 1375 657 1375 811 1375 812 1376 655 1376 813 1376 657 1377 655 1377 812 1377 813 1378 653 1378 814 1378 655 1379 653 1379 813 1379 814 1380 651 1380 815 1380 653 1381 651 1381 814 1381 815 1382 649 1382 816 1382 651 1383 649 1383 815 1383 816 1384 647 1384 817 1384 649 1385 647 1385 816 1385 817 1386 645 1386 818 1386 647 1387 645 1387 817 1387 818 1388 643 1388 819 1388 645 1389 643 1389 818 1389 819 1390 641 1390 820 1390 820 1391 641 1391 821 1391 643 1392 641 1392 819 1392 641 1393 639 1393 821 1393 821 1394 637 1394 822 1394 639 1395 637 1395 821 1395 822 1396 635 1396 823 1396 637 1397 635 1397 822 1397 823 1398 633 1398 824 1398 635 1399 633 1399 823 1399 824 1400 631 1400 825 1400 633 1401 631 1401 824 1401 825 1402 629 1402 826 1402 631 1403 629 1403 825 1403 826 1404 627 1404 827 1404 629 1405 627 1405 826 1405 827 1406 609 1406 828 1406 627 1407 609 1407 827 1407 828 1408 608 1408 829 1408 829 1409 608 1409 830 1409 609 1410 608 1410 828 1410 608 1411 607 1411 830 1411 830 1412 607 1412 831 1412 607 1413 606 1413 831 1413 606 1414 605 1414 831 1414 831 1415 605 1415 832 1415 605 1416 604 1416 832 1416 832 1417 604 1417 833 1417 604 1418 603 1418 833 1418 833 1419 603 1419 834 1419 603 1420 602 1420 834 1420 834 1421 602 1421 835 1421 602 1422 601 1422 835 1422 835 1423 601 1423 836 1423 601 1424 600 1424 836 1424 836 1425 600 1425 837 1425 600 1426 599 1426 837 1426 837 1427 599 1427 838 1427 838 1428 599 1428 839 1428 599 1429 598 1429 839 1429 839 1430 595 1430 840 1430 598 1431 595 1431 839 1431 840 1432 592 1432 841 1432 595 1433 592 1433 840 1433 841 1434 588 1434 842 1434 842 1435 588 1435 843 1435 592 1436 588 1436 841 1436 588 1437 585 1437 843 1437 843 1438 582 1438 844 1438 844 1439 582 1439 845 1439 585 1440 582 1440 843 1440 582 1441 578 1441 845 1441 845 1442 574 1442 846 1442 846 1443 574 1443 847 1443 578 1444 574 1444 845 1444 574 1445 571 1445 847 1445 847 1446 567 1446 848 1446 571 1447 567 1447 847 1447 848 1448 564 1448 849 1448 849 1449 564 1449 850 1449 567 1450 564 1450 848 1450 564 1451 560 1451 850 1451 850 1452 556 1452 851 1452 560 1453 556 1453 850 1453 851 1454 553 1454 852 1454 556 1455 553 1455 851 1455 852 1456 549 1456 853 1456 553 1457 549 1457 852 1457 549 1458 545 1458 853 1458 853 1459 545 1459 854 1459 854 1460 545 1460 855 1460 545 1461 541 1461 855 1461 855 1462 541 1462 856 1462 541 1463 538 1463 856 1463 538 1464 534 1464 856 1464 856 1465 534 1465 857 1465 857 1466 534 1466 858 1466 534 1467 530 1467 858 1467 858 1468 530 1468 859 1468 530 1469 527 1469 859 1469 859 1470 527 1470 860 1470 527 1471 523 1471 860 1471 523 1472 519 1472 860 1472 860 1473 519 1473 861 1473 861 1474 519 1474 862 1474 519 1475 516 1475 862 1475 516 1476 512 1476 862 1476 862 1477 512 1477 863 1477 512 1478 509 1478 863 1478 863 1479 509 1479 864 1479 864 1480 509 1480 865 1480 509 1481 505 1481 865 1481 505 1482 501 1482 865 1482 865 1483 501 1483 866 1483 501 1484 498 1484 866 1484 866 1485 498 1485 867 1485 498 1486 495 1486 867 1486 867 1487 495 1487 868 1487 868 1488 495 1488 869 1488 495 1489 491 1489 869 1489 491 1490 488 1490 869 1490 869 1491 488 1491 870 1491 488 1492 486 1492 870 1492 870 1493 486 1493 871 1493 871 1494 486 1494 872 1494 486 1495 489 1495 872 1495 489 1496 492 1496 872 1496 872 1497 492 1497 873 1497 492 1498 496 1498 873 1498 873 1499 496 1499 874 1499 874 1500 499 1500 875 1500 496 1501 499 1501 874 1501 875 1502 499 1502 876 1502 499 1503 502 1503 876 1503 876 1504 506 1504 877 1504 502 1505 506 1505 876 1505 877 1506 510 1506 878 1506 506 1507 510 1507 877 1507 878 1508 513 1508 879 1508 510 1509 513 1509 878 1509 513 1510 517 1510 879 1510 879 1511 517 1511 880 1511 517 1512 520 1512 880 1512 880 1513 520 1513 881 1513 520 1514 524 1514 881 1514 881 1515 524 1515 882 1515 524 1516 528 1516 882 1516 882 1517 528 1517 883 1517 883 1518 528 1518 884 1518 528 1519 531 1519 884 1519 531 1520 535 1520 884 1520 884 1521 535 1521 885 1521 535 1522 539 1522 885 1522 885 1523 539 1523 886 1523 539 1524 542 1524 886 1524 886 1525 542 1525 887 1525 542 1526 546 1526 887 1526 887 1527 546 1527 888 1527 546 1528 550 1528 888 1528 888 1529 550 1529 889 1529 550 1530 554 1530 889 1530 889 1531 554 1531 890 1531 554 1532 557 1532 890 1532 890 1533 557 1533 891 1533 891 1534 561 1534 892 1534 557 1535 561 1535 891 1535 892 1536 565 1536 893 1536 561 1537 565 1537 892 1537 893 1538 568 1538 894 1538 565 1539 568 1539 893 1539 894 1540 572 1540 895 1540 568 1541 572 1541 894 1541 895 1542 575 1542 896 1542 896 1543 575 1543 897 1543 572 1544 575 1544 895 1544 575 1545 579 1545 897 1545 897 1546 583 1546 898 1546 579 1547 583 1547 897 1547 898 1548 586 1548 899 1548 583 1549 586 1549 898 1549 899 1550 589 1550 900 1550 586 1551 589 1551 899 1551 900 1552 593 1552 901 1552 589 1553 593 1553 900 1553 901 1554 596 1554 902 1554 593 1555 596 1555 901 1555 902 1556 610 1556 903 1556 596 1557 610 1557 902 1557 610 1558 611 1558 903 1558 903 1559 611 1559 904 1559 611 1560 612 1560 904 1560 904 1561 612 1561 905 1561 612 1562 613 1562 905 1562 905 1563 613 1563 906 1563 613 1564 614 1564 906 1564 906 1565 614 1565 907 1565 614 1566 615 1566 907 1566 907 1567 615 1567 908 1567 908 1568 616 1568 909 1568 615 1569 616 1569 908 1569 909 1570 617 1570 910 1570 616 1571 617 1571 909 1571 910 1572 618 1572 911 1572 911 1573 618 1573 912 1573 617 1574 618 1574 910 1574 618 1575 619 1575 912 1575 912 1576 620 1576 913 1576 619 1577 620 1577 912 1577 913 1578 621 1578 914 1578 620 1579 621 1579 913 1579 914 1580 628 1580 915 1580 621 1581 628 1581 914 1581 915 1582 630 1582 916 1582 628 1583 630 1583 915 1583 916 1584 632 1584 917 1584 917 1585 632 1585 792 1585 630 1586 632 1586 916 1586 632 1587 634 1587 792 1587 745 1588 870 1588 871 1588 744 1589 870 1589 745 1589 746 1590 871 1590 872 1590 746 1591 872 1591 873 1591 746 1592 745 1592 871 1592 743 1593 870 1593 744 1593 743 1594 869 1594 870 1594 747 1595 746 1595 873 1595 747 1596 873 1596 874 1596 742 1597 869 1597 743 1597 742 1598 868 1598 869 1598 748 1599 747 1599 874 1599 741 1600 868 1600 742 1600 741 1601 867 1601 868 1601 749 1602 748 1602 874 1602 749 1603 874 1603 875 1603 740 1604 867 1604 741 1604 740 1605 866 1605 867 1605 750 1606 749 1606 875 1606 750 1607 875 1607 876 1607 750 1608 876 1608 877 1608 739 1609 866 1609 740 1609 739 1610 864 1610 865 1610 739 1611 865 1611 866 1611 751 1612 750 1612 877 1612 738 1613 864 1613 739 1613 752 1614 751 1614 877 1614 752 1615 877 1615 878 1615 752 1616 878 1616 879 1616 737 1617 862 1617 863 1617 737 1618 863 1618 864 1618 737 1619 864 1619 738 1619 753 1620 752 1620 879 1620 736 1621 862 1621 737 1621 736 1622 861 1622 862 1622 754 1623 753 1623 879 1623 754 1624 879 1624 880 1624 735 1625 861 1625 736 1625 755 1626 754 1626 880 1626 755 1627 880 1627 881 1627 734 1628 860 1628 861 1628 734 1629 861 1629 735 1629 756 1630 755 1630 881 1630 756 1631 881 1631 882 1631 733 1632 859 1632 860 1632 733 1633 860 1633 734 1633 757 1634 882 1634 883 1634 757 1635 883 1635 884 1635 757 1636 756 1636 882 1636 732 1637 859 1637 733 1637 732 1638 858 1638 859 1638 758 1639 757 1639 884 1639 731 1640 858 1640 732 1640 731 1641 857 1641 858 1641 759 1642 758 1642 884 1642 759 1643 884 1643 885 1643 759 1644 885 1644 886 1644 730 1645 857 1645 731 1645 730 1646 856 1646 857 1646 760 1647 759 1647 886 1647 760 1648 886 1648 887 1648 729 1649 855 1649 856 1649 729 1650 856 1650 730 1650 761 1651 760 1651 887 1651 728 1652 854 1652 855 1652 728 1653 855 1653 729 1653 762 1654 887 1654 888 1654 762 1655 761 1655 887 1655 727 1656 854 1656 728 1656 727 1657 852 1657 853 1657 727 1658 853 1658 854 1658 763 1659 762 1659 888 1659 763 1660 888 1660 889 1660 726 1661 852 1661 727 1661 764 1662 763 1662 889 1662 764 1663 889 1663 890 1663 725 1664 851 1664 852 1664 725 1665 852 1665 726 1665 765 1666 764 1666 890 1666 765 1667 890 1667 891 1667 724 1668 851 1668 725 1668 724 1669 850 1669 851 1669 766 1670 765 1670 891 1670 766 1671 891 1671 892 1671 723 1672 850 1672 724 1672 723 1673 849 1673 850 1673 767 1674 892 1674 893 1674 767 1675 766 1675 892 1675 722 1676 849 1676 723 1676 722 1677 848 1677 849 1677 768 1678 893 1678 894 1678 768 1679 767 1679 893 1679 721 1680 846 1680 847 1680 721 1681 847 1681 848 1681 721 1682 848 1682 722 1682 769 1683 894 1683 895 1683 769 1684 768 1684 894 1684 720 1685 846 1685 721 1685 770 1686 895 1686 896 1686 770 1687 769 1687 895 1687 719 1688 846 1688 720 1688 719 1689 845 1689 846 1689 771 1690 896 1690 897 1690 771 1691 770 1691 896 1691 718 1692 845 1692 719 1692 718 1693 843 1693 844 1693 718 1694 844 1694 845 1694 772 1695 897 1695 898 1695 772 1696 771 1696 897 1696 717 1697 843 1697 718 1697 773 1698 898 1698 899 1698 773 1699 772 1699 898 1699 716 1700 842 1700 843 1700 716 1701 843 1701 717 1701 774 1702 899 1702 900 1702 774 1703 900 1703 901 1703 774 1704 773 1704 899 1704 715 1705 841 1705 842 1705 715 1706 842 1706 716 1706 775 1707 774 1707 901 1707 714 1708 840 1708 841 1708 714 1709 841 1709 715 1709 776 1710 901 1710 902 1710 776 1711 775 1711 901 1711 839 1712 714 1712 713 1712 839 1713 840 1713 714 1713 903 1714 776 1714 902 1714 903 1715 777 1715 776 1715 838 1716 839 1716 713 1716 838 1717 712 1717 711 1717 838 1718 713 1718 712 1718 904 1719 777 1719 903 1719 904 1720 778 1720 777 1720 837 1721 838 1721 711 1721 905 1722 778 1722 904 1722 905 1723 779 1723 778 1723 836 1724 837 1724 711 1724 836 1725 711 1725 710 1725 906 1726 779 1726 905 1726 906 1727 780 1727 779 1727 835 1728 836 1728 710 1728 835 1729 709 1729 708 1729 835 1730 710 1730 709 1730 907 1731 780 1731 906 1731 907 1732 781 1732 780 1732 834 1733 835 1733 708 1733 908 1734 782 1734 781 1734 908 1735 781 1735 907 1735 833 1736 834 1736 708 1736 833 1737 708 1737 707 1737 909 1738 783 1738 782 1738 909 1739 784 1739 783 1739 909 1740 782 1740 908 1740 832 1741 706 1741 705 1741 832 1742 707 1742 706 1742 832 1743 833 1743 707 1743 910 1744 784 1744 909 1744 831 1745 705 1745 704 1745 831 1746 832 1746 705 1746 911 1747 784 1747 910 1747 911 1748 785 1748 784 1748 911 1749 786 1749 785 1749 830 1750 831 1750 704 1750 830 1751 704 1751 703 1751 912 1752 786 1752 911 1752 829 1753 830 1753 703 1753 913 1754 786 1754 912 1754 913 1755 787 1755 786 1755 828 1756 703 1756 702 1756 828 1757 829 1757 703 1757 914 1758 787 1758 913 1758 914 1759 788 1759 787 1759 827 1760 702 1760 701 1760 827 1761 828 1761 702 1761 915 1762 789 1762 788 1762 915 1763 788 1763 914 1763 826 1764 701 1764 700 1764 826 1765 827 1765 701 1765 916 1766 790 1766 789 1766 916 1767 789 1767 915 1767 825 1768 826 1768 700 1768 825 1769 700 1769 699 1769 917 1770 791 1770 790 1770 917 1771 790 1771 916 1771 824 1772 698 1772 697 1772 824 1773 699 1773 698 1773 824 1774 825 1774 699 1774 792 1775 666 1775 791 1775 792 1776 791 1776 917 1776 823 1777 824 1777 697 1777 793 1778 667 1778 666 1778 793 1779 668 1779 667 1779 793 1780 666 1780 792 1780 822 1781 697 1781 696 1781 822 1782 823 1782 697 1782 794 1783 668 1783 793 1783 821 1784 822 1784 696 1784 821 1785 696 1785 695 1785 795 1786 669 1786 668 1786 795 1787 668 1787 794 1787 820 1788 821 1788 695 1788 820 1789 695 1789 694 1789 796 1790 670 1790 669 1790 796 1791 671 1791 670 1791 796 1792 669 1792 795 1792 819 1793 820 1793 694 1793 819 1794 693 1794 692 1794 819 1795 694 1795 693 1795 797 1796 671 1796 796 1796 818 1797 819 1797 692 1797 818 1798 692 1798 691 1798 798 1799 671 1799 797 1799 798 1800 672 1800 671 1800 798 1801 673 1801 672 1801 817 1802 818 1802 691 1802 799 1803 673 1803 798 1803 816 1804 690 1804 689 1804 816 1805 691 1805 690 1805 816 1806 817 1806 691 1806 800 1807 674 1807 673 1807 800 1808 673 1808 799 1808 815 1809 816 1809 689 1809 801 1810 674 1810 800 1810 801 1811 675 1811 674 1811 801 1812 676 1812 675 1812 814 1813 815 1813 689 1813 814 1814 689 1814 688 1814 802 1815 676 1815 801 1815 813 1816 814 1816 688 1816 813 1817 688 1817 687 1817 803 1818 677 1818 676 1818 803 1819 676 1819 802 1819 812 1820 813 1820 687 1820 812 1821 687 1821 686 1821 804 1822 677 1822 803 1822 804 1823 678 1823 677 1823 811 1824 812 1824 686 1824 811 1825 686 1825 685 1825 805 1826 679 1826 678 1826 805 1827 678 1827 804 1827 810 1828 811 1828 685 1828 810 1829 685 1829 684 1829 806 1830 679 1830 805 1830 806 1831 680 1831 679 1831 809 1832 683 1832 682 1832 809 1833 684 1833 683 1833 809 1834 810 1834 684 1834 807 1835 681 1835 680 1835 807 1836 680 1836 806 1836 808 1837 809 1837 682 1837 808 1838 682 1838 681 1838 808 1839 681 1839 807 1839</p>
        </triangles>
      </mesh>
    </geometry>
  </library_geometries>
  <library_materials>
    <material id="mat_Body001" name="Body001">
      <instance_effect url="#effect_Body001"/>
    </material>
  </library_materials>
  <library_visual_scenes>
    <visual_scene id="scene">
      <node id="node0" name="node0">
        <instance_geometry url="#geometry0">
          <bind_material>
            <technique_common>
              <instance_material symbol="ref_Body001" target="#mat_Body001"/>
            </technique_common>
          </bind_material>
        </instance_geometry>
      </node>
    </visual_scene>
  </library_visual_scenes>
  <scene>
    <instance_visual_scene url="#scene"/>
  </scene>
</COLLADA>
