ISO-10303-21;
HEADER;
FILE_DESCRIPTION(('FreeCAD Model'),'2;1');
FILE_NAME('Open CASCADE Shape Model','2026-10-05T21:25:18',(''),(''),
  'Open CASCADE STEP processor 7.8','FreeCAD','Unknown');
FILE_SCHEMA(('AUTOMOTIVE_DESIGN { 1 0 10303 214 1 1 1 1 }'));
ENDSEC;
DATA;
#1 = APPLICATION_PROTOCOL_DEFINITION('international standard',
  'automotive_design',2000,#2);
#2 = APPLICATION_CONTEXT(
  'core data for automotive mechanical design processes');
#3 = SHAPE_DEFINITION_REPRESENTATION(#4,#10);
#4 = PRODUCT_DEFINITION_SHAPE('','',#5);
#5 = PRODUCT_DEFINITION('design','',#6,#9);
#6 = PRODUCT_DEFINITION_FORMATION('','',#7);
#7 = PRODUCT('Base','Base','',(#8));
#8 = PRODUCT_CONTEXT('',#2,'mechanical');
#9 = PRODUCT_DEFINITION_CONTEXT('part definition',#2,'design');
#10 = ADVANCED_BREP_SHAPE_REPRESENTATION('',(#11,#15),#2721);
#11 = AXIS2_PLACEMENT_3D('',#12,#13,#14);
#12 = CARTESIAN_POINT('',(0.,0.,0.));
#13 = DIRECTION('',(0.,0.,1.));
#14 = DIRECTION('',(1.,0.,-0.));
#15 = MANIFOLD_SOLID_BREP('',#16);
#16 = CLOSED_SHELL('',(#17,#125,#368,#393,#476,#500,#736,#761,#786,#1015
    ,#1039,#1064,#1293,#1330,#1347,#1369,#1386,#1403,#1415,#1437,#1454,
    #1471,#1483,#1505,#1522,#1539,#1551,#1573,#1590,#1607,#1619,#1641,
    #1658,#1675,#1687,#1709,#1726,#1743,#1755,#1772,#1806,#1839,#1917,
    #1943,#1965,#1982,#1999,#2011,#2033,#2050,#2067,#2079,#2101,#2118,
    #2135,#2147,#2169,#2186,#2203,#2215,#2237,#2254,#2271,#2283,#2305,
    #2322,#2339,#2351,#2368,#2385,#2416,#2432,#2456,#2516,#2540,#2556,
    #2580,#2600,#2632,#2656,#2680,#2697));
#17 = ADVANCED_FACE('',(#18),#120,.F.);
#18 = FACE_BOUND('',#19,.T.);
#19 = EDGE_LOOP('',(#20,#30,#38,#46,#55,#63,#72,#80,#88,#96,#105,#113));
#20 = ORIENTED_EDGE('',*,*,#21,.T.);
#21 = EDGE_CURVE('',#22,#24,#26,.T.);
#22 = VERTEX_POINT('',#23);
#23 = CARTESIAN_POINT('',(-71.,-67.,96.6));
#24 = VERTEX_POINT('',#25);
#25 = CARTESIAN_POINT('',(-71.,5.,120.));
#26 = LINE('',#27,#28);
#27 = CARTESIAN_POINT('',(-71.,-0.980780101752,118.05624646693));
#28 = VECTOR('',#29,1.);
#29 = DIRECTION('',(0.,0.951034068731,0.309086072338));
#30 = ORIENTED_EDGE('',*,*,#31,.F.);
#31 = EDGE_CURVE('',#32,#24,#34,.T.);
#32 = VERTEX_POINT('',#33);
#33 = CARTESIAN_POINT('',(-75.,5.,120.));
#34 = LINE('',#35,#36);
#35 = CARTESIAN_POINT('',(-75.,5.,120.));
#36 = VECTOR('',#37,1.);
#37 = DIRECTION('',(1.,0.,0.));
#38 = ORIENTED_EDGE('',*,*,#39,.F.);
#39 = EDGE_CURVE('',#40,#32,#42,.T.);
#40 = VERTEX_POINT('',#41);
#41 = CARTESIAN_POINT('',(-75.,-73.,94.65));
#42 = LINE('',#43,#44);
#43 = CARTESIAN_POINT('',(-75.,-0.980780101752,118.05624646693));
#44 = VECTOR('',#45,1.);
#45 = DIRECTION('',(0.,0.951034068731,0.309086072338));
#46 = ORIENTED_EDGE('',*,*,#47,.F.);
#47 = EDGE_CURVE('',#48,#40,#50,.T.);
#48 = VERTEX_POINT('',#49);
#49 = CARTESIAN_POINT('',(-73.,-75.,94.));
#50 = ELLIPSE('',#51,2.102974084481,2.);
#51 = AXIS2_PLACEMENT_3D('',#52,#53,#54);
#52 = CARTESIAN_POINT('',(-73.,-73.,94.65));
#53 = DIRECTION('',(0.,0.309086072338,-0.951034068731));
#54 = DIRECTION('',(0.,0.951034068731,0.309086072338));
#55 = ORIENTED_EDGE('',*,*,#56,.T.);
#56 = EDGE_CURVE('',#48,#57,#59,.T.);
#57 = VERTEX_POINT('',#58);
#58 = CARTESIAN_POINT('',(73.,-75.,94.));
#59 = LINE('',#60,#61);
#60 = CARTESIAN_POINT('',(-75.,-75.,94.));
#61 = VECTOR('',#62,1.);
#62 = DIRECTION('',(1.,0.,0.));
#63 = ORIENTED_EDGE('',*,*,#64,.T.);
#64 = EDGE_CURVE('',#57,#65,#67,.T.);
#65 = VERTEX_POINT('',#66);
#66 = CARTESIAN_POINT('',(75.,-73.,94.65));
#67 = ELLIPSE('',#68,2.102974084481,2.);
#68 = AXIS2_PLACEMENT_3D('',#69,#70,#71);
#69 = CARTESIAN_POINT('',(73.,-73.,94.65));
#70 = DIRECTION('',(0.,-0.309086072338,0.951034068731));
#71 = DIRECTION('',(0.,0.951034068731,0.309086072338));
#72 = ORIENTED_EDGE('',*,*,#73,.T.);
#73 = EDGE_CURVE('',#65,#74,#76,.T.);
#74 = VERTEX_POINT('',#75);
#75 = CARTESIAN_POINT('',(75.,5.,120.));
#76 = LINE('',#77,#78);
#77 = CARTESIAN_POINT('',(75.,-68.81571509327,96.009892594686));
#78 = VECTOR('',#79,1.);
#79 = DIRECTION('',(0.,0.951034068731,0.309086072338));
#80 = ORIENTED_EDGE('',*,*,#81,.F.);
#81 = EDGE_CURVE('',#82,#74,#84,.T.);
#82 = VERTEX_POINT('',#83);
#83 = CARTESIAN_POINT('',(71.,5.,120.));
#84 = LINE('',#85,#86);
#85 = CARTESIAN_POINT('',(-75.,5.,120.));
#86 = VECTOR('',#87,1.);
#87 = DIRECTION('',(1.,0.,0.));
#88 = ORIENTED_EDGE('',*,*,#89,.F.);
#89 = EDGE_CURVE('',#90,#82,#92,.T.);
#90 = VERTEX_POINT('',#91);
#91 = CARTESIAN_POINT('',(71.,-67.,96.6));
#92 = LINE('',#93,#94);
#93 = CARTESIAN_POINT('',(71.,-68.81571509327,96.009892594686));
#94 = VECTOR('',#95,1.);
#95 = DIRECTION('',(0.,0.951034068731,0.309086072338));
#96 = ORIENTED_EDGE('',*,*,#97,.F.);
#97 = EDGE_CURVE('',#98,#90,#100,.T.);
#98 = VERTEX_POINT('',#99);
#99 = CARTESIAN_POINT('',(67.,-71.,95.3));
#100 = ELLIPSE('',#101,4.205948168963,4.);
#101 = AXIS2_PLACEMENT_3D('',#102,#103,#104);
#102 = CARTESIAN_POINT('',(67.,-67.,96.6));
#103 = DIRECTION('',(0.,-0.309086072338,0.951034068731));
#104 = DIRECTION('',(0.,0.951034068731,0.309086072338));
#105 = ORIENTED_EDGE('',*,*,#106,.F.);
#106 = EDGE_CURVE('',#107,#98,#109,.T.);
#107 = VERTEX_POINT('',#108);
#108 = CARTESIAN_POINT('',(-67.,-71.,95.3));
#109 = LINE('',#110,#111);
#110 = CARTESIAN_POINT('',(-75.,-71.,95.3));
#111 = VECTOR('',#112,1.);
#112 = DIRECTION('',(1.,0.,0.));
#113 = ORIENTED_EDGE('',*,*,#114,.F.);
#114 = EDGE_CURVE('',#22,#107,#115,.T.);
#115 = ELLIPSE('',#116,4.205948168963,4.);
#116 = AXIS2_PLACEMENT_3D('',#117,#118,#119);
#117 = CARTESIAN_POINT('',(-67.,-67.,96.6));
#118 = DIRECTION('',(0.,-0.309086072338,0.951034068731));
#119 = DIRECTION('',(0.,-0.951034068731,-0.309086072338));
#120 = PLANE('',#121);
#121 = AXIS2_PLACEMENT_3D('',#122,#123,#124);
#122 = CARTESIAN_POINT('',(-75.,-35.,107.));
#123 = DIRECTION('',(0.,0.309086072338,-0.951034068731));
#124 = DIRECTION('',(-1.,-0.,-0.));
#125 = ADVANCED_FACE('',(#126,#159,#193,#227,#261,#295,#329),#363,.T.);
#126 = FACE_BOUND('',#127,.T.);
#127 = EDGE_LOOP('',(#128,#129,#137,#145,#153));
#128 = ORIENTED_EDGE('',*,*,#21,.F.);
#129 = ORIENTED_EDGE('',*,*,#130,.T.);
#130 = EDGE_CURVE('',#22,#131,#133,.T.);
#131 = VERTEX_POINT('',#132);
#132 = CARTESIAN_POINT('',(-71.,-67.,4.));
#133 = LINE('',#134,#135);
#134 = CARTESIAN_POINT('',(-71.,-67.,95.3));
#135 = VECTOR('',#136,1.);
#136 = DIRECTION('',(0.,0.,-1.));
#137 = ORIENTED_EDGE('',*,*,#138,.F.);
#138 = EDGE_CURVE('',#139,#131,#141,.T.);
#139 = VERTEX_POINT('',#140);
#140 = CARTESIAN_POINT('',(-71.,67.,4.));
#141 = LINE('',#142,#143);
#142 = CARTESIAN_POINT('',(-71.,37.5,4.));
#143 = VECTOR('',#144,1.);
#144 = DIRECTION('',(0.,-1.,0.));
#145 = ORIENTED_EDGE('',*,*,#146,.F.);
#146 = EDGE_CURVE('',#147,#139,#149,.T.);
#147 = VERTEX_POINT('',#148);
#148 = CARTESIAN_POINT('',(-71.,67.,120.));
#149 = LINE('',#150,#151);
#150 = CARTESIAN_POINT('',(-71.,67.,120.));
#151 = VECTOR('',#152,1.);
#152 = DIRECTION('',(0.,0.,-1.));
#153 = ORIENTED_EDGE('',*,*,#154,.T.);
#154 = EDGE_CURVE('',#147,#24,#155,.T.);
#155 = LINE('',#156,#157);
#156 = CARTESIAN_POINT('',(-71.,75.,120.));
#157 = VECTOR('',#158,1.);
#158 = DIRECTION('',(0.,-1.,0.));
#159 = FACE_BOUND('',#160,.T.);
#160 = EDGE_LOOP('',(#161,#171,#179,#187));
#161 = ORIENTED_EDGE('',*,*,#162,.F.);
#162 = EDGE_CURVE('',#163,#165,#167,.T.);
#163 = VERTEX_POINT('',#164);
#164 = CARTESIAN_POINT('',(-71.,52.5,10.));
#165 = VERTEX_POINT('',#166);
#166 = CARTESIAN_POINT('',(-71.,59.5,10.));
#167 = LINE('',#168,#169);
#168 = CARTESIAN_POINT('',(-71.,67.25,10.));
#169 = VECTOR('',#170,1.);
#170 = DIRECTION('',(0.,1.,0.));
#171 = ORIENTED_EDGE('',*,*,#172,.F.);
#172 = EDGE_CURVE('',#173,#163,#175,.T.);
#173 = VERTEX_POINT('',#174);
#174 = CARTESIAN_POINT('',(-71.,52.5,80.));
#175 = LINE('',#176,#177);
#176 = CARTESIAN_POINT('',(-71.,52.5,5.));
#177 = VECTOR('',#178,1.);
#178 = DIRECTION('',(0.,0.,-1.));
#179 = ORIENTED_EDGE('',*,*,#180,.F.);
#180 = EDGE_CURVE('',#181,#173,#183,.T.);
#181 = VERTEX_POINT('',#182);
#182 = CARTESIAN_POINT('',(-71.,59.5,80.));
#183 = LINE('',#184,#185);
#184 = CARTESIAN_POINT('',(-71.,63.75,80.));
#185 = VECTOR('',#186,1.);
#186 = DIRECTION('',(0.,-1.,0.));
#187 = ORIENTED_EDGE('',*,*,#188,.F.);
#188 = EDGE_CURVE('',#165,#181,#189,.T.);
#189 = LINE('',#190,#191);
#190 = CARTESIAN_POINT('',(-71.,59.5,40.));
#191 = VECTOR('',#192,1.);
#192 = DIRECTION('',(0.,0.,1.));
#193 = FACE_BOUND('',#194,.T.);
#194 = EDGE_LOOP('',(#195,#205,#213,#221));
#195 = ORIENTED_EDGE('',*,*,#196,.F.);
#196 = EDGE_CURVE('',#197,#199,#201,.T.);
#197 = VERTEX_POINT('',#198);
#198 = CARTESIAN_POINT('',(-71.,38.5,10.));
#199 = VERTEX_POINT('',#200);
#200 = CARTESIAN_POINT('',(-71.,45.5,10.));
#201 = LINE('',#202,#203);
#202 = CARTESIAN_POINT('',(-71.,60.25,10.));
#203 = VECTOR('',#204,1.);
#204 = DIRECTION('',(0.,1.,0.));
#205 = ORIENTED_EDGE('',*,*,#206,.F.);
#206 = EDGE_CURVE('',#207,#197,#209,.T.);
#207 = VERTEX_POINT('',#208);
#208 = CARTESIAN_POINT('',(-71.,38.5,80.));
#209 = LINE('',#210,#211);
#210 = CARTESIAN_POINT('',(-71.,38.5,5.));
#211 = VECTOR('',#212,1.);
#212 = DIRECTION('',(0.,0.,-1.));
#213 = ORIENTED_EDGE('',*,*,#214,.F.);
#214 = EDGE_CURVE('',#215,#207,#217,.T.);
#215 = VERTEX_POINT('',#216);
#216 = CARTESIAN_POINT('',(-71.,45.5,80.));
#217 = LINE('',#218,#219);
#218 = CARTESIAN_POINT('',(-71.,56.75,80.));
#219 = VECTOR('',#220,1.);
#220 = DIRECTION('',(0.,-1.,0.));
#221 = ORIENTED_EDGE('',*,*,#222,.F.);
#222 = EDGE_CURVE('',#199,#215,#223,.T.);
#223 = LINE('',#224,#225);
#224 = CARTESIAN_POINT('',(-71.,45.5,40.));
#225 = VECTOR('',#226,1.);
#226 = DIRECTION('',(0.,0.,1.));
#227 = FACE_BOUND('',#228,.T.);
#228 = EDGE_LOOP('',(#229,#239,#247,#255));
#229 = ORIENTED_EDGE('',*,*,#230,.F.);
#230 = EDGE_CURVE('',#231,#233,#235,.T.);
#231 = VERTEX_POINT('',#232);
#232 = CARTESIAN_POINT('',(-71.,24.5,10.));
#233 = VERTEX_POINT('',#234);
#234 = CARTESIAN_POINT('',(-71.,31.5,10.));
#235 = LINE('',#236,#237);
#236 = CARTESIAN_POINT('',(-71.,53.25,10.));
#237 = VECTOR('',#238,1.);
#238 = DIRECTION('',(0.,1.,0.));
#239 = ORIENTED_EDGE('',*,*,#240,.F.);
#240 = EDGE_CURVE('',#241,#231,#243,.T.);
#241 = VERTEX_POINT('',#242);
#242 = CARTESIAN_POINT('',(-71.,24.5,80.));
#243 = LINE('',#244,#245);
#244 = CARTESIAN_POINT('',(-71.,24.5,5.));
#245 = VECTOR('',#246,1.);
#246 = DIRECTION('',(0.,0.,-1.));
#247 = ORIENTED_EDGE('',*,*,#248,.F.);
#248 = EDGE_CURVE('',#249,#241,#251,.T.);
#249 = VERTEX_POINT('',#250);
#250 = CARTESIAN_POINT('',(-71.,31.5,80.));
#251 = LINE('',#252,#253);
#252 = CARTESIAN_POINT('',(-71.,49.75,80.));
#253 = VECTOR('',#254,1.);
#254 = DIRECTION('',(0.,-1.,0.));
#255 = ORIENTED_EDGE('',*,*,#256,.F.);
#256 = EDGE_CURVE('',#233,#249,#257,.T.);
#257 = LINE('',#258,#259);
#258 = CARTESIAN_POINT('',(-71.,31.5,40.));
#259 = VECTOR('',#260,1.);
#260 = DIRECTION('',(0.,0.,1.));
#261 = FACE_BOUND('',#262,.T.);
#262 = EDGE_LOOP('',(#263,#273,#281,#289));
#263 = ORIENTED_EDGE('',*,*,#264,.F.);
#264 = EDGE_CURVE('',#265,#267,#269,.T.);
#265 = VERTEX_POINT('',#266);
#266 = CARTESIAN_POINT('',(-71.,10.5,10.));
#267 = VERTEX_POINT('',#268);
#268 = CARTESIAN_POINT('',(-71.,17.5,10.));
#269 = LINE('',#270,#271);
#270 = CARTESIAN_POINT('',(-71.,46.25,10.));
#271 = VECTOR('',#272,1.);
#272 = DIRECTION('',(0.,1.,0.));
#273 = ORIENTED_EDGE('',*,*,#274,.F.);
#274 = EDGE_CURVE('',#275,#265,#277,.T.);
#275 = VERTEX_POINT('',#276);
#276 = CARTESIAN_POINT('',(-71.,10.5,80.));
#277 = LINE('',#278,#279);
#278 = CARTESIAN_POINT('',(-71.,10.5,5.));
#279 = VECTOR('',#280,1.);
#280 = DIRECTION('',(0.,0.,-1.));
#281 = ORIENTED_EDGE('',*,*,#282,.F.);
#282 = EDGE_CURVE('',#283,#275,#285,.T.);
#283 = VERTEX_POINT('',#284);
#284 = CARTESIAN_POINT('',(-71.,17.5,80.));
#285 = LINE('',#286,#287);
#286 = CARTESIAN_POINT('',(-71.,42.75,80.));
#287 = VECTOR('',#288,1.);
#288 = DIRECTION('',(0.,-1.,0.));
#289 = ORIENTED_EDGE('',*,*,#290,.F.);
#290 = EDGE_CURVE('',#267,#283,#291,.T.);
#291 = LINE('',#292,#293);
#292 = CARTESIAN_POINT('',(-71.,17.5,40.));
#293 = VECTOR('',#294,1.);
#294 = DIRECTION('',(0.,0.,1.));
#295 = FACE_BOUND('',#296,.T.);
#296 = EDGE_LOOP('',(#297,#307,#315,#323));
#297 = ORIENTED_EDGE('',*,*,#298,.F.);
#298 = EDGE_CURVE('',#299,#301,#303,.T.);
#299 = VERTEX_POINT('',#300);
#300 = CARTESIAN_POINT('',(-71.,-3.5,10.));
#301 = VERTEX_POINT('',#302);
#302 = CARTESIAN_POINT('',(-71.,3.5,10.));
#303 = LINE('',#304,#305);
#304 = CARTESIAN_POINT('',(-71.,39.25,10.));
#305 = VECTOR('',#306,1.);
#306 = DIRECTION('',(0.,1.,0.));
#307 = ORIENTED_EDGE('',*,*,#308,.F.);
#308 = EDGE_CURVE('',#309,#299,#311,.T.);
#309 = VERTEX_POINT('',#310);
#310 = CARTESIAN_POINT('',(-71.,-3.5,80.));
#311 = LINE('',#312,#313);
#312 = CARTESIAN_POINT('',(-71.,-3.5,5.));
#313 = VECTOR('',#314,1.);
#314 = DIRECTION('',(0.,0.,-1.));
#315 = ORIENTED_EDGE('',*,*,#316,.F.);
#316 = EDGE_CURVE('',#317,#309,#319,.T.);
#317 = VERTEX_POINT('',#318);
#318 = CARTESIAN_POINT('',(-71.,3.5,80.));
#319 = LINE('',#320,#321);
#320 = CARTESIAN_POINT('',(-71.,35.75,80.));
#321 = VECTOR('',#322,1.);
#322 = DIRECTION('',(0.,-1.,0.));
#323 = ORIENTED_EDGE('',*,*,#324,.F.);
#324 = EDGE_CURVE('',#301,#317,#325,.T.);
#325 = LINE('',#326,#327);
#326 = CARTESIAN_POINT('',(-71.,3.5,40.));
#327 = VECTOR('',#328,1.);
#328 = DIRECTION('',(0.,0.,1.));
#329 = FACE_BOUND('',#330,.T.);
#330 = EDGE_LOOP('',(#331,#341,#349,#357));
#331 = ORIENTED_EDGE('',*,*,#332,.F.);
#332 = EDGE_CURVE('',#333,#335,#337,.T.);
#333 = VERTEX_POINT('',#334);
#334 = CARTESIAN_POINT('',(-71.,-17.5,10.));
#335 = VERTEX_POINT('',#336);
#336 = CARTESIAN_POINT('',(-71.,-10.5,10.));
#337 = LINE('',#338,#339);
#338 = CARTESIAN_POINT('',(-71.,32.25,10.));
#339 = VECTOR('',#340,1.);
#340 = DIRECTION('',(0.,1.,0.));
#341 = ORIENTED_EDGE('',*,*,#342,.F.);
#342 = EDGE_CURVE('',#343,#333,#345,.T.);
#343 = VERTEX_POINT('',#344);
#344 = CARTESIAN_POINT('',(-71.,-17.5,80.));
#345 = LINE('',#346,#347);
#346 = CARTESIAN_POINT('',(-71.,-17.5,5.));
#347 = VECTOR('',#348,1.);
#348 = DIRECTION('',(0.,0.,-1.));
#349 = ORIENTED_EDGE('',*,*,#350,.F.);
#350 = EDGE_CURVE('',#351,#343,#353,.T.);
#351 = VERTEX_POINT('',#352);
#352 = CARTESIAN_POINT('',(-71.,-10.5,80.));
#353 = LINE('',#354,#355);
#354 = CARTESIAN_POINT('',(-71.,28.75,80.));
#355 = VECTOR('',#356,1.);
#356 = DIRECTION('',(0.,-1.,0.));
#357 = ORIENTED_EDGE('',*,*,#358,.F.);
#358 = EDGE_CURVE('',#335,#351,#359,.T.);
#359 = LINE('',#360,#361);
#360 = CARTESIAN_POINT('',(-71.,-10.5,40.));
#361 = VECTOR('',#362,1.);
#362 = DIRECTION('',(0.,0.,1.));
#363 = PLANE('',#364);
#364 = AXIS2_PLACEMENT_3D('',#365,#366,#367);
#365 = CARTESIAN_POINT('',(-71.,75.,0.));
#366 = DIRECTION('',(1.,0.,0.));
#367 = DIRECTION('',(0.,-1.,0.));
#368 = ADVANCED_FACE('',(#369),#388,.F.);
#369 = FACE_BOUND('',#370,.T.);
#370 = EDGE_LOOP('',(#371,#372,#380,#387));
#371 = ORIENTED_EDGE('',*,*,#114,.T.);
#372 = ORIENTED_EDGE('',*,*,#373,.T.);
#373 = EDGE_CURVE('',#107,#374,#376,.T.);
#374 = VERTEX_POINT('',#375);
#375 = CARTESIAN_POINT('',(-67.,-71.,4.));
#376 = LINE('',#377,#378);
#377 = CARTESIAN_POINT('',(-67.,-71.,95.3));
#378 = VECTOR('',#379,1.);
#379 = DIRECTION('',(0.,0.,-1.));
#380 = ORIENTED_EDGE('',*,*,#381,.F.);
#381 = EDGE_CURVE('',#131,#374,#382,.T.);
#382 = CIRCLE('',#383,4.);
#383 = AXIS2_PLACEMENT_3D('',#384,#385,#386);
#384 = CARTESIAN_POINT('',(-67.,-67.,4.));
#385 = DIRECTION('',(0.,-0.,1.));
#386 = DIRECTION('',(0.,1.,0.));
#387 = ORIENTED_EDGE('',*,*,#130,.F.);
#388 = CYLINDRICAL_SURFACE('',#389,4.);
#389 = AXIS2_PLACEMENT_3D('',#390,#391,#392);
#390 = CARTESIAN_POINT('',(-67.,-67.,95.3));
#391 = DIRECTION('',(0.,0.,-1.));
#392 = DIRECTION('',(-1.,-0.,-0.));
#393 = ADVANCED_FACE('',(#394),#471,.T.);
#394 = FACE_BOUND('',#395,.T.);
#395 = EDGE_LOOP('',(#396,#404,#405,#413,#422,#430,#439,#445,#446,#447,
    #456,#464));
#396 = ORIENTED_EDGE('',*,*,#397,.F.);
#397 = EDGE_CURVE('',#82,#398,#400,.T.);
#398 = VERTEX_POINT('',#399);
#399 = CARTESIAN_POINT('',(71.,67.,120.));
#400 = LINE('',#401,#402);
#401 = CARTESIAN_POINT('',(71.,-75.,120.));
#402 = VECTOR('',#403,1.);
#403 = DIRECTION('',(0.,1.,0.));
#404 = ORIENTED_EDGE('',*,*,#81,.T.);
#405 = ORIENTED_EDGE('',*,*,#406,.T.);
#406 = EDGE_CURVE('',#74,#407,#409,.T.);
#407 = VERTEX_POINT('',#408);
#408 = CARTESIAN_POINT('',(75.,73.,120.));
#409 = LINE('',#410,#411);
#410 = CARTESIAN_POINT('',(75.,-75.,120.));
#411 = VECTOR('',#412,1.);
#412 = DIRECTION('',(0.,1.,0.));
#413 = ORIENTED_EDGE('',*,*,#414,.T.);
#414 = EDGE_CURVE('',#407,#415,#417,.T.);
#415 = VERTEX_POINT('',#416);
#416 = CARTESIAN_POINT('',(73.,75.,120.));
#417 = CIRCLE('',#418,2.);
#418 = AXIS2_PLACEMENT_3D('',#419,#420,#421);
#419 = CARTESIAN_POINT('',(73.,73.,120.));
#420 = DIRECTION('',(-0.,0.,1.));
#421 = DIRECTION('',(0.,-1.,0.));
#422 = ORIENTED_EDGE('',*,*,#423,.T.);
#423 = EDGE_CURVE('',#415,#424,#426,.T.);
#424 = VERTEX_POINT('',#425);
#425 = CARTESIAN_POINT('',(-73.,75.,120.));
#426 = LINE('',#427,#428);
#427 = CARTESIAN_POINT('',(75.,75.,120.));
#428 = VECTOR('',#429,1.);
#429 = DIRECTION('',(-1.,0.,0.));
#430 = ORIENTED_EDGE('',*,*,#431,.F.);
#431 = EDGE_CURVE('',#432,#424,#434,.T.);
#432 = VERTEX_POINT('',#433);
#433 = CARTESIAN_POINT('',(-75.,73.,120.));
#434 = CIRCLE('',#435,2.);
#435 = AXIS2_PLACEMENT_3D('',#436,#437,#438);
#436 = CARTESIAN_POINT('',(-73.,73.,120.));
#437 = DIRECTION('',(-0.,-0.,-1.));
#438 = DIRECTION('',(0.,-1.,0.));
#439 = ORIENTED_EDGE('',*,*,#440,.T.);
#440 = EDGE_CURVE('',#432,#32,#441,.T.);
#441 = LINE('',#442,#443);
#442 = CARTESIAN_POINT('',(-75.,75.,120.));
#443 = VECTOR('',#444,1.);
#444 = DIRECTION('',(0.,-1.,0.));
#445 = ORIENTED_EDGE('',*,*,#31,.T.);
#446 = ORIENTED_EDGE('',*,*,#154,.F.);
#447 = ORIENTED_EDGE('',*,*,#448,.T.);
#448 = EDGE_CURVE('',#147,#449,#451,.T.);
#449 = VERTEX_POINT('',#450);
#450 = CARTESIAN_POINT('',(-67.,71.,120.));
#451 = CIRCLE('',#452,4.);
#452 = AXIS2_PLACEMENT_3D('',#453,#454,#455);
#453 = CARTESIAN_POINT('',(-67.,67.,120.));
#454 = DIRECTION('',(0.,0.,-1.));
#455 = DIRECTION('',(0.,1.,0.));
#456 = ORIENTED_EDGE('',*,*,#457,.F.);
#457 = EDGE_CURVE('',#458,#449,#460,.T.);
#458 = VERTEX_POINT('',#459);
#459 = CARTESIAN_POINT('',(67.,71.,120.));
#460 = LINE('',#461,#462);
#461 = CARTESIAN_POINT('',(75.,71.,120.));
#462 = VECTOR('',#463,1.);
#463 = DIRECTION('',(-1.,0.,0.));
#464 = ORIENTED_EDGE('',*,*,#465,.F.);
#465 = EDGE_CURVE('',#398,#458,#466,.T.);
#466 = CIRCLE('',#467,4.);
#467 = AXIS2_PLACEMENT_3D('',#468,#469,#470);
#468 = CARTESIAN_POINT('',(67.,67.,120.));
#469 = DIRECTION('',(-0.,0.,1.));
#470 = DIRECTION('',(0.,-1.,0.));
#471 = PLANE('',#472);
#472 = AXIS2_PLACEMENT_3D('',#473,#474,#475);
#473 = CARTESIAN_POINT('',(0.,0.,120.));
#474 = DIRECTION('',(0.,0.,1.));
#475 = DIRECTION('',(1.,0.,0.));
#476 = ADVANCED_FACE('',(#477),#495,.T.);
#477 = FACE_BOUND('',#478,.T.);
#478 = EDGE_LOOP('',(#479,#480,#488,#494));
#479 = ORIENTED_EDGE('',*,*,#106,.T.);
#480 = ORIENTED_EDGE('',*,*,#481,.F.);
#481 = EDGE_CURVE('',#482,#98,#484,.T.);
#482 = VERTEX_POINT('',#483);
#483 = CARTESIAN_POINT('',(67.,-71.,4.));
#484 = LINE('',#485,#486);
#485 = CARTESIAN_POINT('',(67.,-71.,4.));
#486 = VECTOR('',#487,1.);
#487 = DIRECTION('',(0.,0.,1.));
#488 = ORIENTED_EDGE('',*,*,#489,.F.);
#489 = EDGE_CURVE('',#374,#482,#490,.T.);
#490 = LINE('',#491,#492);
#491 = CARTESIAN_POINT('',(-37.5,-71.,4.));
#492 = VECTOR('',#493,1.);
#493 = DIRECTION('',(1.,0.,0.));
#494 = ORIENTED_EDGE('',*,*,#373,.F.);
#495 = PLANE('',#496);
#496 = AXIS2_PLACEMENT_3D('',#497,#498,#499);
#497 = CARTESIAN_POINT('',(-75.,-71.,0.));
#498 = DIRECTION('',(0.,1.,0.));
#499 = DIRECTION('',(1.,0.,0.));
#500 = ADVANCED_FACE('',(#501,#527,#561,#595,#629,#663,#697),#731,.F.);
#501 = FACE_BOUND('',#502,.F.);
#502 = EDGE_LOOP('',(#503,#504,#512,#520,#526));
#503 = ORIENTED_EDGE('',*,*,#39,.F.);
#504 = ORIENTED_EDGE('',*,*,#505,.F.);
#505 = EDGE_CURVE('',#506,#40,#508,.T.);
#506 = VERTEX_POINT('',#507);
#507 = CARTESIAN_POINT('',(-75.,-73.,0.));
#508 = LINE('',#509,#510);
#509 = CARTESIAN_POINT('',(-75.,-73.,0.));
#510 = VECTOR('',#511,1.);
#511 = DIRECTION('',(0.,0.,1.));
#512 = ORIENTED_EDGE('',*,*,#513,.F.);
#513 = EDGE_CURVE('',#514,#506,#516,.T.);
#514 = VERTEX_POINT('',#515);
#515 = CARTESIAN_POINT('',(-75.,73.,0.));
#516 = LINE('',#517,#518);
#517 = CARTESIAN_POINT('',(-75.,75.,0.));
#518 = VECTOR('',#519,1.);
#519 = DIRECTION('',(0.,-1.,0.));
#520 = ORIENTED_EDGE('',*,*,#521,.T.);
#521 = EDGE_CURVE('',#514,#432,#522,.T.);
#522 = LINE('',#523,#524);
#523 = CARTESIAN_POINT('',(-75.,73.,0.));
#524 = VECTOR('',#525,1.);
#525 = DIRECTION('',(0.,0.,1.));
#526 = ORIENTED_EDGE('',*,*,#440,.T.);
#527 = FACE_BOUND('',#528,.F.);
#528 = EDGE_LOOP('',(#529,#539,#547,#555));
#529 = ORIENTED_EDGE('',*,*,#530,.T.);
#530 = EDGE_CURVE('',#531,#533,#535,.T.);
#531 = VERTEX_POINT('',#532);
#532 = CARTESIAN_POINT('',(-75.,59.5,80.));
#533 = VERTEX_POINT('',#534);
#534 = CARTESIAN_POINT('',(-75.,59.5,10.));
#535 = LINE('',#536,#537);
#536 = CARTESIAN_POINT('',(-75.,59.5,80.));
#537 = VECTOR('',#538,1.);
#538 = DIRECTION('',(0.,0.,-1.));
#539 = ORIENTED_EDGE('',*,*,#540,.T.);
#540 = EDGE_CURVE('',#533,#541,#543,.T.);
#541 = VERTEX_POINT('',#542);
#542 = CARTESIAN_POINT('',(-75.,52.5,10.));
#543 = LINE('',#544,#545);
#544 = CARTESIAN_POINT('',(-75.,59.5,10.));
#545 = VECTOR('',#546,1.);
#546 = DIRECTION('',(0.,-1.,0.));
#547 = ORIENTED_EDGE('',*,*,#548,.T.);
#548 = EDGE_CURVE('',#541,#549,#551,.T.);
#549 = VERTEX_POINT('',#550);
#550 = CARTESIAN_POINT('',(-75.,52.5,80.));
#551 = LINE('',#552,#553);
#552 = CARTESIAN_POINT('',(-75.,52.5,10.));
#553 = VECTOR('',#554,1.);
#554 = DIRECTION('',(0.,0.,1.));
#555 = ORIENTED_EDGE('',*,*,#556,.T.);
#556 = EDGE_CURVE('',#549,#531,#557,.T.);
#557 = LINE('',#558,#559);
#558 = CARTESIAN_POINT('',(-75.,52.5,80.));
#559 = VECTOR('',#560,1.);
#560 = DIRECTION('',(0.,1.,0.));
#561 = FACE_BOUND('',#562,.F.);
#562 = EDGE_LOOP('',(#563,#573,#581,#589));
#563 = ORIENTED_EDGE('',*,*,#564,.T.);
#564 = EDGE_CURVE('',#565,#567,#569,.T.);
#565 = VERTEX_POINT('',#566);
#566 = CARTESIAN_POINT('',(-75.,45.5,80.));
#567 = VERTEX_POINT('',#568);
#568 = CARTESIAN_POINT('',(-75.,45.5,10.));
#569 = LINE('',#570,#571);
#570 = CARTESIAN_POINT('',(-75.,45.5,80.));
#571 = VECTOR('',#572,1.);
#572 = DIRECTION('',(0.,0.,-1.));
#573 = ORIENTED_EDGE('',*,*,#574,.T.);
#574 = EDGE_CURVE('',#567,#575,#577,.T.);
#575 = VERTEX_POINT('',#576);
#576 = CARTESIAN_POINT('',(-75.,38.5,10.));
#577 = LINE('',#578,#579);
#578 = CARTESIAN_POINT('',(-75.,45.5,10.));
#579 = VECTOR('',#580,1.);
#580 = DIRECTION('',(0.,-1.,0.));
#581 = ORIENTED_EDGE('',*,*,#582,.T.);
#582 = EDGE_CURVE('',#575,#583,#585,.T.);
#583 = VERTEX_POINT('',#584);
#584 = CARTESIAN_POINT('',(-75.,38.5,80.));
#585 = LINE('',#586,#587);
#586 = CARTESIAN_POINT('',(-75.,38.5,10.));
#587 = VECTOR('',#588,1.);
#588 = DIRECTION('',(0.,0.,1.));
#589 = ORIENTED_EDGE('',*,*,#590,.T.);
#590 = EDGE_CURVE('',#583,#565,#591,.T.);
#591 = LINE('',#592,#593);
#592 = CARTESIAN_POINT('',(-75.,38.5,80.));
#593 = VECTOR('',#594,1.);
#594 = DIRECTION('',(0.,1.,0.));
#595 = FACE_BOUND('',#596,.F.);
#596 = EDGE_LOOP('',(#597,#607,#615,#623));
#597 = ORIENTED_EDGE('',*,*,#598,.T.);
#598 = EDGE_CURVE('',#599,#601,#603,.T.);
#599 = VERTEX_POINT('',#600);
#600 = CARTESIAN_POINT('',(-75.,31.5,80.));
#601 = VERTEX_POINT('',#602);
#602 = CARTESIAN_POINT('',(-75.,31.5,10.));
#603 = LINE('',#604,#605);
#604 = CARTESIAN_POINT('',(-75.,31.5,80.));
#605 = VECTOR('',#606,1.);
#606 = DIRECTION('',(0.,0.,-1.));
#607 = ORIENTED_EDGE('',*,*,#608,.T.);
#608 = EDGE_CURVE('',#601,#609,#611,.T.);
#609 = VERTEX_POINT('',#610);
#610 = CARTESIAN_POINT('',(-75.,24.5,10.));
#611 = LINE('',#612,#613);
#612 = CARTESIAN_POINT('',(-75.,31.5,10.));
#613 = VECTOR('',#614,1.);
#614 = DIRECTION('',(0.,-1.,0.));
#615 = ORIENTED_EDGE('',*,*,#616,.T.);
#616 = EDGE_CURVE('',#609,#617,#619,.T.);
#617 = VERTEX_POINT('',#618);
#618 = CARTESIAN_POINT('',(-75.,24.5,80.));
#619 = LINE('',#620,#621);
#620 = CARTESIAN_POINT('',(-75.,24.5,10.));
#621 = VECTOR('',#622,1.);
#622 = DIRECTION('',(0.,0.,1.));
#623 = ORIENTED_EDGE('',*,*,#624,.T.);
#624 = EDGE_CURVE('',#617,#599,#625,.T.);
#625 = LINE('',#626,#627);
#626 = CARTESIAN_POINT('',(-75.,24.5,80.));
#627 = VECTOR('',#628,1.);
#628 = DIRECTION('',(0.,1.,0.));
#629 = FACE_BOUND('',#630,.F.);
#630 = EDGE_LOOP('',(#631,#641,#649,#657));
#631 = ORIENTED_EDGE('',*,*,#632,.T.);
#632 = EDGE_CURVE('',#633,#635,#637,.T.);
#633 = VERTEX_POINT('',#634);
#634 = CARTESIAN_POINT('',(-75.,17.5,80.));
#635 = VERTEX_POINT('',#636);
#636 = CARTESIAN_POINT('',(-75.,17.5,10.));
#637 = LINE('',#638,#639);
#638 = CARTESIAN_POINT('',(-75.,17.5,80.));
#639 = VECTOR('',#640,1.);
#640 = DIRECTION('',(0.,0.,-1.));
#641 = ORIENTED_EDGE('',*,*,#642,.T.);
#642 = EDGE_CURVE('',#635,#643,#645,.T.);
#643 = VERTEX_POINT('',#644);
#644 = CARTESIAN_POINT('',(-75.,10.5,10.));
#645 = LINE('',#646,#647);
#646 = CARTESIAN_POINT('',(-75.,17.5,10.));
#647 = VECTOR('',#648,1.);
#648 = DIRECTION('',(0.,-1.,0.));
#649 = ORIENTED_EDGE('',*,*,#650,.T.);
#650 = EDGE_CURVE('',#643,#651,#653,.T.);
#651 = VERTEX_POINT('',#652);
#652 = CARTESIAN_POINT('',(-75.,10.5,80.));
#653 = LINE('',#654,#655);
#654 = CARTESIAN_POINT('',(-75.,10.5,10.));
#655 = VECTOR('',#656,1.);
#656 = DIRECTION('',(0.,0.,1.));
#657 = ORIENTED_EDGE('',*,*,#658,.T.);
#658 = EDGE_CURVE('',#651,#633,#659,.T.);
#659 = LINE('',#660,#661);
#660 = CARTESIAN_POINT('',(-75.,10.5,80.));
#661 = VECTOR('',#662,1.);
#662 = DIRECTION('',(0.,1.,0.));
#663 = FACE_BOUND('',#664,.F.);
#664 = EDGE_LOOP('',(#665,#675,#683,#691));
#665 = ORIENTED_EDGE('',*,*,#666,.T.);
#666 = EDGE_CURVE('',#667,#669,#671,.T.);
#667 = VERTEX_POINT('',#668);
#668 = CARTESIAN_POINT('',(-75.,3.5,80.));
#669 = VERTEX_POINT('',#670);
#670 = CARTESIAN_POINT('',(-75.,3.5,10.));
#671 = LINE('',#672,#673);
#672 = CARTESIAN_POINT('',(-75.,3.5,80.));
#673 = VECTOR('',#674,1.);
#674 = DIRECTION('',(0.,0.,-1.));
#675 = ORIENTED_EDGE('',*,*,#676,.T.);
#676 = EDGE_CURVE('',#669,#677,#679,.T.);
#677 = VERTEX_POINT('',#678);
#678 = CARTESIAN_POINT('',(-75.,-3.5,10.));
#679 = LINE('',#680,#681);
#680 = CARTESIAN_POINT('',(-75.,3.5,10.));
#681 = VECTOR('',#682,1.);
#682 = DIRECTION('',(0.,-1.,0.));
#683 = ORIENTED_EDGE('',*,*,#684,.T.);
#684 = EDGE_CURVE('',#677,#685,#687,.T.);
#685 = VERTEX_POINT('',#686);
#686 = CARTESIAN_POINT('',(-75.,-3.5,80.));
#687 = LINE('',#688,#689);
#688 = CARTESIAN_POINT('',(-75.,-3.5,10.));
#689 = VECTOR('',#690,1.);
#690 = DIRECTION('',(0.,0.,1.));
#691 = ORIENTED_EDGE('',*,*,#692,.T.);
#692 = EDGE_CURVE('',#685,#667,#693,.T.);
#693 = LINE('',#694,#695);
#694 = CARTESIAN_POINT('',(-75.,-3.5,80.));
#695 = VECTOR('',#696,1.);
#696 = DIRECTION('',(0.,1.,0.));
#697 = FACE_BOUND('',#698,.F.);
#698 = EDGE_LOOP('',(#699,#709,#717,#725));
#699 = ORIENTED_EDGE('',*,*,#700,.T.);
#700 = EDGE_CURVE('',#701,#703,#705,.T.);
#701 = VERTEX_POINT('',#702);
#702 = CARTESIAN_POINT('',(-75.,-10.5,80.));
#703 = VERTEX_POINT('',#704);
#704 = CARTESIAN_POINT('',(-75.,-10.5,10.));
#705 = LINE('',#706,#707);
#706 = CARTESIAN_POINT('',(-75.,-10.5,80.));
#707 = VECTOR('',#708,1.);
#708 = DIRECTION('',(0.,0.,-1.));
#709 = ORIENTED_EDGE('',*,*,#710,.T.);
#710 = EDGE_CURVE('',#703,#711,#713,.T.);
#711 = VERTEX_POINT('',#712);
#712 = CARTESIAN_POINT('',(-75.,-17.5,10.));
#713 = LINE('',#714,#715);
#714 = CARTESIAN_POINT('',(-75.,-10.5,10.));
#715 = VECTOR('',#716,1.);
#716 = DIRECTION('',(0.,-1.,0.));
#717 = ORIENTED_EDGE('',*,*,#718,.T.);
#718 = EDGE_CURVE('',#711,#719,#721,.T.);
#719 = VERTEX_POINT('',#720);
#720 = CARTESIAN_POINT('',(-75.,-17.5,80.));
#721 = LINE('',#722,#723);
#722 = CARTESIAN_POINT('',(-75.,-17.5,10.));
#723 = VECTOR('',#724,1.);
#724 = DIRECTION('',(0.,0.,1.));
#725 = ORIENTED_EDGE('',*,*,#726,.T.);
#726 = EDGE_CURVE('',#719,#701,#727,.T.);
#727 = LINE('',#728,#729);
#728 = CARTESIAN_POINT('',(-75.,-17.5,80.));
#729 = VECTOR('',#730,1.);
#730 = DIRECTION('',(0.,1.,0.));
#731 = PLANE('',#732);
#732 = AXIS2_PLACEMENT_3D('',#733,#734,#735);
#733 = CARTESIAN_POINT('',(-75.,75.,0.));
#734 = DIRECTION('',(1.,0.,0.));
#735 = DIRECTION('',(0.,-1.,0.));
#736 = ADVANCED_FACE('',(#737),#756,.F.);
#737 = FACE_BOUND('',#738,.F.);
#738 = EDGE_LOOP('',(#739,#748,#754,#755));
#739 = ORIENTED_EDGE('',*,*,#740,.T.);
#740 = EDGE_CURVE('',#482,#741,#743,.T.);
#741 = VERTEX_POINT('',#742);
#742 = CARTESIAN_POINT('',(71.,-67.,4.));
#743 = CIRCLE('',#744,4.);
#744 = AXIS2_PLACEMENT_3D('',#745,#746,#747);
#745 = CARTESIAN_POINT('',(67.,-67.,4.));
#746 = DIRECTION('',(-0.,0.,1.));
#747 = DIRECTION('',(0.,-1.,0.));
#748 = ORIENTED_EDGE('',*,*,#749,.T.);
#749 = EDGE_CURVE('',#741,#90,#750,.T.);
#750 = LINE('',#751,#752);
#751 = CARTESIAN_POINT('',(71.,-67.,4.));
#752 = VECTOR('',#753,1.);
#753 = DIRECTION('',(0.,0.,1.));
#754 = ORIENTED_EDGE('',*,*,#97,.F.);
#755 = ORIENTED_EDGE('',*,*,#481,.F.);
#756 = CYLINDRICAL_SURFACE('',#757,4.);
#757 = AXIS2_PLACEMENT_3D('',#758,#759,#760);
#758 = CARTESIAN_POINT('',(67.,-67.,4.));
#759 = DIRECTION('',(0.,0.,1.));
#760 = DIRECTION('',(0.,-1.,0.));
#761 = ADVANCED_FACE('',(#762),#781,.T.);
#762 = FACE_BOUND('',#763,.F.);
#763 = EDGE_LOOP('',(#764,#773,#774,#775));
#764 = ORIENTED_EDGE('',*,*,#765,.T.);
#765 = EDGE_CURVE('',#766,#506,#768,.T.);
#766 = VERTEX_POINT('',#767);
#767 = CARTESIAN_POINT('',(-73.,-75.,0.));
#768 = CIRCLE('',#769,2.);
#769 = AXIS2_PLACEMENT_3D('',#770,#771,#772);
#770 = CARTESIAN_POINT('',(-73.,-73.,0.));
#771 = DIRECTION('',(-0.,-0.,-1.));
#772 = DIRECTION('',(0.,-1.,0.));
#773 = ORIENTED_EDGE('',*,*,#505,.T.);
#774 = ORIENTED_EDGE('',*,*,#47,.F.);
#775 = ORIENTED_EDGE('',*,*,#776,.F.);
#776 = EDGE_CURVE('',#766,#48,#777,.T.);
#777 = LINE('',#778,#779);
#778 = CARTESIAN_POINT('',(-73.,-75.,0.));
#779 = VECTOR('',#780,1.);
#780 = DIRECTION('',(0.,0.,1.));
#781 = CYLINDRICAL_SURFACE('',#782,2.);
#782 = AXIS2_PLACEMENT_3D('',#783,#784,#785);
#783 = CARTESIAN_POINT('',(-73.,-73.,0.));
#784 = DIRECTION('',(0.,0.,1.));
#785 = DIRECTION('',(0.,-1.,0.));
#786 = ADVANCED_FACE('',(#787,#806,#840,#874,#908,#942,#976),#1010,.T.);
#787 = FACE_BOUND('',#788,.T.);
#788 = EDGE_LOOP('',(#789,#790,#791,#799,#805));
#789 = ORIENTED_EDGE('',*,*,#89,.T.);
#790 = ORIENTED_EDGE('',*,*,#397,.T.);
#791 = ORIENTED_EDGE('',*,*,#792,.F.);
#792 = EDGE_CURVE('',#793,#398,#795,.T.);
#793 = VERTEX_POINT('',#794);
#794 = CARTESIAN_POINT('',(71.,67.,4.));
#795 = LINE('',#796,#797);
#796 = CARTESIAN_POINT('',(71.,67.,4.));
#797 = VECTOR('',#798,1.);
#798 = DIRECTION('',(0.,0.,1.));
#799 = ORIENTED_EDGE('',*,*,#800,.T.);
#800 = EDGE_CURVE('',#793,#741,#801,.T.);
#801 = LINE('',#802,#803);
#802 = CARTESIAN_POINT('',(71.,-37.5,4.));
#803 = VECTOR('',#804,1.);
#804 = DIRECTION('',(0.,-1.,0.));
#805 = ORIENTED_EDGE('',*,*,#749,.T.);
#806 = FACE_BOUND('',#807,.T.);
#807 = EDGE_LOOP('',(#808,#818,#826,#834));
#808 = ORIENTED_EDGE('',*,*,#809,.F.);
#809 = EDGE_CURVE('',#810,#812,#814,.T.);
#810 = VERTEX_POINT('',#811);
#811 = CARTESIAN_POINT('',(71.,-10.5,10.));
#812 = VERTEX_POINT('',#813);
#813 = CARTESIAN_POINT('',(71.,-17.5,10.));
#814 = LINE('',#815,#816);
#815 = CARTESIAN_POINT('',(71.,-46.25,10.));
#816 = VECTOR('',#817,1.);
#817 = DIRECTION('',(-0.,-1.,-0.));
#818 = ORIENTED_EDGE('',*,*,#819,.F.);
#819 = EDGE_CURVE('',#820,#810,#822,.T.);
#820 = VERTEX_POINT('',#821);
#821 = CARTESIAN_POINT('',(71.,-10.5,80.));
#822 = LINE('',#823,#824);
#823 = CARTESIAN_POINT('',(71.,-10.5,5.));
#824 = VECTOR('',#825,1.);
#825 = DIRECTION('',(0.,0.,-1.));
#826 = ORIENTED_EDGE('',*,*,#827,.F.);
#827 = EDGE_CURVE('',#828,#820,#830,.T.);
#828 = VERTEX_POINT('',#829);
#829 = CARTESIAN_POINT('',(71.,-17.5,80.));
#830 = LINE('',#831,#832);
#831 = CARTESIAN_POINT('',(71.,-42.75,80.));
#832 = VECTOR('',#833,1.);
#833 = DIRECTION('',(0.,1.,0.));
#834 = ORIENTED_EDGE('',*,*,#835,.F.);
#835 = EDGE_CURVE('',#812,#828,#836,.T.);
#836 = LINE('',#837,#838);
#837 = CARTESIAN_POINT('',(71.,-17.5,40.));
#838 = VECTOR('',#839,1.);
#839 = DIRECTION('',(0.,0.,1.));
#840 = FACE_BOUND('',#841,.T.);
#841 = EDGE_LOOP('',(#842,#852,#860,#868));
#842 = ORIENTED_EDGE('',*,*,#843,.F.);
#843 = EDGE_CURVE('',#844,#846,#848,.T.);
#844 = VERTEX_POINT('',#845);
#845 = CARTESIAN_POINT('',(71.,3.5,10.));
#846 = VERTEX_POINT('',#847);
#847 = CARTESIAN_POINT('',(71.,-3.5,10.));
#848 = LINE('',#849,#850);
#849 = CARTESIAN_POINT('',(71.,-39.25,10.));
#850 = VECTOR('',#851,1.);
#851 = DIRECTION('',(-0.,-1.,-0.));
#852 = ORIENTED_EDGE('',*,*,#853,.F.);
#853 = EDGE_CURVE('',#854,#844,#856,.T.);
#854 = VERTEX_POINT('',#855);
#855 = CARTESIAN_POINT('',(71.,3.5,80.));
#856 = LINE('',#857,#858);
#857 = CARTESIAN_POINT('',(71.,3.5,5.));
#858 = VECTOR('',#859,1.);
#859 = DIRECTION('',(0.,0.,-1.));
#860 = ORIENTED_EDGE('',*,*,#861,.F.);
#861 = EDGE_CURVE('',#862,#854,#864,.T.);
#862 = VERTEX_POINT('',#863);
#863 = CARTESIAN_POINT('',(71.,-3.5,80.));
#864 = LINE('',#865,#866);
#865 = CARTESIAN_POINT('',(71.,-35.75,80.));
#866 = VECTOR('',#867,1.);
#867 = DIRECTION('',(0.,1.,0.));
#868 = ORIENTED_EDGE('',*,*,#869,.F.);
#869 = EDGE_CURVE('',#846,#862,#870,.T.);
#870 = LINE('',#871,#872);
#871 = CARTESIAN_POINT('',(71.,-3.5,40.));
#872 = VECTOR('',#873,1.);
#873 = DIRECTION('',(0.,0.,1.));
#874 = FACE_BOUND('',#875,.T.);
#875 = EDGE_LOOP('',(#876,#886,#894,#902));
#876 = ORIENTED_EDGE('',*,*,#877,.F.);
#877 = EDGE_CURVE('',#878,#880,#882,.T.);
#878 = VERTEX_POINT('',#879);
#879 = CARTESIAN_POINT('',(71.,17.5,10.));
#880 = VERTEX_POINT('',#881);
#881 = CARTESIAN_POINT('',(71.,10.5,10.));
#882 = LINE('',#883,#884);
#883 = CARTESIAN_POINT('',(71.,-32.25,10.));
#884 = VECTOR('',#885,1.);
#885 = DIRECTION('',(-0.,-1.,-0.));
#886 = ORIENTED_EDGE('',*,*,#887,.F.);
#887 = EDGE_CURVE('',#888,#878,#890,.T.);
#888 = VERTEX_POINT('',#889);
#889 = CARTESIAN_POINT('',(71.,17.5,80.));
#890 = LINE('',#891,#892);
#891 = CARTESIAN_POINT('',(71.,17.5,5.));
#892 = VECTOR('',#893,1.);
#893 = DIRECTION('',(0.,0.,-1.));
#894 = ORIENTED_EDGE('',*,*,#895,.F.);
#895 = EDGE_CURVE('',#896,#888,#898,.T.);
#896 = VERTEX_POINT('',#897);
#897 = CARTESIAN_POINT('',(71.,10.5,80.));
#898 = LINE('',#899,#900);
#899 = CARTESIAN_POINT('',(71.,-28.75,80.));
#900 = VECTOR('',#901,1.);
#901 = DIRECTION('',(0.,1.,0.));
#902 = ORIENTED_EDGE('',*,*,#903,.F.);
#903 = EDGE_CURVE('',#880,#896,#904,.T.);
#904 = LINE('',#905,#906);
#905 = CARTESIAN_POINT('',(71.,10.5,40.));
#906 = VECTOR('',#907,1.);
#907 = DIRECTION('',(0.,0.,1.));
#908 = FACE_BOUND('',#909,.T.);
#909 = EDGE_LOOP('',(#910,#920,#928,#936));
#910 = ORIENTED_EDGE('',*,*,#911,.F.);
#911 = EDGE_CURVE('',#912,#914,#916,.T.);
#912 = VERTEX_POINT('',#913);
#913 = CARTESIAN_POINT('',(71.,31.5,10.));
#914 = VERTEX_POINT('',#915);
#915 = CARTESIAN_POINT('',(71.,24.5,10.));
#916 = LINE('',#917,#918);
#917 = CARTESIAN_POINT('',(71.,-25.25,10.));
#918 = VECTOR('',#919,1.);
#919 = DIRECTION('',(-0.,-1.,-0.));
#920 = ORIENTED_EDGE('',*,*,#921,.F.);
#921 = EDGE_CURVE('',#922,#912,#924,.T.);
#922 = VERTEX_POINT('',#923);
#923 = CARTESIAN_POINT('',(71.,31.5,80.));
#924 = LINE('',#925,#926);
#925 = CARTESIAN_POINT('',(71.,31.5,5.));
#926 = VECTOR('',#927,1.);
#927 = DIRECTION('',(0.,0.,-1.));
#928 = ORIENTED_EDGE('',*,*,#929,.F.);
#929 = EDGE_CURVE('',#930,#922,#932,.T.);
#930 = VERTEX_POINT('',#931);
#931 = CARTESIAN_POINT('',(71.,24.5,80.));
#932 = LINE('',#933,#934);
#933 = CARTESIAN_POINT('',(71.,-21.75,80.));
#934 = VECTOR('',#935,1.);
#935 = DIRECTION('',(0.,1.,0.));
#936 = ORIENTED_EDGE('',*,*,#937,.F.);
#937 = EDGE_CURVE('',#914,#930,#938,.T.);
#938 = LINE('',#939,#940);
#939 = CARTESIAN_POINT('',(71.,24.5,40.));
#940 = VECTOR('',#941,1.);
#941 = DIRECTION('',(0.,0.,1.));
#942 = FACE_BOUND('',#943,.T.);
#943 = EDGE_LOOP('',(#944,#954,#962,#970));
#944 = ORIENTED_EDGE('',*,*,#945,.F.);
#945 = EDGE_CURVE('',#946,#948,#950,.T.);
#946 = VERTEX_POINT('',#947);
#947 = CARTESIAN_POINT('',(71.,45.5,10.));
#948 = VERTEX_POINT('',#949);
#949 = CARTESIAN_POINT('',(71.,38.5,10.));
#950 = LINE('',#951,#952);
#951 = CARTESIAN_POINT('',(71.,-18.25,10.));
#952 = VECTOR('',#953,1.);
#953 = DIRECTION('',(-0.,-1.,-0.));
#954 = ORIENTED_EDGE('',*,*,#955,.F.);
#955 = EDGE_CURVE('',#956,#946,#958,.T.);
#956 = VERTEX_POINT('',#957);
#957 = CARTESIAN_POINT('',(71.,45.5,80.));
#958 = LINE('',#959,#960);
#959 = CARTESIAN_POINT('',(71.,45.5,5.));
#960 = VECTOR('',#961,1.);
#961 = DIRECTION('',(0.,0.,-1.));
#962 = ORIENTED_EDGE('',*,*,#963,.F.);
#963 = EDGE_CURVE('',#964,#956,#966,.T.);
#964 = VERTEX_POINT('',#965);
#965 = CARTESIAN_POINT('',(71.,38.5,80.));
#966 = LINE('',#967,#968);
#967 = CARTESIAN_POINT('',(71.,-14.75,80.));
#968 = VECTOR('',#969,1.);
#969 = DIRECTION('',(0.,1.,0.));
#970 = ORIENTED_EDGE('',*,*,#971,.F.);
#971 = EDGE_CURVE('',#948,#964,#972,.T.);
#972 = LINE('',#973,#974);
#973 = CARTESIAN_POINT('',(71.,38.5,40.));
#974 = VECTOR('',#975,1.);
#975 = DIRECTION('',(0.,0.,1.));
#976 = FACE_BOUND('',#977,.T.);
#977 = EDGE_LOOP('',(#978,#988,#996,#1004));
#978 = ORIENTED_EDGE('',*,*,#979,.F.);
#979 = EDGE_CURVE('',#980,#982,#984,.T.);
#980 = VERTEX_POINT('',#981);
#981 = CARTESIAN_POINT('',(71.,59.5,10.));
#982 = VERTEX_POINT('',#983);
#983 = CARTESIAN_POINT('',(71.,52.5,10.));
#984 = LINE('',#985,#986);
#985 = CARTESIAN_POINT('',(71.,-11.25,10.));
#986 = VECTOR('',#987,1.);
#987 = DIRECTION('',(-0.,-1.,-0.));
#988 = ORIENTED_EDGE('',*,*,#989,.F.);
#989 = EDGE_CURVE('',#990,#980,#992,.T.);
#990 = VERTEX_POINT('',#991);
#991 = CARTESIAN_POINT('',(71.,59.5,80.));
#992 = LINE('',#993,#994);
#993 = CARTESIAN_POINT('',(71.,59.5,5.));
#994 = VECTOR('',#995,1.);
#995 = DIRECTION('',(0.,0.,-1.));
#996 = ORIENTED_EDGE('',*,*,#997,.F.);
#997 = EDGE_CURVE('',#998,#990,#1000,.T.);
#998 = VERTEX_POINT('',#999);
#999 = CARTESIAN_POINT('',(71.,52.5,80.));
#1000 = LINE('',#1001,#1002);
#1001 = CARTESIAN_POINT('',(71.,-7.75,80.));
#1002 = VECTOR('',#1003,1.);
#1003 = DIRECTION('',(0.,1.,0.));
#1004 = ORIENTED_EDGE('',*,*,#1005,.F.);
#1005 = EDGE_CURVE('',#982,#998,#1006,.T.);
#1006 = LINE('',#1007,#1008);
#1007 = CARTESIAN_POINT('',(71.,52.5,40.));
#1008 = VECTOR('',#1009,1.);
#1009 = DIRECTION('',(0.,0.,1.));
#1010 = PLANE('',#1011);
#1011 = AXIS2_PLACEMENT_3D('',#1012,#1013,#1014);
#1012 = CARTESIAN_POINT('',(71.,-75.,0.));
#1013 = DIRECTION('',(-1.,0.,0.));
#1014 = DIRECTION('',(0.,1.,0.));
#1015 = ADVANCED_FACE('',(#1016),#1034,.F.);
#1016 = FACE_BOUND('',#1017,.F.);
#1017 = EDGE_LOOP('',(#1018,#1019,#1027,#1033));
#1018 = ORIENTED_EDGE('',*,*,#56,.T.);
#1019 = ORIENTED_EDGE('',*,*,#1020,.F.);
#1020 = EDGE_CURVE('',#1021,#57,#1023,.T.);
#1021 = VERTEX_POINT('',#1022);
#1022 = CARTESIAN_POINT('',(73.,-75.,0.));
#1023 = LINE('',#1024,#1025);
#1024 = CARTESIAN_POINT('',(73.,-75.,0.));
#1025 = VECTOR('',#1026,1.);
#1026 = DIRECTION('',(0.,0.,1.));
#1027 = ORIENTED_EDGE('',*,*,#1028,.F.);
#1028 = EDGE_CURVE('',#766,#1021,#1029,.T.);
#1029 = LINE('',#1030,#1031);
#1030 = CARTESIAN_POINT('',(-75.,-75.,0.));
#1031 = VECTOR('',#1032,1.);
#1032 = DIRECTION('',(1.,0.,0.));
#1033 = ORIENTED_EDGE('',*,*,#776,.T.);
#1034 = PLANE('',#1035);
#1035 = AXIS2_PLACEMENT_3D('',#1036,#1037,#1038);
#1036 = CARTESIAN_POINT('',(-75.,-75.,0.));
#1037 = DIRECTION('',(0.,1.,0.));
#1038 = DIRECTION('',(1.,0.,0.));
#1039 = ADVANCED_FACE('',(#1040),#1059,.T.);
#1040 = FACE_BOUND('',#1041,.T.);
#1041 = EDGE_LOOP('',(#1042,#1051,#1057,#1058));
#1042 = ORIENTED_EDGE('',*,*,#1043,.T.);
#1043 = EDGE_CURVE('',#1021,#1044,#1046,.T.);
#1044 = VERTEX_POINT('',#1045);
#1045 = CARTESIAN_POINT('',(75.,-73.,0.));
#1046 = CIRCLE('',#1047,2.);
#1047 = AXIS2_PLACEMENT_3D('',#1048,#1049,#1050);
#1048 = CARTESIAN_POINT('',(73.,-73.,0.));
#1049 = DIRECTION('',(-0.,0.,1.));
#1050 = DIRECTION('',(0.,-1.,0.));
#1051 = ORIENTED_EDGE('',*,*,#1052,.T.);
#1052 = EDGE_CURVE('',#1044,#65,#1053,.T.);
#1053 = LINE('',#1054,#1055);
#1054 = CARTESIAN_POINT('',(75.,-73.,0.));
#1055 = VECTOR('',#1056,1.);
#1056 = DIRECTION('',(0.,0.,1.));
#1057 = ORIENTED_EDGE('',*,*,#64,.F.);
#1058 = ORIENTED_EDGE('',*,*,#1020,.F.);
#1059 = CYLINDRICAL_SURFACE('',#1060,2.);
#1060 = AXIS2_PLACEMENT_3D('',#1061,#1062,#1063);
#1061 = CARTESIAN_POINT('',(73.,-73.,0.));
#1062 = DIRECTION('',(0.,0.,1.));
#1063 = DIRECTION('',(0.,-1.,0.));
#1064 = ADVANCED_FACE('',(#1065,#1084,#1118,#1152,#1186,#1220,#1254),
  #1288,.F.);
#1065 = FACE_BOUND('',#1066,.F.);
#1066 = EDGE_LOOP('',(#1067,#1068,#1069,#1077,#1083));
#1067 = ORIENTED_EDGE('',*,*,#73,.T.);
#1068 = ORIENTED_EDGE('',*,*,#406,.T.);
#1069 = ORIENTED_EDGE('',*,*,#1070,.F.);
#1070 = EDGE_CURVE('',#1071,#407,#1073,.T.);
#1071 = VERTEX_POINT('',#1072);
#1072 = CARTESIAN_POINT('',(75.,73.,0.));
#1073 = LINE('',#1074,#1075);
#1074 = CARTESIAN_POINT('',(75.,73.,0.));
#1075 = VECTOR('',#1076,1.);
#1076 = DIRECTION('',(0.,0.,1.));
#1077 = ORIENTED_EDGE('',*,*,#1078,.F.);
#1078 = EDGE_CURVE('',#1044,#1071,#1079,.T.);
#1079 = LINE('',#1080,#1081);
#1080 = CARTESIAN_POINT('',(75.,-75.,0.));
#1081 = VECTOR('',#1082,1.);
#1082 = DIRECTION('',(0.,1.,0.));
#1083 = ORIENTED_EDGE('',*,*,#1052,.T.);
#1084 = FACE_BOUND('',#1085,.F.);
#1085 = EDGE_LOOP('',(#1086,#1096,#1104,#1112));
#1086 = ORIENTED_EDGE('',*,*,#1087,.T.);
#1087 = EDGE_CURVE('',#1088,#1090,#1092,.T.);
#1088 = VERTEX_POINT('',#1089);
#1089 = CARTESIAN_POINT('',(75.,-17.5,80.));
#1090 = VERTEX_POINT('',#1091);
#1091 = CARTESIAN_POINT('',(75.,-17.5,10.));
#1092 = LINE('',#1093,#1094);
#1093 = CARTESIAN_POINT('',(75.,-17.5,80.));
#1094 = VECTOR('',#1095,1.);
#1095 = DIRECTION('',(0.,0.,-1.));
#1096 = ORIENTED_EDGE('',*,*,#1097,.T.);
#1097 = EDGE_CURVE('',#1090,#1098,#1100,.T.);
#1098 = VERTEX_POINT('',#1099);
#1099 = CARTESIAN_POINT('',(75.,-10.5,10.));
#1100 = LINE('',#1101,#1102);
#1101 = CARTESIAN_POINT('',(75.,-17.5,10.));
#1102 = VECTOR('',#1103,1.);
#1103 = DIRECTION('',(0.,1.,0.));
#1104 = ORIENTED_EDGE('',*,*,#1105,.T.);
#1105 = EDGE_CURVE('',#1098,#1106,#1108,.T.);
#1106 = VERTEX_POINT('',#1107);
#1107 = CARTESIAN_POINT('',(75.,-10.5,80.));
#1108 = LINE('',#1109,#1110);
#1109 = CARTESIAN_POINT('',(75.,-10.5,10.));
#1110 = VECTOR('',#1111,1.);
#1111 = DIRECTION('',(0.,0.,1.));
#1112 = ORIENTED_EDGE('',*,*,#1113,.T.);
#1113 = EDGE_CURVE('',#1106,#1088,#1114,.T.);
#1114 = LINE('',#1115,#1116);
#1115 = CARTESIAN_POINT('',(75.,-10.5,80.));
#1116 = VECTOR('',#1117,1.);
#1117 = DIRECTION('',(0.,-1.,0.));
#1118 = FACE_BOUND('',#1119,.F.);
#1119 = EDGE_LOOP('',(#1120,#1130,#1138,#1146));
#1120 = ORIENTED_EDGE('',*,*,#1121,.T.);
#1121 = EDGE_CURVE('',#1122,#1124,#1126,.T.);
#1122 = VERTEX_POINT('',#1123);
#1123 = CARTESIAN_POINT('',(75.,-3.5,80.));
#1124 = VERTEX_POINT('',#1125);
#1125 = CARTESIAN_POINT('',(75.,-3.5,10.));
#1126 = LINE('',#1127,#1128);
#1127 = CARTESIAN_POINT('',(75.,-3.5,80.));
#1128 = VECTOR('',#1129,1.);
#1129 = DIRECTION('',(0.,0.,-1.));
#1130 = ORIENTED_EDGE('',*,*,#1131,.T.);
#1131 = EDGE_CURVE('',#1124,#1132,#1134,.T.);
#1132 = VERTEX_POINT('',#1133);
#1133 = CARTESIAN_POINT('',(75.,3.5,10.));
#1134 = LINE('',#1135,#1136);
#1135 = CARTESIAN_POINT('',(75.,-3.5,10.));
#1136 = VECTOR('',#1137,1.);
#1137 = DIRECTION('',(0.,1.,0.));
#1138 = ORIENTED_EDGE('',*,*,#1139,.T.);
#1139 = EDGE_CURVE('',#1132,#1140,#1142,.T.);
#1140 = VERTEX_POINT('',#1141);
#1141 = CARTESIAN_POINT('',(75.,3.5,80.));
#1142 = LINE('',#1143,#1144);
#1143 = CARTESIAN_POINT('',(75.,3.5,10.));
#1144 = VECTOR('',#1145,1.);
#1145 = DIRECTION('',(0.,0.,1.));
#1146 = ORIENTED_EDGE('',*,*,#1147,.T.);
#1147 = EDGE_CURVE('',#1140,#1122,#1148,.T.);
#1148 = LINE('',#1149,#1150);
#1149 = CARTESIAN_POINT('',(75.,3.5,80.));
#1150 = VECTOR('',#1151,1.);
#1151 = DIRECTION('',(0.,-1.,0.));
#1152 = FACE_BOUND('',#1153,.F.);
#1153 = EDGE_LOOP('',(#1154,#1164,#1172,#1180));
#1154 = ORIENTED_EDGE('',*,*,#1155,.T.);
#1155 = EDGE_CURVE('',#1156,#1158,#1160,.T.);
#1156 = VERTEX_POINT('',#1157);
#1157 = CARTESIAN_POINT('',(75.,10.5,80.));
#1158 = VERTEX_POINT('',#1159);
#1159 = CARTESIAN_POINT('',(75.,10.5,10.));
#1160 = LINE('',#1161,#1162);
#1161 = CARTESIAN_POINT('',(75.,10.5,80.));
#1162 = VECTOR('',#1163,1.);
#1163 = DIRECTION('',(0.,0.,-1.));
#1164 = ORIENTED_EDGE('',*,*,#1165,.T.);
#1165 = EDGE_CURVE('',#1158,#1166,#1168,.T.);
#1166 = VERTEX_POINT('',#1167);
#1167 = CARTESIAN_POINT('',(75.,17.5,10.));
#1168 = LINE('',#1169,#1170);
#1169 = CARTESIAN_POINT('',(75.,10.5,10.));
#1170 = VECTOR('',#1171,1.);
#1171 = DIRECTION('',(0.,1.,0.));
#1172 = ORIENTED_EDGE('',*,*,#1173,.T.);
#1173 = EDGE_CURVE('',#1166,#1174,#1176,.T.);
#1174 = VERTEX_POINT('',#1175);
#1175 = CARTESIAN_POINT('',(75.,17.5,80.));
#1176 = LINE('',#1177,#1178);
#1177 = CARTESIAN_POINT('',(75.,17.5,10.));
#1178 = VECTOR('',#1179,1.);
#1179 = DIRECTION('',(0.,0.,1.));
#1180 = ORIENTED_EDGE('',*,*,#1181,.T.);
#1181 = EDGE_CURVE('',#1174,#1156,#1182,.T.);
#1182 = LINE('',#1183,#1184);
#1183 = CARTESIAN_POINT('',(75.,17.5,80.));
#1184 = VECTOR('',#1185,1.);
#1185 = DIRECTION('',(0.,-1.,0.));
#1186 = FACE_BOUND('',#1187,.F.);
#1187 = EDGE_LOOP('',(#1188,#1198,#1206,#1214));
#1188 = ORIENTED_EDGE('',*,*,#1189,.T.);
#1189 = EDGE_CURVE('',#1190,#1192,#1194,.T.);
#1190 = VERTEX_POINT('',#1191);
#1191 = CARTESIAN_POINT('',(75.,24.5,80.));
#1192 = VERTEX_POINT('',#1193);
#1193 = CARTESIAN_POINT('',(75.,24.5,10.));
#1194 = LINE('',#1195,#1196);
#1195 = CARTESIAN_POINT('',(75.,24.5,80.));
#1196 = VECTOR('',#1197,1.);
#1197 = DIRECTION('',(0.,0.,-1.));
#1198 = ORIENTED_EDGE('',*,*,#1199,.T.);
#1199 = EDGE_CURVE('',#1192,#1200,#1202,.T.);
#1200 = VERTEX_POINT('',#1201);
#1201 = CARTESIAN_POINT('',(75.,31.5,10.));
#1202 = LINE('',#1203,#1204);
#1203 = CARTESIAN_POINT('',(75.,24.5,10.));
#1204 = VECTOR('',#1205,1.);
#1205 = DIRECTION('',(0.,1.,0.));
#1206 = ORIENTED_EDGE('',*,*,#1207,.T.);
#1207 = EDGE_CURVE('',#1200,#1208,#1210,.T.);
#1208 = VERTEX_POINT('',#1209);
#1209 = CARTESIAN_POINT('',(75.,31.5,80.));
#1210 = LINE('',#1211,#1212);
#1211 = CARTESIAN_POINT('',(75.,31.5,10.));
#1212 = VECTOR('',#1213,1.);
#1213 = DIRECTION('',(0.,0.,1.));
#1214 = ORIENTED_EDGE('',*,*,#1215,.T.);
#1215 = EDGE_CURVE('',#1208,#1190,#1216,.T.);
#1216 = LINE('',#1217,#1218);
#1217 = CARTESIAN_POINT('',(75.,31.5,80.));
#1218 = VECTOR('',#1219,1.);
#1219 = DIRECTION('',(0.,-1.,0.));
#1220 = FACE_BOUND('',#1221,.F.);
#1221 = EDGE_LOOP('',(#1222,#1232,#1240,#1248));
#1222 = ORIENTED_EDGE('',*,*,#1223,.T.);
#1223 = EDGE_CURVE('',#1224,#1226,#1228,.T.);
#1224 = VERTEX_POINT('',#1225);
#1225 = CARTESIAN_POINT('',(75.,38.5,80.));
#1226 = VERTEX_POINT('',#1227);
#1227 = CARTESIAN_POINT('',(75.,38.5,10.));
#1228 = LINE('',#1229,#1230);
#1229 = CARTESIAN_POINT('',(75.,38.5,80.));
#1230 = VECTOR('',#1231,1.);
#1231 = DIRECTION('',(0.,0.,-1.));
#1232 = ORIENTED_EDGE('',*,*,#1233,.T.);
#1233 = EDGE_CURVE('',#1226,#1234,#1236,.T.);
#1234 = VERTEX_POINT('',#1235);
#1235 = CARTESIAN_POINT('',(75.,45.5,10.));
#1236 = LINE('',#1237,#1238);
#1237 = CARTESIAN_POINT('',(75.,38.5,10.));
#1238 = VECTOR('',#1239,1.);
#1239 = DIRECTION('',(0.,1.,0.));
#1240 = ORIENTED_EDGE('',*,*,#1241,.T.);
#1241 = EDGE_CURVE('',#1234,#1242,#1244,.T.);
#1242 = VERTEX_POINT('',#1243);
#1243 = CARTESIAN_POINT('',(75.,45.5,80.));
#1244 = LINE('',#1245,#1246);
#1245 = CARTESIAN_POINT('',(75.,45.5,10.));
#1246 = VECTOR('',#1247,1.);
#1247 = DIRECTION('',(0.,0.,1.));
#1248 = ORIENTED_EDGE('',*,*,#1249,.T.);
#1249 = EDGE_CURVE('',#1242,#1224,#1250,.T.);
#1250 = LINE('',#1251,#1252);
#1251 = CARTESIAN_POINT('',(75.,45.5,80.));
#1252 = VECTOR('',#1253,1.);
#1253 = DIRECTION('',(0.,-1.,0.));
#1254 = FACE_BOUND('',#1255,.F.);
#1255 = EDGE_LOOP('',(#1256,#1266,#1274,#1282));
#1256 = ORIENTED_EDGE('',*,*,#1257,.T.);
#1257 = EDGE_CURVE('',#1258,#1260,#1262,.T.);
#1258 = VERTEX_POINT('',#1259);
#1259 = CARTESIAN_POINT('',(75.,52.5,80.));
#1260 = VERTEX_POINT('',#1261);
#1261 = CARTESIAN_POINT('',(75.,52.5,10.));
#1262 = LINE('',#1263,#1264);
#1263 = CARTESIAN_POINT('',(75.,52.5,80.));
#1264 = VECTOR('',#1265,1.);
#1265 = DIRECTION('',(0.,0.,-1.));
#1266 = ORIENTED_EDGE('',*,*,#1267,.T.);
#1267 = EDGE_CURVE('',#1260,#1268,#1270,.T.);
#1268 = VERTEX_POINT('',#1269);
#1269 = CARTESIAN_POINT('',(75.,59.5,10.));
#1270 = LINE('',#1271,#1272);
#1271 = CARTESIAN_POINT('',(75.,52.5,10.));
#1272 = VECTOR('',#1273,1.);
#1273 = DIRECTION('',(0.,1.,0.));
#1274 = ORIENTED_EDGE('',*,*,#1275,.T.);
#1275 = EDGE_CURVE('',#1268,#1276,#1278,.T.);
#1276 = VERTEX_POINT('',#1277);
#1277 = CARTESIAN_POINT('',(75.,59.5,80.));
#1278 = LINE('',#1279,#1280);
#1279 = CARTESIAN_POINT('',(75.,59.5,10.));
#1280 = VECTOR('',#1281,1.);
#1281 = DIRECTION('',(0.,0.,1.));
#1282 = ORIENTED_EDGE('',*,*,#1283,.T.);
#1283 = EDGE_CURVE('',#1276,#1258,#1284,.T.);
#1284 = LINE('',#1285,#1286);
#1285 = CARTESIAN_POINT('',(75.,59.5,80.));
#1286 = VECTOR('',#1287,1.);
#1287 = DIRECTION('',(0.,-1.,0.));
#1288 = PLANE('',#1289);
#1289 = AXIS2_PLACEMENT_3D('',#1290,#1291,#1292);
#1290 = CARTESIAN_POINT('',(75.,-75.,0.));
#1291 = DIRECTION('',(-1.,0.,0.));
#1292 = DIRECTION('',(0.,1.,0.));
#1293 = ADVANCED_FACE('',(#1294),#1325,.T.);
#1294 = FACE_BOUND('',#1295,.T.);
#1295 = EDGE_LOOP('',(#1296,#1297,#1298,#1299,#1308,#1316,#1323,#1324));
#1296 = ORIENTED_EDGE('',*,*,#489,.T.);
#1297 = ORIENTED_EDGE('',*,*,#740,.T.);
#1298 = ORIENTED_EDGE('',*,*,#800,.F.);
#1299 = ORIENTED_EDGE('',*,*,#1300,.T.);
#1300 = EDGE_CURVE('',#793,#1301,#1303,.T.);
#1301 = VERTEX_POINT('',#1302);
#1302 = CARTESIAN_POINT('',(67.,71.,4.));
#1303 = CIRCLE('',#1304,4.);
#1304 = AXIS2_PLACEMENT_3D('',#1305,#1306,#1307);
#1305 = CARTESIAN_POINT('',(67.,67.,4.));
#1306 = DIRECTION('',(-0.,0.,1.));
#1307 = DIRECTION('',(0.,-1.,0.));
#1308 = ORIENTED_EDGE('',*,*,#1309,.F.);
#1309 = EDGE_CURVE('',#1310,#1301,#1312,.T.);
#1310 = VERTEX_POINT('',#1311);
#1311 = CARTESIAN_POINT('',(-67.,71.,4.));
#1312 = LINE('',#1313,#1314);
#1313 = CARTESIAN_POINT('',(37.5,71.,4.));
#1314 = VECTOR('',#1315,1.);
#1315 = DIRECTION('',(1.,0.,0.));
#1316 = ORIENTED_EDGE('',*,*,#1317,.F.);
#1317 = EDGE_CURVE('',#139,#1310,#1318,.T.);
#1318 = CIRCLE('',#1319,4.);
#1319 = AXIS2_PLACEMENT_3D('',#1320,#1321,#1322);
#1320 = CARTESIAN_POINT('',(-67.,67.,4.));
#1321 = DIRECTION('',(0.,0.,-1.));
#1322 = DIRECTION('',(0.,1.,0.));
#1323 = ORIENTED_EDGE('',*,*,#138,.T.);
#1324 = ORIENTED_EDGE('',*,*,#381,.T.);
#1325 = PLANE('',#1326);
#1326 = AXIS2_PLACEMENT_3D('',#1327,#1328,#1329);
#1327 = CARTESIAN_POINT('',(0.,0.,4.));
#1328 = DIRECTION('',(0.,0.,1.));
#1329 = DIRECTION('',(1.,0.,0.));
#1330 = ADVANCED_FACE('',(#1331),#1342,.F.);
#1331 = FACE_BOUND('',#1332,.F.);
#1332 = EDGE_LOOP('',(#1333,#1334,#1340,#1341));
#1333 = ORIENTED_EDGE('',*,*,#448,.T.);
#1334 = ORIENTED_EDGE('',*,*,#1335,.T.);
#1335 = EDGE_CURVE('',#449,#1310,#1336,.T.);
#1336 = LINE('',#1337,#1338);
#1337 = CARTESIAN_POINT('',(-67.,71.,120.));
#1338 = VECTOR('',#1339,1.);
#1339 = DIRECTION('',(0.,0.,-1.));
#1340 = ORIENTED_EDGE('',*,*,#1317,.F.);
#1341 = ORIENTED_EDGE('',*,*,#146,.F.);
#1342 = CYLINDRICAL_SURFACE('',#1343,4.);
#1343 = AXIS2_PLACEMENT_3D('',#1344,#1345,#1346);
#1344 = CARTESIAN_POINT('',(-67.,67.,120.));
#1345 = DIRECTION('',(0.,0.,-1.));
#1346 = DIRECTION('',(-1.,-0.,-0.));
#1347 = ADVANCED_FACE('',(#1348),#1364,.F.);
#1348 = FACE_BOUND('',#1349,.F.);
#1349 = EDGE_LOOP('',(#1350,#1351,#1357,#1358));
#1350 = ORIENTED_EDGE('',*,*,#540,.F.);
#1351 = ORIENTED_EDGE('',*,*,#1352,.T.);
#1352 = EDGE_CURVE('',#533,#165,#1353,.T.);
#1353 = LINE('',#1354,#1355);
#1354 = CARTESIAN_POINT('',(-75.,59.5,10.));
#1355 = VECTOR('',#1356,1.);
#1356 = DIRECTION('',(1.,0.,0.));
#1357 = ORIENTED_EDGE('',*,*,#162,.F.);
#1358 = ORIENTED_EDGE('',*,*,#1359,.F.);
#1359 = EDGE_CURVE('',#541,#163,#1360,.T.);
#1360 = LINE('',#1361,#1362);
#1361 = CARTESIAN_POINT('',(-75.,52.5,10.));
#1362 = VECTOR('',#1363,1.);
#1363 = DIRECTION('',(1.,0.,0.));
#1364 = PLANE('',#1365);
#1365 = AXIS2_PLACEMENT_3D('',#1366,#1367,#1368);
#1366 = CARTESIAN_POINT('',(-75.,59.5,10.));
#1367 = DIRECTION('',(0.,0.,-1.));
#1368 = DIRECTION('',(0.,-1.,0.));
#1369 = ADVANCED_FACE('',(#1370),#1381,.F.);
#1370 = FACE_BOUND('',#1371,.F.);
#1371 = EDGE_LOOP('',(#1372,#1373,#1379,#1380));
#1372 = ORIENTED_EDGE('',*,*,#530,.F.);
#1373 = ORIENTED_EDGE('',*,*,#1374,.T.);
#1374 = EDGE_CURVE('',#531,#181,#1375,.T.);
#1375 = LINE('',#1376,#1377);
#1376 = CARTESIAN_POINT('',(-75.,59.5,80.));
#1377 = VECTOR('',#1378,1.);
#1378 = DIRECTION('',(1.,0.,0.));
#1379 = ORIENTED_EDGE('',*,*,#188,.F.);
#1380 = ORIENTED_EDGE('',*,*,#1352,.F.);
#1381 = PLANE('',#1382);
#1382 = AXIS2_PLACEMENT_3D('',#1383,#1384,#1385);
#1383 = CARTESIAN_POINT('',(-75.,59.5,80.));
#1384 = DIRECTION('',(0.,1.,0.));
#1385 = DIRECTION('',(0.,0.,-1.));
#1386 = ADVANCED_FACE('',(#1387),#1398,.F.);
#1387 = FACE_BOUND('',#1388,.F.);
#1388 = EDGE_LOOP('',(#1389,#1390,#1396,#1397));
#1389 = ORIENTED_EDGE('',*,*,#556,.F.);
#1390 = ORIENTED_EDGE('',*,*,#1391,.T.);
#1391 = EDGE_CURVE('',#549,#173,#1392,.T.);
#1392 = LINE('',#1393,#1394);
#1393 = CARTESIAN_POINT('',(-75.,52.5,80.));
#1394 = VECTOR('',#1395,1.);
#1395 = DIRECTION('',(1.,0.,0.));
#1396 = ORIENTED_EDGE('',*,*,#180,.F.);
#1397 = ORIENTED_EDGE('',*,*,#1374,.F.);
#1398 = PLANE('',#1399);
#1399 = AXIS2_PLACEMENT_3D('',#1400,#1401,#1402);
#1400 = CARTESIAN_POINT('',(-75.,52.5,80.));
#1401 = DIRECTION('',(0.,0.,1.));
#1402 = DIRECTION('',(0.,1.,0.));
#1403 = ADVANCED_FACE('',(#1404),#1410,.F.);
#1404 = FACE_BOUND('',#1405,.F.);
#1405 = EDGE_LOOP('',(#1406,#1407,#1408,#1409));
#1406 = ORIENTED_EDGE('',*,*,#548,.F.);
#1407 = ORIENTED_EDGE('',*,*,#1359,.T.);
#1408 = ORIENTED_EDGE('',*,*,#172,.F.);
#1409 = ORIENTED_EDGE('',*,*,#1391,.F.);
#1410 = PLANE('',#1411);
#1411 = AXIS2_PLACEMENT_3D('',#1412,#1413,#1414);
#1412 = CARTESIAN_POINT('',(-75.,52.5,10.));
#1413 = DIRECTION('',(0.,-1.,0.));
#1414 = DIRECTION('',(0.,0.,1.));
#1415 = ADVANCED_FACE('',(#1416),#1432,.F.);
#1416 = FACE_BOUND('',#1417,.F.);
#1417 = EDGE_LOOP('',(#1418,#1419,#1425,#1426));
#1418 = ORIENTED_EDGE('',*,*,#574,.F.);
#1419 = ORIENTED_EDGE('',*,*,#1420,.T.);
#1420 = EDGE_CURVE('',#567,#199,#1421,.T.);
#1421 = LINE('',#1422,#1423);
#1422 = CARTESIAN_POINT('',(-75.,45.5,10.));
#1423 = VECTOR('',#1424,1.);
#1424 = DIRECTION('',(1.,0.,0.));
#1425 = ORIENTED_EDGE('',*,*,#196,.F.);
#1426 = ORIENTED_EDGE('',*,*,#1427,.F.);
#1427 = EDGE_CURVE('',#575,#197,#1428,.T.);
#1428 = LINE('',#1429,#1430);
#1429 = CARTESIAN_POINT('',(-75.,38.5,10.));
#1430 = VECTOR('',#1431,1.);
#1431 = DIRECTION('',(1.,0.,0.));
#1432 = PLANE('',#1433);
#1433 = AXIS2_PLACEMENT_3D('',#1434,#1435,#1436);
#1434 = CARTESIAN_POINT('',(-75.,45.5,10.));
#1435 = DIRECTION('',(0.,0.,-1.));
#1436 = DIRECTION('',(0.,-1.,0.));
#1437 = ADVANCED_FACE('',(#1438),#1449,.F.);
#1438 = FACE_BOUND('',#1439,.F.);
#1439 = EDGE_LOOP('',(#1440,#1441,#1447,#1448));
#1440 = ORIENTED_EDGE('',*,*,#564,.F.);
#1441 = ORIENTED_EDGE('',*,*,#1442,.T.);
#1442 = EDGE_CURVE('',#565,#215,#1443,.T.);
#1443 = LINE('',#1444,#1445);
#1444 = CARTESIAN_POINT('',(-75.,45.5,80.));
#1445 = VECTOR('',#1446,1.);
#1446 = DIRECTION('',(1.,0.,0.));
#1447 = ORIENTED_EDGE('',*,*,#222,.F.);
#1448 = ORIENTED_EDGE('',*,*,#1420,.F.);
#1449 = PLANE('',#1450);
#1450 = AXIS2_PLACEMENT_3D('',#1451,#1452,#1453);
#1451 = CARTESIAN_POINT('',(-75.,45.5,80.));
#1452 = DIRECTION('',(0.,1.,0.));
#1453 = DIRECTION('',(0.,0.,-1.));
#1454 = ADVANCED_FACE('',(#1455),#1466,.F.);
#1455 = FACE_BOUND('',#1456,.F.);
#1456 = EDGE_LOOP('',(#1457,#1458,#1464,#1465));
#1457 = ORIENTED_EDGE('',*,*,#590,.F.);
#1458 = ORIENTED_EDGE('',*,*,#1459,.T.);
#1459 = EDGE_CURVE('',#583,#207,#1460,.T.);
#1460 = LINE('',#1461,#1462);
#1461 = CARTESIAN_POINT('',(-75.,38.5,80.));
#1462 = VECTOR('',#1463,1.);
#1463 = DIRECTION('',(1.,0.,0.));
#1464 = ORIENTED_EDGE('',*,*,#214,.F.);
#1465 = ORIENTED_EDGE('',*,*,#1442,.F.);
#1466 = PLANE('',#1467);
#1467 = AXIS2_PLACEMENT_3D('',#1468,#1469,#1470);
#1468 = CARTESIAN_POINT('',(-75.,38.5,80.));
#1469 = DIRECTION('',(0.,0.,1.));
#1470 = DIRECTION('',(0.,1.,0.));
#1471 = ADVANCED_FACE('',(#1472),#1478,.F.);
#1472 = FACE_BOUND('',#1473,.F.);
#1473 = EDGE_LOOP('',(#1474,#1475,#1476,#1477));
#1474 = ORIENTED_EDGE('',*,*,#582,.F.);
#1475 = ORIENTED_EDGE('',*,*,#1427,.T.);
#1476 = ORIENTED_EDGE('',*,*,#206,.F.);
#1477 = ORIENTED_EDGE('',*,*,#1459,.F.);
#1478 = PLANE('',#1479);
#1479 = AXIS2_PLACEMENT_3D('',#1480,#1481,#1482);
#1480 = CARTESIAN_POINT('',(-75.,38.5,10.));
#1481 = DIRECTION('',(0.,-1.,0.));
#1482 = DIRECTION('',(0.,0.,1.));
#1483 = ADVANCED_FACE('',(#1484),#1500,.F.);
#1484 = FACE_BOUND('',#1485,.F.);
#1485 = EDGE_LOOP('',(#1486,#1487,#1493,#1494));
#1486 = ORIENTED_EDGE('',*,*,#608,.F.);
#1487 = ORIENTED_EDGE('',*,*,#1488,.T.);
#1488 = EDGE_CURVE('',#601,#233,#1489,.T.);
#1489 = LINE('',#1490,#1491);
#1490 = CARTESIAN_POINT('',(-75.,31.5,10.));
#1491 = VECTOR('',#1492,1.);
#1492 = DIRECTION('',(1.,0.,0.));
#1493 = ORIENTED_EDGE('',*,*,#230,.F.);
#1494 = ORIENTED_EDGE('',*,*,#1495,.F.);
#1495 = EDGE_CURVE('',#609,#231,#1496,.T.);
#1496 = LINE('',#1497,#1498);
#1497 = CARTESIAN_POINT('',(-75.,24.5,10.));
#1498 = VECTOR('',#1499,1.);
#1499 = DIRECTION('',(1.,0.,0.));
#1500 = PLANE('',#1501);
#1501 = AXIS2_PLACEMENT_3D('',#1502,#1503,#1504);
#1502 = CARTESIAN_POINT('',(-75.,31.5,10.));
#1503 = DIRECTION('',(0.,0.,-1.));
#1504 = DIRECTION('',(0.,-1.,0.));
#1505 = ADVANCED_FACE('',(#1506),#1517,.F.);
#1506 = FACE_BOUND('',#1507,.F.);
#1507 = EDGE_LOOP('',(#1508,#1509,#1515,#1516));
#1508 = ORIENTED_EDGE('',*,*,#598,.F.);
#1509 = ORIENTED_EDGE('',*,*,#1510,.T.);
#1510 = EDGE_CURVE('',#599,#249,#1511,.T.);
#1511 = LINE('',#1512,#1513);
#1512 = CARTESIAN_POINT('',(-75.,31.5,80.));
#1513 = VECTOR('',#1514,1.);
#1514 = DIRECTION('',(1.,0.,0.));
#1515 = ORIENTED_EDGE('',*,*,#256,.F.);
#1516 = ORIENTED_EDGE('',*,*,#1488,.F.);
#1517 = PLANE('',#1518);
#1518 = AXIS2_PLACEMENT_3D('',#1519,#1520,#1521);
#1519 = CARTESIAN_POINT('',(-75.,31.5,80.));
#1520 = DIRECTION('',(0.,1.,0.));
#1521 = DIRECTION('',(0.,0.,-1.));
#1522 = ADVANCED_FACE('',(#1523),#1534,.F.);
#1523 = FACE_BOUND('',#1524,.F.);
#1524 = EDGE_LOOP('',(#1525,#1526,#1532,#1533));
#1525 = ORIENTED_EDGE('',*,*,#624,.F.);
#1526 = ORIENTED_EDGE('',*,*,#1527,.T.);
#1527 = EDGE_CURVE('',#617,#241,#1528,.T.);
#1528 = LINE('',#1529,#1530);
#1529 = CARTESIAN_POINT('',(-75.,24.5,80.));
#1530 = VECTOR('',#1531,1.);
#1531 = DIRECTION('',(1.,0.,0.));
#1532 = ORIENTED_EDGE('',*,*,#248,.F.);
#1533 = ORIENTED_EDGE('',*,*,#1510,.F.);
#1534 = PLANE('',#1535);
#1535 = AXIS2_PLACEMENT_3D('',#1536,#1537,#1538);
#1536 = CARTESIAN_POINT('',(-75.,24.5,80.));
#1537 = DIRECTION('',(0.,0.,1.));
#1538 = DIRECTION('',(0.,1.,0.));
#1539 = ADVANCED_FACE('',(#1540),#1546,.F.);
#1540 = FACE_BOUND('',#1541,.F.);
#1541 = EDGE_LOOP('',(#1542,#1543,#1544,#1545));
#1542 = ORIENTED_EDGE('',*,*,#616,.F.);
#1543 = ORIENTED_EDGE('',*,*,#1495,.T.);
#1544 = ORIENTED_EDGE('',*,*,#240,.F.);
#1545 = ORIENTED_EDGE('',*,*,#1527,.F.);
#1546 = PLANE('',#1547);
#1547 = AXIS2_PLACEMENT_3D('',#1548,#1549,#1550);
#1548 = CARTESIAN_POINT('',(-75.,24.5,10.));
#1549 = DIRECTION('',(0.,-1.,0.));
#1550 = DIRECTION('',(0.,0.,1.));
#1551 = ADVANCED_FACE('',(#1552),#1568,.F.);
#1552 = FACE_BOUND('',#1553,.F.);
#1553 = EDGE_LOOP('',(#1554,#1555,#1561,#1562));
#1554 = ORIENTED_EDGE('',*,*,#642,.F.);
#1555 = ORIENTED_EDGE('',*,*,#1556,.T.);
#1556 = EDGE_CURVE('',#635,#267,#1557,.T.);
#1557 = LINE('',#1558,#1559);
#1558 = CARTESIAN_POINT('',(-75.,17.5,10.));
#1559 = VECTOR('',#1560,1.);
#1560 = DIRECTION('',(1.,0.,0.));
#1561 = ORIENTED_EDGE('',*,*,#264,.F.);
#1562 = ORIENTED_EDGE('',*,*,#1563,.F.);
#1563 = EDGE_CURVE('',#643,#265,#1564,.T.);
#1564 = LINE('',#1565,#1566);
#1565 = CARTESIAN_POINT('',(-75.,10.5,10.));
#1566 = VECTOR('',#1567,1.);
#1567 = DIRECTION('',(1.,0.,0.));
#1568 = PLANE('',#1569);
#1569 = AXIS2_PLACEMENT_3D('',#1570,#1571,#1572);
#1570 = CARTESIAN_POINT('',(-75.,17.5,10.));
#1571 = DIRECTION('',(0.,0.,-1.));
#1572 = DIRECTION('',(0.,-1.,0.));
#1573 = ADVANCED_FACE('',(#1574),#1585,.F.);
#1574 = FACE_BOUND('',#1575,.F.);
#1575 = EDGE_LOOP('',(#1576,#1577,#1583,#1584));
#1576 = ORIENTED_EDGE('',*,*,#632,.F.);
#1577 = ORIENTED_EDGE('',*,*,#1578,.T.);
#1578 = EDGE_CURVE('',#633,#283,#1579,.T.);
#1579 = LINE('',#1580,#1581);
#1580 = CARTESIAN_POINT('',(-75.,17.5,80.));
#1581 = VECTOR('',#1582,1.);
#1582 = DIRECTION('',(1.,0.,0.));
#1583 = ORIENTED_EDGE('',*,*,#290,.F.);
#1584 = ORIENTED_EDGE('',*,*,#1556,.F.);
#1585 = PLANE('',#1586);
#1586 = AXIS2_PLACEMENT_3D('',#1587,#1588,#1589);
#1587 = CARTESIAN_POINT('',(-75.,17.5,80.));
#1588 = DIRECTION('',(0.,1.,0.));
#1589 = DIRECTION('',(0.,0.,-1.));
#1590 = ADVANCED_FACE('',(#1591),#1602,.F.);
#1591 = FACE_BOUND('',#1592,.F.);
#1592 = EDGE_LOOP('',(#1593,#1594,#1600,#1601));
#1593 = ORIENTED_EDGE('',*,*,#658,.F.);
#1594 = ORIENTED_EDGE('',*,*,#1595,.T.);
#1595 = EDGE_CURVE('',#651,#275,#1596,.T.);
#1596 = LINE('',#1597,#1598);
#1597 = CARTESIAN_POINT('',(-75.,10.5,80.));
#1598 = VECTOR('',#1599,1.);
#1599 = DIRECTION('',(1.,0.,0.));
#1600 = ORIENTED_EDGE('',*,*,#282,.F.);
#1601 = ORIENTED_EDGE('',*,*,#1578,.F.);
#1602 = PLANE('',#1603);
#1603 = AXIS2_PLACEMENT_3D('',#1604,#1605,#1606);
#1604 = CARTESIAN_POINT('',(-75.,10.5,80.));
#1605 = DIRECTION('',(0.,0.,1.));
#1606 = DIRECTION('',(0.,1.,0.));
#1607 = ADVANCED_FACE('',(#1608),#1614,.F.);
#1608 = FACE_BOUND('',#1609,.F.);
#1609 = EDGE_LOOP('',(#1610,#1611,#1612,#1613));
#1610 = ORIENTED_EDGE('',*,*,#650,.F.);
#1611 = ORIENTED_EDGE('',*,*,#1563,.T.);
#1612 = ORIENTED_EDGE('',*,*,#274,.F.);
#1613 = ORIENTED_EDGE('',*,*,#1595,.F.);
#1614 = PLANE('',#1615);
#1615 = AXIS2_PLACEMENT_3D('',#1616,#1617,#1618);
#1616 = CARTESIAN_POINT('',(-75.,10.5,10.));
#1617 = DIRECTION('',(0.,-1.,0.));
#1618 = DIRECTION('',(0.,0.,1.));
#1619 = ADVANCED_FACE('',(#1620),#1636,.F.);
#1620 = FACE_BOUND('',#1621,.F.);
#1621 = EDGE_LOOP('',(#1622,#1623,#1629,#1630));
#1622 = ORIENTED_EDGE('',*,*,#676,.F.);
#1623 = ORIENTED_EDGE('',*,*,#1624,.T.);
#1624 = EDGE_CURVE('',#669,#301,#1625,.T.);
#1625 = LINE('',#1626,#1627);
#1626 = CARTESIAN_POINT('',(-75.,3.5,10.));
#1627 = VECTOR('',#1628,1.);
#1628 = DIRECTION('',(1.,0.,0.));
#1629 = ORIENTED_EDGE('',*,*,#298,.F.);
#1630 = ORIENTED_EDGE('',*,*,#1631,.F.);
#1631 = EDGE_CURVE('',#677,#299,#1632,.T.);
#1632 = LINE('',#1633,#1634);
#1633 = CARTESIAN_POINT('',(-75.,-3.5,10.));
#1634 = VECTOR('',#1635,1.);
#1635 = DIRECTION('',(1.,0.,0.));
#1636 = PLANE('',#1637);
#1637 = AXIS2_PLACEMENT_3D('',#1638,#1639,#1640);
#1638 = CARTESIAN_POINT('',(-75.,3.5,10.));
#1639 = DIRECTION('',(0.,0.,-1.));
#1640 = DIRECTION('',(0.,-1.,0.));
#1641 = ADVANCED_FACE('',(#1642),#1653,.F.);
#1642 = FACE_BOUND('',#1643,.F.);
#1643 = EDGE_LOOP('',(#1644,#1645,#1646,#1647));
#1644 = ORIENTED_EDGE('',*,*,#684,.F.);
#1645 = ORIENTED_EDGE('',*,*,#1631,.T.);
#1646 = ORIENTED_EDGE('',*,*,#308,.F.);
#1647 = ORIENTED_EDGE('',*,*,#1648,.F.);
#1648 = EDGE_CURVE('',#685,#309,#1649,.T.);
#1649 = LINE('',#1650,#1651);
#1650 = CARTESIAN_POINT('',(-75.,-3.5,80.));
#1651 = VECTOR('',#1652,1.);
#1652 = DIRECTION('',(1.,0.,0.));
#1653 = PLANE('',#1654);
#1654 = AXIS2_PLACEMENT_3D('',#1655,#1656,#1657);
#1655 = CARTESIAN_POINT('',(-75.,-3.5,10.));
#1656 = DIRECTION('',(0.,-1.,0.));
#1657 = DIRECTION('',(0.,0.,1.));
#1658 = ADVANCED_FACE('',(#1659),#1670,.F.);
#1659 = FACE_BOUND('',#1660,.F.);
#1660 = EDGE_LOOP('',(#1661,#1662,#1668,#1669));
#1661 = ORIENTED_EDGE('',*,*,#666,.F.);
#1662 = ORIENTED_EDGE('',*,*,#1663,.T.);
#1663 = EDGE_CURVE('',#667,#317,#1664,.T.);
#1664 = LINE('',#1665,#1666);
#1665 = CARTESIAN_POINT('',(-75.,3.5,80.));
#1666 = VECTOR('',#1667,1.);
#1667 = DIRECTION('',(1.,0.,0.));
#1668 = ORIENTED_EDGE('',*,*,#324,.F.);
#1669 = ORIENTED_EDGE('',*,*,#1624,.F.);
#1670 = PLANE('',#1671);
#1671 = AXIS2_PLACEMENT_3D('',#1672,#1673,#1674);
#1672 = CARTESIAN_POINT('',(-75.,3.5,80.));
#1673 = DIRECTION('',(0.,1.,0.));
#1674 = DIRECTION('',(0.,0.,-1.));
#1675 = ADVANCED_FACE('',(#1676),#1682,.F.);
#1676 = FACE_BOUND('',#1677,.F.);
#1677 = EDGE_LOOP('',(#1678,#1679,#1680,#1681));
#1678 = ORIENTED_EDGE('',*,*,#692,.F.);
#1679 = ORIENTED_EDGE('',*,*,#1648,.T.);
#1680 = ORIENTED_EDGE('',*,*,#316,.F.);
#1681 = ORIENTED_EDGE('',*,*,#1663,.F.);
#1682 = PLANE('',#1683);
#1683 = AXIS2_PLACEMENT_3D('',#1684,#1685,#1686);
#1684 = CARTESIAN_POINT('',(-75.,-3.5,80.));
#1685 = DIRECTION('',(0.,0.,1.));
#1686 = DIRECTION('',(0.,1.,0.));
#1687 = ADVANCED_FACE('',(#1688),#1704,.F.);
#1688 = FACE_BOUND('',#1689,.F.);
#1689 = EDGE_LOOP('',(#1690,#1691,#1697,#1698));
#1690 = ORIENTED_EDGE('',*,*,#710,.F.);
#1691 = ORIENTED_EDGE('',*,*,#1692,.T.);
#1692 = EDGE_CURVE('',#703,#335,#1693,.T.);
#1693 = LINE('',#1694,#1695);
#1694 = CARTESIAN_POINT('',(-75.,-10.5,10.));
#1695 = VECTOR('',#1696,1.);
#1696 = DIRECTION('',(1.,0.,0.));
#1697 = ORIENTED_EDGE('',*,*,#332,.F.);
#1698 = ORIENTED_EDGE('',*,*,#1699,.F.);
#1699 = EDGE_CURVE('',#711,#333,#1700,.T.);
#1700 = LINE('',#1701,#1702);
#1701 = CARTESIAN_POINT('',(-75.,-17.5,10.));
#1702 = VECTOR('',#1703,1.);
#1703 = DIRECTION('',(1.,0.,0.));
#1704 = PLANE('',#1705);
#1705 = AXIS2_PLACEMENT_3D('',#1706,#1707,#1708);
#1706 = CARTESIAN_POINT('',(-75.,-10.5,10.));
#1707 = DIRECTION('',(0.,0.,-1.));
#1708 = DIRECTION('',(0.,-1.,0.));
#1709 = ADVANCED_FACE('',(#1710),#1721,.F.);
#1710 = FACE_BOUND('',#1711,.F.);
#1711 = EDGE_LOOP('',(#1712,#1713,#1719,#1720));
#1712 = ORIENTED_EDGE('',*,*,#700,.F.);
#1713 = ORIENTED_EDGE('',*,*,#1714,.T.);
#1714 = EDGE_CURVE('',#701,#351,#1715,.T.);
#1715 = LINE('',#1716,#1717);
#1716 = CARTESIAN_POINT('',(-75.,-10.5,80.));
#1717 = VECTOR('',#1718,1.);
#1718 = DIRECTION('',(1.,0.,0.));
#1719 = ORIENTED_EDGE('',*,*,#358,.F.);
#1720 = ORIENTED_EDGE('',*,*,#1692,.F.);
#1721 = PLANE('',#1722);
#1722 = AXIS2_PLACEMENT_3D('',#1723,#1724,#1725);
#1723 = CARTESIAN_POINT('',(-75.,-10.5,80.));
#1724 = DIRECTION('',(0.,1.,0.));
#1725 = DIRECTION('',(0.,0.,-1.));
#1726 = ADVANCED_FACE('',(#1727),#1738,.F.);
#1727 = FACE_BOUND('',#1728,.F.);
#1728 = EDGE_LOOP('',(#1729,#1730,#1736,#1737));
#1729 = ORIENTED_EDGE('',*,*,#726,.F.);
#1730 = ORIENTED_EDGE('',*,*,#1731,.T.);
#1731 = EDGE_CURVE('',#719,#343,#1732,.T.);
#1732 = LINE('',#1733,#1734);
#1733 = CARTESIAN_POINT('',(-75.,-17.5,80.));
#1734 = VECTOR('',#1735,1.);
#1735 = DIRECTION('',(1.,0.,0.));
#1736 = ORIENTED_EDGE('',*,*,#350,.F.);
#1737 = ORIENTED_EDGE('',*,*,#1714,.F.);
#1738 = PLANE('',#1739);
#1739 = AXIS2_PLACEMENT_3D('',#1740,#1741,#1742);
#1740 = CARTESIAN_POINT('',(-75.,-17.5,80.));
#1741 = DIRECTION('',(0.,0.,1.));
#1742 = DIRECTION('',(0.,1.,0.));
#1743 = ADVANCED_FACE('',(#1744),#1750,.F.);
#1744 = FACE_BOUND('',#1745,.F.);
#1745 = EDGE_LOOP('',(#1746,#1747,#1748,#1749));
#1746 = ORIENTED_EDGE('',*,*,#718,.F.);
#1747 = ORIENTED_EDGE('',*,*,#1699,.T.);
#1748 = ORIENTED_EDGE('',*,*,#342,.F.);
#1749 = ORIENTED_EDGE('',*,*,#1731,.F.);
#1750 = PLANE('',#1751);
#1751 = AXIS2_PLACEMENT_3D('',#1752,#1753,#1754);
#1752 = CARTESIAN_POINT('',(-75.,-17.5,10.));
#1753 = DIRECTION('',(0.,-1.,0.));
#1754 = DIRECTION('',(0.,0.,1.));
#1755 = ADVANCED_FACE('',(#1756),#1767,.F.);
#1756 = FACE_BOUND('',#1757,.F.);
#1757 = EDGE_LOOP('',(#1758,#1759,#1765,#1766));
#1758 = ORIENTED_EDGE('',*,*,#1300,.T.);
#1759 = ORIENTED_EDGE('',*,*,#1760,.T.);
#1760 = EDGE_CURVE('',#1301,#458,#1761,.T.);
#1761 = LINE('',#1762,#1763);
#1762 = CARTESIAN_POINT('',(67.,71.,4.));
#1763 = VECTOR('',#1764,1.);
#1764 = DIRECTION('',(0.,0.,1.));
#1765 = ORIENTED_EDGE('',*,*,#465,.F.);
#1766 = ORIENTED_EDGE('',*,*,#792,.F.);
#1767 = CYLINDRICAL_SURFACE('',#1768,4.);
#1768 = AXIS2_PLACEMENT_3D('',#1769,#1770,#1771);
#1769 = CARTESIAN_POINT('',(67.,67.,4.));
#1770 = DIRECTION('',(0.,0.,1.));
#1771 = DIRECTION('',(1.,0.,0.));
#1772 = ADVANCED_FACE('',(#1773,#1779,#1790),#1801,.T.);
#1773 = FACE_BOUND('',#1774,.T.);
#1774 = EDGE_LOOP('',(#1775,#1776,#1777,#1778));
#1775 = ORIENTED_EDGE('',*,*,#457,.T.);
#1776 = ORIENTED_EDGE('',*,*,#1335,.T.);
#1777 = ORIENTED_EDGE('',*,*,#1309,.T.);
#1778 = ORIENTED_EDGE('',*,*,#1760,.T.);
#1779 = FACE_BOUND('',#1780,.T.);
#1780 = EDGE_LOOP('',(#1781));
#1781 = ORIENTED_EDGE('',*,*,#1782,.T.);
#1782 = EDGE_CURVE('',#1783,#1783,#1785,.T.);
#1783 = VERTEX_POINT('',#1784);
#1784 = CARTESIAN_POINT('',(15.,71.,70.));
#1785 = CIRCLE('',#1786,22.5);
#1786 = AXIS2_PLACEMENT_3D('',#1787,#1788,#1789);
#1787 = CARTESIAN_POINT('',(37.5,71.,70.));
#1788 = DIRECTION('',(0.,1.,-0.));
#1789 = DIRECTION('',(-1.,0.,0.));
#1790 = FACE_BOUND('',#1791,.T.);
#1791 = EDGE_LOOP('',(#1792));
#1792 = ORIENTED_EDGE('',*,*,#1793,.T.);
#1793 = EDGE_CURVE('',#1794,#1794,#1796,.T.);
#1794 = VERTEX_POINT('',#1795);
#1795 = CARTESIAN_POINT('',(-60.,71.,70.));
#1796 = CIRCLE('',#1797,22.5);
#1797 = AXIS2_PLACEMENT_3D('',#1798,#1799,#1800);
#1798 = CARTESIAN_POINT('',(-37.5,71.,70.));
#1799 = DIRECTION('',(0.,1.,-0.));
#1800 = DIRECTION('',(-1.,0.,0.));
#1801 = PLANE('',#1802);
#1802 = AXIS2_PLACEMENT_3D('',#1803,#1804,#1805);
#1803 = CARTESIAN_POINT('',(75.,71.,0.));
#1804 = DIRECTION('',(0.,-1.,0.));
#1805 = DIRECTION('',(-1.,0.,0.));
#1806 = ADVANCED_FACE('',(#1807),#1834,.T.);
#1807 = FACE_BOUND('',#1808,.T.);
#1808 = EDGE_LOOP('',(#1809,#1818,#1826,#1832,#1833));
#1809 = ORIENTED_EDGE('',*,*,#1810,.T.);
#1810 = EDGE_CURVE('',#1071,#1811,#1813,.T.);
#1811 = VERTEX_POINT('',#1812);
#1812 = CARTESIAN_POINT('',(73.,75.,0.));
#1813 = CIRCLE('',#1814,2.);
#1814 = AXIS2_PLACEMENT_3D('',#1815,#1816,#1817);
#1815 = CARTESIAN_POINT('',(73.,73.,0.));
#1816 = DIRECTION('',(-0.,0.,1.));
#1817 = DIRECTION('',(0.,-1.,0.));
#1818 = ORIENTED_EDGE('',*,*,#1819,.T.);
#1819 = EDGE_CURVE('',#1811,#1820,#1822,.T.);
#1820 = VERTEX_POINT('',#1821);
#1821 = CARTESIAN_POINT('',(73.,75.,8.));
#1822 = LINE('',#1823,#1824);
#1823 = CARTESIAN_POINT('',(73.,75.,0.));
#1824 = VECTOR('',#1825,1.);
#1825 = DIRECTION('',(0.,0.,1.));
#1826 = ORIENTED_EDGE('',*,*,#1827,.T.);
#1827 = EDGE_CURVE('',#1820,#415,#1828,.T.);
#1828 = LINE('',#1829,#1830);
#1829 = CARTESIAN_POINT('',(73.,75.,0.));
#1830 = VECTOR('',#1831,1.);
#1831 = DIRECTION('',(0.,0.,1.));
#1832 = ORIENTED_EDGE('',*,*,#414,.F.);
#1833 = ORIENTED_EDGE('',*,*,#1070,.F.);
#1834 = CYLINDRICAL_SURFACE('',#1835,2.);
#1835 = AXIS2_PLACEMENT_3D('',#1836,#1837,#1838);
#1836 = CARTESIAN_POINT('',(73.,73.,0.));
#1837 = DIRECTION('',(0.,0.,1.));
#1838 = DIRECTION('',(1.,0.,0.));
#1839 = ADVANCED_FACE('',(#1840,#1890,#1901),#1912,.F.);
#1840 = FACE_BOUND('',#1841,.F.);
#1841 = EDGE_LOOP('',(#1842,#1850,#1851,#1852,#1860,#1868,#1876,#1884));
#1842 = ORIENTED_EDGE('',*,*,#1843,.T.);
#1843 = EDGE_CURVE('',#1844,#1820,#1846,.T.);
#1844 = VERTEX_POINT('',#1845);
#1845 = CARTESIAN_POINT('',(45.,75.,8.));
#1846 = LINE('',#1847,#1848);
#1847 = CARTESIAN_POINT('',(45.,75.,8.));
#1848 = VECTOR('',#1849,1.);
#1849 = DIRECTION('',(1.,0.,0.));
#1850 = ORIENTED_EDGE('',*,*,#1827,.T.);
#1851 = ORIENTED_EDGE('',*,*,#423,.T.);
#1852 = ORIENTED_EDGE('',*,*,#1853,.F.);
#1853 = EDGE_CURVE('',#1854,#424,#1856,.T.);
#1854 = VERTEX_POINT('',#1855);
#1855 = CARTESIAN_POINT('',(-73.,75.,8.));
#1856 = LINE('',#1857,#1858);
#1857 = CARTESIAN_POINT('',(-73.,75.,0.));
#1858 = VECTOR('',#1859,1.);
#1859 = DIRECTION('',(0.,0.,1.));
#1860 = ORIENTED_EDGE('',*,*,#1861,.F.);
#1861 = EDGE_CURVE('',#1862,#1854,#1864,.T.);
#1862 = VERTEX_POINT('',#1863);
#1863 = CARTESIAN_POINT('',(-45.,75.,8.));
#1864 = LINE('',#1865,#1866);
#1865 = CARTESIAN_POINT('',(-45.,75.,8.));
#1866 = VECTOR('',#1867,1.);
#1867 = DIRECTION('',(-1.,0.,0.));
#1868 = ORIENTED_EDGE('',*,*,#1869,.T.);
#1869 = EDGE_CURVE('',#1862,#1870,#1872,.T.);
#1870 = VERTEX_POINT('',#1871);
#1871 = CARTESIAN_POINT('',(-45.,75.,18.));
#1872 = LINE('',#1873,#1874);
#1873 = CARTESIAN_POINT('',(-45.,75.,0.));
#1874 = VECTOR('',#1875,1.);
#1875 = DIRECTION('',(0.,0.,1.));
#1876 = ORIENTED_EDGE('',*,*,#1877,.T.);
#1877 = EDGE_CURVE('',#1870,#1878,#1880,.T.);
#1878 = VERTEX_POINT('',#1879);
#1879 = CARTESIAN_POINT('',(45.,75.,18.));
#1880 = LINE('',#1881,#1882);
#1881 = CARTESIAN_POINT('',(-45.,75.,18.));
#1882 = VECTOR('',#1883,1.);
#1883 = DIRECTION('',(1.,0.,0.));
#1884 = ORIENTED_EDGE('',*,*,#1885,.F.);
#1885 = EDGE_CURVE('',#1844,#1878,#1886,.T.);
#1886 = LINE('',#1887,#1888);
#1887 = CARTESIAN_POINT('',(45.,75.,0.));
#1888 = VECTOR('',#1889,1.);
#1889 = DIRECTION('',(0.,0.,1.));
#1890 = FACE_BOUND('',#1891,.F.);
#1891 = EDGE_LOOP('',(#1892));
#1892 = ORIENTED_EDGE('',*,*,#1893,.T.);
#1893 = EDGE_CURVE('',#1894,#1894,#1896,.T.);
#1894 = VERTEX_POINT('',#1895);
#1895 = CARTESIAN_POINT('',(15.,75.,70.));
#1896 = CIRCLE('',#1897,22.5);
#1897 = AXIS2_PLACEMENT_3D('',#1898,#1899,#1900);
#1898 = CARTESIAN_POINT('',(37.5,75.,70.));
#1899 = DIRECTION('',(0.,1.,-0.));
#1900 = DIRECTION('',(-1.,0.,0.));
#1901 = FACE_BOUND('',#1902,.F.);
#1902 = EDGE_LOOP('',(#1903));
#1903 = ORIENTED_EDGE('',*,*,#1904,.T.);
#1904 = EDGE_CURVE('',#1905,#1905,#1907,.T.);
#1905 = VERTEX_POINT('',#1906);
#1906 = CARTESIAN_POINT('',(-60.,75.,70.));
#1907 = CIRCLE('',#1908,22.5);
#1908 = AXIS2_PLACEMENT_3D('',#1909,#1910,#1911);
#1909 = CARTESIAN_POINT('',(-37.5,75.,70.));
#1910 = DIRECTION('',(0.,1.,-0.));
#1911 = DIRECTION('',(-1.,0.,0.));
#1912 = PLANE('',#1913);
#1913 = AXIS2_PLACEMENT_3D('',#1914,#1915,#1916);
#1914 = CARTESIAN_POINT('',(75.,75.,0.));
#1915 = DIRECTION('',(0.,-1.,0.));
#1916 = DIRECTION('',(-1.,0.,0.));
#1917 = ADVANCED_FACE('',(#1918),#1938,.T.);
#1918 = FACE_BOUND('',#1919,.F.);
#1919 = EDGE_LOOP('',(#1920,#1929,#1935,#1936,#1937));
#1920 = ORIENTED_EDGE('',*,*,#1921,.T.);
#1921 = EDGE_CURVE('',#514,#1922,#1924,.T.);
#1922 = VERTEX_POINT('',#1923);
#1923 = CARTESIAN_POINT('',(-73.,75.,0.));
#1924 = CIRCLE('',#1925,2.);
#1925 = AXIS2_PLACEMENT_3D('',#1926,#1927,#1928);
#1926 = CARTESIAN_POINT('',(-73.,73.,0.));
#1927 = DIRECTION('',(-0.,-0.,-1.));
#1928 = DIRECTION('',(0.,-1.,0.));
#1929 = ORIENTED_EDGE('',*,*,#1930,.T.);
#1930 = EDGE_CURVE('',#1922,#1854,#1931,.T.);
#1931 = LINE('',#1932,#1933);
#1932 = CARTESIAN_POINT('',(-73.,75.,0.));
#1933 = VECTOR('',#1934,1.);
#1934 = DIRECTION('',(0.,0.,1.));
#1935 = ORIENTED_EDGE('',*,*,#1853,.T.);
#1936 = ORIENTED_EDGE('',*,*,#431,.F.);
#1937 = ORIENTED_EDGE('',*,*,#521,.F.);
#1938 = CYLINDRICAL_SURFACE('',#1939,2.);
#1939 = AXIS2_PLACEMENT_3D('',#1940,#1941,#1942);
#1940 = CARTESIAN_POINT('',(-73.,73.,0.));
#1941 = DIRECTION('',(0.,0.,1.));
#1942 = DIRECTION('',(-1.,0.,0.));
#1943 = ADVANCED_FACE('',(#1944),#1960,.F.);
#1944 = FACE_BOUND('',#1945,.F.);
#1945 = EDGE_LOOP('',(#1946,#1947,#1953,#1954));
#1946 = ORIENTED_EDGE('',*,*,#1097,.F.);
#1947 = ORIENTED_EDGE('',*,*,#1948,.T.);
#1948 = EDGE_CURVE('',#1090,#812,#1949,.T.);
#1949 = LINE('',#1950,#1951);
#1950 = CARTESIAN_POINT('',(75.,-17.5,10.));
#1951 = VECTOR('',#1952,1.);
#1952 = DIRECTION('',(-1.,-0.,-0.));
#1953 = ORIENTED_EDGE('',*,*,#809,.F.);
#1954 = ORIENTED_EDGE('',*,*,#1955,.F.);
#1955 = EDGE_CURVE('',#1098,#810,#1956,.T.);
#1956 = LINE('',#1957,#1958);
#1957 = CARTESIAN_POINT('',(75.,-10.5,10.));
#1958 = VECTOR('',#1959,1.);
#1959 = DIRECTION('',(-1.,-0.,-0.));
#1960 = PLANE('',#1961);
#1961 = AXIS2_PLACEMENT_3D('',#1962,#1963,#1964);
#1962 = CARTESIAN_POINT('',(75.,-17.5,10.));
#1963 = DIRECTION('',(0.,0.,-1.));
#1964 = DIRECTION('',(0.,1.,0.));
#1965 = ADVANCED_FACE('',(#1966),#1977,.F.);
#1966 = FACE_BOUND('',#1967,.F.);
#1967 = EDGE_LOOP('',(#1968,#1969,#1975,#1976));
#1968 = ORIENTED_EDGE('',*,*,#1087,.F.);
#1969 = ORIENTED_EDGE('',*,*,#1970,.T.);
#1970 = EDGE_CURVE('',#1088,#828,#1971,.T.);
#1971 = LINE('',#1972,#1973);
#1972 = CARTESIAN_POINT('',(75.,-17.5,80.));
#1973 = VECTOR('',#1974,1.);
#1974 = DIRECTION('',(-1.,-0.,-0.));
#1975 = ORIENTED_EDGE('',*,*,#835,.F.);
#1976 = ORIENTED_EDGE('',*,*,#1948,.F.);
#1977 = PLANE('',#1978);
#1978 = AXIS2_PLACEMENT_3D('',#1979,#1980,#1981);
#1979 = CARTESIAN_POINT('',(75.,-17.5,80.));
#1980 = DIRECTION('',(0.,-1.,0.));
#1981 = DIRECTION('',(0.,0.,-1.));
#1982 = ADVANCED_FACE('',(#1983),#1994,.F.);
#1983 = FACE_BOUND('',#1984,.F.);
#1984 = EDGE_LOOP('',(#1985,#1986,#1992,#1993));
#1985 = ORIENTED_EDGE('',*,*,#1113,.F.);
#1986 = ORIENTED_EDGE('',*,*,#1987,.T.);
#1987 = EDGE_CURVE('',#1106,#820,#1988,.T.);
#1988 = LINE('',#1989,#1990);
#1989 = CARTESIAN_POINT('',(75.,-10.5,80.));
#1990 = VECTOR('',#1991,1.);
#1991 = DIRECTION('',(-1.,-0.,-0.));
#1992 = ORIENTED_EDGE('',*,*,#827,.F.);
#1993 = ORIENTED_EDGE('',*,*,#1970,.F.);
#1994 = PLANE('',#1995);
#1995 = AXIS2_PLACEMENT_3D('',#1996,#1997,#1998);
#1996 = CARTESIAN_POINT('',(75.,-10.5,80.));
#1997 = DIRECTION('',(0.,0.,1.));
#1998 = DIRECTION('',(0.,-1.,0.));
#1999 = ADVANCED_FACE('',(#2000),#2006,.F.);
#2000 = FACE_BOUND('',#2001,.F.);
#2001 = EDGE_LOOP('',(#2002,#2003,#2004,#2005));
#2002 = ORIENTED_EDGE('',*,*,#1105,.F.);
#2003 = ORIENTED_EDGE('',*,*,#1955,.T.);
#2004 = ORIENTED_EDGE('',*,*,#819,.F.);
#2005 = ORIENTED_EDGE('',*,*,#1987,.F.);
#2006 = PLANE('',#2007);
#2007 = AXIS2_PLACEMENT_3D('',#2008,#2009,#2010);
#2008 = CARTESIAN_POINT('',(75.,-10.5,10.));
#2009 = DIRECTION('',(0.,1.,0.));
#2010 = DIRECTION('',(0.,0.,1.));
#2011 = ADVANCED_FACE('',(#2012),#2028,.F.);
#2012 = FACE_BOUND('',#2013,.F.);
#2013 = EDGE_LOOP('',(#2014,#2015,#2021,#2022));
#2014 = ORIENTED_EDGE('',*,*,#1131,.F.);
#2015 = ORIENTED_EDGE('',*,*,#2016,.T.);
#2016 = EDGE_CURVE('',#1124,#846,#2017,.T.);
#2017 = LINE('',#2018,#2019);
#2018 = CARTESIAN_POINT('',(75.,-3.5,10.));
#2019 = VECTOR('',#2020,1.);
#2020 = DIRECTION('',(-1.,-0.,-0.));
#2021 = ORIENTED_EDGE('',*,*,#843,.F.);
#2022 = ORIENTED_EDGE('',*,*,#2023,.F.);
#2023 = EDGE_CURVE('',#1132,#844,#2024,.T.);
#2024 = LINE('',#2025,#2026);
#2025 = CARTESIAN_POINT('',(75.,3.5,10.));
#2026 = VECTOR('',#2027,1.);
#2027 = DIRECTION('',(-1.,-0.,-0.));
#2028 = PLANE('',#2029);
#2029 = AXIS2_PLACEMENT_3D('',#2030,#2031,#2032);
#2030 = CARTESIAN_POINT('',(75.,-3.5,10.));
#2031 = DIRECTION('',(0.,0.,-1.));
#2032 = DIRECTION('',(0.,1.,0.));
#2033 = ADVANCED_FACE('',(#2034),#2045,.F.);
#2034 = FACE_BOUND('',#2035,.F.);
#2035 = EDGE_LOOP('',(#2036,#2037,#2038,#2039));
#2036 = ORIENTED_EDGE('',*,*,#1139,.F.);
#2037 = ORIENTED_EDGE('',*,*,#2023,.T.);
#2038 = ORIENTED_EDGE('',*,*,#853,.F.);
#2039 = ORIENTED_EDGE('',*,*,#2040,.F.);
#2040 = EDGE_CURVE('',#1140,#854,#2041,.T.);
#2041 = LINE('',#2042,#2043);
#2042 = CARTESIAN_POINT('',(75.,3.5,80.));
#2043 = VECTOR('',#2044,1.);
#2044 = DIRECTION('',(-1.,-0.,-0.));
#2045 = PLANE('',#2046);
#2046 = AXIS2_PLACEMENT_3D('',#2047,#2048,#2049);
#2047 = CARTESIAN_POINT('',(75.,3.5,10.));
#2048 = DIRECTION('',(0.,1.,0.));
#2049 = DIRECTION('',(0.,0.,1.));
#2050 = ADVANCED_FACE('',(#2051),#2062,.F.);
#2051 = FACE_BOUND('',#2052,.F.);
#2052 = EDGE_LOOP('',(#2053,#2054,#2060,#2061));
#2053 = ORIENTED_EDGE('',*,*,#1121,.F.);
#2054 = ORIENTED_EDGE('',*,*,#2055,.T.);
#2055 = EDGE_CURVE('',#1122,#862,#2056,.T.);
#2056 = LINE('',#2057,#2058);
#2057 = CARTESIAN_POINT('',(75.,-3.5,80.));
#2058 = VECTOR('',#2059,1.);
#2059 = DIRECTION('',(-1.,-0.,-0.));
#2060 = ORIENTED_EDGE('',*,*,#869,.F.);
#2061 = ORIENTED_EDGE('',*,*,#2016,.F.);
#2062 = PLANE('',#2063);
#2063 = AXIS2_PLACEMENT_3D('',#2064,#2065,#2066);
#2064 = CARTESIAN_POINT('',(75.,-3.5,80.));
#2065 = DIRECTION('',(0.,-1.,0.));
#2066 = DIRECTION('',(0.,0.,-1.));
#2067 = ADVANCED_FACE('',(#2068),#2074,.F.);
#2068 = FACE_BOUND('',#2069,.F.);
#2069 = EDGE_LOOP('',(#2070,#2071,#2072,#2073));
#2070 = ORIENTED_EDGE('',*,*,#1147,.F.);
#2071 = ORIENTED_EDGE('',*,*,#2040,.T.);
#2072 = ORIENTED_EDGE('',*,*,#861,.F.);
#2073 = ORIENTED_EDGE('',*,*,#2055,.F.);
#2074 = PLANE('',#2075);
#2075 = AXIS2_PLACEMENT_3D('',#2076,#2077,#2078);
#2076 = CARTESIAN_POINT('',(75.,3.5,80.));
#2077 = DIRECTION('',(0.,0.,1.));
#2078 = DIRECTION('',(0.,-1.,0.));
#2079 = ADVANCED_FACE('',(#2080),#2096,.F.);
#2080 = FACE_BOUND('',#2081,.F.);
#2081 = EDGE_LOOP('',(#2082,#2083,#2089,#2090));
#2082 = ORIENTED_EDGE('',*,*,#1165,.F.);
#2083 = ORIENTED_EDGE('',*,*,#2084,.T.);
#2084 = EDGE_CURVE('',#1158,#880,#2085,.T.);
#2085 = LINE('',#2086,#2087);
#2086 = CARTESIAN_POINT('',(75.,10.5,10.));
#2087 = VECTOR('',#2088,1.);
#2088 = DIRECTION('',(-1.,-0.,-0.));
#2089 = ORIENTED_EDGE('',*,*,#877,.F.);
#2090 = ORIENTED_EDGE('',*,*,#2091,.F.);
#2091 = EDGE_CURVE('',#1166,#878,#2092,.T.);
#2092 = LINE('',#2093,#2094);
#2093 = CARTESIAN_POINT('',(75.,17.5,10.));
#2094 = VECTOR('',#2095,1.);
#2095 = DIRECTION('',(-1.,-0.,-0.));
#2096 = PLANE('',#2097);
#2097 = AXIS2_PLACEMENT_3D('',#2098,#2099,#2100);
#2098 = CARTESIAN_POINT('',(75.,10.5,10.));
#2099 = DIRECTION('',(0.,0.,-1.));
#2100 = DIRECTION('',(0.,1.,0.));
#2101 = ADVANCED_FACE('',(#2102),#2113,.F.);
#2102 = FACE_BOUND('',#2103,.F.);
#2103 = EDGE_LOOP('',(#2104,#2105,#2111,#2112));
#2104 = ORIENTED_EDGE('',*,*,#1155,.F.);
#2105 = ORIENTED_EDGE('',*,*,#2106,.T.);
#2106 = EDGE_CURVE('',#1156,#896,#2107,.T.);
#2107 = LINE('',#2108,#2109);
#2108 = CARTESIAN_POINT('',(75.,10.5,80.));
#2109 = VECTOR('',#2110,1.);
#2110 = DIRECTION('',(-1.,-0.,-0.));
#2111 = ORIENTED_EDGE('',*,*,#903,.F.);
#2112 = ORIENTED_EDGE('',*,*,#2084,.F.);
#2113 = PLANE('',#2114);
#2114 = AXIS2_PLACEMENT_3D('',#2115,#2116,#2117);
#2115 = CARTESIAN_POINT('',(75.,10.5,80.));
#2116 = DIRECTION('',(0.,-1.,0.));
#2117 = DIRECTION('',(0.,0.,-1.));
#2118 = ADVANCED_FACE('',(#2119),#2130,.F.);
#2119 = FACE_BOUND('',#2120,.F.);
#2120 = EDGE_LOOP('',(#2121,#2122,#2128,#2129));
#2121 = ORIENTED_EDGE('',*,*,#1181,.F.);
#2122 = ORIENTED_EDGE('',*,*,#2123,.T.);
#2123 = EDGE_CURVE('',#1174,#888,#2124,.T.);
#2124 = LINE('',#2125,#2126);
#2125 = CARTESIAN_POINT('',(75.,17.5,80.));
#2126 = VECTOR('',#2127,1.);
#2127 = DIRECTION('',(-1.,-0.,-0.));
#2128 = ORIENTED_EDGE('',*,*,#895,.F.);
#2129 = ORIENTED_EDGE('',*,*,#2106,.F.);
#2130 = PLANE('',#2131);
#2131 = AXIS2_PLACEMENT_3D('',#2132,#2133,#2134);
#2132 = CARTESIAN_POINT('',(75.,17.5,80.));
#2133 = DIRECTION('',(0.,0.,1.));
#2134 = DIRECTION('',(0.,-1.,0.));
#2135 = ADVANCED_FACE('',(#2136),#2142,.F.);
#2136 = FACE_BOUND('',#2137,.F.);
#2137 = EDGE_LOOP('',(#2138,#2139,#2140,#2141));
#2138 = ORIENTED_EDGE('',*,*,#1173,.F.);
#2139 = ORIENTED_EDGE('',*,*,#2091,.T.);
#2140 = ORIENTED_EDGE('',*,*,#887,.F.);
#2141 = ORIENTED_EDGE('',*,*,#2123,.F.);
#2142 = PLANE('',#2143);
#2143 = AXIS2_PLACEMENT_3D('',#2144,#2145,#2146);
#2144 = CARTESIAN_POINT('',(75.,17.5,10.));
#2145 = DIRECTION('',(0.,1.,0.));
#2146 = DIRECTION('',(0.,0.,1.));
#2147 = ADVANCED_FACE('',(#2148),#2164,.F.);
#2148 = FACE_BOUND('',#2149,.F.);
#2149 = EDGE_LOOP('',(#2150,#2151,#2157,#2158));
#2150 = ORIENTED_EDGE('',*,*,#1199,.F.);
#2151 = ORIENTED_EDGE('',*,*,#2152,.T.);
#2152 = EDGE_CURVE('',#1192,#914,#2153,.T.);
#2153 = LINE('',#2154,#2155);
#2154 = CARTESIAN_POINT('',(75.,24.5,10.));
#2155 = VECTOR('',#2156,1.);
#2156 = DIRECTION('',(-1.,-0.,-0.));
#2157 = ORIENTED_EDGE('',*,*,#911,.F.);
#2158 = ORIENTED_EDGE('',*,*,#2159,.F.);
#2159 = EDGE_CURVE('',#1200,#912,#2160,.T.);
#2160 = LINE('',#2161,#2162);
#2161 = CARTESIAN_POINT('',(75.,31.5,10.));
#2162 = VECTOR('',#2163,1.);
#2163 = DIRECTION('',(-1.,-0.,-0.));
#2164 = PLANE('',#2165);
#2165 = AXIS2_PLACEMENT_3D('',#2166,#2167,#2168);
#2166 = CARTESIAN_POINT('',(75.,24.5,10.));
#2167 = DIRECTION('',(0.,0.,-1.));
#2168 = DIRECTION('',(0.,1.,0.));
#2169 = ADVANCED_FACE('',(#2170),#2181,.F.);
#2170 = FACE_BOUND('',#2171,.F.);
#2171 = EDGE_LOOP('',(#2172,#2173,#2179,#2180));
#2172 = ORIENTED_EDGE('',*,*,#1189,.F.);
#2173 = ORIENTED_EDGE('',*,*,#2174,.T.);
#2174 = EDGE_CURVE('',#1190,#930,#2175,.T.);
#2175 = LINE('',#2176,#2177);
#2176 = CARTESIAN_POINT('',(75.,24.5,80.));
#2177 = VECTOR('',#2178,1.);
#2178 = DIRECTION('',(-1.,-0.,-0.));
#2179 = ORIENTED_EDGE('',*,*,#937,.F.);
#2180 = ORIENTED_EDGE('',*,*,#2152,.F.);
#2181 = PLANE('',#2182);
#2182 = AXIS2_PLACEMENT_3D('',#2183,#2184,#2185);
#2183 = CARTESIAN_POINT('',(75.,24.5,80.));
#2184 = DIRECTION('',(0.,-1.,0.));
#2185 = DIRECTION('',(0.,0.,-1.));
#2186 = ADVANCED_FACE('',(#2187),#2198,.F.);
#2187 = FACE_BOUND('',#2188,.F.);
#2188 = EDGE_LOOP('',(#2189,#2190,#2196,#2197));
#2189 = ORIENTED_EDGE('',*,*,#1215,.F.);
#2190 = ORIENTED_EDGE('',*,*,#2191,.T.);
#2191 = EDGE_CURVE('',#1208,#922,#2192,.T.);
#2192 = LINE('',#2193,#2194);
#2193 = CARTESIAN_POINT('',(75.,31.5,80.));
#2194 = VECTOR('',#2195,1.);
#2195 = DIRECTION('',(-1.,-0.,-0.));
#2196 = ORIENTED_EDGE('',*,*,#929,.F.);
#2197 = ORIENTED_EDGE('',*,*,#2174,.F.);
#2198 = PLANE('',#2199);
#2199 = AXIS2_PLACEMENT_3D('',#2200,#2201,#2202);
#2200 = CARTESIAN_POINT('',(75.,31.5,80.));
#2201 = DIRECTION('',(0.,0.,1.));
#2202 = DIRECTION('',(0.,-1.,0.));
#2203 = ADVANCED_FACE('',(#2204),#2210,.F.);
#2204 = FACE_BOUND('',#2205,.F.);
#2205 = EDGE_LOOP('',(#2206,#2207,#2208,#2209));
#2206 = ORIENTED_EDGE('',*,*,#1207,.F.);
#2207 = ORIENTED_EDGE('',*,*,#2159,.T.);
#2208 = ORIENTED_EDGE('',*,*,#921,.F.);
#2209 = ORIENTED_EDGE('',*,*,#2191,.F.);
#2210 = PLANE('',#2211);
#2211 = AXIS2_PLACEMENT_3D('',#2212,#2213,#2214);
#2212 = CARTESIAN_POINT('',(75.,31.5,10.));
#2213 = DIRECTION('',(0.,1.,0.));
#2214 = DIRECTION('',(0.,0.,1.));
#2215 = ADVANCED_FACE('',(#2216),#2232,.F.);
#2216 = FACE_BOUND('',#2217,.F.);
#2217 = EDGE_LOOP('',(#2218,#2219,#2225,#2226));
#2218 = ORIENTED_EDGE('',*,*,#1233,.F.);
#2219 = ORIENTED_EDGE('',*,*,#2220,.T.);
#2220 = EDGE_CURVE('',#1226,#948,#2221,.T.);
#2221 = LINE('',#2222,#2223);
#2222 = CARTESIAN_POINT('',(75.,38.5,10.));
#2223 = VECTOR('',#2224,1.);
#2224 = DIRECTION('',(-1.,-0.,-0.));
#2225 = ORIENTED_EDGE('',*,*,#945,.F.);
#2226 = ORIENTED_EDGE('',*,*,#2227,.F.);
#2227 = EDGE_CURVE('',#1234,#946,#2228,.T.);
#2228 = LINE('',#2229,#2230);
#2229 = CARTESIAN_POINT('',(75.,45.5,10.));
#2230 = VECTOR('',#2231,1.);
#2231 = DIRECTION('',(-1.,-0.,-0.));
#2232 = PLANE('',#2233);
#2233 = AXIS2_PLACEMENT_3D('',#2234,#2235,#2236);
#2234 = CARTESIAN_POINT('',(75.,38.5,10.));
#2235 = DIRECTION('',(0.,0.,-1.));
#2236 = DIRECTION('',(0.,1.,0.));
#2237 = ADVANCED_FACE('',(#2238),#2249,.F.);
#2238 = FACE_BOUND('',#2239,.F.);
#2239 = EDGE_LOOP('',(#2240,#2241,#2247,#2248));
#2240 = ORIENTED_EDGE('',*,*,#1223,.F.);
#2241 = ORIENTED_EDGE('',*,*,#2242,.T.);
#2242 = EDGE_CURVE('',#1224,#964,#2243,.T.);
#2243 = LINE('',#2244,#2245);
#2244 = CARTESIAN_POINT('',(75.,38.5,80.));
#2245 = VECTOR('',#2246,1.);
#2246 = DIRECTION('',(-1.,-0.,-0.));
#2247 = ORIENTED_EDGE('',*,*,#971,.F.);
#2248 = ORIENTED_EDGE('',*,*,#2220,.F.);
#2249 = PLANE('',#2250);
#2250 = AXIS2_PLACEMENT_3D('',#2251,#2252,#2253);
#2251 = CARTESIAN_POINT('',(75.,38.5,80.));
#2252 = DIRECTION('',(0.,-1.,0.));
#2253 = DIRECTION('',(0.,0.,-1.));
#2254 = ADVANCED_FACE('',(#2255),#2266,.F.);
#2255 = FACE_BOUND('',#2256,.F.);
#2256 = EDGE_LOOP('',(#2257,#2258,#2264,#2265));
#2257 = ORIENTED_EDGE('',*,*,#1249,.F.);
#2258 = ORIENTED_EDGE('',*,*,#2259,.T.);
#2259 = EDGE_CURVE('',#1242,#956,#2260,.T.);
#2260 = LINE('',#2261,#2262);
#2261 = CARTESIAN_POINT('',(75.,45.5,80.));
#2262 = VECTOR('',#2263,1.);
#2263 = DIRECTION('',(-1.,-0.,-0.));
#2264 = ORIENTED_EDGE('',*,*,#963,.F.);
#2265 = ORIENTED_EDGE('',*,*,#2242,.F.);
#2266 = PLANE('',#2267);
#2267 = AXIS2_PLACEMENT_3D('',#2268,#2269,#2270);
#2268 = CARTESIAN_POINT('',(75.,45.5,80.));
#2269 = DIRECTION('',(0.,0.,1.));
#2270 = DIRECTION('',(0.,-1.,0.));
#2271 = ADVANCED_FACE('',(#2272),#2278,.F.);
#2272 = FACE_BOUND('',#2273,.F.);
#2273 = EDGE_LOOP('',(#2274,#2275,#2276,#2277));
#2274 = ORIENTED_EDGE('',*,*,#1241,.F.);
#2275 = ORIENTED_EDGE('',*,*,#2227,.T.);
#2276 = ORIENTED_EDGE('',*,*,#955,.F.);
#2277 = ORIENTED_EDGE('',*,*,#2259,.F.);
#2278 = PLANE('',#2279);
#2279 = AXIS2_PLACEMENT_3D('',#2280,#2281,#2282);
#2280 = CARTESIAN_POINT('',(75.,45.5,10.));
#2281 = DIRECTION('',(0.,1.,0.));
#2282 = DIRECTION('',(0.,0.,1.));
#2283 = ADVANCED_FACE('',(#2284),#2300,.F.);
#2284 = FACE_BOUND('',#2285,.F.);
#2285 = EDGE_LOOP('',(#2286,#2287,#2293,#2294));
#2286 = ORIENTED_EDGE('',*,*,#1267,.F.);
#2287 = ORIENTED_EDGE('',*,*,#2288,.T.);
#2288 = EDGE_CURVE('',#1260,#982,#2289,.T.);
#2289 = LINE('',#2290,#2291);
#2290 = CARTESIAN_POINT('',(75.,52.5,10.));
#2291 = VECTOR('',#2292,1.);
#2292 = DIRECTION('',(-1.,-0.,-0.));
#2293 = ORIENTED_EDGE('',*,*,#979,.F.);
#2294 = ORIENTED_EDGE('',*,*,#2295,.F.);
#2295 = EDGE_CURVE('',#1268,#980,#2296,.T.);
#2296 = LINE('',#2297,#2298);
#2297 = CARTESIAN_POINT('',(75.,59.5,10.));
#2298 = VECTOR('',#2299,1.);
#2299 = DIRECTION('',(-1.,-0.,-0.));
#2300 = PLANE('',#2301);
#2301 = AXIS2_PLACEMENT_3D('',#2302,#2303,#2304);
#2302 = CARTESIAN_POINT('',(75.,52.5,10.));
#2303 = DIRECTION('',(0.,0.,-1.));
#2304 = DIRECTION('',(0.,1.,0.));
#2305 = ADVANCED_FACE('',(#2306),#2317,.F.);
#2306 = FACE_BOUND('',#2307,.F.);
#2307 = EDGE_LOOP('',(#2308,#2309,#2315,#2316));
#2308 = ORIENTED_EDGE('',*,*,#1257,.F.);
#2309 = ORIENTED_EDGE('',*,*,#2310,.T.);
#2310 = EDGE_CURVE('',#1258,#998,#2311,.T.);
#2311 = LINE('',#2312,#2313);
#2312 = CARTESIAN_POINT('',(75.,52.5,80.));
#2313 = VECTOR('',#2314,1.);
#2314 = DIRECTION('',(-1.,-0.,-0.));
#2315 = ORIENTED_EDGE('',*,*,#1005,.F.);
#2316 = ORIENTED_EDGE('',*,*,#2288,.F.);
#2317 = PLANE('',#2318);
#2318 = AXIS2_PLACEMENT_3D('',#2319,#2320,#2321);
#2319 = CARTESIAN_POINT('',(75.,52.5,80.));
#2320 = DIRECTION('',(0.,-1.,0.));
#2321 = DIRECTION('',(0.,0.,-1.));
#2322 = ADVANCED_FACE('',(#2323),#2334,.F.);
#2323 = FACE_BOUND('',#2324,.F.);
#2324 = EDGE_LOOP('',(#2325,#2326,#2332,#2333));
#2325 = ORIENTED_EDGE('',*,*,#1283,.F.);
#2326 = ORIENTED_EDGE('',*,*,#2327,.T.);
#2327 = EDGE_CURVE('',#1276,#990,#2328,.T.);
#2328 = LINE('',#2329,#2330);
#2329 = CARTESIAN_POINT('',(75.,59.5,80.));
#2330 = VECTOR('',#2331,1.);
#2331 = DIRECTION('',(-1.,-0.,-0.));
#2332 = ORIENTED_EDGE('',*,*,#997,.F.);
#2333 = ORIENTED_EDGE('',*,*,#2310,.F.);
#2334 = PLANE('',#2335);
#2335 = AXIS2_PLACEMENT_3D('',#2336,#2337,#2338);
#2336 = CARTESIAN_POINT('',(75.,59.5,80.));
#2337 = DIRECTION('',(0.,0.,1.));
#2338 = DIRECTION('',(0.,-1.,0.));
#2339 = ADVANCED_FACE('',(#2340),#2346,.F.);
#2340 = FACE_BOUND('',#2341,.F.);
#2341 = EDGE_LOOP('',(#2342,#2343,#2344,#2345));
#2342 = ORIENTED_EDGE('',*,*,#1275,.F.);
#2343 = ORIENTED_EDGE('',*,*,#2295,.T.);
#2344 = ORIENTED_EDGE('',*,*,#989,.F.);
#2345 = ORIENTED_EDGE('',*,*,#2327,.F.);
#2346 = PLANE('',#2347);
#2347 = AXIS2_PLACEMENT_3D('',#2348,#2349,#2350);
#2348 = CARTESIAN_POINT('',(75.,59.5,10.));
#2349 = DIRECTION('',(0.,1.,0.));
#2350 = DIRECTION('',(0.,0.,1.));
#2351 = ADVANCED_FACE('',(#2352),#2363,.F.);
#2352 = FACE_BOUND('',#2353,.F.);
#2353 = EDGE_LOOP('',(#2354,#2360,#2361,#2362));
#2354 = ORIENTED_EDGE('',*,*,#2355,.T.);
#2355 = EDGE_CURVE('',#1894,#1783,#2356,.T.);
#2356 = LINE('',#2357,#2358);
#2357 = CARTESIAN_POINT('',(15.,75.,70.));
#2358 = VECTOR('',#2359,1.);
#2359 = DIRECTION('',(0.,-1.,2.2E-16));
#2360 = ORIENTED_EDGE('',*,*,#1782,.T.);
#2361 = ORIENTED_EDGE('',*,*,#2355,.F.);
#2362 = ORIENTED_EDGE('',*,*,#1893,.F.);
#2363 = CYLINDRICAL_SURFACE('',#2364,22.5);
#2364 = AXIS2_PLACEMENT_3D('',#2365,#2366,#2367);
#2365 = CARTESIAN_POINT('',(37.5,75.,70.));
#2366 = DIRECTION('',(0.,1.,-2.2E-16));
#2367 = DIRECTION('',(-1.,0.,0.));
#2368 = ADVANCED_FACE('',(#2369),#2380,.F.);
#2369 = FACE_BOUND('',#2370,.F.);
#2370 = EDGE_LOOP('',(#2371,#2377,#2378,#2379));
#2371 = ORIENTED_EDGE('',*,*,#2372,.T.);
#2372 = EDGE_CURVE('',#1905,#1794,#2373,.T.);
#2373 = LINE('',#2374,#2375);
#2374 = CARTESIAN_POINT('',(-60.,75.,70.));
#2375 = VECTOR('',#2376,1.);
#2376 = DIRECTION('',(0.,-1.,2.2E-16));
#2377 = ORIENTED_EDGE('',*,*,#1793,.T.);
#2378 = ORIENTED_EDGE('',*,*,#2372,.F.);
#2379 = ORIENTED_EDGE('',*,*,#1904,.F.);
#2380 = CYLINDRICAL_SURFACE('',#2381,22.5);
#2381 = AXIS2_PLACEMENT_3D('',#2382,#2383,#2384);
#2382 = CARTESIAN_POINT('',(-37.5,75.,70.));
#2383 = DIRECTION('',(0.,1.,-2.2E-16));
#2384 = DIRECTION('',(-1.,0.,0.));
#2385 = ADVANCED_FACE('',(#2386),#2411,.F.);
#2386 = FACE_BOUND('',#2387,.F.);
#2387 = EDGE_LOOP('',(#2388,#2389,#2397,#2405));
#2388 = ORIENTED_EDGE('',*,*,#1819,.T.);
#2389 = ORIENTED_EDGE('',*,*,#2390,.T.);
#2390 = EDGE_CURVE('',#1820,#2391,#2393,.T.);
#2391 = VERTEX_POINT('',#2392);
#2392 = CARTESIAN_POINT('',(68.967877726516,213.02369665128,8.));
#2393 = LINE('',#2394,#2395);
#2394 = CARTESIAN_POINT('',(73.,75.,8.));
#2395 = VECTOR('',#2396,1.);
#2396 = DIRECTION('',(-2.920080345397E-02,0.999573565616,-0.));
#2397 = ORIENTED_EDGE('',*,*,#2398,.F.);
#2398 = EDGE_CURVE('',#2399,#2391,#2401,.T.);
#2399 = VERTEX_POINT('',#2400);
#2400 = CARTESIAN_POINT('',(68.967877726516,213.02369665128,0.));
#2401 = LINE('',#2402,#2403);
#2402 = CARTESIAN_POINT('',(68.967877726516,213.02369665128,0.));
#2403 = VECTOR('',#2404,1.);
#2404 = DIRECTION('',(0.,0.,1.));
#2405 = ORIENTED_EDGE('',*,*,#2406,.F.);
#2406 = EDGE_CURVE('',#1811,#2399,#2407,.T.);
#2407 = LINE('',#2408,#2409);
#2408 = CARTESIAN_POINT('',(73.,75.,0.));
#2409 = VECTOR('',#2410,1.);
#2410 = DIRECTION('',(-2.920080345397E-02,0.999573565616,-0.));
#2411 = PLANE('',#2412);
#2412 = AXIS2_PLACEMENT_3D('',#2413,#2414,#2415);
#2413 = CARTESIAN_POINT('',(73.,75.,0.));
#2414 = DIRECTION('',(-0.999573565616,-2.920080345397E-02,-0.));
#2415 = DIRECTION('',(-2.920080345397E-02,0.999573565616,0.));
#2416 = ADVANCED_FACE('',(#2417),#2427,.T.);
#2417 = FACE_BOUND('',#2418,.T.);
#2418 = EDGE_LOOP('',(#2419,#2420,#2421));
#2419 = ORIENTED_EDGE('',*,*,#1843,.T.);
#2420 = ORIENTED_EDGE('',*,*,#2390,.T.);
#2421 = ORIENTED_EDGE('',*,*,#2422,.F.);
#2422 = EDGE_CURVE('',#1844,#2391,#2423,.T.);
#2423 = LINE('',#2424,#2425);
#2424 = CARTESIAN_POINT('',(45.,75.,8.));
#2425 = VECTOR('',#2426,1.);
#2426 = DIRECTION('',(0.171090047839,0.985255396093,0.));
#2427 = PLANE('',#2428);
#2428 = AXIS2_PLACEMENT_3D('',#2429,#2430,#2431);
#2429 = CARTESIAN_POINT('',(-1.49E-15,137.70058282325,8.));
#2430 = DIRECTION('',(0.,0.,1.));
#2431 = DIRECTION('',(1.,0.,0.));
#2432 = ADVANCED_FACE('',(#2433),#2451,.F.);
#2433 = FACE_BOUND('',#2434,.F.);
#2434 = EDGE_LOOP('',(#2435,#2436,#2437,#2445));
#2435 = ORIENTED_EDGE('',*,*,#2422,.F.);
#2436 = ORIENTED_EDGE('',*,*,#1885,.T.);
#2437 = ORIENTED_EDGE('',*,*,#2438,.T.);
#2438 = EDGE_CURVE('',#1878,#2439,#2441,.T.);
#2439 = VERTEX_POINT('',#2440);
#2440 = CARTESIAN_POINT('',(68.967877726516,213.02369665128,18.));
#2441 = LINE('',#2442,#2443);
#2442 = CARTESIAN_POINT('',(45.,75.,18.));
#2443 = VECTOR('',#2444,1.);
#2444 = DIRECTION('',(0.171090047839,0.985255396093,0.));
#2445 = ORIENTED_EDGE('',*,*,#2446,.F.);
#2446 = EDGE_CURVE('',#2391,#2439,#2447,.T.);
#2447 = LINE('',#2448,#2449);
#2448 = CARTESIAN_POINT('',(68.967877726516,213.02369665128,0.));
#2449 = VECTOR('',#2450,1.);
#2450 = DIRECTION('',(0.,0.,1.));
#2451 = PLANE('',#2452);
#2452 = AXIS2_PLACEMENT_3D('',#2453,#2454,#2455);
#2453 = CARTESIAN_POINT('',(45.,75.,0.));
#2454 = DIRECTION('',(-0.985255396093,0.171090047839,0.));
#2455 = DIRECTION('',(0.171090047839,0.985255396093,0.));
#2456 = ADVANCED_FACE('',(#2457,#2476),#2511,.T.);
#2457 = FACE_BOUND('',#2458,.T.);
#2458 = EDGE_LOOP('',(#2459,#2468,#2474,#2475));
#2459 = ORIENTED_EDGE('',*,*,#2460,.F.);
#2460 = EDGE_CURVE('',#2461,#2439,#2463,.T.);
#2461 = VERTEX_POINT('',#2462);
#2462 = CARTESIAN_POINT('',(-68.96787772651,213.02369665128,18.));
#2463 = CIRCLE('',#2464,70.);
#2464 = AXIS2_PLACEMENT_3D('',#2465,#2466,#2467);
#2465 = CARTESIAN_POINT('',(0.,225.,18.));
#2466 = DIRECTION('',(0.,0.,-1.));
#2467 = DIRECTION('',(1.,0.,0.));
#2468 = ORIENTED_EDGE('',*,*,#2469,.F.);
#2469 = EDGE_CURVE('',#1870,#2461,#2470,.T.);
#2470 = LINE('',#2471,#2472);
#2471 = CARTESIAN_POINT('',(-45.,75.,18.));
#2472 = VECTOR('',#2473,1.);
#2473 = DIRECTION('',(-0.171090047839,0.985255396093,-0.));
#2474 = ORIENTED_EDGE('',*,*,#1877,.T.);
#2475 = ORIENTED_EDGE('',*,*,#2438,.T.);
#2476 = FACE_BOUND('',#2477,.T.);
#2477 = EDGE_LOOP('',(#2478,#2488,#2497,#2505));
#2478 = ORIENTED_EDGE('',*,*,#2479,.T.);
#2479 = EDGE_CURVE('',#2480,#2482,#2484,.T.);
#2480 = VERTEX_POINT('',#2481);
#2481 = CARTESIAN_POINT('',(-34.,81.,18.));
#2482 = VERTEX_POINT('',#2483);
#2483 = CARTESIAN_POINT('',(-56.69748261006,215.42683617182,18.));
#2484 = LINE('',#2485,#2486);
#2485 = CARTESIAN_POINT('',(-34.,81.,18.));
#2486 = VECTOR('',#2487,1.);
#2487 = DIRECTION('',(-0.166489805707,0.986043175827,-0.));
#2488 = ORIENTED_EDGE('',*,*,#2489,.T.);
#2489 = EDGE_CURVE('',#2482,#2490,#2492,.T.);
#2490 = VERTEX_POINT('',#2491);
#2491 = CARTESIAN_POINT('',(56.697482610297,215.42683617318,18.));
#2492 = CIRCLE('',#2493,57.5);
#2493 = AXIS2_PLACEMENT_3D('',#2494,#2495,#2496);
#2494 = CARTESIAN_POINT('',(0.,225.,18.));
#2495 = DIRECTION('',(0.,0.,-1.));
#2496 = DIRECTION('',(1.,0.,0.));
#2497 = ORIENTED_EDGE('',*,*,#2498,.F.);
#2498 = EDGE_CURVE('',#2499,#2490,#2501,.T.);
#2499 = VERTEX_POINT('',#2500);
#2500 = CARTESIAN_POINT('',(34.,81.,18.));
#2501 = LINE('',#2502,#2503);
#2502 = CARTESIAN_POINT('',(34.,81.,18.));
#2503 = VECTOR('',#2504,1.);
#2504 = DIRECTION('',(0.166489805707,0.986043175827,0.));
#2505 = ORIENTED_EDGE('',*,*,#2506,.F.);
#2506 = EDGE_CURVE('',#2480,#2499,#2507,.T.);
#2507 = LINE('',#2508,#2509);
#2508 = CARTESIAN_POINT('',(-34.,81.,18.));
#2509 = VECTOR('',#2510,1.);
#2510 = DIRECTION('',(1.,0.,0.));
#2511 = PLANE('',#2512);
#2512 = AXIS2_PLACEMENT_3D('',#2513,#2514,#2515);
#2513 = CARTESIAN_POINT('',(1.51E-15,178.18632786748,18.));
#2514 = DIRECTION('',(0.,0.,1.));
#2515 = DIRECTION('',(1.,0.,0.));
#2516 = ADVANCED_FACE('',(#2517),#2535,.T.);
#2517 = FACE_BOUND('',#2518,.T.);
#2518 = EDGE_LOOP('',(#2519,#2527,#2528,#2529));
#2519 = ORIENTED_EDGE('',*,*,#2520,.F.);
#2520 = EDGE_CURVE('',#1862,#2521,#2523,.T.);
#2521 = VERTEX_POINT('',#2522);
#2522 = CARTESIAN_POINT('',(-68.96787772651,213.02369665128,8.));
#2523 = LINE('',#2524,#2525);
#2524 = CARTESIAN_POINT('',(-45.,75.,8.));
#2525 = VECTOR('',#2526,1.);
#2526 = DIRECTION('',(-0.171090047839,0.985255396093,-0.));
#2527 = ORIENTED_EDGE('',*,*,#1869,.T.);
#2528 = ORIENTED_EDGE('',*,*,#2469,.T.);
#2529 = ORIENTED_EDGE('',*,*,#2530,.F.);
#2530 = EDGE_CURVE('',#2521,#2461,#2531,.T.);
#2531 = LINE('',#2532,#2533);
#2532 = CARTESIAN_POINT('',(-68.96787772651,213.02369665128,0.));
#2533 = VECTOR('',#2534,1.);
#2534 = DIRECTION('',(0.,0.,1.));
#2535 = PLANE('',#2536);
#2536 = AXIS2_PLACEMENT_3D('',#2537,#2538,#2539);
#2537 = CARTESIAN_POINT('',(-45.,75.,0.));
#2538 = DIRECTION('',(-0.985255396093,-0.171090047839,-0.));
#2539 = DIRECTION('',(-0.171090047839,0.985255396093,0.));
#2540 = ADVANCED_FACE('',(#2541),#2551,.T.);
#2541 = FACE_BOUND('',#2542,.F.);
#2542 = EDGE_LOOP('',(#2543,#2549,#2550));
#2543 = ORIENTED_EDGE('',*,*,#2544,.T.);
#2544 = EDGE_CURVE('',#1854,#2521,#2545,.T.);
#2545 = LINE('',#2546,#2547);
#2546 = CARTESIAN_POINT('',(-73.,75.,8.));
#2547 = VECTOR('',#2548,1.);
#2548 = DIRECTION('',(2.920080345397E-02,0.999573565616,0.));
#2549 = ORIENTED_EDGE('',*,*,#2520,.F.);
#2550 = ORIENTED_EDGE('',*,*,#1861,.T.);
#2551 = PLANE('',#2552);
#2552 = AXIS2_PLACEMENT_3D('',#2553,#2554,#2555);
#2553 = CARTESIAN_POINT('',(-1.49E-15,137.70058282325,8.));
#2554 = DIRECTION('',(0.,0.,1.));
#2555 = DIRECTION('',(1.,0.,0.));
#2556 = ADVANCED_FACE('',(#2557),#2575,.T.);
#2557 = FACE_BOUND('',#2558,.T.);
#2558 = EDGE_LOOP('',(#2559,#2560,#2561,#2569));
#2559 = ORIENTED_EDGE('',*,*,#1930,.T.);
#2560 = ORIENTED_EDGE('',*,*,#2544,.T.);
#2561 = ORIENTED_EDGE('',*,*,#2562,.F.);
#2562 = EDGE_CURVE('',#2563,#2521,#2565,.T.);
#2563 = VERTEX_POINT('',#2564);
#2564 = CARTESIAN_POINT('',(-68.96787772651,213.02369665128,0.));
#2565 = LINE('',#2566,#2567);
#2566 = CARTESIAN_POINT('',(-68.96787772651,213.02369665128,0.));
#2567 = VECTOR('',#2568,1.);
#2568 = DIRECTION('',(0.,0.,1.));
#2569 = ORIENTED_EDGE('',*,*,#2570,.F.);
#2570 = EDGE_CURVE('',#1922,#2563,#2571,.T.);
#2571 = LINE('',#2572,#2573);
#2572 = CARTESIAN_POINT('',(-73.,75.,0.));
#2573 = VECTOR('',#2574,1.);
#2574 = DIRECTION('',(2.920080345397E-02,0.999573565616,0.));
#2575 = PLANE('',#2576);
#2576 = AXIS2_PLACEMENT_3D('',#2577,#2578,#2579);
#2577 = CARTESIAN_POINT('',(-73.,75.,0.));
#2578 = DIRECTION('',(-0.999573565616,2.920080345397E-02,0.));
#2579 = DIRECTION('',(2.920080345397E-02,0.999573565616,0.));
#2580 = ADVANCED_FACE('',(#2581),#2595,.T.);
#2581 = FACE_BOUND('',#2582,.T.);
#2582 = EDGE_LOOP('',(#2583,#2584,#2585,#2586,#2587,#2588));
#2583 = ORIENTED_EDGE('',*,*,#2562,.T.);
#2584 = ORIENTED_EDGE('',*,*,#2530,.T.);
#2585 = ORIENTED_EDGE('',*,*,#2460,.T.);
#2586 = ORIENTED_EDGE('',*,*,#2446,.F.);
#2587 = ORIENTED_EDGE('',*,*,#2398,.F.);
#2588 = ORIENTED_EDGE('',*,*,#2589,.F.);
#2589 = EDGE_CURVE('',#2563,#2399,#2590,.T.);
#2590 = CIRCLE('',#2591,70.);
#2591 = AXIS2_PLACEMENT_3D('',#2592,#2593,#2594);
#2592 = CARTESIAN_POINT('',(0.,225.,0.));
#2593 = DIRECTION('',(0.,0.,-1.));
#2594 = DIRECTION('',(1.,0.,0.));
#2595 = CYLINDRICAL_SURFACE('',#2596,70.);
#2596 = AXIS2_PLACEMENT_3D('',#2597,#2598,#2599);
#2597 = CARTESIAN_POINT('',(0.,225.,0.));
#2598 = DIRECTION('',(0.,0.,-1.));
#2599 = DIRECTION('',(1.,0.,0.));
#2600 = ADVANCED_FACE('',(#2601),#2627,.F.);
#2601 = FACE_BOUND('',#2602,.F.);
#2602 = EDGE_LOOP('',(#2603,#2611,#2612,#2620));
#2603 = ORIENTED_EDGE('',*,*,#2604,.T.);
#2604 = EDGE_CURVE('',#2605,#2482,#2607,.T.);
#2605 = VERTEX_POINT('',#2606);
#2606 = CARTESIAN_POINT('',(-56.69748261006,215.42683617182,0.));
#2607 = LINE('',#2608,#2609);
#2608 = CARTESIAN_POINT('',(-56.69748261006,215.42683617182,0.));
#2609 = VECTOR('',#2610,1.);
#2610 = DIRECTION('',(0.,0.,1.));
#2611 = ORIENTED_EDGE('',*,*,#2489,.T.);
#2612 = ORIENTED_EDGE('',*,*,#2613,.F.);
#2613 = EDGE_CURVE('',#2614,#2490,#2616,.T.);
#2614 = VERTEX_POINT('',#2615);
#2615 = CARTESIAN_POINT('',(56.697482610297,215.42683617318,0.));
#2616 = LINE('',#2617,#2618);
#2617 = CARTESIAN_POINT('',(56.697482610297,215.42683617318,0.));
#2618 = VECTOR('',#2619,1.);
#2619 = DIRECTION('',(0.,0.,1.));
#2620 = ORIENTED_EDGE('',*,*,#2621,.F.);
#2621 = EDGE_CURVE('',#2605,#2614,#2622,.T.);
#2622 = CIRCLE('',#2623,57.5);
#2623 = AXIS2_PLACEMENT_3D('',#2624,#2625,#2626);
#2624 = CARTESIAN_POINT('',(0.,225.,0.));
#2625 = DIRECTION('',(0.,0.,-1.));
#2626 = DIRECTION('',(1.,0.,0.));
#2627 = CYLINDRICAL_SURFACE('',#2628,57.5);
#2628 = AXIS2_PLACEMENT_3D('',#2629,#2630,#2631);
#2629 = CARTESIAN_POINT('',(0.,225.,0.));
#2630 = DIRECTION('',(0.,0.,-1.));
#2631 = DIRECTION('',(1.,0.,0.));
#2632 = ADVANCED_FACE('',(#2633),#2651,.T.);
#2633 = FACE_BOUND('',#2634,.T.);
#2634 = EDGE_LOOP('',(#2635,#2643,#2644,#2645));
#2635 = ORIENTED_EDGE('',*,*,#2636,.T.);
#2636 = EDGE_CURVE('',#2637,#2499,#2639,.T.);
#2637 = VERTEX_POINT('',#2638);
#2638 = CARTESIAN_POINT('',(34.,81.,0.));
#2639 = LINE('',#2640,#2641);
#2640 = CARTESIAN_POINT('',(34.,81.,0.));
#2641 = VECTOR('',#2642,1.);
#2642 = DIRECTION('',(0.,0.,1.));
#2643 = ORIENTED_EDGE('',*,*,#2498,.T.);
#2644 = ORIENTED_EDGE('',*,*,#2613,.F.);
#2645 = ORIENTED_EDGE('',*,*,#2646,.F.);
#2646 = EDGE_CURVE('',#2637,#2614,#2647,.T.);
#2647 = LINE('',#2648,#2649);
#2648 = CARTESIAN_POINT('',(34.,81.,0.));
#2649 = VECTOR('',#2650,1.);
#2650 = DIRECTION('',(0.166489805707,0.986043175827,0.));
#2651 = PLANE('',#2652);
#2652 = AXIS2_PLACEMENT_3D('',#2653,#2654,#2655);
#2653 = CARTESIAN_POINT('',(34.,81.,0.));
#2654 = DIRECTION('',(-0.986043175827,0.166489805707,0.));
#2655 = DIRECTION('',(0.166489805707,0.986043175827,0.));
#2656 = ADVANCED_FACE('',(#2657),#2675,.T.);
#2657 = FACE_BOUND('',#2658,.T.);
#2658 = EDGE_LOOP('',(#2659,#2667,#2668,#2669));
#2659 = ORIENTED_EDGE('',*,*,#2660,.T.);
#2660 = EDGE_CURVE('',#2661,#2480,#2663,.T.);
#2661 = VERTEX_POINT('',#2662);
#2662 = CARTESIAN_POINT('',(-34.,81.,0.));
#2663 = LINE('',#2664,#2665);
#2664 = CARTESIAN_POINT('',(-34.,81.,0.));
#2665 = VECTOR('',#2666,1.);
#2666 = DIRECTION('',(0.,0.,1.));
#2667 = ORIENTED_EDGE('',*,*,#2506,.T.);
#2668 = ORIENTED_EDGE('',*,*,#2636,.F.);
#2669 = ORIENTED_EDGE('',*,*,#2670,.F.);
#2670 = EDGE_CURVE('',#2661,#2637,#2671,.T.);
#2671 = LINE('',#2672,#2673);
#2672 = CARTESIAN_POINT('',(-34.,81.,0.));
#2673 = VECTOR('',#2674,1.);
#2674 = DIRECTION('',(1.,0.,0.));
#2675 = PLANE('',#2676);
#2676 = AXIS2_PLACEMENT_3D('',#2677,#2678,#2679);
#2677 = CARTESIAN_POINT('',(-34.,81.,0.));
#2678 = DIRECTION('',(0.,1.,0.));
#2679 = DIRECTION('',(1.,0.,0.));
#2680 = ADVANCED_FACE('',(#2681),#2692,.F.);
#2681 = FACE_BOUND('',#2682,.F.);
#2682 = EDGE_LOOP('',(#2683,#2684,#2685,#2686));
#2683 = ORIENTED_EDGE('',*,*,#2660,.T.);
#2684 = ORIENTED_EDGE('',*,*,#2479,.T.);
#2685 = ORIENTED_EDGE('',*,*,#2604,.F.);
#2686 = ORIENTED_EDGE('',*,*,#2687,.F.);
#2687 = EDGE_CURVE('',#2661,#2605,#2688,.T.);
#2688 = LINE('',#2689,#2690);
#2689 = CARTESIAN_POINT('',(-34.,81.,0.));
#2690 = VECTOR('',#2691,1.);
#2691 = DIRECTION('',(-0.166489805707,0.986043175827,-0.));
#2692 = PLANE('',#2693);
#2693 = AXIS2_PLACEMENT_3D('',#2694,#2695,#2696);
#2694 = CARTESIAN_POINT('',(-34.,81.,0.));
#2695 = DIRECTION('',(-0.986043175827,-0.166489805707,0.));
#2696 = DIRECTION('',(-0.166489805707,0.986043175827,0.));
#2697 = ADVANCED_FACE('',(#2698,#2710),#2716,.T.);
#2698 = FACE_BOUND('',#2699,.T.);
#2699 = EDGE_LOOP('',(#2700,#2701,#2702,#2703,#2704,#2705,#2706,#2707,
    #2708,#2709));
#2700 = ORIENTED_EDGE('',*,*,#1028,.F.);
#2701 = ORIENTED_EDGE('',*,*,#765,.T.);
#2702 = ORIENTED_EDGE('',*,*,#513,.F.);
#2703 = ORIENTED_EDGE('',*,*,#1921,.T.);
#2704 = ORIENTED_EDGE('',*,*,#2570,.T.);
#2705 = ORIENTED_EDGE('',*,*,#2589,.T.);
#2706 = ORIENTED_EDGE('',*,*,#2406,.F.);
#2707 = ORIENTED_EDGE('',*,*,#1810,.F.);
#2708 = ORIENTED_EDGE('',*,*,#1078,.F.);
#2709 = ORIENTED_EDGE('',*,*,#1043,.F.);
#2710 = FACE_BOUND('',#2711,.T.);
#2711 = EDGE_LOOP('',(#2712,#2713,#2714,#2715));
#2712 = ORIENTED_EDGE('',*,*,#2621,.F.);
#2713 = ORIENTED_EDGE('',*,*,#2687,.F.);
#2714 = ORIENTED_EDGE('',*,*,#2670,.T.);
#2715 = ORIENTED_EDGE('',*,*,#2646,.T.);
#2716 = PLANE('',#2717);
#2717 = AXIS2_PLACEMENT_3D('',#2718,#2719,#2720);
#2718 = CARTESIAN_POINT('',(3.91E-15,92.733189173632,0.));
#2719 = DIRECTION('',(-0.,-0.,-1.));
#2720 = DIRECTION('',(-1.,0.,0.));
#2721 = ( GEOMETRIC_REPRESENTATION_CONTEXT(3) 
GLOBAL_UNCERTAINTY_ASSIGNED_CONTEXT((#2725)) 
GLOBAL_UNIT_ASSIGNED_CONTEXT((#2722,#2723,#2724)) REPRESENTATION_CONTEXT
('Context #1','3D Context with UNIT and UNCERTAINTY') );
#2722 = ( LENGTH_UNIT() NAMED_UNIT(*) SI_UNIT($,.METRE.) );
#2723 = ( NAMED_UNIT(*) PLANE_ANGLE_UNIT() SI_UNIT($,.RADIAN.) );
#2724 = ( NAMED_UNIT(*) SI_UNIT($,.STERADIAN.) SOLID_ANGLE_UNIT() );
#2725 = UNCERTAINTY_MEASURE_WITH_UNIT(LENGTH_MEASURE(2.E-06),#2722,
  'distance_accuracy_value','confusion accuracy');
#2726 = PRODUCT_RELATED_PRODUCT_CATEGORY('part',$,(#7));
#2727 = MECHANICAL_DESIGN_GEOMETRIC_PRESENTATION_REPRESENTATION('',(
    #2728),#2721);
#2728 = STYLED_ITEM('color',(#2729),#15);
#2729 = PRESENTATION_STYLE_ASSIGNMENT((#2730,#2738));
#2730 = SURFACE_STYLE_USAGE(.BOTH.,#2731);
#2731 = SURFACE_SIDE_STYLE('',(#2732,#2736));
#2732 = SURFACE_STYLE_FILL_AREA(#2733);
#2733 = FILL_AREA_STYLE('',(#2734));
#2734 = FILL_AREA_STYLE_COLOUR('',#2735);
#2735 = COLOUR_RGB('',0.447058818107,0.474509808674,0.501960817233);
#2736 = SURFACE_STYLE_RENDERING_WITH_PROPERTIES(.NORMAL_SHADING.,#2735,(
    #2737));
#2737 = SURFACE_STYLE_TRANSPARENT(0.699999988079);
#2738 = CURVE_STYLE('',#2739,POSITIVE_LENGTH_MEASURE(0.1),#2740);
#2739 = DRAUGHTING_PRE_DEFINED_CURVE_FONT('continuous');
#2740 = COLOUR_RGB('',9.803921802644E-02,9.803921802644E-02,
  9.803921802644E-02);
ENDSEC;
END-ISO-10303-21;
